frame,video_seconds,track_id,class,confidence,x1,y1,x2,y2,in_watch_region,segment
18,0.6,-1,person,0.6772,218,376,525,713,0,0
20,0.667,-1,person,0.6207,214,375,528,713,0,0
21,0.7,2,person,0.6533,209,374,526,713,0,0
22,0.733,2,person,0.702,207,374,522,713,0,0
23,0.767,2,person,0.755,205,373,521,713,0,0
24,0.8,2,person,0.6844,202,371,519,713,0,0
30,1.0,2,person,0.6369,151,378,455,713,0,0
32,1.067,2,person,0.6003,150,377,445,713,0,0
42,1.4,-1,car,0.6546,187,273,1280,713,0,0
43,1.433,3,car,0.6365,168,258,1280,713,0,0
45,1.5,3,car,0.6549,147,247,1280,715,0,0
46,1.533,3,car,0.6597,128,248,1280,715,0,0
47,1.567,3,car,0.6499,125,250,1278,715,0,0
47,1.567,5,person,0.7888,208,354,1015,712,0,0
48,1.6,5,person,0.6523,215,355,1022,713,0,0
49,1.633,5,person,0.7785,224,355,1030,712,0,0
50,1.667,5,person,0.7729,229,355,1033,713,0,0
51,1.7,5,person,0.8467,233,354,1039,713,0,0
52,1.733,5,person,0.8467,238,354,1043,712,0,0
53,1.767,5,person,0.8308,241,354,1046,712,0,0
54,1.8,5,person,0.8228,242,352,1048,712,0,0
55,1.833,5,person,0.8489,243,353,1048,712,0,0
56,1.867,5,person,0.8215,245,353,1045,712,0,0
57,1.9,5,person,0.8038,246,355,1039,712,0,0
58,1.933,5,person,0.754,247,358,1034,712,0,0
58,1.933,6,person,0.6491,253,394,434,712,0,0
59,1.967,5,person,0.7432,248,359,1032,712,0,0
59,1.967,6,person,0.6111,253,394,433,712,0,0
60,2.0,5,person,0.8012,248,359,1030,712,0,0
61,2.033,5,person,0.8064,247,359,1027,712,0,0
62,2.067,5,person,0.7866,247,359,1025,712,0,0
63,2.1,5,person,0.8087,248,360,1023,712,0,0
64,2.133,5,person,0.8248,249,361,1022,712,0,0
65,2.167,5,person,0.8548,249,361,1019,712,0,0
66,2.2,5,person,0.8457,248,360,1019,712,0,0
67,2.233,5,person,0.8241,243,359,1019,713,0,0
68,2.267,5,person,0.83,242,358,1019,713,0,0
69,2.3,5,person,0.8116,248,359,1021,713,0,0
70,2.333,5,person,0.8113,249,359,1021,713,0,0
71,2.367,5,person,0.8136,250,359,1021,713,0,0
72,2.4,5,person,0.8285,251,358,1024,712,0,0
73,2.433,5,person,0.7965,253,357,1026,713,0,0
74,2.467,5,person,0.7759,253,357,1025,712,0,0
75,2.5,5,person,0.8276,254,358,1025,712,0,0
76,2.533,5,person,0.7925,255,358,1024,712,0,0
77,2.567,5,person,0.7835,256,359,1024,712,0,0
78,2.6,5,person,0.7905,254,355,1027,713,0,0
79,2.633,5,person,0.758,255,354,1031,713,0,0
80,2.667,5,person,0.7864,255,354,1030,712,0,0
81,2.7,5,person,0.8077,256,354,1031,712,0,0
82,2.733,5,person,0.8274,256,353,1033,712,0,0
83,2.767,5,person,0.8286,255,353,1032,713,0,0
84,2.8,5,person,0.8234,256,353,1033,712,0,0
85,2.833,5,person,0.8313,254,353,1033,713,0,0
86,2.867,5,person,0.8471,253,351,1035,713,0,0
86,2.867,7,car,0.6657,475,104,504,128,1,0
87,2.9,5,person,0.8137,253,349,1038,713,0,0
87,2.9,7,car,0.724,474,104,503,128,1,0
88,2.933,5,person,0.778,255,350,1039,712,0,0
88,2.933,7,car,0.6981,472,103,503,129,1,0
89,2.967,5,person,0.7926,255,351,1037,713,0,0
89,2.967,7,car,0.6974,471,103,503,130,1,0
90,3.0,5,person,0.7823,255,350,1039,713,0,0
90,3.0,7,car,0.7025,469,103,502,130,1,0
91,3.033,5,person,0.6752,257,347,1043,712,0,0
91,3.033,7,car,0.7521,466,103,502,133,1,0
92,3.067,5,person,0.7338,258,347,1045,712,0,0
92,3.067,7,car,0.7311,465,103,502,134,1,0
93,3.1,5,person,0.6922,258,347,1046,712,0,0
93,3.1,7,car,0.6971,463,103,499,134,1,0
94,3.133,5,person,0.7286,258,349,1045,713,0,0
94,3.133,7,car,0.7455,459,104,498,135,1,0
95,3.167,5,person,0.7091,257,347,1045,713,0,0
95,3.167,7,car,0.7752,457,104,497,136,1,0
96,3.2,5,person,0.7213,257,349,1041,713,0,0
96,3.2,7,car,0.8102,453,104,495,138,1,0
97,3.233,5,person,0.7766,256,350,1039,713,0,0
97,3.233,7,car,0.7629,448,105,491,141,1,0
98,3.267,5,person,0.7438,255,350,1037,713,0,0
98,3.267,7,car,0.7179,445,105,490,142,1,0
99,3.3,5,person,0.7478,253,349,1038,713,0,0
99,3.3,7,car,0.72,441,105,488,144,1,0
100,3.333,5,person,0.7856,250,347,1039,713,0,0
100,3.333,7,car,0.6791,434,106,485,146,1,0
101,3.367,5,person,0.8048,247,345,1041,714,0,0
101,3.367,7,car,0.7265,431,106,483,149,1,0
102,3.4,5,person,0.8312,245,342,1042,714,0,0
102,3.4,7,car,0.7474,424,106,481,152,1,0
103,3.433,5,person,0.7965,247,343,1041,713,0,0
103,3.433,7,car,0.7678,416,107,478,157,1,0
104,3.467,5,person,0.76,247,344,1039,713,0,0
104,3.467,7,car,0.7833,410,107,475,160,1,0
105,3.5,5,person,0.7927,248,345,1035,713,0,0
105,3.5,7,car,0.724,403,109,470,162,1,0
106,3.533,5,person,0.7764,245,339,1042,713,0,0
106,3.533,7,car,0.8159,393,110,466,168,1,0
107,3.567,5,person,0.7689,248,345,1034,713,0,0
107,3.567,7,car,0.8093,385,110,463,173,1,0
108,3.6,5,person,0.775,250,347,1031,713,0,0
108,3.6,7,car,0.8571,374,112,458,178,1,0
109,3.633,5,person,0.7107,247,342,1038,714,0,0
109,3.633,7,car,0.7861,358,114,448,186,1,0
110,3.667,5,person,0.6883,251,346,1032,713,0,0
110,3.667,7,car,0.8197,349,115,445,192,1,0
111,3.7,5,person,0.6694,249,343,1037,713,0,0
111,3.7,7,car,0.8657,331,117,438,201,1,0
112,3.733,5,person,0.7333,253,346,1031,713,0,0
112,3.733,7,car,0.8704,310,119,430,214,1,0
113,3.767,5,person,0.7432,251,349,1027,713,0,0
113,3.767,7,car,0.8069,293,122,423,223,1,0
114,3.8,5,person,0.7039,243,339,1037,713,0,0
114,3.8,7,car,0.7905,264,126,410,237,1,0
115,3.833,5,person,0.703,247,342,1033,712,0,0
115,3.833,7,car,0.7808,233,129,398,254,0,0
116,3.867,5,person,0.7558,246,341,1035,712,0,0
116,3.867,7,car,0.817,211,133,386,264,0,0
117,3.9,5,person,0.7647,246,339,1037,712,0,0
118,3.933,5,person,0.8297,247,341,1035,712,0,0
119,3.967,5,person,0.8182,246,339,1037,712,0,0
120,4.0,5,person,0.838,234,327,1049,713,0,0
121,4.033,5,person,0.7941,243,334,1041,713,0,0
122,4.067,5,person,0.7875,248,337,1039,713,0,0
123,4.1,5,person,0.8037,254,342,1034,713,0,0
124,4.133,5,person,0.8244,249,337,1041,714,0,0
125,4.167,5,person,0.8247,253,341,1035,713,0,0
126,4.2,5,person,0.8507,250,338,1037,713,0,0
127,4.233,5,person,0.8287,237,326,1047,714,0,0
128,4.267,5,person,0.8275,232,321,1048,714,0,0
129,4.3,5,person,0.8565,225,317,1047,714,0,0
130,4.333,5,person,0.8502,217,312,1045,714,0,0
131,4.367,5,person,0.8562,219,317,1033,713,0,0
132,4.4,5,person,0.8821,218,318,1025,712,0,0
133,4.433,5,person,0.8479,218,321,1017,712,0,0
134,4.467,5,person,0.8139,216,320,1016,712,0,0
135,4.5,5,person,0.797,214,319,1015,713,0,0
136,4.533,5,person,0.7483,222,313,1038,714,0,0
137,4.567,5,person,0.7381,217,312,1033,714,0,0
138,4.6,5,person,0.801,207,314,1017,714,0,0
139,4.633,5,person,0.792,202,314,1008,714,0,0
140,4.667,5,person,0.8346,201,314,1003,714,0,0
141,4.7,5,person,0.7661,219,335,985,714,0,0
142,4.733,5,person,0.759,229,344,978,713,0,0
143,4.767,5,person,0.7352,233,346,981,713,0,0
144,4.8,5,person,0.6516,241,351,982,712,0,0
145,4.833,5,person,0.6215,241,354,982,711,0,0
150,5.0,5,person,0.6013,222,349,982,713,0,0
153,5.1,5,person,0.6227,213,341,992,713,0,0
154,5.133,5,person,0.6629,226,360,973,712,0,0
155,5.167,5,person,0.6952,230,368,965,712,0,0
156,5.2,5,person,0.6709,231,370,966,712,0,0
158,5.267,-1,stop sign,0.4136,606,65,629,89,1,0
159,5.3,5,person,0.6063,238,371,978,712,0,0
160,5.333,5,person,0.6219,245,371,995,712,0,0
161,5.367,5,person,0.6102,243,370,1005,712,0,0
162,5.4,5,person,0.7192,234,369,1001,712,0,0
163,5.433,5,person,0.7299,230,365,1010,712,0,0
164,5.467,5,person,0.7243,222,347,1039,713,0,0
165,5.5,5,person,0.722,231,358,1030,712,0,0
165,5.5,10,stop sign,0.5005,618,58,647,89,1,0
166,5.533,5,person,0.7072,225,363,1011,713,0,0
166,5.533,10,stop sign,0.3701,622,58,649,88,1,0
167,5.567,5,person,0.6839,222,366,1005,713,0,0
167,5.567,10,stop sign,0.3734,625,59,651,87,1,0
168,5.6,5,person,0.6975,221,366,1002,713,0,0
168,5.6,10,stop sign,0.3271,629,58,655,86,0,0
169,5.633,5,person,0.6694,217,365,1001,713,0,0
169,5.633,10,stop sign,0.38,633,57,659,83,0,0
170,5.667,5,person,0.6919,217,366,999,713,0,0
170,5.667,10,stop sign,0.5521,637,56,663,83,0,0
171,5.7,5,person,0.7148,216,367,995,713,0,0
172,5.733,5,person,0.7408,221,367,1001,713,0,0
173,5.767,5,person,0.7285,223,367,1001,712,0,0
173,5.767,10,stop sign,0.3235,649,51,675,80,0,0
174,5.8,5,person,0.7139,227,368,1003,713,0,0
175,5.833,5,person,0.6951,232,368,1008,713,0,0
176,5.867,5,person,0.6381,235,368,1010,713,0,0
176,5.867,10,stop sign,0.3784,664,48,695,79,0,0
177,5.9,5,person,0.6059,237,368,1010,713,0,0
178,5.933,5,person,0.6155,239,369,1011,712,0,0
178,5.933,10,stop sign,0.3912,677,42,712,79,0,0
179,5.967,5,person,0.6197,238,369,1010,712,0,0
180,6.0,5,person,0.6797,237,369,1008,712,0,0
180,6.0,10,stop sign,0.3383,689,37,729,78,0,0
181,6.033,5,person,0.6638,237,370,1007,712,0,0
182,6.067,5,person,0.6902,237,370,1007,713,0,0
183,6.1,5,person,0.738,237,370,1006,713,0,0
184,6.133,5,person,0.661,238,371,1006,712,0,0
186,6.2,5,person,0.626,238,370,1008,712,0,0
187,6.233,5,person,0.6186,238,370,1008,712,0,0
188,6.267,5,person,0.6153,237,370,1009,712,0,0
189,6.3,5,person,0.6259,238,370,1010,712,0,0
190,6.333,5,person,0.632,238,370,1008,712,0,0
191,6.367,5,person,0.6436,238,371,1008,712,0,0
192,6.4,5,person,0.6513,235,371,1005,712,0,0
193,6.433,5,person,0.6834,235,374,1001,712,0,0
194,6.467,5,person,0.7073,223,361,1014,713,0,0
195,6.5,5,person,0.7649,216,353,1019,713,0,0
196,6.533,5,person,0.7908,206,343,1025,713,0,0
197,6.567,5,person,0.7505,226,362,1005,714,0,0
198,6.6,5,person,0.7614,208,344,1021,714,0,0
199,6.633,5,person,0.705,227,360,1005,713,0,0
200,6.667,5,person,0.7011,233,365,1000,713,0,0
201,6.7,5,person,0.687,225,354,1015,713,0,0
202,6.733,5,person,0.7385,229,358,1009,713,0,0
203,6.767,5,person,0.7398,224,353,1015,713,0,0
204,6.8,5,person,0.6995,215,337,1037,713,0,0
205,6.833,5,person,0.7044,211,335,1033,713,0,0
206,6.867,5,person,0.7298,209,334,1030,713,0,0
207,6.9,5,person,0.6839,215,342,1017,714,0,0
211,7.033,5,person,0.6464,245,368,993,713,0,0
212,7.067,5,person,0.6043,248,370,992,713,0,0
213,7.1,5,person,0.6035,237,354,1014,713,0,0
216,7.2,5,person,0.636,242,357,1011,713,0,0
217,7.233,5,person,0.6526,243,357,1010,714,0,0
218,7.267,5,person,0.6535,241,353,1013,714,0,0
219,7.3,5,person,0.6887,238,346,1019,714,0,0
219,7.3,14,car,0.7226,473,117,502,141,1,0
220,7.333,5,person,0.6948,234,338,1027,714,0,0
220,7.333,14,car,0.6775,472,117,501,141,1,0
221,7.367,5,person,0.7496,235,336,1027,714,0,0
221,7.367,14,car,0.6979,471,117,501,141,1,0
222,7.4,5,person,0.7643,245,346,1015,713,0,0
222,7.4,14,car,0.6311,469,117,499,143,1,0
223,7.433,5,person,0.7658,241,343,1018,713,0,0
223,7.433,14,car,0.6784,466,117,498,144,1,0
224,7.467,5,person,0.8072,238,337,1023,713,0,0
224,7.467,14,car,0.7102,464,117,497,145,1,0
225,7.5,5,person,0.806,253,353,1007,713,0,0
225,7.5,14,car,0.7335,462,117,497,146,1,0
226,7.533,5,person,0.7374,261,362,998,713,0,0
226,7.533,14,car,0.7445,457,117,497,149,1,0
227,7.567,5,person,0.7395,263,366,995,712,0,0
227,7.567,14,car,0.7092,456,117,496,151,1,0
228,7.6,5,person,0.6897,258,362,1000,713,0,0
228,7.6,14,car,0.8006,455,119,494,151,1,0
229,7.633,5,person,0.7174,255,359,1003,713,0,0
229,7.633,14,car,0.7084,451,120,491,153,1,0
230,7.667,5,person,0.6661,254,360,1002,713,0,0
230,7.667,14,car,0.7509,449,121,489,154,1,0
231,7.7,5,person,0.8111,234,341,1021,713,0,0
231,7.7,14,car,0.7653,446,121,488,155,1,0
232,7.733,5,person,0.7527,233,335,1026,713,0,0
232,7.733,14,car,0.7666,442,121,486,158,1,0
233,7.767,5,person,0.7506,233,333,1029,713,0,0
233,7.767,14,car,0.7782,439,122,485,160,1,0
234,7.8,5,person,0.6717,235,331,1027,713,0,0
234,7.8,14,car,0.7673,434,123,482,162,1,0
235,7.833,5,person,0.6718,259,336,1048,713,0,0
235,7.833,14,car,0.765,426,123,479,166,1,0
236,7.867,5,person,0.6814,295,334,1104,713,0,0
236,7.867,14,car,0.8019,422,123,477,169,1,0
237,7.9,14,car,0.7613,413,123,472,173,1,0
238,7.933,14,car,0.7751,402,125,465,175,1,0
239,7.967,14,car,0.7895,394,125,461,177,1,0
240,8.0,14,car,0.7287,383,123,453,181,1,0
241,8.033,14,car,0.7521,369,122,445,184,1,0
242,8.067,14,car,0.8197,357,121,439,189,1,0
243,8.1,14,car,0.7086,338,120,426,193,1,0
244,8.133,14,car,0.6346,319,120,417,200,1,0
245,8.167,5,person,0.6479,234,305,1126,713,0,0
246,8.2,14,car,0.7059,275,120,395,217,0,0
247,8.233,14,car,0.7224,245,120,382,232,0,0
248,8.267,14,car,0.7625,219,123,370,245,0,0
250,8.333,14,car,0.8175,142,131,329,282,0,0
251,8.367,14,car,0.6724,111,136,319,304,0,0
268,8.933,-1,person,0.6205,714,429,975,711,0,0
268,8.933,-1,person,0.6038,213,394,382,712,0,0
270,9.0,-1,person,0.6362,215,401,375,712,0,0
271,9.033,18,person,0.6737,216,406,374,712,0,0
272,9.067,18,person,0.7042,217,407,374,712,0,0
273,9.1,18,person,0.6953,221,413,375,712,0,0
274,9.133,18,person,0.6269,226,418,377,712,0,0
277,9.233,5,truck,0.8672,0,6,1280,714,0,0
278,9.267,5,truck,0.8823,0,0,1280,714,0,0
279,9.3,5,truck,0.8547,0,0,1280,714,0,0
280,9.333,5,truck,0.8637,0,1,1280,714,0,0
281,9.367,5,truck,0.8533,0,5,1280,713,0,0
282,9.4,5,truck,0.8885,0,14,1280,714,0,0
283,9.433,5,truck,0.8855,0,25,1280,713,0,0
284,9.467,5,truck,0.8794,0,34,1280,713,0,0
285,9.5,5,truck,0.902,1,45,1273,714,0,0
286,9.533,5,truck,0.8894,10,56,1264,713,0,0
287,9.567,5,truck,0.8808,15,63,1261,713,0,0
288,9.6,5,truck,0.8307,17,67,1258,713,0,0
289,9.633,5,truck,0.7863,26,81,1249,713,0,0
290,9.667,5,truck,0.7037,33,91,1243,713,0,0
290,9.667,19,bus,0.4901,6,93,1270,714,0,0
291,9.7,5,bus,0.5576,35,101,1239,714,0,0
291,9.7,19,truck,0.7091,13,102,1256,714,0,0
292,9.733,5,bus,0.5354,38,112,1230,715,0,0
292,9.733,19,truck,0.4988,17,114,1239,714,0,0
293,9.767,5,bus,0.3572,40,119,1227,715,0,0
293,9.767,19,truck,0.6335,23,120,1233,714,0,0
294,9.8,5,bus,0.3751,35,123,1219,715,0,0
294,9.8,19,truck,0.6607,22,127,1222,714,0,0
295,9.833,5,bus,0.4447,27,129,1203,714,0,0
295,9.833,19,truck,0.5664,16,131,1207,714,0,0
296,9.867,19,truck,0.7611,14,135,1198,713,0,0
297,9.9,19,truck,0.6527,13,141,1186,713,0,0
298,9.933,19,truck,0.4048,7,142,1181,713,0,0
299,9.967,19,bus,0.503,2,141,1176,713,0,0
300,10.0,19,truck,0.646,0,139,1171,714,0,0
301,10.033,19,truck,0.4794,0,137,1167,714,0,0
302,10.067,19,bus,0.571,0,134,1159,712,0,0
302,10.067,20,truck,0.3562,0,133,1144,713,0,0
303,10.1,-1,bus,0.7646,0,130,1127,712,0,0
304,10.133,19,bus,0.7371,0,128,1152,711,0,0
305,10.167,19,bus,0.7464,0,126,1149,711,0,0
306,10.2,19,bus,0.8065,0,125,1146,711,0,0
307,10.233,19,bus,0.6867,0,123,1143,711,0,0
308,10.267,19,bus,0.7047,0,123,1144,711,0,0
308,10.267,21,truck,0.5249,0,126,1109,714,0,0
309,10.3,19,bus,0.7463,0,123,1141,711,0,0
309,10.3,21,truck,0.4327,0,126,1103,714,0,0
310,10.333,19,bus,0.6946,0,125,1135,712,0,0
310,10.333,21,truck,0.4632,0,127,1101,714,0,0
311,10.367,19,bus,0.7311,0,125,1129,712,0,0
311,10.367,21,truck,0.4876,0,127,1098,714,0,0
312,10.4,19,bus,0.7402,0,125,1122,713,0,0
312,10.4,21,truck,0.6043,0,127,1096,714,0,0
313,10.433,19,bus,0.8418,0,123,1123,713,0,0
313,10.433,21,truck,0.5463,0,126,1094,714,0,0
314,10.467,19,bus,0.7993,0,123,1125,713,0,0
314,10.467,21,truck,0.6364,0,126,1091,714,0,0
315,10.5,19,truck,0.6012,0,123,1111,715,0,0
315,10.5,21,bus,0.7697,0,122,1090,715,0,0
316,10.533,-1,bus,0.8848,0,121,1063,713,0,0
317,10.567,19,bus,0.8698,0,121,1098,713,0,0
318,10.6,19,bus,0.896,0,118,1095,713,0,0
319,10.633,19,bus,0.9132,0,117,1093,713,0,0
320,10.667,19,bus,0.8969,0,115,1097,713,0,0
321,10.7,19,bus,0.8672,0,117,1094,713,0,0
322,10.733,19,bus,0.9064,0,117,1091,713,0,0
323,10.767,19,bus,0.8731,0,117,1089,714,0,0
324,10.8,19,bus,0.8721,0,118,1083,714,0,0
325,10.833,19,bus,0.7595,0,118,1075,714,0,0
326,10.867,19,bus,0.7788,0,119,1072,715,0,0
327,10.9,19,bus,0.8367,0,119,1061,715,0,0
328,10.933,19,bus,0.7165,0,119,1051,717,0,0
329,10.967,19,truck,0.7606,0,122,1042,717,0,0
329,10.967,22,bus,0.5885,22,120,1016,717,0,0
330,11.0,19,truck,0.5231,0,121,1034,717,0,0
330,11.0,22,bus,0.7217,22,119,1017,717,0,0
331,11.033,19,truck,0.506,0,122,1023,715,0,0
331,11.033,22,bus,0.8066,19,120,1010,715,0,0
332,11.067,-1,bus,0.8632,30,121,990,715,0,0
333,11.1,19,bus,0.8165,0,121,1014,717,0,0
334,11.133,19,bus,0.7777,0,120,1002,717,0,0
335,11.167,19,bus,0.7937,0,121,992,717,0,0
335,11.167,23,truck,0.4321,21,123,950,715,0,0
336,11.2,19,truck,0.4052,0,123,981,715,0,0
336,11.2,23,bus,0.8508,17,122,949,715,0,0
337,11.233,19,truck,0.4487,0,126,975,715,0,0
337,11.233,23,bus,0.8735,17,123,946,715,0,0
338,11.267,19,truck,0.3561,0,128,968,715,0,0
338,11.267,23,bus,0.8645,19,125,945,715,0,0
339,11.3,-1,bus,0.8986,17,128,931,715,0,0
340,11.333,19,bus,0.8315,0,129,944,714,0,0
341,11.367,19,bus,0.8016,0,130,933,714,0,0
342,11.4,19,bus,0.6805,0,133,923,714,0,0
343,11.433,19,truck,0.6911,0,135,915,714,0,0
343,11.433,24,bus,0.6208,22,135,887,714,0,0
344,11.467,19,bus,0.5591,0,136,912,714,0,0
344,11.467,24,truck,0.6756,22,137,883,714,0,0
345,11.5,19,bus,0.5575,0,136,911,714,0,0
345,11.5,24,truck,0.766,22,138,880,714,0,0
346,11.533,19,bus,0.4611,6,137,909,714,0,0
346,11.533,24,truck,0.6335,26,141,882,714,0,0
347,11.567,19,truck,0.4028,9,142,901,714,0,0
347,11.567,24,bus,0.6058,31,141,885,714,0,0
348,11.6,19,truck,0.3338,17,143,902,714,0,0
348,11.6,24,bus,0.7696,37,142,888,713,0,0
349,11.633,19,truck,0.3109,21,141,904,714,0,0
349,11.633,24,bus,0.7403,46,142,894,713,0,0
350,11.667,-1,bus,0.8988,71,142,879,713,0,0
351,11.7,19,bus,0.8435,41,143,912,713,0,0
352,11.733,19,bus,0.9017,55,143,917,713,0,0
353,11.767,19,bus,0.8437,65,143,922,713,0,0
354,11.8,19,bus,0.629,82,145,929,713,0,0
355,11.833,19,bus,0.7898,103,150,941,713,0,0
356,11.867,19,bus,0.739,117,154,946,713,0,0
357,11.9,19,bus,0.6716,126,155,950,713,0,0
358,11.933,19,bus,0.8534,138,157,954,713,0,0
359,11.967,19,bus,0.7595,145,158,957,713,0,0
360,12.0,19,bus,0.7746,155,161,959,713,0,0
360,12.0,27,truck,0.4416,170,161,943,713,0,0
361,12.033,19,bus,0.8469,168,163,963,712,0,0
361,12.033,27,truck,0.6907,182,163,951,713,0,0
362,12.067,19,truck,0.5767,174,162,969,713,0,0
362,12.067,27,bus,0.8478,187,163,955,712,0,0
363,12.1,19,truck,0.3908,183,162,973,713,0,0
363,12.1,27,bus,0.879,194,165,961,712,0,0
364,12.133,19,truck,0.5346,195,167,976,713,0,0
364,12.133,27,bus,0.8399,207,168,966,712,0,0
3548,118.267,-1,person,0.7685,2,573,374,714,0,1
3549,118.3,1,person,0.7135,0,482,481,714,0,1
3552,118.4,1,person,0.6224,0,287,744,712,0,1
3553,118.433,1,person,0.6707,0,241,794,711,0,1
3554,118.467,1,person,0.7134,0,215,814,712,0,1
3567,118.9,-1,person,0.6066,0,245,466,710,0,1
3574,119.133,-1,person,0.771,0,238,425,711,0,1
3575,119.167,3,person,0.7627,0,239,424,711,0,1
3576,119.2,3,person,0.7759,0,239,424,711,0,1
3577,119.233,3,person,0.7327,1,242,423,711,0,1
6766,225.533,1,person,0.7876,301,358,1061,713,0,2
6767,225.567,1,person,0.7908,298,359,1056,713,0,2
6768,225.6,1,person,0.8196,297,361,1050,713,0,2
6769,225.633,1,person,0.8163,297,362,1047,713,0,2
6770,225.667,1,person,0.8107,297,362,1047,713,0,2
6771,225.7,1,person,0.7779,301,360,1055,713,0,2
6772,225.733,1,person,0.7713,299,359,1057,713,0,2
6773,225.767,1,person,0.7534,298,358,1058,713,0,2
6774,225.8,1,person,0.7793,294,357,1057,713,0,2
6775,225.833,1,person,0.7846,291,357,1056,713,0,2
6776,225.867,1,person,0.8016,289,357,1053,713,0,2
6777,225.9,1,person,0.8159,286,360,1045,713,0,2
6778,225.933,1,person,0.8002,283,362,1038,713,0,2
6779,225.967,1,person,0.763,283,365,1033,713,0,2
6780,226.0,1,person,0.6995,286,367,1032,713,0,2
6781,226.033,1,person,0.6137,287,368,1031,713,0,2
6783,226.1,1,person,0.6623,296,369,1038,713,0,2
6784,226.133,1,person,0.685,299,370,1040,713,0,2
6785,226.167,1,person,0.7314,297,371,1039,713,0,2
6786,226.2,1,person,0.7325,293,369,1039,713,0,2
6787,226.233,1,person,0.7343,294,368,1042,713,0,2
6788,226.267,1,person,0.7152,294,367,1045,713,0,2
6789,226.3,1,person,0.7061,295,367,1047,713,0,2
6790,226.333,1,person,0.6871,296,368,1046,713,0,2
6791,226.367,1,person,0.6854,296,369,1045,713,0,2
6792,226.4,1,person,0.6705,296,369,1042,713,0,2
6793,226.433,1,person,0.6341,293,367,1043,713,0,2
6794,226.467,1,person,0.6112,293,368,1043,713,0,2
6795,226.5,1,person,0.6368,294,369,1042,713,0,2
6796,226.533,1,person,0.6164,296,370,1042,714,0,2
6797,226.567,1,person,0.6004,298,373,1041,714,0,2
6798,226.6,1,person,0.656,299,375,1038,714,0,2
6799,226.633,1,person,0.72,298,376,1034,713,0,2
6800,226.667,1,person,0.6974,296,376,1033,713,0,2
6801,226.7,1,person,0.6888,293,374,1035,713,0,2
6802,226.733,1,person,0.7068,290,371,1037,713,0,2
6803,226.767,1,person,0.6799,291,371,1038,713,0,2
6804,226.8,1,person,0.6391,290,368,1042,714,0,2
6805,226.833,1,person,0.6852,291,368,1045,713,0,2
6806,226.867,1,person,0.7176,289,365,1048,713,0,2
6807,226.9,1,person,0.7351,290,359,1061,713,0,2
6807,226.9,3,car,0.631,49,248,1277,711,0,2
6808,226.933,1,person,0.7362,291,359,1062,713,0,2
6809,226.967,1,person,0.7344,291,359,1061,713,0,2
6810,227.0,1,person,0.719,293,362,1055,713,0,2
6811,227.033,1,person,0.6943,291,365,1051,713,0,2
6812,227.067,1,person,0.6932,288,361,1053,713,0,2
6813,227.1,1,person,0.7151,278,359,1048,713,0,2
6814,227.133,1,person,0.7905,271,357,1046,713,0,2
6815,227.167,1,person,0.8145,267,355,1043,713,0,2
6815,227.167,5,car,0.6558,167,159,336,282,0,2
6816,227.2,1,person,0.7808,266,355,1040,713,0,2
6816,227.2,5,car,0.6987,168,157,338,281,0,2
6817,227.233,1,person,0.7938,269,359,1037,713,0,2
6817,227.233,5,car,0.8,169,154,342,280,0,2
6818,227.267,1,person,0.7848,271,360,1035,713,0,2
6818,227.267,5,car,0.8068,169,154,343,280,0,2
6818,227.267,6,car,0.6395,483,109,584,200,1,2
6819,227.3,1,person,0.7759,273,361,1034,713,0,2
6819,227.3,5,car,0.767,171,154,343,279,0,2
6820,227.333,1,person,0.7589,280,363,1037,713,0,2
6820,227.333,5,car,0.8336,174,154,345,277,0,2
6821,227.367,1,person,0.6914,282,363,1039,713,0,2
6821,227.367,5,car,0.828,174,152,347,277,0,2
6822,227.4,1,person,0.7261,285,363,1040,713,0,2
6822,227.4,5,car,0.7612,169,152,354,282,0,2
6823,227.433,1,person,0.7163,287,365,1040,713,0,2
6823,227.433,5,car,0.8406,167,150,358,286,0,2
6824,227.467,1,person,0.7586,289,365,1041,713,0,2
6824,227.467,5,car,0.8262,166,149,362,288,0,2
6825,227.5,1,person,0.7296,290,362,1047,714,0,2
6825,227.5,5,car,0.8064,166,149,365,289,0,2
6826,227.533,1,person,0.7248,288,362,1047,714,0,2
6826,227.533,5,car,0.72,166,149,365,289,0,2
6827,227.567,1,person,0.6886,283,362,1042,714,0,2
6827,227.567,5,car,0.7673,167,147,366,287,0,2
6828,227.6,1,person,0.6817,280,362,1040,714,0,2
6828,227.6,5,car,0.7638,168,143,369,286,0,2
6829,227.633,1,person,0.7035,278,362,1039,714,0,2
6829,227.633,5,car,0.7621,169,141,373,283,0,2
6829,227.633,6,car,0.6153,490,129,570,200,1,2
6830,227.667,1,person,0.6944,277,362,1039,714,0,2
6830,227.667,5,car,0.8036,174,139,373,279,0,2
6831,227.7,1,person,0.6874,274,362,1035,714,0,2
6831,227.7,5,car,0.7815,182,139,373,273,0,2
6832,227.733,1,person,0.7131,281,365,1037,714,0,2
6832,227.733,5,car,0.7898,187,139,376,270,0,2
6832,227.733,6,car,0.6238,480,113,578,201,1,2
6833,227.767,1,person,0.6929,286,366,1039,714,0,2
6833,227.767,5,car,0.7898,191,138,377,267,0,2
6833,227.767,6,car,0.6539,479,111,579,201,1,2
6834,227.8,1,person,0.6853,287,366,1040,714,0,2
6834,227.8,5,car,0.7667,200,141,377,262,0,2
6834,227.8,6,car,0.6414,478,111,581,201,1,2
6835,227.833,1,person,0.7011,294,367,1045,714,0,2
6835,227.833,5,car,0.7962,205,139,379,257,0,2
6835,227.833,6,car,0.6671,478,111,581,201,1,2
6836,227.867,1,person,0.6907,295,367,1048,713,0,2
6836,227.867,5,car,0.7889,209,139,381,255,0,2
6836,227.867,6,car,0.6463,479,111,581,201,1,2
6837,227.9,1,person,0.7706,296,366,1051,713,0,2
6837,227.9,5,car,0.8321,213,138,384,253,0,2
6837,227.9,6,car,0.6297,480,111,581,201,1,2
6838,227.933,1,person,0.7907,297,362,1055,713,0,2
6838,227.933,5,car,0.8183,216,136,387,251,0,2
6838,227.933,6,car,0.6799,480,110,581,201,1,2
6839,227.967,1,person,0.7933,297,362,1055,713,0,2
6839,227.967,5,car,0.7617,217,135,391,250,0,2
6839,227.967,6,car,0.6395,481,110,582,201,1,2
6840,228.0,1,person,0.7985,302,362,1061,714,0,2
6840,228.0,5,car,0.7608,222,135,393,248,0,2
6840,228.0,6,car,0.6025,481,110,583,201,1,2
6841,228.033,1,person,0.7958,303,361,1062,714,0,2
6841,228.033,5,car,0.7464,227,134,395,243,0,2
6841,228.033,6,car,0.7325,482,110,583,201,1,2
6842,228.067,1,person,0.7873,306,360,1066,714,0,2
6842,228.067,5,car,0.8031,231,135,398,243,0,2
6842,228.067,6,car,0.7187,483,110,584,201,1,2
6843,228.1,1,person,0.8099,310,361,1067,714,0,2
6843,228.1,5,car,0.8338,235,134,400,241,0,2
6843,228.1,6,car,0.6095,485,110,585,201,1,2
6844,228.133,1,person,0.8064,311,360,1070,714,0,2
6844,228.133,5,car,0.825,242,134,402,237,0,2
6845,228.167,1,person,0.806,309,359,1071,714,0,2
6845,228.167,5,car,0.7914,247,133,405,234,0,2
6846,228.2,1,person,0.7879,307,357,1072,714,0,2
6846,228.2,5,car,0.7996,254,134,406,231,0,2
6847,228.233,1,person,0.7745,310,359,1069,714,0,2
6847,228.233,5,car,0.753,263,134,408,226,0,2
6848,228.267,1,person,0.7714,311,360,1069,714,0,2
6848,228.267,5,car,0.7392,264,134,414,229,0,2
6849,228.3,1,person,0.731,310,363,1064,714,0,2
6849,228.3,5,car,0.7974,264,134,417,232,1,2
6849,228.3,6,car,0.6311,488,113,585,201,1,2
6850,228.333,1,person,0.7656,306,366,1056,714,0,2
6850,228.333,5,car,0.7828,266,131,419,231,1,2
6850,228.333,6,car,0.663,488,114,585,201,1,2
6851,228.367,1,person,0.7774,304,367,1049,714,0,2
6851,228.367,5,car,0.7757,271,131,419,229,1,2
6851,228.367,6,car,0.6309,488,114,585,202,1,2
6852,228.4,1,person,0.7508,301,367,1047,714,0,2
6852,228.4,5,car,0.8039,273,131,423,229,1,2
6852,228.4,6,car,0.635,488,115,585,202,1,2
6853,228.433,1,person,0.7105,299,368,1043,714,0,2
6853,228.433,5,car,0.767,278,133,425,230,1,2
6853,228.433,6,car,0.6832,488,115,585,202,1,2
6854,228.467,1,person,0.7078,301,369,1043,714,0,2
6854,228.467,5,car,0.7826,281,133,425,227,1,2
6854,228.467,6,car,0.6555,487,115,585,202,1,2
6855,228.5,1,person,0.704,299,369,1042,714,0,2
6855,228.5,5,car,0.7967,286,134,426,226,1,2
6855,228.5,6,car,0.7099,487,114,585,202,1,2
6856,228.533,1,person,0.72,298,369,1041,714,0,2
6856,228.533,5,car,0.7951,289,134,425,224,1,2
6856,228.533,6,car,0.7317,486,115,584,202,1,2
6857,228.567,1,person,0.7296,297,369,1041,715,0,2
6857,228.567,5,car,0.8088,291,133,426,223,1,2
6857,228.567,6,car,0.7398,486,115,584,202,1,2
6858,228.6,1,person,0.7359,295,369,1039,715,0,2
6858,228.6,5,car,0.8181,295,133,429,222,1,2
6858,228.6,6,car,0.7041,485,115,583,202,1,2
6859,228.633,1,person,0.6876,296,371,1037,715,0,2
6859,228.633,5,car,0.8384,296,131,430,221,1,2
6859,228.633,6,car,0.7661,485,117,582,203,1,2
6860,228.667,1,person,0.6187,298,371,1041,715,0,2
6860,228.667,5,car,0.8429,299,131,431,219,1,2
6860,228.667,6,car,0.7308,482,117,582,205,1,2
6861,228.7,1,person,0.6344,302,376,1039,715,0,2
6861,228.7,5,car,0.7354,301,134,427,221,1,2
6861,228.7,6,car,0.7641,482,118,581,206,1,2
6862,228.733,1,person,0.648,304,378,1037,715,0,2
6862,228.733,5,car,0.8197,305,134,431,219,1,2
6862,228.733,6,car,0.8031,481,118,581,206,1,2
6863,228.767,1,person,0.6592,304,379,1037,715,0,2
6863,228.767,5,car,0.8241,307,134,432,218,1,2
6863,228.767,6,car,0.8104,481,118,581,206,1,2
6864,228.8,1,person,0.6236,304,379,1039,715,0,2
6864,228.8,5,car,0.8462,310,134,433,218,1,2
6864,228.8,6,car,0.8074,480,118,579,206,1,2
6865,228.833,1,person,0.6444,305,376,1049,717,0,2
6865,228.833,5,car,0.8566,313,134,434,217,1,2
6865,228.833,6,car,0.7704,479,118,579,206,1,2
6866,228.867,1,person,0.6589,306,374,1058,715,0,2
6866,228.867,5,car,0.8388,315,134,433,216,1,2
6866,228.867,6,car,0.7266,479,118,578,206,1,2
6866,228.867,7,cell phone,0.3542,847,375,1133,680,0,2
6867,228.9,5,car,0.8296,318,134,433,214,1,2
6867,228.9,6,car,0.7093,478,118,578,206,1,2
6867,228.9,7,cell phone,0.3839,867,374,1120,642,0,2
6868,228.933,5,car,0.7322,321,134,433,211,1,2
6868,228.933,6,car,0.7275,477,117,577,206,1,2
6869,228.967,5,car,0.7153,321,134,432,213,1,2
6869,228.967,6,car,0.7442,475,117,577,206,1,2
6870,229.0,5,car,0.7533,321,133,431,211,1,2
6870,229.0,6,car,0.8301,474,118,576,207,1,2
6870,229.0,1,person,0.6364,298,368,1061,714,0,2
6871,229.033,5,car,0.7235,323,133,430,209,1,2
6871,229.033,6,car,0.8544,473,119,574,208,1,2
6872,229.067,5,car,0.7338,325,133,430,208,1,2
6872,229.067,6,car,0.8535,472,119,573,208,1,2
6873,229.1,5,car,0.7175,328,131,431,207,1,2
6873,229.1,6,car,0.8381,471,119,571,209,1,2
6874,229.133,5,car,0.7968,330,130,433,205,1,2
6874,229.133,6,car,0.7841,469,119,570,209,1,2
6875,229.167,5,car,0.8152,333,130,433,203,1,2
6875,229.167,6,car,0.7885,469,119,569,209,1,2
6876,229.2,5,car,0.8279,334,130,435,203,1,2
6876,229.2,6,car,0.7616,466,118,569,209,1,2
6877,229.233,5,car,0.8077,334,129,437,203,1,2
6877,229.233,6,car,0.7587,465,117,568,209,1,2
6877,229.233,8,person,0.6264,279,488,411,703,0,2
6878,229.267,5,car,0.8098,335,128,437,203,1,2
6878,229.267,6,car,0.7677,465,117,568,208,1,2
6878,229.267,8,person,0.6392,279,488,411,703,0,2
6879,229.3,5,car,0.7214,337,128,437,201,1,2
6879,229.3,8,person,0.6071,279,488,413,703,0,2
6880,229.333,5,car,0.7302,339,127,438,199,1,2
6880,229.333,6,car,0.6156,463,115,567,208,1,2
6881,229.367,5,car,0.7352,342,126,438,197,1,2
6881,229.367,8,person,0.618,273,486,411,709,0,2
6882,229.4,5,car,0.7836,344,125,438,194,1,2
6883,229.433,5,car,0.7812,347,123,439,192,1,2
6884,229.467,5,car,0.7857,349,122,439,190,1,2
6885,229.5,5,car,0.7821,350,122,440,190,1,2
6885,229.5,1,person,0.6013,285,373,1050,713,0,2
6886,229.533,5,car,0.7738,353,121,440,185,1,2
6886,229.533,1,person,0.6034,288,370,1073,713,0,2
6887,229.567,5,car,0.7992,355,121,439,184,1,2
6887,229.567,1,person,0.6003,295,341,1166,714,0,2
6888,229.6,5,car,0.774,355,120,438,183,1,2
6889,229.633,5,car,0.7229,357,117,438,179,1,2
6889,229.633,1,car,0.6157,149,269,1207,712,0,2
6890,229.667,5,car,0.6563,358,115,437,178,1,2
6890,229.667,6,car,0.6727,461,104,565,195,1,2
6891,229.7,5,car,0.6253,360,114,438,176,1,2
6891,229.7,6,car,0.6448,459,102,565,195,1,2
6892,229.733,5,car,0.6291,366,112,442,173,1,2
6892,229.733,6,car,0.6805,458,101,565,195,1,2
6893,229.767,5,car,0.6536,366,111,442,173,1,2
6893,229.767,6,car,0.6904,461,99,563,191,1,2
6894,229.8,5,car,0.7286,367,110,443,170,1,2
6894,229.8,6,car,0.7728,458,99,563,192,1,2
6895,229.833,5,car,0.761,368,110,442,168,1,2
6895,229.833,6,car,0.6794,457,98,563,192,1,2
6896,229.867,5,car,0.736,370,109,442,167,1,2
6896,229.867,6,car,0.7112,455,98,563,193,1,2
6897,229.9,5,car,0.8298,373,107,447,166,1,2
6897,229.9,6,car,0.7396,454,98,561,193,1,2
6898,229.933,5,car,0.8456,374,106,449,166,1,2
6898,229.933,6,car,0.7035,453,97,561,192,1,2
6899,229.967,5,car,0.8735,374,105,450,166,1,2
6899,229.967,6,car,0.7181,453,96,560,192,1,2
6900,230.0,5,car,0.8605,374,105,450,165,1,2
6900,230.0,6,car,0.7187,451,97,559,192,1,2
6901,230.033,5,car,0.8385,374,104,449,163,1,2
6901,230.033,6,car,0.6709,448,96,558,193,1,2
6902,230.067,5,car,0.8096,374,104,448,162,1,2
6902,230.067,6,car,0.7592,445,96,555,194,1,2
6903,230.1,5,car,0.7852,373,105,445,162,1,2
6903,230.1,6,car,0.6392,442,95,552,193,1,2
6904,230.133,5,car,0.7985,371,104,443,162,1,2
6904,230.133,6,car,0.6369,440,95,550,192,1,2
6904,230.133,1,person,0.606,237,351,1077,711,0,2
6905,230.167,5,car,0.792,371,104,442,161,1,2
6905,230.167,6,car,0.6669,439,94,549,192,1,2
6905,230.167,1,person,0.6045,241,353,1067,711,0,2
6906,230.2,5,car,0.7919,371,104,440,160,1,2
6906,230.2,6,car,0.6025,437,95,546,191,1,2
6906,230.2,1,person,0.7667,241,351,1063,712,0,2
6907,230.233,5,car,0.8209,371,103,439,158,0,2
6907,230.233,6,car,0.6052,434,95,543,191,1,2
6907,230.233,1,person,0.6743,237,346,1059,712,0,2
6908,230.267,5,car,0.8004,371,102,438,158,0,2
6908,230.267,1,person,0.7202,238,344,1061,712,0,2
6909,230.3,5,car,0.8053,373,102,437,157,0,2
6909,230.3,1,person,0.6692,234,339,1059,712,0,2
6909,230.3,6,car,0.7172,430,94,542,192,1,2
6910,230.333,5,car,0.8065,373,102,435,155,0,2
6910,230.333,1,person,0.6581,234,338,1057,712,0,2
6910,230.333,6,car,0.7674,427,94,539,192,1,2
6911,230.367,5,car,0.8022,371,102,434,155,0,2
6911,230.367,1,person,0.6179,234,337,1054,712,0,2
6911,230.367,6,car,0.8225,424,94,538,193,1,2
6912,230.4,5,car,0.7715,371,101,433,154,0,2
6912,230.4,1,person,0.6637,231,331,1055,712,0,2
6912,230.4,6,car,0.8308,422,94,536,194,1,2
6913,230.433,5,car,0.748,371,101,432,154,0,2
6913,230.433,1,person,0.7053,231,327,1056,711,0,2
6913,230.433,6,car,0.8507,419,94,535,194,1,2
6914,230.467,5,car,0.7551,371,101,431,153,0,2
6914,230.467,1,person,0.6565,237,333,1046,711,0,2
6914,230.467,6,car,0.8167,418,94,534,194,1,2
6915,230.5,5,car,0.7773,373,99,431,153,0,2
6915,230.5,1,person,0.6657,241,336,1040,711,0,2
6915,230.5,6,car,0.8073,415,94,531,197,1,2
6916,230.533,5,car,0.7747,373,102,429,152,0,2
6916,230.533,1,person,0.6347,246,336,1043,711,0,2
6916,230.533,6,car,0.7304,413,94,530,197,1,2
6917,230.567,5,car,0.7303,373,102,426,152,0,2
6917,230.567,1,person,0.615,251,337,1043,711,0,2
6917,230.567,6,car,0.7171,410,94,529,198,1,2
6918,230.6,5,car,0.7039,373,102,424,150,0,2
6918,230.6,1,person,0.7655,257,341,1042,711,0,2
6918,230.6,6,car,0.726,409,94,528,198,1,2
6919,230.633,5,car,0.7674,373,102,422,149,0,2
6919,230.633,1,person,0.6012,454,347,1176,711,0,2
6919,230.633,6,car,0.7052,407,95,527,198,1,2
6920,230.667,5,car,0.7767,373,102,421,149,0,2
6920,230.667,1,person,0.6419,541,349,1217,710,0,2
6920,230.667,6,car,0.7377,406,95,525,198,1,2
6921,230.7,5,car,0.8054,373,102,419,147,0,2
6921,230.7,6,car,0.7036,403,94,523,199,1,2
6922,230.733,5,car,0.792,373,102,418,146,0,2
6922,230.733,6,car,0.7594,400,94,521,199,1,2
6922,230.733,1,person,0.6405,376,339,1081,711,0,2
6923,230.767,5,car,0.7786,373,102,417,146,0,2
6923,230.767,6,car,0.6893,399,94,520,199,1,2
6923,230.767,1,person,0.6368,333,333,1057,712,0,2
6924,230.8,5,car,0.765,371,101,418,147,0,2
6924,230.8,6,car,0.7167,397,94,519,200,1,2
6924,230.8,1,person,0.635,321,333,1051,712,0,2
6925,230.833,5,car,0.6171,373,101,417,146,0,2
6925,230.833,6,car,0.7803,393,94,515,201,1,2
6926,230.867,6,car,0.6916,390,94,514,201,1,2
6927,230.9,6,truck,0.3294,386,93,514,203,1,2
6928,230.933,6,car,0.6005,383,94,512,205,1,2
6928,230.933,1,person,0.6508,309,327,1055,711,0,2
6929,230.967,6,car,0.7159,381,94,511,205,1,2
6930,231.0,6,car,0.7,378,93,509,206,1,2
6931,231.033,6,car,0.77,377,94,509,206,1,2
6932,231.067,6,car,0.7532,376,94,507,207,1,2
6933,231.1,6,car,0.7686,373,94,506,208,1,2
6933,231.1,1,person,0.633,291,331,1041,711,0,2
6934,231.133,6,car,0.7993,370,94,504,210,1,2
6935,231.167,6,car,0.7706,368,95,502,211,1,2
6936,231.2,6,car,0.682,365,94,499,211,1,2
6936,231.2,1,person,0.6141,281,333,1041,711,0,2
6937,231.233,6,car,0.7116,363,95,498,213,1,2
6937,231.233,1,person,0.6177,279,334,1046,711,0,2
6938,231.267,6,car,0.7158,361,95,497,214,1,2
6938,231.267,1,person,0.6653,279,336,1048,711,0,2
6939,231.3,6,car,0.6341,359,96,493,213,1,2
6939,231.3,1,person,0.63,277,335,1055,711,0,2
6940,231.333,6,car,0.6398,355,96,490,213,1,2
6941,231.367,6,car,0.6117,354,96,490,214,1,2
6942,231.4,6,car,0.7433,351,97,488,216,1,2
6943,231.433,6,car,0.7758,349,97,487,218,1,2
6944,231.467,6,car,0.7469,346,98,486,218,1,2
6944,231.467,1,person,0.6247,275,334,1063,711,0,2
6945,231.5,6,car,0.834,345,99,485,219,1,2
6946,231.533,6,car,0.8349,343,99,483,221,1,2
6947,231.567,6,car,0.8472,341,99,483,222,1,2
6947,231.567,1,person,0.6082,525,342,1227,711,0,2
6948,231.6,6,car,0.8021,336,99,480,223,1,2
6948,231.6,1,person,0.6937,579,343,1229,711,0,2
6949,231.633,6,car,0.8064,333,99,478,225,1,2
6949,231.633,1,person,0.7101,608,343,1213,710,0,2
6950,231.667,6,car,0.7946,329,99,477,225,1,2
6950,231.667,1,person,0.6565,627,344,1195,710,0,2
6951,231.7,6,car,0.7442,326,99,474,226,1,2
6952,231.733,6,car,0.68,322,101,473,230,1,2
6952,231.733,1,person,0.6031,648,349,1181,710,0,2
6953,231.767,6,car,0.7589,320,102,470,230,1,2
6953,231.767,15,car,0.6798,1,289,43,401,0,2
6953,231.767,1,person,0.6261,659,350,1165,710,0,2
6954,231.8,6,car,0.7445,317,104,469,234,1,2
6954,231.8,1,person,0.6606,671,352,1152,710,0,2
6955,231.833,6,car,0.7398,312,104,466,235,1,2
6955,231.833,1,person,0.6716,679,352,1141,710,0,2
6956,231.867,6,car,0.7809,310,105,463,237,1,2
6956,231.867,1,person,0.6463,686,352,1133,710,0,2
6957,231.9,6,car,0.7151,306,105,463,239,1,2
6957,231.9,1,person,0.6713,691,351,1126,710,0,2
6958,231.933,6,car,0.7782,304,109,458,241,1,2
6958,231.933,1,person,0.6924,696,351,1118,711,0,2
6959,231.967,6,car,0.7913,302,112,454,243,1,2
6959,231.967,1,person,0.7043,701,352,1110,711,0,2
6959,231.967,19,truck,0.3598,479,54,535,117,1,2
6960,232.0,6,car,0.8081,299,115,453,247,1,2
6960,232.0,1,person,0.6749,704,354,1102,711,0,2
6961,232.033,6,car,0.8447,297,120,450,250,1,2
6962,232.067,6,car,0.8583,296,121,449,253,0,2
6962,232.067,19,truck,0.3028,480,57,536,121,1,2
6963,232.1,6,car,0.823,294,123,448,256,0,2
6964,232.133,6,car,0.8569,291,126,447,259,0,2
6965,232.167,6,car,0.8502,291,128,446,259,0,2
6966,232.2,6,car,0.8455,289,129,446,262,0,2
6966,232.2,1,person,0.6061,466,362,904,712,0,2
6967,232.233,6,car,0.7744,288,129,445,262,0,2
6967,232.233,1,person,0.6867,437,367,911,713,0,2
6968,232.267,6,car,0.7736,286,130,445,263,0,2
6968,232.267,1,person,0.7035,416,369,918,713,0,2
6969,232.3,6,car,0.6282,287,129,447,262,0,2
6969,232.3,1,person,0.718,401,374,927,713,0,2
6970,232.333,6,car,0.6946,283,130,448,265,0,2
6970,232.333,1,person,0.7225,391,371,941,713,0,2
6971,232.367,6,car,0.7841,279,131,443,266,0,2
6971,232.367,1,person,0.7019,384,371,953,713,0,2
6972,232.4,6,car,0.7708,279,134,440,264,0,2
6972,232.4,1,person,0.627,382,375,963,712,0,2
6973,232.433,6,car,0.8448,278,130,447,264,0,2
6973,232.433,1,person,0.6635,375,378,968,712,0,2
6974,232.467,6,car,0.7784,274,130,447,265,0,2
6974,232.467,1,person,0.6933,369,381,973,712,0,2
6975,232.5,6,car,0.7777,267,136,437,266,0,2
6975,232.5,1,person,0.6772,362,384,975,713,0,2
6976,232.533,6,car,0.8199,258,137,432,270,0,2
6977,232.567,6,car,0.7942,257,137,435,271,0,2
6977,232.567,20,car,0.705,0,233,125,408,0,2
6978,232.6,6,car,0.834,254,136,441,274,0,2
6978,232.6,20,car,0.7549,1,234,120,401,0,2
6979,232.633,6,car,0.7829,249,136,442,277,0,2
6979,232.633,20,car,0.7744,2,231,119,395,0,2
6980,232.667,6,car,0.7928,246,136,442,279,0,2
6980,232.667,20,car,0.7983,5,231,119,390,0,2
6980,232.667,1,person,0.648,354,383,984,713,0,2
6981,232.7,6,car,0.744,239,135,443,282,0,2
6981,232.7,20,car,0.7993,8,227,119,381,0,2
6981,232.7,1,person,0.6077,350,376,1002,712,0,2
6982,232.733,6,car,0.8341,234,135,445,285,0,2
6982,232.733,20,car,0.8525,9,225,120,377,0,2
6982,232.733,22,car,0.6424,402,127,447,163,1,2
6983,232.767,6,car,0.8348,233,136,445,286,0,2
6983,232.767,20,car,0.8439,9,223,120,374,0,2
6983,232.767,22,car,0.6498,401,127,446,163,1,2
6984,232.8,6,car,0.8313,230,137,443,288,0,2
6984,232.8,20,car,0.8432,9,225,119,373,0,2
6984,232.8,22,car,0.7041,401,127,443,161,1,2
6985,232.833,6,car,0.6953,225,138,443,291,0,2
6985,232.833,20,car,0.7659,10,227,117,368,0,2
6985,232.833,22,car,0.724,401,128,442,161,1,2
6985,232.833,1,person,0.6797,346,382,1002,712,0,2
6986,232.867,6,car,0.7181,222,138,445,295,0,2
6986,232.867,20,car,0.7569,10,230,114,366,0,2
6986,232.867,22,car,0.711,400,128,441,161,1,2
6986,232.867,1,person,0.6229,342,383,1006,712,0,2
6987,232.9,6,car,0.8604,218,139,443,298,0,2
6987,232.9,20,car,0.689,9,235,110,363,0,2
6987,232.9,22,car,0.7005,401,129,441,160,1,2
6988,232.933,6,car,0.8574,213,141,441,302,0,2
6988,232.933,20,car,0.7582,6,238,103,361,0,2
6988,232.933,22,car,0.7,402,130,442,160,1,2
6988,232.933,19,bus,0.4409,478,79,538,146,1,2
6989,232.967,6,car,0.8031,209,142,439,303,0,2
6989,232.967,20,car,0.7367,3,239,99,360,0,2
6989,232.967,22,car,0.6577,403,131,442,160,1,2
6989,232.967,19,bus,0.3223,478,79,538,146,1,2
6990,233.0,6,car,0.652,205,142,439,305,0,2
6990,233.0,22,car,0.64,403,131,443,161,1,2
6991,233.033,6,car,0.7555,201,144,433,307,0,2
6991,233.033,22,car,0.6288,403,133,443,161,1,2
6992,233.067,6,car,0.7263,198,145,431,309,0,2
6992,233.067,22,car,0.6575,403,131,445,161,1,2
6993,233.1,22,car,0.6751,403,133,445,161,1,2
6994,233.133,22,car,0.6811,403,131,445,161,1,2
6994,233.133,6,car,0.6475,197,146,417,298,0,2
6995,233.167,22,car,0.6793,402,131,446,162,1,2
6995,233.167,6,car,0.6555,197,146,414,295,0,2
6996,233.2,22,car,0.6902,401,130,447,162,1,2
6996,233.2,6,car,0.8327,193,147,413,295,0,2
6997,233.233,22,car,0.7045,400,130,446,163,1,2
6997,233.233,6,car,0.78,183,149,415,305,0,2
6998,233.267,22,car,0.7001,399,131,446,163,1,2
6998,233.267,6,car,0.8207,178,149,416,309,0,2
6999,233.3,22,car,0.6751,400,133,445,165,1,2
6999,233.3,6,car,0.783,175,150,414,311,0,2
7000,233.333,22,car,0.6328,400,134,445,165,1,2
7000,233.333,6,car,0.7941,168,151,415,318,0,2
7001,233.367,22,car,0.6637,400,134,445,166,1,2
7001,233.367,6,car,0.8094,167,152,413,319,0,2
7002,233.4,6,car,0.796,162,154,413,325,0,2
7003,233.433,6,car,0.7891,163,154,409,322,0,2
7003,233.433,25,traffic light,0.3494,626,91,643,115,1,2
7003,233.433,1,person,0.6449,341,419,961,713,0,2
7003,233.433,22,car,0.6091,399,134,445,167,1,2
7004,233.467,6,car,0.7627,160,155,409,327,0,2
7004,233.467,25,traffic light,0.3221,627,90,645,117,1,2
7004,233.467,22,car,0.6444,399,135,445,167,1,2
7005,233.5,6,car,0.7597,163,157,403,322,0,2
7005,233.5,22,car,0.6531,398,135,445,167,1,2
7006,233.533,6,car,0.6863,165,158,398,319,0,2
7006,233.533,22,car,0.611,400,135,446,167,1,2
7007,233.567,22,car,0.6055,400,136,446,167,1,2
7008,233.6,22,car,0.6373,401,136,447,167,1,2
7009,233.633,22,car,0.6746,401,136,447,168,1,2
7010,233.667,22,car,0.6797,400,137,447,169,1,2
7011,233.7,22,car,0.6663,400,137,447,170,1,2
7012,233.733,22,car,0.6465,400,138,447,170,1,2
7012,233.733,6,car,0.6991,178,171,374,306,0,2
7013,233.767,22,car,0.6477,401,139,447,171,1,2
7013,233.767,6,car,0.7663,181,175,370,306,0,2
7014,233.8,22,car,0.6802,402,141,447,171,1,2
7014,233.8,6,car,0.7394,178,178,367,310,0,2
7015,233.833,22,car,0.6706,402,141,447,171,1,2
7015,233.833,6,car,0.6006,177,181,360,307,0,2
7016,233.867,22,car,0.6748,403,142,447,171,1,2
7017,233.9,22,car,0.6936,403,142,447,171,1,2
7018,233.933,22,car,0.7008,403,142,447,171,1,2
7018,233.933,26,person,0.6687,767,433,978,711,0,2
7019,233.967,22,car,0.7056,402,142,446,171,1,2
7019,233.967,26,person,0.6656,768,434,979,711,0,2
7020,234.0,22,car,0.7081,403,142,446,171,1,2
7020,234.0,26,person,0.6408,769,432,982,711,0,2
7021,234.033,22,car,0.7136,403,143,446,171,1,2
7022,234.067,22,car,0.71,403,143,446,171,1,2
7023,234.1,22,car,0.7049,403,143,446,173,1,2
7024,234.133,22,car,0.6677,405,144,446,173,1,2
7025,234.167,22,car,0.6381,405,144,446,173,1,2
7026,234.2,22,car,0.6351,403,144,447,174,1,2
7027,234.233,22,car,0.6568,403,144,447,174,1,2
7028,234.267,22,car,0.6551,403,144,446,174,1,2
7028,234.267,1,person,0.6504,344,427,978,715,0,2
7029,234.3,22,car,0.6173,403,145,446,175,1,2
7030,234.333,22,car,0.6457,403,144,447,175,1,2
7031,234.367,22,car,0.6494,403,144,447,176,1,2
7032,234.4,22,car,0.6658,403,145,447,176,1,2
7033,234.433,22,car,0.6722,403,145,447,176,1,2
7034,234.467,22,car,0.6577,403,145,446,176,1,2
7035,234.5,22,car,0.6664,403,145,446,176,1,2
7035,234.5,1,person,0.6425,336,430,979,717,0,2
7036,234.533,22,car,0.6602,403,145,446,175,1,2
7036,234.533,26,person,0.6023,773,439,979,711,0,2
7037,234.567,22,car,0.6632,405,145,446,175,1,2
7037,234.567,26,person,0.6325,773,437,981,711,0,2
7037,234.567,1,person,0.6021,327,429,982,717,0,2
7038,234.6,22,car,0.6765,405,145,446,174,1,2
7038,234.6,26,person,0.6186,773,433,984,711,0,2
7039,234.633,22,car,0.6539,405,145,446,174,1,2
7040,234.667,22,car,0.6086,405,145,446,174,1,2
7041,234.7,22,car,0.6297,405,145,446,174,1,2
7042,234.733,22,car,0.6175,405,145,446,174,1,2
7042,234.733,1,person,0.6317,329,432,985,718,0,2
7042,234.733,26,person,0.6057,777,435,986,711,0,2
7043,234.767,22,car,0.624,405,145,447,175,1,2
7043,234.767,1,person,0.6519,329,434,986,717,0,2
7044,234.8,22,car,0.6431,403,145,446,175,1,2
7044,234.8,1,person,0.7138,334,440,979,715,0,2
7045,234.833,22,car,0.6296,403,145,445,175,1,2
7045,234.833,1,person,0.6761,335,443,975,715,0,2
7046,234.867,22,car,0.6496,403,145,445,175,1,2
7046,234.867,1,person,0.6541,336,445,975,715,0,2
7047,234.9,22,car,0.644,405,145,446,175,1,2
7047,234.9,1,person,0.6254,336,443,981,715,0,2
7048,234.933,22,car,0.6301,406,146,446,175,1,2
7049,234.967,22,car,0.6243,407,146,446,175,1,2
7049,234.967,27,stop sign,0.3859,689,64,721,119,0,2
7050,235.0,27,stop sign,0.4995,695,65,726,117,0,2
7052,235.067,-1,stop sign,0.3252,704,55,736,113,0,2
7053,235.1,-1,cell phone,0.4594,832,367,1165,665,0,2
7057,235.233,-1,bus,0.4925,416,94,528,177,1,2
7059,235.3,-1,car,0.69,194,192,291,250,0,2
7060,235.333,31,car,0.6982,194,193,291,250,0,2
7061,235.367,31,car,0.6518,193,192,293,250,0,2
7062,235.4,31,car,0.7294,192,191,293,251,0,2
7062,235.4,32,car,0.6112,0,322,49,457,0,2
7063,235.433,31,car,0.7062,197,191,294,248,0,2
7064,235.467,31,car,0.6858,197,192,295,250,0,2
7064,235.467,32,car,0.6023,0,341,39,455,0,2
7065,235.5,31,car,0.6055,197,192,296,251,0,2
7066,235.533,31,car,0.6271,200,193,294,249,0,2
7067,235.567,-1,cell phone,0.3379,840,374,1165,679,0,2
7068,235.6,34,cell phone,0.5328,842,373,1166,678,0,2
7069,235.633,34,cell phone,0.6228,840,375,1169,685,0,2
7070,235.667,34,cell phone,0.6457,838,375,1170,688,0,2
7070,235.667,31,car,0.6057,199,192,294,248,0,2
7071,235.7,34,cell phone,0.5509,838,376,1171,690,0,2
7072,235.733,34,cell phone,0.5101,841,374,1170,685,0,2
7073,235.767,34,cell phone,0.5419,842,374,1171,683,0,2
7074,235.8,34,cell phone,0.3943,841,375,1169,683,0,2
7075,235.833,34,cell phone,0.3213,839,376,1165,683,0,2
7075,235.833,36,bus,0.5155,406,99,523,185,1,2
7076,235.867,34,cell phone,0.3939,837,378,1161,683,0,2
7076,235.867,36,bus,0.4516,407,99,525,185,1,2
7077,235.9,34,cell phone,0.4548,837,379,1160,683,0,2
7077,235.9,36,bus,0.682,405,98,522,184,1,2
7078,235.933,34,cell phone,0.4157,838,381,1160,683,0,2
7078,235.933,36,bus,0.5474,405,99,521,184,1,2
7079,235.967,34,cell phone,0.4122,840,381,1163,683,0,2
7079,235.967,36,bus,0.5773,403,99,520,184,1,2
7080,236.0,34,cell phone,0.474,845,379,1171,686,0,2
7080,236.0,36,bus,0.4387,403,98,521,184,1,2
7081,236.033,34,cell phone,0.4195,845,379,1174,689,0,2
7081,236.033,36,bus,0.4113,403,98,521,185,1,2
7082,236.067,34,cell phone,0.3479,846,379,1177,691,0,2
7082,236.067,36,bus,0.3439,402,98,520,184,1,2
7083,236.1,34,cell phone,0.3307,846,379,1177,693,0,2
7084,236.133,31,car,0.6622,213,186,304,241,0,2
7084,236.133,36,bus,0.3034,401,98,520,185,1,2
7085,236.167,31,car,0.6406,214,186,305,241,0,2
7089,236.3,34,cell phone,0.3583,865,385,1189,688,0,2
7090,236.333,37,person,0.6276,344,406,1139,719,0,2
7090,236.333,38,traffic light,0.4396,1050,0,1221,58,0,2
7090,236.333,34,cell phone,0.5206,867,386,1191,688,0,2
7091,236.367,37,person,0.6371,347,409,1136,719,0,2
7091,236.367,38,traffic light,0.4398,1051,0,1223,58,0,2
7091,236.367,34,cell phone,0.4725,869,386,1193,688,0,2
7092,236.4,37,person,0.6174,350,411,1133,719,0,2
7092,236.4,38,traffic light,0.3865,1059,0,1226,57,0,2
7093,236.433,37,person,0.6126,354,416,1126,718,0,2
7093,236.433,38,traffic light,0.3858,1058,0,1224,57,0,2
7093,236.433,34,cell phone,0.5427,866,386,1194,689,0,2
7094,236.467,37,person,0.6166,349,411,1130,718,0,2
7094,236.467,38,traffic light,0.3607,1059,1,1223,56,0,2
7094,236.467,34,cell phone,0.5091,865,386,1194,690,0,2
7095,236.5,37,person,0.6396,337,403,1141,718,0,2
7095,236.5,34,cell phone,0.6677,863,385,1195,691,0,2
7096,236.533,34,cell phone,0.6548,861,385,1197,694,0,2
7097,236.567,34,cell phone,0.6833,859,385,1197,694,0,2
7097,236.567,37,person,0.6132,309,382,1161,718,0,2
7098,236.6,34,cell phone,0.5632,857,385,1197,696,0,2
7099,236.633,34,cell phone,0.6691,856,385,1197,697,0,2
7100,236.667,34,cell phone,0.4934,855,385,1197,698,0,2
7101,236.7,34,cell phone,0.4132,857,386,1195,695,0,2
7102,236.733,34,cell phone,0.591,856,386,1197,698,0,2
7103,236.767,34,cell phone,0.6626,856,386,1198,699,0,2
7103,236.767,38,traffic light,0.3823,1059,1,1224,56,0,2
7103,236.767,37,person,0.6083,317,382,1165,717,0,2
7104,236.8,34,cell phone,0.6988,858,387,1198,697,0,2
7104,236.8,38,traffic light,0.3457,1059,0,1229,58,0,2
7105,236.833,34,cell phone,0.7243,859,387,1199,697,0,2
7105,236.833,38,traffic light,0.4155,1057,0,1226,58,0,2
7106,236.867,34,cell phone,0.7881,861,389,1199,697,0,2
7106,236.867,38,traffic light,0.3588,1056,0,1225,57,0,2
7107,236.9,34,cell phone,0.8003,862,389,1200,697,0,2
7107,236.9,38,traffic light,0.5138,1055,0,1227,58,0,2
7108,236.933,34,cell phone,0.7933,863,390,1200,697,0,2
7108,236.933,38,traffic light,0.5404,1059,1,1230,58,0,2
7109,236.967,34,cell phone,0.7706,863,389,1201,697,0,2
7110,237.0,34,cell phone,0.7783,863,387,1201,696,0,2
7111,237.033,34,cell phone,0.7307,863,387,1201,695,0,2
7111,237.033,38,traffic light,0.3251,1072,1,1232,55,0,2
7112,237.067,34,cell phone,0.7719,865,386,1201,691,0,2
7113,237.1,34,cell phone,0.6983,866,385,1201,689,0,2
7114,237.133,34,cell phone,0.6011,866,385,1201,688,0,2
7115,237.167,34,cell phone,0.698,866,385,1200,686,0,2
7115,237.167,38,traffic light,0.341,1074,1,1233,54,0,2
7116,237.2,34,cell phone,0.7328,865,386,1200,688,0,2
7117,237.233,34,cell phone,0.7159,866,387,1200,687,0,2
7117,237.233,38,traffic light,0.3455,1071,1,1235,56,0,2
7118,237.267,34,cell phone,0.7537,865,389,1200,687,0,2
7119,237.3,34,cell phone,0.6731,865,389,1201,688,0,2
7120,237.333,34,cell phone,0.7077,866,389,1201,687,0,2
7121,237.367,34,cell phone,0.5328,865,389,1202,688,0,2
7122,237.4,34,cell phone,0.63,863,386,1205,689,0,2
7123,237.433,34,cell phone,0.6003,862,385,1205,689,0,2
7124,237.467,34,cell phone,0.5672,861,385,1205,690,0,2
7125,237.5,34,cell phone,0.4102,859,385,1206,691,0,2
7126,237.533,34,cell phone,0.5764,858,385,1206,693,0,2
7127,237.567,34,cell phone,0.6351,858,385,1207,693,0,2
7127,237.567,37,person,0.6022,360,416,1143,719,0,2
7128,237.6,34,cell phone,0.6252,858,386,1207,695,0,2
7129,237.633,34,cell phone,0.5723,857,387,1206,695,0,2
7130,237.667,34,cell phone,0.5479,858,387,1206,694,0,2
7131,237.7,34,cell phone,0.6804,859,389,1206,694,0,2
7131,237.7,38,traffic light,0.3162,1082,1,1246,51,0,2
7131,237.7,37,person,0.6042,355,417,1143,719,0,2
7132,237.733,34,cell phone,0.6379,863,389,1205,689,0,2
7132,237.733,37,person,0.6717,355,421,1143,719,0,2
7133,237.767,34,cell phone,0.638,863,389,1207,690,0,2
7133,237.767,37,person,0.6625,351,419,1147,719,0,2
7133,237.767,38,traffic light,0.3621,1075,1,1249,55,0,2
7134,237.8,34,cell phone,0.6463,864,389,1208,691,0,2
7134,237.8,37,person,0.674,345,413,1159,719,0,2
7134,237.8,38,traffic light,0.3532,1074,1,1249,56,0,2
7135,237.833,34,cell phone,0.6197,865,387,1208,690,0,2
7135,237.833,37,person,0.6931,353,417,1160,719,0,2
7135,237.833,38,traffic light,0.3722,1079,0,1250,54,0,2
7136,237.867,34,cell phone,0.6136,865,387,1207,690,0,2
7136,237.867,37,person,0.7031,359,421,1160,719,0,2
7136,237.867,38,traffic light,0.3614,1081,0,1251,54,0,2
7137,237.9,34,cell phone,0.5843,864,387,1205,690,0,2
7137,237.9,37,person,0.6861,325,394,1184,719,0,2
7137,237.9,38,traffic light,0.3228,1086,0,1253,53,0,2
7138,237.933,34,cell phone,0.5687,867,386,1206,688,0,2
7138,237.933,37,person,0.6264,307,378,1199,719,0,2
7139,237.967,34,cell phone,0.5185,866,385,1206,690,0,2
7139,237.967,37,person,0.6316,346,405,1173,719,0,2
7140,238.0,34,cell phone,0.5082,869,384,1207,690,0,2
7140,238.0,37,person,0.6925,314,378,1198,719,0,2
7141,238.033,34,cell phone,0.4034,872,382,1209,689,0,2
7141,238.033,37,person,0.6794,346,401,1174,719,0,2
7142,238.067,34,cell phone,0.4104,872,382,1207,689,0,2
7142,238.067,37,person,0.6681,358,410,1165,719,0,2
7143,238.1,34,cell phone,0.492,877,379,1210,688,0,2
7143,238.1,37,person,0.653,354,407,1174,719,0,2
7144,238.133,34,cell phone,0.5603,880,375,1213,683,0,2
7144,238.133,37,person,0.6611,342,395,1192,719,0,2
7145,238.167,34,cell phone,0.5217,877,371,1208,681,0,2
7145,238.167,37,person,0.6828,339,391,1202,719,0,2
7146,238.2,34,cell phone,0.5485,877,370,1203,678,0,2
7146,238.2,37,person,0.6781,335,386,1208,719,0,2
7147,238.233,34,cell phone,0.5385,874,371,1203,682,0,2
7147,238.233,37,person,0.6922,331,386,1202,719,0,2
7148,238.267,34,cell phone,0.5545,871,373,1199,686,0,2
7148,238.267,37,person,0.7489,323,385,1195,719,0,2
7149,238.3,34,cell phone,0.6088,871,374,1198,686,0,2
7149,238.3,37,person,0.7372,319,385,1189,719,0,2
7150,238.333,34,cell phone,0.6063,866,376,1197,690,0,2
7150,238.333,37,person,0.7594,319,389,1176,719,0,2
7151,238.367,34,cell phone,0.4808,865,376,1197,693,0,2
7151,238.367,37,person,0.7414,319,390,1169,719,0,2
7152,238.4,34,cell phone,0.4115,865,376,1198,694,0,2
7152,238.4,37,person,0.7412,313,386,1170,719,0,2
7153,238.433,34,cell phone,0.4505,861,376,1191,690,0,2
7153,238.433,37,person,0.7433,307,379,1177,719,0,2
7154,238.467,34,cell phone,0.3995,859,375,1190,691,0,2
7154,238.467,37,person,0.7483,303,374,1182,719,0,2
7155,238.5,34,cell phone,0.5665,862,371,1192,689,0,2
7155,238.5,37,person,0.7391,301,369,1185,719,0,2
7156,238.533,34,cell phone,0.6264,862,370,1194,691,0,2
7156,238.533,37,person,0.7212,309,374,1179,719,0,2
7157,238.567,34,cell phone,0.6585,863,369,1194,691,0,2
7157,238.567,37,person,0.7467,317,378,1174,719,0,2
7158,238.6,34,cell phone,0.5457,863,369,1194,693,0,2
7158,238.6,37,person,0.7121,323,381,1171,719,0,2
7159,238.633,34,cell phone,0.5316,863,369,1191,690,0,2
7159,238.633,37,person,0.7094,320,379,1165,719,0,2
7160,238.667,34,cell phone,0.6401,864,369,1189,687,0,2
7160,238.667,37,person,0.709,310,369,1174,719,0,2
7161,238.7,34,cell phone,0.5825,865,368,1186,685,0,2
7161,238.7,37,person,0.7149,315,371,1169,719,0,2
7162,238.733,34,cell phone,0.6481,869,368,1184,680,0,2
7162,238.733,37,person,0.7166,323,376,1166,719,0,2
7163,238.767,34,cell phone,0.6728,870,368,1183,678,0,2
7163,238.767,37,person,0.7566,327,376,1166,719,0,2
7164,238.8,34,cell phone,0.6382,874,366,1191,679,0,2
7164,238.8,37,person,0.7219,329,378,1162,719,0,2
7165,238.833,34,cell phone,0.5588,878,365,1193,674,0,2
7165,238.833,37,person,0.6285,318,367,1174,719,0,2
7176,239.2,-1,person,0.6042,330,410,519,713,0,2
7177,239.233,40,person,0.659,333,410,520,713,0,2
7178,239.267,40,person,0.6579,334,410,522,713,0,2
7179,239.3,40,person,0.6936,337,411,525,713,0,2
7180,239.333,40,person,0.6816,339,413,526,712,0,2
7181,239.367,40,person,0.6774,341,414,526,712,0,2
7182,239.4,40,person,0.649,343,415,527,712,0,2
7183,239.433,40,person,0.6639,344,416,528,712,0,2
7184,239.467,40,person,0.6404,345,417,528,712,0,2
7186,239.533,40,person,0.6306,349,422,529,712,0,2
7187,239.567,40,person,0.6151,350,423,529,712,0,2
7188,239.6,40,person,0.6738,351,424,530,712,0,2
7189,239.633,40,person,0.6192,353,425,530,712,0,2
7190,239.667,40,person,0.62,355,426,531,712,0,2
7207,240.233,-1,stop sign,0.3809,765,61,787,89,0,2
7208,240.267,41,stop sign,0.5572,766,61,789,88,0,2
7210,240.333,-1,stop sign,0.3093,773,64,794,88,0,2
7210,240.333,-1,stop sign,0.3063,515,93,543,120,1,2
7211,240.367,44,stop sign,0.4326,514,93,543,120,1,2
7212,240.4,44,stop sign,0.5021,511,93,541,121,1,2
7213,240.433,44,stop sign,0.5061,507,93,537,122,1,2
7214,240.467,44,stop sign,0.4977,504,93,536,123,1,2
7214,240.467,46,stop sign,0.4649,783,63,807,88,0,2
7224,240.8,-1,stop sign,0.3954,823,61,855,91,0,2
7227,240.9,-1,stop sign,0.4365,453,97,495,138,1,2
7227,240.9,-1,stop sign,0.3162,841,57,872,91,0,2
7237,241.233,-1,cell phone,0.4145,869,389,1203,693,0,2
7238,241.267,50,cell phone,0.369,869,389,1207,696,0,2
7239,241.3,50,cell phone,0.5075,874,389,1213,696,0,2
7240,241.333,50,cell phone,0.3922,874,389,1210,694,0,2
7241,241.367,50,cell phone,0.4397,872,389,1206,693,0,2
7242,241.4,50,cell phone,0.5505,873,387,1206,690,0,2
7243,241.433,50,cell phone,0.3467,871,387,1202,687,0,2
7244,241.467,50,cell phone,0.4243,866,387,1202,691,0,2
7245,241.5,50,cell phone,0.5051,863,389,1200,693,0,2
7246,241.533,50,cell phone,0.31,859,392,1198,696,0,2
7248,241.6,-1,car,0.612,38,361,104,422,0,2
7248,241.6,-1,traffic light,0.4658,1077,0,1233,62,0,2
7249,241.633,-1,traffic light,0.3211,1058,1,1232,57,0,2
7250,241.667,-1,traffic light,0.3291,1071,0,1233,58,0,2
7251,241.7,56,traffic light,0.3617,1067,0,1235,61,0,2
7253,241.767,56,traffic light,0.3462,1062,1,1227,61,0,2
7259,241.967,56,traffic light,0.3407,1056,0,1233,65,0,2
7260,242.0,56,traffic light,0.4199,1055,0,1235,66,0,2
7261,242.033,56,traffic light,0.4364,1053,0,1235,69,0,2
7261,242.033,57,person,0.6123,344,493,497,714,0,2
7262,242.067,56,traffic light,0.4144,1053,0,1237,70,0,2
7264,242.133,56,traffic light,0.4018,1056,0,1230,66,0,2
7265,242.167,56,traffic light,0.3518,1057,0,1227,66,0,2
7266,242.2,56,traffic light,0.37,1057,0,1227,66,0,2
7266,242.2,57,person,0.6075,345,498,494,713,0,2
7267,242.233,56,traffic light,0.4635,1047,1,1226,71,0,2
7268,242.267,56,traffic light,0.4299,1042,1,1229,74,0,2
7268,242.267,59,car,0.6168,641,160,677,187,1,2
7268,242.267,50,cell phone,0.3693,841,406,1170,705,0,2
7269,242.3,56,traffic light,0.3335,1041,0,1232,78,0,2
7269,242.3,59,car,0.6342,641,160,678,189,1,2
7270,242.333,56,traffic light,0.3465,1040,1,1229,78,0,2
7270,242.333,57,person,0.6317,346,505,491,714,0,2
7271,242.367,56,traffic light,0.3609,1035,1,1227,80,0,2
7271,242.367,57,person,0.6354,346,506,491,714,0,2
7271,242.367,50,cell phone,0.3171,840,408,1167,706,0,2
7272,242.4,56,traffic light,0.5392,1027,1,1227,85,0,2
7272,242.4,57,person,0.6084,346,510,489,714,0,2
7273,242.433,56,traffic light,0.6589,1039,1,1250,88,0,2
7274,242.467,56,traffic light,0.6988,1041,1,1261,89,0,2
7274,242.467,61,traffic light,0.3941,1031,1,1216,83,0,2
7275,242.5,56,traffic light,0.6638,1041,1,1265,90,0,2
7275,242.5,61,traffic light,0.5605,1029,1,1216,83,0,2
7275,242.5,59,car,0.6169,641,163,683,197,1,2
7276,242.533,56,traffic light,0.7516,1040,1,1267,90,0,2
7276,242.533,61,traffic light,0.3889,1027,1,1216,85,0,2
7276,242.533,59,car,0.6033,641,163,685,198,1,2
7277,242.567,56,traffic light,0.7894,1039,1,1269,90,0,2
7277,242.567,59,car,0.6413,642,163,685,198,1,2
7278,242.6,56,traffic light,0.7035,1037,1,1269,90,0,2
7278,242.6,59,car,0.6703,643,163,686,199,1,2
7278,242.6,61,traffic light,0.3992,1025,1,1215,85,0,2
7279,242.633,56,traffic light,0.4587,1039,1,1270,89,0,2
7279,242.633,59,car,0.6138,645,165,686,199,1,2
7279,242.633,61,traffic light,0.6468,1029,1,1215,83,0,2
7279,242.633,57,person,0.6254,338,518,480,718,0,2
7280,242.667,59,car,0.6414,646,166,687,199,1,2
7280,242.667,61,traffic light,0.655,1029,2,1219,88,0,2
7280,242.667,57,person,0.6557,338,519,478,715,0,2
7281,242.7,59,car,0.6437,647,166,688,199,1,2
7281,242.7,61,traffic light,0.5833,1034,2,1223,87,0,2
7281,242.7,57,person,0.629,337,518,481,718,0,2
7282,242.733,59,car,0.6757,648,165,690,200,1,2
7282,242.733,61,traffic light,0.5917,1038,2,1225,88,0,2
7282,242.733,57,person,0.6148,337,517,481,718,0,2
7282,242.733,63,truck,0.3476,671,137,723,191,1,2
7283,242.767,59,car,0.6998,648,165,693,200,1,2
7283,242.767,61,traffic light,0.554,1040,2,1225,88,0,2
7283,242.767,57,person,0.6113,336,514,482,718,0,2
7283,242.767,63,truck,0.3363,672,137,725,191,1,2
7284,242.8,59,car,0.6704,649,166,693,201,1,2
7284,242.8,61,traffic light,0.5717,1041,3,1225,88,0,2
7284,242.8,57,person,0.6134,335,512,483,718,0,2
7284,242.8,63,truck,0.3674,672,136,727,191,1,2
7284,242.8,50,cell phone,0.3276,842,413,1170,710,0,2
7285,242.833,59,car,0.7087,650,165,695,201,1,2
7285,242.833,61,traffic light,0.3065,1045,5,1225,88,0,2
7285,242.833,57,person,0.6444,334,511,483,718,0,2
7285,242.833,63,truck,0.3054,673,136,728,191,1,2
7286,242.867,59,car,0.702,651,165,697,201,1,2
7286,242.867,61,traffic light,0.4043,1045,5,1224,88,0,2
7286,242.867,57,person,0.6563,333,511,483,718,0,2
7287,242.9,59,car,0.7547,651,163,698,202,1,2
7287,242.9,61,traffic light,0.4257,1042,3,1223,89,0,2
7287,242.9,57,person,0.6211,331,511,481,718,0,2
7288,242.933,59,car,0.7519,653,163,699,202,1,2
7288,242.933,61,traffic light,0.6042,1039,6,1224,95,0,2
7289,242.967,59,car,0.7473,653,163,701,203,1,2
7289,242.967,61,traffic light,0.5058,1031,3,1222,96,0,2
7289,242.967,57,person,0.653,329,512,478,718,0,2
7290,243.0,59,car,0.7406,654,163,701,203,1,2
7290,243.0,61,traffic light,0.6622,1025,2,1222,99,0,2
7290,243.0,57,person,0.6298,328,513,477,718,0,2
7290,243.0,50,cell phone,0.421,835,424,1155,709,0,2
7291,243.033,59,car,0.7331,655,165,703,205,1,2
7291,243.033,61,traffic light,0.7579,1022,2,1219,102,0,2
7291,243.033,57,person,0.6256,327,513,475,718,0,2
7291,243.033,50,cell phone,0.3795,831,425,1153,709,0,2
7292,243.067,59,car,0.7511,656,165,704,205,1,2
7292,243.067,61,traffic light,0.7055,1019,3,1217,103,0,2
7292,243.067,57,person,0.6319,327,513,474,718,0,2
7292,243.067,50,cell phone,0.5702,829,425,1153,711,0,2
7293,243.1,59,car,0.7436,657,165,705,206,1,2
7293,243.1,61,traffic light,0.6821,1019,3,1216,103,0,2
7293,243.1,57,person,0.6194,326,514,473,718,0,2
7293,243.1,50,cell phone,0.4394,826,424,1154,712,0,2
7294,243.133,59,car,0.7738,657,165,707,206,1,2
7294,243.133,61,traffic light,0.6575,1019,2,1215,103,0,2
7294,243.133,57,person,0.64,325,515,472,718,0,2
7294,243.133,50,cell phone,0.5425,826,424,1154,712,0,2
7295,243.167,59,car,0.7598,658,163,709,206,1,2
7295,243.167,61,traffic light,0.6336,1018,2,1214,103,0,2
7295,243.167,57,person,0.6444,325,517,471,718,0,2
7295,243.167,50,cell phone,0.5123,825,425,1153,712,0,2
7296,243.2,59,car,0.7225,661,166,710,206,1,2
7296,243.2,61,traffic light,0.6365,1019,2,1214,103,0,2
7296,243.2,57,person,0.6496,323,517,470,718,0,2
7296,243.2,50,cell phone,0.495,824,425,1152,713,0,2
7296,243.2,63,truck,0.3013,685,135,742,194,1,2
7297,243.233,59,car,0.7232,662,166,711,207,1,2
7297,243.233,61,traffic light,0.5983,1021,2,1214,104,0,2
7297,243.233,57,person,0.6502,323,517,470,718,0,2
7297,243.233,50,cell phone,0.4377,825,424,1153,713,0,2
7298,243.267,59,car,0.751,663,166,712,207,1,2
7298,243.267,61,traffic light,0.651,1022,3,1213,104,0,2
7298,243.267,57,person,0.6338,323,517,470,718,0,2
7298,243.267,50,cell phone,0.4079,826,424,1154,713,0,2
7299,243.3,59,car,0.8084,663,166,714,208,1,2
7299,243.3,61,traffic light,0.6434,1022,3,1213,105,0,2
7299,243.3,57,person,0.6168,325,517,471,718,0,2
7299,243.3,50,cell phone,0.3599,826,424,1154,712,0,2
7300,243.333,59,car,0.8225,664,166,717,209,1,2
7300,243.333,61,traffic light,0.5313,1023,2,1214,105,0,2
7300,243.333,50,cell phone,0.3802,827,424,1155,712,0,2
7300,243.333,63,truck,0.301,690,136,749,195,1,2
7301,243.367,59,car,0.824,665,165,718,209,1,2
7301,243.367,61,traffic light,0.664,1024,2,1214,106,0,2
7301,243.367,50,cell phone,0.428,831,424,1159,712,0,2
7302,243.4,59,car,0.7861,666,165,720,209,1,2
7302,243.4,61,traffic light,0.5484,1026,2,1214,105,0,2
7302,243.4,50,cell phone,0.4564,832,424,1161,712,0,2
7303,243.433,59,car,0.7501,667,165,721,209,1,2
7303,243.433,61,traffic light,0.3305,1030,2,1214,104,0,2
7303,243.433,50,cell phone,0.5123,832,424,1161,712,0,2
7304,243.467,59,car,0.7599,669,165,723,209,1,2
7304,243.467,61,traffic light,0.3891,1031,2,1213,103,0,2
7304,243.467,50,cell phone,0.5494,831,424,1160,712,0,2
7304,243.467,63,truck,0.3409,697,134,758,197,1,2
7305,243.5,59,car,0.7186,671,163,726,210,1,2
7305,243.5,61,traffic light,0.4437,1047,14,1203,99,0,2
7305,243.5,50,cell phone,0.4718,831,424,1160,711,0,2
7305,243.5,63,truck,0.3862,699,133,760,197,1,2
7305,243.5,56,traffic light,0.3184,1030,0,1280,98,0,2
7305,243.5,57,person,0.6744,320,515,467,718,0,2
7306,243.533,59,car,0.7191,673,163,729,211,1,2
7306,243.533,61,traffic light,0.3269,1053,18,1198,96,0,2
7306,243.533,63,truck,0.3806,702,133,761,195,1,2
7306,243.533,56,traffic light,0.339,1033,0,1280,95,0,2
7306,243.533,57,person,0.6278,318,514,466,718,0,2
7307,243.567,59,car,0.7519,674,163,731,211,1,2
7307,243.567,61,traffic light,0.3439,1055,19,1195,95,0,2
7307,243.567,63,truck,0.3551,704,133,763,195,1,2
7307,243.567,57,person,0.6712,317,514,466,718,0,2
7307,243.567,50,cell phone,0.3073,832,422,1165,712,0,2
7308,243.6,59,car,0.8151,677,165,734,213,1,2
7308,243.6,61,traffic light,0.3453,1054,21,1197,96,0,2
7308,243.6,63,truck,0.3828,705,134,763,197,1,2
7308,243.6,57,person,0.6783,317,513,466,718,0,2
7308,243.6,50,cell phone,0.3336,831,421,1165,711,0,2
7308,243.6,56,traffic light,0.3631,1032,0,1279,95,0,2
7309,243.633,59,car,0.8432,678,166,737,215,1,2
7309,243.633,61,traffic light,0.5256,1053,21,1199,97,0,2
7309,243.633,63,truck,0.3242,707,134,767,198,1,2
7309,243.633,57,person,0.6183,318,514,466,718,0,2
7309,243.633,50,cell phone,0.3941,827,422,1158,710,0,2
7310,243.667,59,car,0.8174,679,165,739,216,1,2
7310,243.667,63,truck,0.3131,709,134,769,198,1,2
7310,243.667,50,cell phone,0.5278,829,423,1158,711,0,2
7310,243.667,56,traffic light,0.4802,1009,2,1248,101,0,2
7311,243.7,59,car,0.7736,681,165,743,217,1,2
7311,243.7,63,truck,0.3285,713,133,773,197,1,2
7311,243.7,50,cell phone,0.6538,830,424,1158,711,0,2
7311,243.7,56,traffic light,0.6371,1006,2,1240,103,0,2
7312,243.733,59,car,0.815,686,163,747,216,1,2
7312,243.733,63,truck,0.3507,717,131,776,197,1,2
7312,243.733,50,cell phone,0.6075,831,424,1157,709,0,2
7312,243.733,61,traffic light,0.3828,1056,21,1209,101,0,2
7313,243.767,59,car,0.8527,689,163,750,216,1,2
7313,243.767,63,truck,0.4093,719,131,779,197,1,2
7313,243.767,50,cell phone,0.6106,827,425,1154,710,0,2
7313,243.767,61,traffic light,0.3581,1058,19,1209,99,0,2
7313,243.767,57,person,0.6323,325,510,475,717,0,2
7313,243.767,56,traffic light,0.3024,1014,2,1234,101,0,2
7314,243.8,59,car,0.8648,694,165,754,216,1,2
7314,243.8,63,truck,0.3503,723,131,784,197,1,2
7314,243.8,50,cell phone,0.6735,832,424,1158,709,0,2
7314,243.8,61,traffic light,0.5671,1061,19,1213,99,0,2
7314,243.8,57,person,0.6202,325,506,479,717,0,2
7315,243.833,59,car,0.7742,699,163,762,217,1,2
7315,243.833,63,truck,0.4286,730,130,790,195,1,2
7315,243.833,50,cell phone,0.7217,839,424,1161,705,0,2
7315,243.833,61,traffic light,0.5492,1065,19,1216,98,0,2
7315,243.833,57,person,0.6172,327,505,481,717,0,2
7316,243.867,59,car,0.8552,704,163,768,218,1,2
7316,243.867,63,truck,0.4118,735,130,795,195,1,2
7316,243.867,50,cell phone,0.6552,845,424,1170,706,0,2
7316,243.867,61,traffic light,0.6107,1067,19,1217,98,0,2
7316,243.867,57,person,0.6083,329,503,486,717,0,2
7317,243.9,59,car,0.7973,712,163,777,218,1,2
7317,243.9,63,truck,0.3733,743,130,805,197,1,2
7317,243.9,50,cell phone,0.4884,856,425,1183,709,0,2
7317,243.9,61,traffic light,0.5939,1061,10,1232,101,0,2
7317,243.9,57,person,0.6828,337,502,493,714,0,2
7318,243.933,59,car,0.8084,725,163,791,219,1,2
7318,243.933,63,truck,0.3641,755,130,816,197,0,2
7318,243.933,50,cell phone,0.4468,870,429,1192,704,0,2
7318,243.933,61,traffic light,0.6944,1063,5,1248,103,0,2
7318,243.933,57,person,0.6871,346,496,506,717,0,2
7319,243.967,59,car,0.8696,734,163,801,221,1,2
7319,243.967,63,truck,0.3622,765,129,827,197,0,2
7319,243.967,50,cell phone,0.4972,878,430,1200,705,0,2
7319,243.967,61,traffic light,0.6041,1070,2,1262,106,0,2
7319,243.967,57,person,0.6215,355,498,513,715,0,2
7320,244.0,59,car,0.8273,752,163,819,219,1,2
7320,244.0,63,truck,0.407,781,129,843,197,0,2
7320,244.0,50,cell phone,0.6429,889,433,1207,704,0,2
7320,244.0,61,traffic light,0.8254,1087,1,1280,107,0,2
7320,244.0,57,person,0.6533,370,495,528,714,0,2
7321,244.033,59,car,0.8417,774,161,843,221,0,2
7321,244.033,61,traffic light,0.8613,1103,0,1280,111,0,2
7322,244.067,59,car,0.8344,790,161,862,222,0,2
7322,244.067,61,traffic light,0.815,1117,1,1280,112,0,2
7322,244.067,50,cell phone,0.5254,931,441,1248,709,0,2
7323,244.1,59,car,0.8339,815,160,888,223,0,2
7323,244.1,50,cell phone,0.5104,957,447,1269,710,0,2
7324,244.133,59,car,0.8599,845,160,920,224,0,2
7325,244.167,59,car,0.8638,867,161,944,225,0,2
7326,244.2,59,car,0.8231,898,162,977,227,0,2
7327,244.233,59,car,0.8664,931,162,1014,231,0,2
7328,244.267,59,car,0.8524,955,163,1040,234,0,2
7329,244.3,59,car,0.838,987,165,1073,237,0,2
7330,244.333,59,car,0.8334,1019,167,1111,242,0,2
7330,244.333,72,person,0.7101,615,457,810,712,0,2
7331,244.367,59,car,0.8492,1041,168,1135,246,0,2
7332,244.4,59,car,0.8302,1066,170,1163,250,0,2
7333,244.433,59,car,0.833,1090,170,1192,255,0,2
7333,244.433,72,person,0.7315,667,456,865,712,0,2
7334,244.467,59,car,0.8501,1106,171,1211,259,0,2
7334,244.467,72,person,0.6742,678,454,878,712,0,2
7335,244.5,59,car,0.8592,1126,174,1234,264,0,2
7335,244.5,72,person,0.6054,689,453,890,712,0,2
7336,244.533,59,car,0.837,1144,175,1257,270,0,2
7337,244.567,59,car,0.8439,1159,178,1273,274,0,2
7338,244.6,59,car,0.8294,1171,179,1280,278,0,2
7339,244.633,59,car,0.8212,1179,182,1280,280,0,2
7340,244.667,59,car,0.7732,1186,184,1280,280,0,2
7340,244.667,72,person,0.6149,720,457,922,712,0,2
7341,244.7,59,car,0.695,1194,186,1280,285,0,2
7342,244.733,59,car,0.6844,1198,187,1280,289,0,2
7343,244.767,59,car,0.6818,1202,191,1280,291,0,2
7344,244.8,59,car,0.736,1207,194,1280,295,0,2
7345,244.833,59,car,0.7001,1209,195,1280,298,0,2
7345,244.833,73,car,0.6007,5,6,1277,712,0,2
7346,244.867,59,car,0.6953,1210,197,1280,301,0,2
7347,244.9,59,car,0.7059,1211,198,1280,302,0,2
7348,244.933,59,car,0.7295,1209,197,1280,304,0,2
7348,244.933,72,person,0.6152,704,453,914,712,0,2
7348,244.933,73,car,0.6111,3,3,1279,712,0,2
7349,244.967,59,car,0.7633,1207,197,1280,305,0,2
7349,244.967,72,person,0.6137,694,451,909,712,0,2
7350,245.0,59,car,0.7765,1203,195,1280,303,0,2
7350,245.0,72,person,0.6335,778,441,1050,712,0,2
7351,245.033,59,car,0.7415,1198,192,1280,303,0,2
7351,245.033,72,person,0.8214,778,422,1112,714,0,2
7352,245.067,59,car,0.8034,1193,191,1280,303,0,2
7352,245.067,72,person,0.8657,763,408,1149,715,0,2
7353,245.1,59,car,0.8809,1186,187,1280,303,0,2
7353,245.1,72,person,0.7867,742,403,1163,714,0,2
7354,245.133,59,car,0.8721,1181,186,1278,304,0,2
7354,245.133,72,person,0.8502,721,399,1176,714,0,2
7355,245.167,59,car,0.8965,1175,185,1274,304,0,2
7355,245.167,72,person,0.8413,705,394,1191,715,0,2
7356,245.2,59,car,0.8989,1169,185,1272,306,0,2
7356,245.2,72,person,0.6447,690,391,1202,717,0,2
7357,245.233,59,car,0.8861,1162,184,1270,306,0,2
7357,245.233,75,bus,0.4698,1155,135,1230,218,0,2
7358,245.267,59,car,0.8798,1159,184,1270,307,0,2
7358,245.267,75,bus,0.3733,1151,134,1226,218,0,2
7358,245.267,72,person,0.6048,679,389,1209,717,0,2
7359,245.3,59,car,0.8836,1154,183,1269,309,0,2
7360,245.333,59,car,0.8729,1147,182,1271,314,0,2
7360,245.333,75,bus,0.4244,1131,129,1211,219,0,2
7361,245.367,59,car,0.8717,1142,179,1271,318,0,2
7361,245.367,75,bus,0.3312,1126,127,1207,218,0,2
7362,245.4,59,car,0.8719,1138,179,1271,319,0,2
7362,245.4,75,truck,0.3656,1119,126,1199,217,0,2
7363,245.433,59,car,0.8703,1134,178,1272,320,0,2
7363,245.433,75,truck,0.5009,1114,125,1191,213,0,2
7364,245.467,59,car,0.8638,1131,177,1273,322,0,2
7364,245.467,75,truck,0.5031,1110,125,1185,210,0,2
7365,245.5,59,car,0.8713,1127,175,1273,323,0,2
7365,245.5,75,truck,0.4829,1103,122,1177,208,0,2
7366,245.533,59,car,0.8624,1122,174,1273,325,0,2
7366,245.533,75,bus,0.3978,1095,120,1169,206,0,2
7367,245.567,59,car,0.8685,1119,173,1272,326,0,2
7367,245.567,75,truck,0.449,1089,119,1163,206,0,2
7368,245.6,59,car,0.8789,1115,173,1272,328,0,2
7368,245.6,75,bus,0.4795,1085,117,1159,205,0,2
7369,245.633,59,car,0.8806,1113,171,1273,329,0,2
7369,245.633,75,truck,0.3906,1078,115,1152,203,0,2
7370,245.667,59,car,0.8788,1111,171,1274,330,0,2
7370,245.667,75,bus,0.5015,1072,114,1147,205,0,2
7371,245.7,59,car,0.8755,1107,171,1274,334,0,2
7371,245.7,75,bus,0.5426,1070,113,1143,201,0,2
7372,245.733,59,car,0.8841,1102,170,1278,341,0,2
7372,245.733,75,bus,0.5639,1065,112,1137,200,0,2
7373,245.767,59,car,0.8863,1101,170,1279,343,0,2
7373,245.767,75,bus,0.6407,1062,111,1134,199,0,2
7373,245.767,86,car,0.6118,983,157,1024,174,0,2
7374,245.8,59,car,0.8858,1101,171,1279,345,0,2
7374,245.8,75,bus,0.5442,1058,111,1129,198,0,2
7375,245.833,59,car,0.8971,1101,173,1280,347,0,2
7375,245.833,75,bus,0.5287,1056,111,1127,198,0,2
7376,245.867,59,car,0.8934,1102,174,1280,351,0,2
7376,245.867,75,bus,0.5416,1055,111,1125,198,0,2
7376,245.867,88,truck,0.3724,1057,112,1125,198,0,2
7377,245.9,59,car,0.8895,1102,175,1280,354,0,2
7377,245.9,75,truck,0.4295,1053,112,1122,198,0,2
7377,245.9,88,bus,0.4526,1057,112,1123,198,0,2
7378,245.933,59,car,0.898,1104,176,1280,354,0,2
7378,245.933,75,truck,0.374,1053,112,1121,198,0,2
7378,245.933,88,bus,0.5115,1056,112,1122,198,0,2
7379,245.967,59,car,0.8879,1106,178,1280,354,0,2
7379,245.967,75,truck,0.3451,1051,112,1120,198,0,2
7379,245.967,88,bus,0.5694,1055,112,1122,199,0,2
7380,246.0,59,car,0.8716,1109,179,1280,354,0,2
7380,246.0,75,truck,0.3719,1050,112,1119,199,0,2
7380,246.0,88,bus,0.5818,1054,112,1121,199,0,2
7381,246.033,59,car,0.834,1112,178,1280,353,0,2
7381,246.033,75,truck,0.3896,1050,113,1120,199,0,2
7381,246.033,88,bus,0.5853,1055,113,1121,199,0,2
7381,246.033,91,stop sign,0.328,779,114,807,142,0,2
7382,246.067,59,car,0.8133,1117,183,1280,353,0,2
7382,246.067,75,truck,0.3995,1053,113,1121,199,0,2
7382,246.067,88,bus,0.5677,1056,114,1122,199,0,2
7382,246.067,91,stop sign,0.4045,779,114,808,142,0,2
7383,246.1,59,car,0.8673,1123,189,1280,353,0,2
7383,246.1,88,bus,0.5968,1061,114,1128,200,0,2
7383,246.1,91,stop sign,0.3917,783,113,813,141,0,2
7384,246.133,59,car,0.8201,1135,193,1280,355,0,2
7384,246.133,88,bus,0.6372,1071,115,1137,200,0,2
7385,246.167,59,car,0.8398,1143,197,1280,357,0,2
7385,246.167,88,bus,0.4573,1079,115,1147,201,0,2
7386,246.2,59,car,0.7856,1158,200,1280,357,0,2
7386,246.2,88,bus,0.6906,1097,117,1166,201,0,2
7387,246.233,93,car,0.8168,7,179,181,293,0,2
7388,246.267,93,car,0.7883,14,176,192,293,0,2
7388,246.267,96,bus,0.4793,1135,118,1217,205,0,2
7389,246.3,93,car,0.8523,29,166,217,287,0,2
7389,246.3,96,bus,0.5967,1161,119,1245,207,0,2
7390,246.333,93,car,0.8325,45,154,243,280,0,2
7390,246.333,96,car,0.6064,1193,121,1277,210,0,2
7391,246.367,93,car,0.81,63,149,269,275,0,2
7391,246.367,96,car,0.6438,1210,123,1280,213,0,2
7392,246.4,93,car,0.8087,91,137,307,267,0,2
7393,246.433,93,car,0.8548,121,127,352,262,0,2
7394,246.467,93,car,0.8801,154,119,395,257,0,2
7395,246.5,93,car,0.883,192,111,443,250,0,2
7396,246.533,93,car,0.9014,225,104,485,246,1,2
7397,246.567,93,car,0.905,243,99,510,242,1,2
7398,246.6,93,car,0.887,265,94,542,241,1,2
7398,246.6,101,boat,0.4339,9,157,298,512,0,2
7399,246.633,93,car,0.8965,283,88,571,240,1,2
7400,246.667,93,car,0.8887,298,85,591,239,1,2
7400,246.667,103,cup,0.6312,786,384,883,542,0,2
7401,246.7,93,car,0.8794,339,82,643,239,1,2
7401,246.7,103,cup,0.4469,797,384,895,543,0,2
7402,246.733,93,car,0.849,377,79,683,233,1,2
7402,246.733,103,cup,0.4445,809,384,905,541,0,2
7403,246.767,93,car,0.8353,400,78,717,234,1,2
7403,246.767,103,cup,0.4409,817,385,913,542,0,2
7404,246.8,93,car,0.8272,423,75,754,237,1,2
7404,246.8,103,cup,0.6741,826,385,922,539,0,2
7405,246.833,93,car,0.7736,451,74,797,240,1,2
7405,246.833,103,cup,0.4634,835,385,931,542,0,2
7406,246.867,93,car,0.7719,464,73,832,248,1,2
7407,246.9,93,car,0.8134,483,74,866,255,0,2
7407,246.9,103,cup,0.4474,846,385,943,541,0,2
7408,246.933,93,car,0.769,503,73,893,257,0,2
7408,246.933,103,cup,0.3624,851,384,949,541,0,2
7409,246.967,93,car,0.7912,522,72,898,249,1,2
7410,247.0,93,car,0.7295,541,72,909,247,1,2
7410,247.0,103,cup,0.4467,857,384,957,542,0,2
7411,247.033,93,car,0.6534,558,73,927,251,1,2
7411,247.033,105,car,0.7236,0,110,51,155,0,2
7411,247.033,103,cup,0.5748,859,383,959,543,0,2
7412,247.067,93,car,0.7441,574,74,937,254,0,2
7412,247.067,105,car,0.7903,0,111,53,157,0,2
7412,247.067,103,cup,0.3985,859,384,959,543,0,2
7413,247.1,105,car,0.8269,0,111,55,160,0,2
7413,247.1,103,cup,0.5124,859,384,960,544,0,2
7414,247.133,105,car,0.7991,1,111,58,162,0,2
7414,247.133,103,cup,0.4656,859,385,960,544,0,2
7415,247.167,105,car,0.7672,1,112,61,163,0,2
7415,247.167,103,cup,0.5083,859,386,960,544,0,2
7415,247.167,106,stop sign,0.3911,1190,117,1227,154,0,2
7416,247.2,105,car,0.7288,2,113,64,168,0,2
7416,247.2,103,cup,0.4971,862,386,961,544,0,2
7416,247.2,106,stop sign,0.3553,1192,117,1230,153,0,2
7417,247.233,105,car,0.7597,2,114,67,171,0,2
7417,247.233,108,car,0.6632,998,112,1190,319,0,2
7418,247.267,105,car,0.7785,3,117,70,173,0,2
7418,247.267,108,car,0.6766,1003,111,1201,322,0,2
7419,247.3,105,car,0.7582,5,118,73,177,0,2
7419,247.3,108,car,0.6933,1016,110,1223,328,0,2
7420,247.333,105,car,0.8173,6,119,77,179,0,2
7421,247.367,105,car,0.8139,7,121,79,182,0,2
7421,247.367,108,car,0.6112,1025,112,1243,341,0,2
7422,247.4,105,car,0.8496,9,123,82,184,0,2
7422,247.4,108,car,0.6553,1027,117,1251,346,0,2
7423,247.433,105,car,0.8297,10,125,85,185,0,2
7423,247.433,108,car,0.7269,1035,120,1246,330,0,2
7423,247.433,110,car,0.6311,0,240,67,429,0,2
7424,247.467,105,car,0.8081,11,126,87,186,0,2
7424,247.467,108,car,0.7871,1040,123,1246,325,0,2
7425,247.5,105,car,0.7977,11,127,89,189,0,2
7425,247.5,108,car,0.8188,1042,126,1250,325,0,2
7426,247.533,105,car,0.8369,13,127,93,190,0,2
7426,247.533,108,car,0.803,1056,130,1263,326,0,2
7426,247.533,103,cup,0.3479,874,390,975,550,0,2
7426,247.533,110,car,0.6197,0,287,46,423,0,2
7427,247.567,105,car,0.846,13,127,95,191,0,2
7427,247.567,103,cup,0.3383,875,390,975,546,0,2
7428,247.6,105,car,0.8439,14,128,99,192,0,2
7428,247.6,108,car,0.7499,1086,139,1280,330,0,2
7429,247.633,105,car,0.8571,16,128,106,195,0,2
7429,247.633,108,car,0.7835,1104,144,1280,335,0,2
7429,247.633,103,cup,0.3543,882,391,982,547,0,2
7430,247.667,105,car,0.8699,18,128,111,198,0,2
7430,247.667,108,car,0.7837,1122,149,1280,329,0,2
7430,247.667,103,cup,0.4367,886,390,986,547,0,2
7431,247.7,105,car,0.8933,22,130,118,200,0,2
7431,247.7,108,car,0.7834,1147,155,1280,318,0,2
7431,247.7,103,cup,0.4681,888,390,990,549,0,2
7432,247.733,105,car,0.8657,26,133,125,203,0,2
7432,247.733,108,car,0.7484,1171,166,1280,320,0,2
7433,247.767,105,car,0.8587,32,135,130,205,0,2
7433,247.767,108,car,0.7104,1189,171,1280,318,0,2
7434,247.8,105,car,0.8861,35,138,138,209,0,2
7434,247.8,103,cup,0.3528,901,400,999,554,0,2
7435,247.833,105,car,0.8782,41,142,147,215,0,2
7436,247.867,105,car,0.8597,45,143,154,218,0,2
7437,247.9,105,car,0.8116,49,146,163,224,0,2
7438,247.933,105,car,0.8551,55,149,174,229,0,2
7439,247.967,105,car,0.87,58,151,179,231,0,2
7440,248.0,105,car,0.8792,65,154,189,234,0,2
7441,248.033,105,car,0.849,70,158,198,239,0,2
7441,248.033,103,cup,0.476,920,430,1017,583,0,2
7442,248.067,105,car,0.8643,74,159,205,241,0,2
7442,248.067,103,cup,0.3305,920,433,1018,587,0,2
7443,248.1,105,car,0.8935,79,160,214,245,0,2
7443,248.1,103,cup,0.3723,922,434,1021,589,0,2
7444,248.133,105,car,0.8747,85,162,224,248,0,2
7444,248.133,103,cup,0.3897,923,435,1023,590,0,2
7445,248.167,105,car,0.8697,88,163,231,250,0,2
7445,248.167,103,cup,0.5562,925,437,1023,589,0,2
7445,248.167,113,bottle,0.3852,925,643,1072,717,0,2
7446,248.2,105,car,0.8768,93,163,242,253,0,2
7446,248.2,103,cup,0.3296,926,438,1024,590,0,2
7446,248.2,113,bottle,0.4259,923,640,1079,718,0,2
7447,248.233,105,car,0.8536,98,163,254,255,0,2
7447,248.233,103,cup,0.36,927,437,1026,592,0,2
7448,248.267,105,car,0.8776,102,163,261,256,0,2
7448,248.267,103,cup,0.3546,929,437,1027,589,0,2
7449,248.3,105,car,0.8703,106,161,273,258,0,2
7449,248.3,103,cup,0.3418,930,437,1029,590,0,2
7450,248.333,105,car,0.8635,114,161,287,259,0,2
7450,248.333,103,cup,0.4146,931,435,1029,589,0,2
7450,248.333,114,cell phone,0.3419,1168,455,1280,630,0,2
7451,248.367,105,car,0.8402,118,160,297,261,0,2
7451,248.367,103,cup,0.3841,931,435,1030,589,0,2
7451,248.367,114,cell phone,0.3138,1168,455,1280,630,0,2
7452,248.4,105,car,0.8538,122,158,312,263,0,2
7452,248.4,103,cup,0.4298,931,435,1029,587,0,2
7452,248.4,114,cell phone,0.3978,1169,454,1280,630,0,2
7453,248.433,105,car,0.8615,129,157,326,264,0,2
7453,248.433,103,cup,0.5601,931,435,1029,586,0,2
7453,248.433,114,cell phone,0.3968,1169,454,1280,629,0,2
7454,248.467,105,car,0.877,135,154,338,265,0,2
7454,248.467,103,cup,0.4022,931,434,1029,586,0,2
7454,248.467,115,car,0.6134,5,3,1277,711,0,2
7455,248.5,105,car,0.8622,143,155,350,266,0,2
7455,248.5,103,cup,0.3958,934,433,1030,583,0,2
7455,248.5,115,car,0.6283,6,3,1277,711,0,2
7456,248.533,105,car,0.8825,152,154,367,269,0,2
7456,248.533,103,cup,0.341,934,432,1030,584,0,2
7457,248.567,105,car,0.8941,159,154,382,270,0,2
7458,248.6,105,car,0.8923,170,153,401,272,0,2
7458,248.6,103,cup,0.3928,934,430,1032,585,0,2
7459,248.633,105,car,0.8947,181,151,424,274,0,2
7459,248.633,103,cup,0.3895,935,427,1034,585,0,2
7459,248.633,114,cell phone,0.3148,1171,448,1280,625,0,2
7460,248.667,105,car,0.9069,190,150,439,275,0,2
7460,248.667,103,cup,0.3917,935,426,1035,585,0,2
7461,248.7,105,car,0.9185,201,149,461,277,0,2
7461,248.7,103,cup,0.5074,935,424,1033,582,0,2
7461,248.7,113,bottle,0.5088,967,625,1139,717,0,2
7462,248.733,105,car,0.9054,215,146,486,278,0,2
7462,248.733,103,cup,0.4451,936,423,1033,579,0,2
7462,248.733,113,bottle,0.4885,971,624,1136,717,0,2
7463,248.767,105,car,0.9198,225,145,504,280,0,2
7463,248.767,103,cup,0.4232,936,423,1034,582,0,2
7463,248.767,113,bottle,0.5133,976,623,1134,717,0,2
7464,248.8,105,car,0.923,239,143,531,282,0,2
7464,248.8,113,bottle,0.4046,979,623,1131,717,0,2
7465,248.833,105,car,0.915,256,142,561,286,0,2
7465,248.833,114,cell phone,0.3333,1175,441,1280,623,0,2
7466,248.867,105,car,0.9093,270,142,583,287,0,2
7467,248.9,105,car,0.927,286,141,613,290,0,2
7467,248.9,113,bottle,0.3135,982,621,1130,717,0,2
7468,248.933,105,car,0.9198,306,139,647,294,0,2
7468,248.933,119,frisbee,0.411,1222,119,1264,160,0,2
7469,248.967,105,car,0.917,322,139,671,295,0,2
7470,249.0,105,car,0.9366,345,139,702,296,0,2
7471,249.033,105,car,0.896,368,138,738,299,0,2
7472,249.067,105,car,0.9014,379,137,760,302,0,2
7473,249.1,105,car,0.859,400,135,797,305,0,2
7474,249.133,105,car,0.8444,432,134,839,307,0,2
7474,249.133,113,bottle,0.4279,983,621,1125,717,0,2
7475,249.167,105,car,0.8512,459,134,867,304,0,2
7476,249.2,105,car,0.8618,485,134,898,304,0,2
7477,249.233,105,car,0.8166,498,135,922,307,0,2
7478,249.267,105,car,0.8063,504,136,931,310,0,2
7479,249.3,105,car,0.8494,503,138,933,315,0,2
7480,249.333,105,car,0.8459,494,141,919,319,0,2
7481,249.367,105,car,0.784,494,144,903,320,0,2
7481,249.367,120,person,0.6003,832,384,1275,711,0,2
7482,249.4,105,car,0.6194,489,144,880,318,0,2
7483,249.433,119,car,0.7192,1229,113,1280,162,0,2
7484,249.467,121,car,0.8003,807,154,999,305,0,2
7484,249.467,119,car,0.6419,1217,110,1274,162,0,2
7484,249.467,105,car,0.6047,483,155,810,307,0,2
7485,249.5,121,car,0.8003,776,145,969,296,0,2
7486,249.533,121,car,0.8352,739,141,933,289,0,2
7487,249.567,121,car,0.8044,711,138,919,295,0,2
7487,249.567,119,car,0.7228,1227,115,1280,176,0,2
7488,249.6,121,car,0.8681,674,135,902,302,0,2
7489,249.633,121,car,0.9077,643,131,888,306,0,2
7490,249.667,121,car,0.9059,621,130,880,310,0,2
7490,249.667,126,car,0.7759,1136,102,1202,159,0,2
7491,249.7,121,car,0.8696,602,128,867,304,0,2
7492,249.733,121,car,0.8637,607,125,871,294,0,2
7493,249.767,121,car,0.8737,609,122,875,288,0,2
7493,249.767,129,car,0.7405,1053,91,1117,146,0,2
7494,249.8,121,car,0.8654,611,119,878,281,0,2
7494,249.8,129,car,0.8214,1027,90,1090,144,0,2
7495,249.833,121,car,0.8939,614,115,880,273,0,2
7495,249.833,129,car,0.7825,999,88,1059,139,0,2
7496,249.867,121,car,0.8965,615,112,883,267,0,2
7496,249.867,129,car,0.7919,982,87,1041,136,0,2
7496,249.867,132,car,0.7887,1216,185,1277,272,0,2
7496,249.867,120,cell phone,0.3657,920,373,1280,701,0,2
7497,249.9,121,car,0.88,617,107,886,262,0,2
7497,249.9,129,car,0.8314,960,82,1019,133,0,2
7497,249.9,132,car,0.8273,1203,175,1270,269,0,2
7498,249.933,121,car,0.8975,621,103,886,254,0,2
7498,249.933,129,car,0.767,937,79,997,128,0,2
7498,249.933,132,car,0.8436,1191,159,1265,263,0,2
7499,249.967,121,car,0.91,625,102,885,248,1,2
7499,249.967,129,car,0.7686,925,77,983,126,0,2
7499,249.967,132,car,0.8536,1183,149,1262,258,0,2
7499,249.967,135,person,0.6618,398,374,1146,718,0,2
7499,249.967,120,cell phone,0.4997,902,357,1280,691,0,2
7500,250.0,121,car,0.8437,631,96,886,239,1,2
7500,250.0,129,car,0.8057,907,74,965,122,0,2
7500,250.0,132,car,0.8203,1174,142,1257,254,0,2
7500,250.0,120,cell phone,0.5726,899,350,1280,679,0,2
7501,250.033,121,car,0.878,640,91,885,227,1,2
7501,250.033,129,car,0.7229,890,70,947,117,0,2
7501,250.033,132,car,0.8411,1165,133,1253,247,0,2
7501,250.033,135,person,0.6485,359,374,1105,717,0,2
7502,250.067,121,car,0.9061,645,88,885,222,1,2
7502,250.067,129,car,0.7326,881,67,937,113,0,2
7502,250.067,132,car,0.8562,1159,128,1250,242,0,2
7502,250.067,135,person,0.6305,339,367,1101,715,0,2
7503,250.1,121,car,0.886,651,85,883,214,1,2
7503,250.1,132,car,0.8227,1151,121,1248,237,0,2
7503,250.1,135,person,0.7267,328,366,1090,714,0,2
7503,250.1,120,cell phone,0.3833,866,335,1264,666,0,2
7504,250.133,121,car,0.8904,658,80,883,205,1,2
7504,250.133,132,car,0.8107,1144,114,1246,230,0,2
7504,250.133,135,person,0.6705,311,363,1080,715,0,2
7504,250.133,129,car,0.6413,841,61,898,105,0,2
7505,250.167,121,car,0.8777,663,77,886,201,1,2
7505,250.167,132,car,0.7665,1138,111,1246,226,0,2
7505,250.167,135,person,0.6672,298,362,1073,715,0,2
7505,250.167,129,car,0.6048,841,58,897,103,0,2
7506,250.2,121,car,0.9077,669,73,886,194,0,2
7506,250.2,132,car,0.8065,1134,110,1245,222,0,2
7507,250.233,121,car,0.8742,675,69,887,189,0,2
7507,250.233,132,car,0.7712,1128,106,1245,219,0,2
7508,250.267,121,car,0.8538,680,66,888,185,0,2
7508,250.267,132,car,0.7662,1123,104,1247,217,0,2
7508,250.267,135,person,0.648,282,361,1061,714,0,2
7509,250.3,121,car,0.833,685,62,890,181,0,2
7509,250.3,132,car,0.7876,1119,104,1247,215,0,2
7509,250.3,135,person,0.7349,273,354,1066,713,0,2
7510,250.333,121,car,0.8764,694,63,887,176,0,2
7510,250.333,132,car,0.7895,1115,104,1247,214,0,2
7510,250.333,135,person,0.617,269,352,1070,712,0,2
7511,250.367,121,car,0.8865,701,63,885,173,0,2
7511,250.367,132,car,0.7464,1112,104,1248,214,0,2
7511,250.367,135,person,0.6044,262,345,1077,712,0,2
7512,250.4,121,car,0.8729,707,64,883,170,0,2
7512,250.4,132,car,0.7518,1109,106,1249,215,0,2
7513,250.433,121,car,0.8214,711,59,886,167,0,2
7513,250.433,132,car,0.7384,1105,107,1251,216,0,2
7513,250.433,135,person,0.6097,257,345,1070,711,0,2
7514,250.467,121,car,0.8579,715,59,885,166,0,2
7514,250.467,132,car,0.7423,1102,109,1253,217,0,2
7515,250.5,121,car,0.8421,719,56,886,163,0,2
7515,250.5,132,car,0.7682,1098,110,1256,219,0,2
7515,250.5,135,person,0.6054,256,349,1059,711,0,2
7516,250.533,121,car,0.8518,723,54,887,161,0,2
7516,250.533,132,car,0.7488,1096,111,1256,219,0,2
7517,250.567,121,car,0.8238,727,54,886,159,0,2
7517,250.567,132,car,0.7561,1095,112,1258,219,0,2
7518,250.6,121,car,0.835,736,55,882,154,0,2
7518,250.6,132,car,0.7605,1095,113,1259,219,0,2
7519,250.633,121,car,0.8776,744,59,878,150,0,2
7519,250.633,132,car,0.7326,1094,112,1263,219,0,2
7520,250.667,121,car,0.8615,749,59,877,147,0,2
7520,250.667,132,car,0.7308,1091,112,1263,218,0,2
7521,250.7,121,car,0.8931,754,58,874,142,0,2
7521,250.7,132,car,0.6935,1094,114,1262,216,0,2
7521,250.7,135,person,0.6115,262,336,1093,713,0,2
7522,250.733,121,car,0.8615,760,57,875,138,0,2
7522,250.733,132,car,0.741,1096,115,1262,214,0,2
7522,250.733,140,car,0.689,742,46,800,86,0,2
7522,250.733,141,car,0.625,912,39,985,71,0,2
7523,250.767,121,car,0.8651,762,56,874,136,0,2
7523,250.767,132,car,0.7073,1096,115,1262,213,0,2
7523,250.767,140,car,0.7036,739,46,799,86,0,2
7523,250.767,141,car,0.6239,912,39,984,70,0,2
7524,250.8,121,car,0.808,765,54,875,134,0,2
7524,250.8,132,car,0.6861,1101,114,1269,211,0,2
7524,250.8,140,car,0.6691,736,45,795,85,0,2
7524,250.8,141,car,0.6359,909,38,983,69,0,2
7525,250.833,121,car,0.784,768,51,878,131,0,2
7525,250.833,132,car,0.7054,1102,114,1270,210,0,2
7525,250.833,140,car,0.6506,733,43,791,82,0,2
7525,250.833,141,car,0.6214,907,37,979,67,0,2
7525,250.833,135,person,0.6327,267,331,1109,712,0,2
7526,250.867,121,car,0.7915,771,49,880,130,0,2
7526,250.867,132,car,0.6842,1103,117,1267,209,0,2
7526,250.867,140,car,0.6874,730,43,790,83,0,2
7526,250.867,141,car,0.6573,906,35,978,67,0,2
7526,250.867,135,person,0.6467,269,331,1111,712,0,2
7527,250.9,121,car,0.8513,773,49,881,130,0,2
7527,250.9,132,car,0.7028,1107,119,1271,209,0,2
7527,250.9,140,car,0.6949,728,42,789,82,0,2
7527,250.9,141,car,0.6448,904,34,979,67,0,2
7527,250.9,135,person,0.6799,270,327,1118,712,0,2
7528,250.933,121,car,0.8874,775,47,882,128,0,2
7528,250.933,132,car,0.6488,1111,121,1273,210,0,2
7528,250.933,140,car,0.6092,727,41,787,80,0,2
7528,250.933,135,person,0.7552,272,325,1123,712,0,2
7529,250.967,121,car,0.8747,777,46,882,127,0,2
7529,250.967,132,car,0.6087,1112,121,1275,211,0,2
7529,250.967,135,person,0.779,275,327,1122,713,0,2
7529,250.967,141,car,0.6134,902,32,978,65,0,2
7530,251.0,121,car,0.8716,779,46,881,125,0,2
7530,251.0,132,car,0.7248,1115,125,1277,213,0,2
7530,251.0,135,person,0.7648,280,328,1121,712,0,2
7530,251.0,141,car,0.7234,899,31,977,64,0,2
7531,251.033,121,car,0.8067,782,45,881,122,0,2
7531,251.033,132,car,0.6936,1119,127,1278,214,0,2
7531,251.033,135,person,0.7893,281,329,1120,713,0,2
7531,251.033,141,car,0.7503,898,30,976,63,0,2
7532,251.067,121,car,0.8082,783,43,880,120,0,2
7532,251.067,132,car,0.6809,1121,127,1278,213,0,2
7532,251.067,135,person,0.7792,275,321,1126,713,0,2
7532,251.067,141,car,0.6577,898,29,974,62,0,2
7532,251.067,140,car,0.6476,707,38,767,75,0,2
7533,251.1,121,car,0.8058,783,42,879,118,0,2
7533,251.1,132,car,0.6004,1125,129,1278,213,0,2
7533,251.1,135,person,0.6046,275,323,1120,712,0,2
7533,251.1,140,car,0.6353,703,35,763,74,0,2
7534,251.133,121,car,0.8206,783,41,878,115,0,2
7534,251.133,132,car,0.7013,1128,130,1279,213,0,2
7534,251.133,140,car,0.6102,699,33,759,72,0,2
7534,251.133,141,car,0.6432,897,27,974,61,0,2
7535,251.167,121,car,0.8204,783,40,878,114,0,2
7535,251.167,132,car,0.7155,1130,131,1279,213,0,2
7535,251.167,140,car,0.649,696,32,755,71,0,2
7535,251.167,141,car,0.6239,896,26,974,59,0,2
7535,251.167,135,person,0.666,280,326,1113,712,0,2
7536,251.2,121,car,0.7773,783,38,875,111,0,2
7536,251.2,132,car,0.6325,1131,130,1280,213,0,2
7536,251.2,140,car,0.6841,693,31,753,70,0,2
7536,251.2,135,person,0.7125,288,327,1117,712,0,2
7537,251.233,121,car,0.7364,782,37,874,110,0,2
7537,251.233,140,car,0.6636,688,30,749,70,0,2
7537,251.233,135,person,0.6835,299,333,1115,713,0,2
7538,251.267,121,car,0.7163,783,35,873,107,0,2
7538,251.267,140,car,0.6492,685,30,746,70,0,2
7538,251.267,135,person,0.637,310,337,1114,713,0,2
7538,251.267,132,car,0.6304,1135,134,1280,216,0,2
7539,251.3,121,car,0.7895,781,35,871,107,0,2
7539,251.3,140,car,0.6079,681,29,744,69,0,2
7539,251.3,132,car,0.7032,1137,136,1280,216,0,2
7539,251.3,141,car,0.6557,891,23,969,56,0,2
7540,251.333,121,car,0.8156,778,35,869,106,0,2
7540,251.333,140,car,0.7565,677,29,739,69,0,2
7540,251.333,132,car,0.7344,1138,136,1280,217,0,2
7540,251.333,141,car,0.7315,890,23,967,56,0,2
7541,251.367,121,car,0.8155,777,35,867,105,0,2
7541,251.367,140,car,0.714,674,27,736,67,0,2
7541,251.367,132,car,0.7319,1141,137,1280,217,0,2
7541,251.367,141,car,0.7344,889,23,966,55,0,2
7542,251.4,121,car,0.8194,775,34,864,104,0,2
7542,251.4,140,car,0.7153,670,27,731,67,0,2
7542,251.4,132,car,0.7152,1143,138,1280,216,0,2
7542,251.4,141,car,0.7228,888,22,966,55,0,2
7543,251.433,121,car,0.8257,770,33,862,103,0,2
7543,251.433,140,car,0.6453,665,29,727,67,0,2
7543,251.433,132,car,0.7295,1144,138,1280,216,0,2
7543,251.433,141,car,0.7185,887,22,965,55,0,2
7544,251.467,121,car,0.8197,769,33,861,103,0,2
7544,251.467,140,car,0.6941,662,29,723,69,0,2
7544,251.467,132,car,0.7252,1145,138,1280,216,0,2
7544,251.467,141,car,0.6955,886,22,963,55,0,2
7545,251.5,121,car,0.811,766,33,857,103,0,2
7545,251.5,140,car,0.6854,658,30,720,70,0,2
7545,251.5,132,car,0.7504,1144,139,1280,219,0,2
7545,251.5,141,car,0.6402,883,22,963,56,0,2
7546,251.533,121,car,0.8218,762,33,854,103,0,2
7546,251.533,140,car,0.7056,654,31,715,70,0,2
7546,251.533,132,car,0.7606,1144,142,1280,222,0,2
7546,251.533,141,car,0.6096,881,23,965,58,0,2
7547,251.567,121,car,0.8265,761,34,851,103,0,2
7547,251.567,140,car,0.7199,651,32,712,70,0,2
7547,251.567,132,car,0.7843,1144,143,1280,223,0,2
7547,251.567,143,car,0.6011,715,32,779,62,0,2
7548,251.6,121,car,0.8379,758,37,848,103,0,2
7548,251.6,140,car,0.7022,647,32,706,71,0,2
7548,251.6,132,car,0.7927,1144,144,1280,224,0,2
7549,251.633,121,car,0.8174,754,35,845,103,0,2
7549,251.633,140,car,0.6609,643,34,701,71,0,2
7549,251.633,132,car,0.7741,1144,144,1280,224,0,2
7550,251.667,121,car,0.7194,753,38,841,102,0,2
7550,251.667,140,car,0.7114,640,34,697,71,0,2
7550,251.667,132,car,0.7876,1143,145,1280,225,0,2
7551,251.7,121,car,0.7664,750,39,838,103,0,2
7551,251.7,140,car,0.6777,634,35,693,72,0,2
7551,251.7,132,car,0.7798,1144,146,1280,226,0,2
7551,251.7,141,car,0.6309,875,26,960,62,0,2
7552,251.733,121,car,0.8251,746,40,834,103,0,2
7552,251.733,140,car,0.6955,630,37,689,73,0,2
7552,251.733,132,car,0.8096,1143,146,1280,229,0,2
7552,251.733,141,car,0.6577,874,26,959,63,0,2
7553,251.767,121,car,0.8273,744,41,831,103,0,2
7553,251.767,140,car,0.6912,627,38,686,74,0,2
7553,251.767,132,car,0.8186,1142,147,1280,230,0,2
7553,251.767,141,car,0.6526,873,26,958,64,0,2
7554,251.8,121,car,0.8251,739,41,829,103,0,2
7554,251.8,140,car,0.6563,624,38,681,74,0,2
7554,251.8,132,car,0.8168,1142,147,1280,230,0,2
7554,251.8,141,car,0.6966,873,27,957,64,0,2
7555,251.833,121,car,0.8152,736,42,823,102,0,2
7555,251.833,140,car,0.6404,617,39,677,75,0,2
7555,251.833,132,car,0.8119,1144,147,1280,229,0,2
7555,251.833,141,car,0.7342,872,29,955,64,0,2
7556,251.867,121,car,0.7924,731,42,821,103,0,2
7556,251.867,140,car,0.6574,614,39,673,75,0,2
7556,251.867,132,car,0.8107,1145,147,1280,227,0,2
7556,251.867,141,car,0.7556,872,29,954,64,0,2
7557,251.9,121,car,0.8506,728,43,817,103,0,2
7557,251.9,140,car,0.7226,609,40,667,77,0,2
7557,251.9,132,car,0.7846,1146,149,1279,226,0,2
7557,251.9,141,car,0.7545,871,29,952,64,0,2
7557,251.9,135,person,0.6423,353,368,1090,717,0,2
7558,251.933,121,car,0.8068,725,43,813,103,0,2
7558,251.933,140,car,0.6584,603,42,662,78,0,2
7558,251.933,132,car,0.7597,1149,149,1278,225,0,2
7558,251.933,141,car,0.7394,869,30,951,65,0,2
7558,251.933,135,person,0.6909,342,370,1062,715,0,2
7559,251.967,121,car,0.727,720,45,809,103,0,2
7559,251.967,140,car,0.7048,599,43,658,79,0,2
7559,251.967,132,car,0.7394,1149,149,1278,224,0,2
7559,251.967,141,car,0.723,866,30,950,66,0,2
7559,251.967,135,person,0.7289,341,373,1045,714,0,2
7560,252.0,121,car,0.7793,714,45,803,103,0,2
7560,252.0,140,car,0.7446,595,46,653,80,1,2
7560,252.0,132,car,0.747,1150,150,1277,224,0,2
7560,252.0,141,car,0.7033,863,31,949,69,0,2
7561,252.033,121,car,0.834,709,45,799,103,0,2
7561,252.033,140,car,0.6923,589,46,647,81,1,2
7561,252.033,132,car,0.7496,1150,151,1277,225,0,2
7561,252.033,141,car,0.6903,861,31,949,70,0,2
7562,252.067,121,car,0.7919,704,45,794,104,0,2
7562,252.067,140,car,0.7055,584,46,643,82,1,2
7562,252.067,132,car,0.7185,1150,151,1278,225,0,2
7562,252.067,141,car,0.7137,859,31,946,70,0,2
7563,252.1,121,car,0.7875,698,45,790,104,0,2
7563,252.1,140,car,0.7031,579,47,638,82,1,2
7563,252.1,132,car,0.7156,1150,151,1278,225,0,2
7563,252.1,141,car,0.6767,857,31,945,70,0,2
7564,252.133,121,car,0.774,694,45,785,103,0,2
7564,252.133,140,car,0.7127,574,47,632,82,1,2
7564,252.133,132,car,0.747,1150,151,1279,226,0,2
7564,252.133,141,car,0.6874,857,31,944,70,0,2
7565,252.167,121,car,0.7573,690,43,783,103,0,2
7565,252.167,140,car,0.6854,569,47,627,82,1,2
7565,252.167,132,car,0.7381,1150,151,1280,227,0,2
7565,252.167,141,car,0.6735,856,31,943,70,0,2
7566,252.2,121,car,0.6257,686,43,778,102,0,2
7566,252.2,140,car,0.7071,566,48,624,82,1,2
7566,252.2,132,car,0.7316,1152,153,1280,227,0,2
7566,252.2,141,car,0.668,854,31,942,70,0,2
7567,252.233,121,car,0.6537,681,43,771,101,0,2
7567,252.233,140,car,0.6656,561,47,618,82,1,2
7567,252.233,132,car,0.6898,1155,154,1279,227,0,2
7567,252.233,141,car,0.6918,854,30,942,69,0,2
7568,252.267,121,car,0.6965,678,43,768,99,0,2
7568,252.267,140,car,0.6476,557,47,614,82,1,2
7568,252.267,132,car,0.6154,1157,157,1279,227,0,2
7568,252.267,141,car,0.6984,854,30,941,69,0,2
7568,252.267,135,person,0.7399,291,378,971,712,0,2
7569,252.3,121,car,0.8051,674,43,765,99,0,2
7569,252.3,140,car,0.6353,551,47,609,82,1,2
7569,252.3,132,car,0.627,1160,158,1279,226,0,2
7569,252.3,141,car,0.7371,854,30,941,69,0,2
7569,252.3,135,person,0.8149,278,365,973,712,0,2
7570,252.333,121,car,0.7716,670,43,760,99,0,2
7570,252.333,140,car,0.6679,546,47,605,82,1,2
7570,252.333,141,car,0.72,854,30,941,67,0,2
7570,252.333,135,person,0.8245,258,346,983,712,0,2
7571,252.367,121,car,0.7249,667,43,758,99,0,2
7571,252.367,140,car,0.7088,543,47,601,82,1,2
7571,252.367,141,car,0.7117,854,30,941,67,0,2
7571,252.367,135,person,0.857,249,334,989,713,0,2
7572,252.4,121,car,0.8178,663,45,750,98,0,2
7572,252.4,140,car,0.7353,538,47,595,82,1,2
7572,252.4,141,car,0.7116,853,30,939,67,0,2
7572,252.4,135,person,0.8168,238,321,992,712,0,2
7573,252.433,121,car,0.7412,659,46,745,97,0,2
7573,252.433,140,car,0.7407,534,48,592,82,1,2
7573,252.433,141,car,0.7133,853,29,939,67,0,2
7573,252.433,135,person,0.7554,223,313,990,712,0,2
7574,252.467,121,car,0.6667,656,46,742,97,0,2
7574,252.467,140,car,0.753,530,47,589,82,1,2
7574,252.467,141,car,0.7386,851,29,941,67,0,2
7574,252.467,135,person,0.7611,214,305,991,713,0,2
7575,252.5,121,car,0.7727,650,45,737,97,0,2
7575,252.5,140,car,0.7111,526,48,583,82,1,2
7575,252.5,141,car,0.7551,850,27,941,67,0,2
7575,252.5,135,person,0.7346,203,295,997,714,0,2
7575,252.5,143,car,0.6179,717,40,770,67,0,2
7575,252.5,132,car,0.6281,1174,165,1279,225,0,2
7576,252.533,121,car,0.8138,645,45,733,96,0,2
7576,252.533,140,car,0.6932,520,48,577,82,1,2
7576,252.533,141,car,0.6989,850,26,942,66,0,2
7576,252.533,135,person,0.7948,193,283,1000,714,0,2
7576,252.533,143,car,0.6266,717,40,768,66,0,2
7577,252.567,121,car,0.8281,641,45,729,96,0,2
7577,252.567,140,car,0.7087,517,48,575,82,1,2
7577,252.567,141,car,0.7222,849,25,943,66,0,2
7577,252.567,135,person,0.7793,186,275,1002,714,0,2
7577,252.567,143,car,0.6118,715,40,766,66,0,2
7578,252.6,121,car,0.7924,635,42,726,95,0,2
7578,252.6,140,car,0.694,512,47,570,82,1,2
7578,252.6,141,car,0.7282,848,24,944,66,0,2
7578,252.6,135,person,0.6352,181,266,1005,714,0,2
7578,252.6,143,car,0.6787,712,38,767,66,0,2
7579,252.633,121,car,0.8058,631,42,721,95,0,2
7579,252.633,140,car,0.7073,506,47,565,82,1,2
7579,252.633,141,car,0.737,848,23,944,65,0,2
7579,252.633,135,person,0.6276,174,258,1008,714,0,2
7579,252.633,143,car,0.7032,710,37,767,66,0,2
7580,252.667,121,car,0.7784,627,42,717,94,0,2
7580,252.667,140,car,0.6799,503,47,560,82,1,2
7580,252.667,141,car,0.7153,848,23,944,65,0,2
7580,252.667,135,person,0.6578,171,253,1007,713,0,2
7580,252.667,143,car,0.7198,707,35,766,66,0,2
7581,252.7,121,car,0.777,623,41,712,94,0,2
7581,252.7,140,car,0.6744,498,47,555,82,1,2
7581,252.7,141,car,0.7116,848,22,945,65,0,2
7581,252.7,135,person,0.6747,167,246,1008,713,0,2
7581,252.7,143,car,0.7412,705,35,765,66,0,2
7582,252.733,121,car,0.7991,617,40,707,93,0,2
7582,252.733,140,car,0.6416,494,47,551,82,1,2
7582,252.733,141,car,0.7187,848,22,945,65,0,2
7582,252.733,143,car,0.7281,701,34,763,66,0,2
7583,252.767,121,car,0.7938,614,40,704,93,0,2
7583,252.767,140,car,0.6442,489,47,547,82,1,2
7583,252.767,141,car,0.7357,849,22,946,65,0,2
7583,252.767,143,car,0.7297,699,34,762,66,0,2
7584,252.8,121,car,0.8383,610,40,701,93,0,2
7584,252.8,140,car,0.6355,485,47,543,83,1,2
7584,252.8,141,car,0.733,849,22,947,64,0,2
7584,252.8,143,car,0.7231,697,33,763,66,0,2
7585,252.833,121,car,0.7744,605,41,695,93,0,2
7585,252.833,141,car,0.6969,849,22,949,64,0,2
7585,252.833,143,car,0.6618,695,33,763,67,0,2
7585,252.833,135,person,0.6861,197,231,1064,713,0,2
7586,252.867,121,car,0.7836,600,41,690,93,1,2
7586,252.867,141,car,0.6497,850,22,949,65,0,2
7586,252.867,143,car,0.6474,693,33,763,67,0,2
7586,252.867,140,car,0.6062,478,47,534,81,1,2
7587,252.9,121,car,0.8454,595,41,686,93,1,2
7587,252.9,143,car,0.668,688,33,762,69,0,2
7587,252.9,140,car,0.6361,472,48,528,81,1,2
7588,252.933,121,car,0.7705,590,42,680,94,1,2
7588,252.933,143,car,0.7026,685,33,762,70,0,2
7588,252.933,140,car,0.6368,467,49,525,83,1,2
7588,252.933,141,car,0.6077,853,23,952,66,0,2
7589,252.967,121,car,0.7443,585,42,678,94,1,2
7589,252.967,143,car,0.7378,682,34,762,71,0,2
7589,252.967,140,car,0.6511,464,49,520,83,1,2
7589,252.967,141,car,0.6534,853,23,953,66,0,2
7590,253.0,121,car,0.7171,582,45,671,95,1,2
7590,253.0,143,car,0.6812,682,35,762,71,0,2
7590,253.0,140,car,0.601,461,51,514,83,1,2
7590,253.0,141,car,0.6729,853,23,954,67,0,2
7591,253.033,121,car,0.7898,577,46,666,96,1,2
7591,253.033,143,car,0.735,682,37,765,73,0,2
7591,253.033,141,car,0.739,853,23,957,70,0,2
7592,253.067,121,car,0.7456,573,47,663,97,1,2
7592,253.067,143,car,0.7218,682,39,766,74,0,2
7592,253.067,141,car,0.7565,853,24,958,71,0,2
7592,253.067,144,car,0.662,1017,47,1083,73,0,2
7593,253.1,121,car,0.7354,568,47,658,98,1,2
7593,253.1,143,car,0.7232,682,39,769,77,0,2
7593,253.1,141,car,0.7279,855,25,958,71,0,2
7593,253.1,144,car,0.6029,1019,49,1086,75,0,2
7594,253.133,121,car,0.7619,562,49,653,99,1,2
7594,253.133,143,car,0.723,681,39,771,78,0,2
7594,253.133,141,car,0.7477,855,26,960,73,0,2
7595,253.167,121,car,0.7088,559,49,649,101,1,2
7595,253.167,143,car,0.7427,681,39,774,78,0,2
7595,253.167,141,car,0.7696,856,26,961,73,0,2
7595,253.167,140,car,0.6073,441,57,494,88,0,2
7595,253.167,144,car,0.6479,1024,50,1093,78,0,2
7596,253.2,121,car,0.7183,552,49,645,101,1,2
7596,253.2,143,car,0.7024,681,39,775,79,0,2
7596,253.2,141,car,0.7669,858,27,963,74,0,2
7596,253.2,144,car,0.664,1026,50,1096,79,0,2
7597,253.233,121,car,0.782,546,49,638,101,1,2
7597,253.233,143,car,0.6773,681,39,777,79,0,2
7597,253.233,141,car,0.653,858,26,967,74,0,2
7597,253.233,144,car,0.6227,1030,51,1098,79,0,2
7597,253.233,140,car,0.6114,430,58,485,91,0,2
7598,253.267,121,car,0.8001,543,49,635,102,1,2
7598,253.267,143,car,0.734,681,38,778,79,0,2
7598,253.267,141,car,0.6704,859,26,969,75,0,2
7598,253.267,144,car,0.6405,1032,51,1101,79,0,2
7599,253.3,121,car,0.7954,536,49,630,102,1,2
7599,253.3,143,car,0.7689,681,38,779,79,0,2
7599,253.3,141,car,0.6309,861,26,973,75,0,2
7599,253.3,144,car,0.6387,1034,51,1103,80,0,2
7600,253.333,121,car,0.802,531,49,624,102,1,2
7600,253.333,143,car,0.7707,680,37,781,79,0,2
7600,253.333,141,car,0.6101,862,26,975,77,0,2
7600,253.333,144,car,0.6947,1038,51,1107,80,0,2
7600,253.333,135,person,0.6039,398,379,1070,713,0,2
7601,253.367,121,car,0.7815,528,49,619,101,1,2
7601,253.367,143,car,0.7933,680,37,782,79,0,2
7601,253.367,141,car,0.6413,863,25,978,77,0,2
7601,253.367,144,car,0.7053,1038,50,1110,80,0,2
7601,253.367,135,person,0.6529,376,383,1088,713,0,2
7602,253.4,121,car,0.7453,522,49,614,99,1,2
7602,253.4,143,car,0.7805,682,38,783,79,0,2
7602,253.4,141,car,0.7098,865,24,982,77,0,2
7602,253.4,144,car,0.6403,1041,51,1113,81,0,2
7603,253.433,121,car,0.7695,518,49,608,99,1,2
7603,253.433,143,car,0.7949,683,37,785,79,0,2
7603,253.433,141,car,0.6133,866,24,986,77,0,2
7603,253.433,144,car,0.684,1045,51,1117,81,0,2
7603,253.433,146,cell phone,0.3878,879,305,1203,663,0,2
7604,253.467,121,car,0.8037,513,49,605,99,1,2
7604,253.467,143,car,0.814,683,37,789,79,0,2
7604,253.467,141,car,0.6838,869,23,990,77,0,2
7604,253.467,144,car,0.6807,1047,51,1119,81,0,2
7605,253.5,121,car,0.7848,509,49,599,99,1,2
7605,253.5,143,car,0.8142,686,37,790,79,0,2
7605,253.5,141,car,0.6351,871,23,992,77,0,2
7605,253.5,144,car,0.7334,1050,51,1123,82,0,2
7606,253.533,121,car,0.835,503,48,593,99,1,2
7606,253.533,143,car,0.8177,687,35,792,79,0,2
7606,253.533,141,car,0.6654,875,24,994,77,0,2
7606,253.533,144,car,0.7425,1056,51,1128,82,0,2
7606,253.533,135,person,0.6102,335,365,1112,714,0,2
7607,253.567,121,car,0.843,498,48,590,99,1,2
7607,253.567,143,car,0.8321,687,34,795,79,0,2
7607,253.567,141,car,0.7334,877,23,999,78,0,2
7607,253.567,144,car,0.7478,1058,51,1133,83,0,2
7607,253.567,135,person,0.6528,322,362,1119,714,0,2
7608,253.6,121,car,0.8053,495,48,585,98,1,2
7608,253.6,143,car,0.8328,688,33,799,79,0,2
7608,253.6,141,car,0.7638,879,23,1002,78,0,2
7608,253.6,144,car,0.7087,1063,53,1137,83,0,2
7609,253.633,121,car,0.8586,488,47,581,98,1,2
7609,253.633,143,car,0.8213,690,32,801,78,0,2
7609,253.633,141,car,0.7278,883,22,1008,78,0,2
7609,253.633,144,car,0.6903,1067,53,1143,85,0,2
7610,253.667,121,car,0.8576,486,47,577,98,1,2
7610,253.667,143,car,0.8164,691,32,803,78,0,2
7610,253.667,141,car,0.7157,886,22,1011,78,0,2
7610,253.667,144,car,0.7331,1072,54,1147,86,0,2
7611,253.7,121,car,0.8385,481,47,573,98,1,2
7611,253.7,143,car,0.7957,695,32,808,79,0,2
7611,253.7,141,car,0.77,890,23,1017,79,0,2
7611,253.7,144,car,0.7005,1078,55,1154,87,0,2
7612,253.733,121,car,0.8405,477,48,568,98,1,2
7612,253.733,143,car,0.8323,697,31,815,79,0,2
7612,253.733,141,car,0.8034,895,23,1025,80,0,2
7612,253.733,144,car,0.6557,1083,55,1161,88,0,2
7613,253.767,121,car,0.8378,473,47,565,98,1,2
7613,253.767,143,car,0.8452,699,31,818,80,0,2
7613,253.767,141,car,0.7028,898,23,1029,80,0,2
7613,253.767,144,car,0.7132,1088,56,1167,89,0,2
7614,253.8,121,car,0.8218,470,47,561,98,1,2
7614,253.8,143,car,0.8469,703,31,823,80,0,2
7614,253.8,144,car,0.6969,1095,57,1173,91,0,2
7615,253.833,121,car,0.7946,466,48,558,99,1,2
7615,253.833,143,car,0.7938,707,31,829,81,0,2
7615,253.833,144,car,0.6661,1102,58,1183,94,0,2
7616,253.867,121,car,0.8251,464,48,555,99,1,2
7616,253.867,143,car,0.8177,712,32,833,82,0,2
7616,253.867,144,car,0.7352,1106,59,1189,95,0,2
7617,253.9,121,car,0.817,461,48,552,101,1,2
7617,253.9,143,car,0.8347,717,32,839,83,0,2
7617,253.9,144,car,0.6592,1114,61,1197,97,0,2
7617,253.9,141,truck,0.4686,920,25,1058,87,0,2
7618,253.933,121,car,0.8016,456,49,549,101,1,2
7618,253.933,143,car,0.8466,723,34,846,85,0,2
7618,253.933,144,car,0.6894,1125,63,1207,99,0,2
7618,253.933,141,car,0.6452,926,26,1069,90,0,2
7619,253.967,121,car,0.7833,454,49,546,102,1,2
7619,253.967,143,car,0.8615,728,35,849,86,0,2
7619,253.967,144,car,0.7647,1131,65,1215,102,0,2
7619,253.967,141,car,0.6278,930,26,1077,93,0,2
7620,254.0,121,car,0.7452,453,50,545,103,1,2
7620,254.0,143,car,0.8618,734,37,857,87,0,2
7620,254.0,144,car,0.712,1142,69,1224,105,0,2
7620,254.0,141,truck,0.4648,938,29,1085,94,0,2
7620,254.0,149,cell phone,0.5158,415,463,530,654,0,2
7621,254.033,121,car,0.8021,451,51,543,103,1,2
7621,254.033,143,car,0.8127,739,39,865,89,0,2
7621,254.033,144,car,0.7281,1152,71,1238,110,0,2
7621,254.033,141,truck,0.495,949,31,1097,98,0,2
7621,254.033,149,cell phone,0.475,418,463,530,649,0,2
7622,254.067,121,car,0.786,450,53,541,104,1,2
7622,254.067,143,car,0.8493,745,41,872,91,0,2
7622,254.067,144,car,0.7743,1160,73,1246,112,0,2
7622,254.067,141,truck,0.5044,954,33,1105,102,0,2
7622,254.067,149,cell phone,0.3451,419,464,533,650,0,2
7623,254.1,121,car,0.8564,448,53,541,105,1,2
7623,254.1,143,car,0.8749,753,42,881,93,0,2
7623,254.1,144,car,0.7721,1170,78,1259,118,0,2
7623,254.1,141,truck,0.5324,963,35,1117,105,0,2
7623,254.1,149,cell phone,0.4748,421,465,535,653,0,2
7624,254.133,121,car,0.734,448,55,538,107,1,2
7624,254.133,143,car,0.879,761,46,891,97,0,2
7624,254.133,144,car,0.7641,1183,80,1273,122,0,2
7624,254.133,141,truck,0.5575,978,39,1130,107,0,2
7624,254.133,149,cell phone,0.4566,424,465,535,648,0,2
7625,254.167,121,car,0.7916,448,57,537,107,1,2
7625,254.167,143,car,0.8672,767,47,901,99,0,2
7625,254.167,144,car,0.7847,1191,83,1280,126,0,2
7625,254.167,141,truck,0.4292,987,41,1137,110,0,2
7625,254.167,149,cell phone,0.332,425,465,536,649,0,2
7626,254.2,121,car,0.7783,447,58,537,109,1,2
7626,254.2,143,car,0.8633,774,47,913,102,0,2
7626,254.2,144,car,0.6221,1201,87,1280,127,0,2
7626,254.2,141,truck,0.6253,1001,45,1154,114,0,2
7627,254.233,121,car,0.7759,447,59,536,110,1,2
7627,254.233,143,car,0.8313,782,50,927,106,0,2
7627,254.233,144,car,0.7198,1211,93,1280,131,0,2
7627,254.233,141,truck,0.5077,1013,48,1167,119,0,2
7628,254.267,121,car,0.7474,447,59,536,111,1,2
7628,254.267,143,car,0.8443,789,50,935,109,0,2
7628,254.267,144,car,0.7281,1218,95,1280,135,0,2
7628,254.267,141,truck,0.563,1017,49,1177,123,0,2
7629,254.3,121,car,0.7824,447,61,536,112,1,2
7629,254.3,143,car,0.8285,798,54,947,112,0,2
7629,254.3,144,car,0.7025,1232,103,1280,138,0,2
7629,254.3,141,truck,0.5417,1027,51,1192,128,0,2
7630,254.333,121,car,0.7949,446,62,536,113,1,2
7630,254.333,143,car,0.8541,809,56,962,117,0,2
7630,254.333,141,truck,0.3935,1045,56,1209,133,0,2
7631,254.367,121,car,0.7782,446,62,536,113,1,2
7631,254.367,143,car,0.8648,817,58,973,119,0,2
7631,254.367,141,truck,0.4186,1056,61,1219,136,0,2
7632,254.4,121,car,0.79,447,63,536,114,1,2
7632,254.4,143,car,0.8424,827,61,986,122,0,2
7633,254.433,121,car,0.7678,449,64,537,115,1,2
7633,254.433,143,car,0.9078,838,63,1005,128,0,2
7634,254.467,121,car,0.7578,449,65,538,117,1,2
7634,254.467,143,car,0.8927,846,64,1018,133,0,2
7634,254.467,153,car,0.6817,389,66,433,98,0,2
7635,254.5,121,car,0.7842,451,66,539,118,1,2
7635,254.5,143,car,0.884,859,67,1033,136,0,2
7635,254.5,153,car,0.6232,393,69,435,98,0,2
7636,254.533,121,car,0.8307,453,66,541,118,1,2
7636,254.533,143,car,0.8749,874,71,1051,141,0,2
7636,254.533,153,car,0.6957,398,70,438,98,0,2
7637,254.567,121,car,0.816,454,67,542,119,1,2
7637,254.567,143,car,0.8774,883,74,1065,146,0,2
7637,254.567,153,car,0.7622,400,70,440,98,0,2
7637,254.567,141,car,0.6815,1120,77,1280,165,0,2
7638,254.6,121,car,0.8394,455,67,543,119,1,2
7638,254.6,143,car,0.8996,897,77,1082,150,0,2
7638,254.6,153,car,0.7252,405,70,446,99,0,2
7638,254.6,141,car,0.7647,1136,82,1280,170,0,2
7639,254.633,121,car,0.836,456,67,544,119,1,2
7639,254.633,143,car,0.8737,914,80,1103,154,0,2
7639,254.633,153,car,0.6587,408,70,450,99,0,2
7639,254.633,141,car,0.8181,1151,87,1280,175,0,2
7639,254.633,154,traffic light,0.4096,1242,1,1280,26,0,2
7640,254.667,121,car,0.7101,458,69,545,120,1,2
7640,254.667,143,car,0.8698,926,83,1118,159,0,2
7640,254.667,153,car,0.6244,411,70,453,99,0,2
7640,254.667,141,car,0.7717,1163,90,1280,177,0,2
7640,254.667,154,traffic light,0.3687,1242,2,1280,26,0,2
7641,254.7,121,car,0.7627,461,70,547,121,1,2
7641,254.7,143,car,0.8889,938,86,1141,167,0,2
7641,254.7,153,car,0.6441,415,70,457,99,0,2
7641,254.7,141,car,0.8097,1177,95,1280,185,0,2
7641,254.7,155,stop sign,0.4329,320,1,343,59,0,2
7642,254.733,121,car,0.839,462,70,550,122,1,2
7642,254.733,143,car,0.8742,953,90,1163,174,0,2
7642,254.733,153,car,0.6791,421,70,461,99,0,2
7643,254.767,121,car,0.8536,463,70,550,122,1,2
7643,254.767,143,car,0.8783,965,93,1181,179,0,2
7643,254.767,153,car,0.6567,424,71,463,99,0,2
7643,254.767,156,car,0.7911,1246,126,1280,192,0,2
7643,254.767,157,stop sign,0.4219,310,0,336,58,0,2
7644,254.8,121,car,0.8024,464,72,549,122,1,2
7644,254.8,143,car,0.8729,981,97,1199,185,0,2
7644,254.8,153,car,0.6296,426,71,466,99,0,2
7645,254.833,121,car,0.8058,464,72,549,123,1,2
7645,254.833,143,car,0.8692,995,103,1226,195,0,2
7645,254.833,153,car,0.6134,431,71,469,99,0,2
7646,254.867,121,car,0.749,465,73,547,125,1,2
7646,254.867,143,car,0.8727,1006,105,1242,202,0,2
7647,254.9,121,car,0.7499,466,75,547,126,1,2
7647,254.9,143,car,0.8713,1022,110,1267,210,0,2
7648,254.933,121,car,0.7316,469,79,546,127,1,2
7648,254.933,143,car,0.8851,1037,117,1280,222,0,2
7649,254.967,121,car,0.6865,471,82,545,128,1,2
7649,254.967,143,car,0.8597,1047,121,1280,229,0,2
7650,255.0,121,car,0.6357,469,79,549,129,1,2
7650,255.0,143,car,0.8447,1066,127,1280,229,0,2
7651,255.033,121,car,0.6658,467,78,552,130,1,2
7651,255.033,143,car,0.8204,1083,134,1280,232,0,2
7652,255.067,121,car,0.6955,467,78,553,131,1,2
7652,255.067,143,car,0.8373,1096,139,1280,237,0,2
7653,255.1,121,car,0.6775,470,79,553,131,1,2
7653,255.1,143,car,0.8482,1110,146,1280,243,0,2
7654,255.133,121,car,0.7282,474,82,553,133,1,2
7654,255.133,143,car,0.8074,1131,161,1280,254,0,2
7655,255.167,121,car,0.6788,474,81,555,131,1,2
7655,255.167,143,car,0.7003,1151,171,1280,259,0,2
7656,255.2,121,car,0.725,479,81,558,131,1,2
7657,255.233,121,car,0.7285,482,81,559,130,1,2
7658,255.267,121,car,0.6629,485,81,559,129,1,2
7659,255.3,121,car,0.674,486,80,561,128,1,2
7660,255.333,121,car,0.6548,488,78,566,127,1,2
7661,255.367,121,car,0.6786,490,77,568,126,1,2
7662,255.4,121,car,0.6908,494,73,574,125,1,2
7663,255.433,121,car,0.7837,497,70,578,123,1,2
7664,255.467,121,car,0.7739,501,69,581,122,1,2
7665,255.5,121,car,0.778,505,66,583,120,1,2
7666,255.533,121,car,0.8067,511,66,587,118,1,2
7667,255.567,121,car,0.7986,517,65,590,115,1,2
7667,255.567,168,person,0.603,419,384,1091,715,0,2
7668,255.6,121,car,0.7545,521,63,594,113,1,2
7668,255.6,168,person,0.7399,411,370,1110,714,0,2
7669,255.633,121,car,0.8407,527,59,600,111,1,2
7669,255.633,168,person,0.7339,397,351,1134,714,0,2
7670,255.667,121,car,0.7818,533,59,603,109,1,2
7670,255.667,168,person,0.7597,397,350,1131,714,0,2
7671,255.7,121,car,0.7231,536,56,609,107,1,2
7671,255.7,168,person,0.729,395,347,1134,714,0,2
7672,255.733,121,car,0.7849,543,54,615,104,1,2
7672,255.733,168,person,0.7364,401,351,1127,713,0,2
7673,255.767,121,car,0.8419,546,50,619,103,1,2
7673,255.767,168,person,0.7529,402,344,1136,713,0,2
7674,255.8,121,car,0.8307,553,48,625,101,1,2
7674,255.8,168,person,0.7479,401,336,1145,712,0,2
7675,255.833,121,car,0.7773,559,47,631,98,1,2
7675,255.833,168,person,0.806,399,328,1152,713,0,2
7676,255.867,121,car,0.7366,563,46,633,97,1,2
7676,255.867,168,person,0.8049,400,323,1155,713,0,2
7677,255.9,121,car,0.7719,569,45,639,95,1,2
7677,255.9,168,person,0.7778,402,321,1155,713,0,2
7678,255.933,121,car,0.82,575,42,643,94,1,2
7678,255.933,168,person,0.7705,405,318,1155,713,0,2
7679,255.967,121,car,0.8154,578,41,648,93,1,2
7679,255.967,168,person,0.7283,411,326,1143,712,0,2
7680,256.0,121,car,0.7959,584,40,651,91,1,2
7680,256.0,168,person,0.6693,397,317,1139,711,0,2
7681,256.033,121,car,0.734,590,40,656,90,1,2
7681,256.033,168,person,0.696,370,310,1126,712,0,2
7682,256.067,121,car,0.7836,593,40,659,90,1,2
7682,256.067,168,person,0.6954,357,314,1109,712,0,2
7683,256.1,121,car,0.8039,598,39,664,89,1,2
7684,256.133,121,car,0.7858,602,38,670,89,1,2
7685,256.167,121,car,0.7964,606,37,674,89,1,2
7686,256.2,121,car,0.7629,611,35,679,89,0,2
7686,256.2,168,person,0.69,305,298,1089,711,0,2
7687,256.233,121,car,0.7752,618,35,685,88,0,2
7687,256.233,168,person,0.7697,296,298,1083,711,0,2
7688,256.267,121,car,0.7438,623,35,689,88,0,2
7688,256.267,168,person,0.8032,293,299,1082,710,0,2
7689,256.3,121,car,0.732,629,34,695,88,0,2
7689,256.3,168,person,0.8272,295,302,1083,710,0,2
7690,256.333,121,car,0.7982,637,34,701,87,0,2
7690,256.333,168,person,0.7983,294,301,1088,710,0,2
7691,256.367,121,car,0.7769,641,34,705,87,0,2
7691,256.367,168,person,0.7946,295,302,1089,710,0,2
7692,256.4,121,car,0.8158,647,33,712,86,0,2
7692,256.4,168,person,0.7964,294,301,1094,710,0,2
7693,256.433,121,car,0.823,655,33,719,85,0,2
7693,256.433,168,person,0.7768,297,305,1091,710,0,2
7694,256.467,121,car,0.8113,659,32,723,85,0,2
7694,256.467,168,person,0.7873,296,304,1093,711,0,2
7695,256.5,121,car,0.7452,665,31,729,83,0,2
7695,256.5,168,person,0.7609,293,301,1098,711,0,2
7696,256.533,121,car,0.7873,673,30,737,82,0,2
7696,256.533,168,person,0.7706,290,301,1097,711,0,2
7697,256.567,121,car,0.6831,679,30,743,82,0,2
7697,256.567,168,person,0.7926,287,299,1098,711,0,2
7698,256.6,121,car,0.7744,687,31,750,82,0,2
7698,256.6,168,person,0.7638,282,297,1098,711,0,2
7699,256.633,121,car,0.7309,694,30,757,82,0,2
7699,256.633,168,person,0.7229,296,312,1091,712,0,2
7700,256.667,121,car,0.7177,699,30,762,82,0,2
7700,256.667,168,person,0.7205,301,319,1088,712,0,2
7701,256.7,121,car,0.7606,706,31,769,82,0,2
7701,256.7,168,person,0.7327,306,330,1079,713,0,2
7702,256.733,121,car,0.8297,715,32,777,82,0,2
7702,256.733,168,person,0.7854,291,320,1083,712,0,2
7703,256.767,121,car,0.8125,722,33,784,83,0,2
7703,256.767,168,person,0.8078,287,318,1085,712,0,2
7704,256.8,121,car,0.8039,730,34,792,85,0,2
7704,256.8,168,person,0.809,286,318,1086,711,0,2
7705,256.833,121,car,0.7407,739,35,801,86,0,2
7705,256.833,168,person,0.7685,287,319,1086,711,0,2
7706,256.867,121,car,0.8071,745,35,808,87,0,2
7706,256.867,168,person,0.8023,288,320,1087,711,0,2
7707,256.9,121,car,0.7062,755,38,816,87,0,2
7707,256.9,168,person,0.8386,288,319,1089,712,0,2
7708,256.933,121,car,0.7678,766,38,827,89,0,2
7708,256.933,168,person,0.8257,277,306,1102,712,0,2
7709,256.967,121,car,0.735,771,39,833,89,0,2
7709,256.967,168,person,0.8253,274,303,1103,712,0,2
7710,257.0,121,car,0.8095,779,39,843,90,0,2
7710,257.0,168,person,0.8504,274,303,1102,712,0,2
7711,257.033,121,car,0.8552,790,42,850,91,0,2
7711,257.033,168,person,0.8703,277,306,1097,713,0,2
7712,257.067,121,car,0.8178,797,42,857,93,0,2
7712,257.067,168,person,0.8683,275,306,1096,713,0,2
7713,257.1,121,car,0.8149,806,46,866,94,0,2
7713,257.1,168,person,0.8662,277,309,1093,713,0,2
7714,257.133,121,car,0.7825,817,48,875,95,0,2
7714,257.133,168,person,0.8646,277,310,1090,713,0,2
7715,257.167,121,car,0.8339,824,48,882,95,0,2
7715,257.167,168,person,0.8583,274,309,1090,713,0,2
7716,257.2,121,car,0.7489,833,49,891,96,0,2
7716,257.2,168,person,0.8463,274,310,1088,712,0,2
7717,257.233,121,car,0.8023,843,49,903,97,0,2
7717,257.233,168,person,0.807,269,304,1091,712,0,2
7718,257.267,121,car,0.8187,851,50,911,98,0,2
7718,257.267,168,person,0.7959,267,304,1091,712,0,2
7719,257.3,121,car,0.7927,861,50,922,99,0,2
7719,257.3,168,person,0.7609,270,305,1090,712,0,2
7720,257.333,121,car,0.761,872,53,935,102,0,2
7720,257.333,168,person,0.7855,272,307,1088,712,0,2
7721,257.367,121,car,0.7623,880,53,943,104,0,2
7721,257.367,168,person,0.788,270,305,1090,712,0,2
7722,257.4,121,car,0.7878,891,56,954,105,0,2
7722,257.4,168,person,0.7909,271,306,1090,712,0,2
7723,257.433,121,car,0.7319,904,58,965,107,0,2
7723,257.433,168,person,0.7896,267,302,1093,712,0,2
7724,257.467,121,car,0.6862,912,59,974,109,0,2
7724,257.467,168,person,0.8092,271,305,1088,712,0,2
7725,257.5,121,car,0.7115,923,63,985,111,0,2
7725,257.5,168,person,0.7952,275,311,1081,712,0,2
7726,257.533,121,car,0.7072,935,64,998,114,0,2
7726,257.533,168,person,0.7728,274,309,1082,712,0,2
7727,257.567,121,car,0.7137,943,66,1007,117,0,2
7727,257.567,168,person,0.7545,270,299,1093,712,0,2
7728,257.6,121,car,0.7559,954,69,1019,119,0,2
7728,257.6,168,person,0.7285,274,299,1093,711,0,2
7729,257.633,121,car,0.7785,968,71,1033,122,0,2
7729,257.633,168,person,0.6725,281,302,1093,711,0,2
7730,257.667,121,car,0.7654,976,72,1042,125,0,2
7730,257.667,168,person,0.6833,286,304,1091,711,0,2
7731,257.7,121,car,0.7761,991,77,1054,127,0,2
7731,257.7,168,person,0.6112,288,304,1091,710,0,2
7732,257.733,121,car,0.8441,1005,80,1069,129,0,2
7732,257.733,168,person,0.6286,293,310,1086,710,0,2
7733,257.767,121,car,0.8512,1014,81,1079,131,0,2
7733,257.767,168,person,0.651,296,313,1081,710,0,2
7734,257.8,121,car,0.7863,1025,83,1091,135,0,2
7734,257.8,168,person,0.6265,289,309,1082,710,0,2
7735,257.833,121,car,0.8213,1039,87,1106,139,0,2
7735,257.833,168,person,0.6189,285,306,1082,711,0,2
7736,257.867,121,car,0.8085,1049,88,1118,142,0,2
7737,257.9,121,car,0.8071,1062,91,1133,145,0,2
7738,257.933,121,car,0.7721,1077,96,1145,150,0,2
7738,257.933,168,person,0.6382,297,322,1066,711,0,2
7739,257.967,121,car,0.7808,1086,98,1155,152,0,2
7739,257.967,168,person,0.6686,290,320,1065,712,0,2
7740,258.0,121,car,0.8097,1098,101,1169,155,0,2
7740,258.0,168,person,0.643,291,323,1061,713,0,2
7741,258.033,121,car,0.7724,1113,104,1185,160,0,2
7741,258.033,168,person,0.6205,301,334,1055,712,0,2
7742,258.067,121,car,0.7794,1122,105,1195,162,0,2
7743,258.1,121,car,0.7366,1137,110,1209,166,0,2
7743,258.1,168,person,0.7335,302,339,1049,713,0,2
7744,258.133,121,car,0.7451,1152,113,1225,169,0,2
7744,258.133,168,person,0.704,296,338,1050,713,0,2
7745,258.167,121,car,0.7221,1162,115,1237,173,0,2
7745,258.167,168,person,0.6812,291,337,1051,713,0,2
7746,258.2,121,car,0.8062,1176,118,1253,177,0,2
7746,258.2,168,person,0.7095,294,342,1049,713,0,2
7747,258.233,121,car,0.6294,1192,123,1269,182,0,2
7747,258.233,168,person,0.7385,295,344,1049,713,0,2
7748,258.267,121,car,0.6233,1207,133,1275,185,0,2
7748,258.267,168,person,0.7098,295,343,1051,713,0,2
7749,258.3,168,person,0.6535,295,341,1058,713,0,2
7750,258.333,168,person,0.6852,296,341,1062,713,0,2
7751,258.367,168,person,0.6458,297,341,1065,713,0,2
7752,258.4,168,person,0.7036,299,342,1065,713,0,2
7753,258.433,168,person,0.753,299,342,1066,713,0,2
7754,258.467,168,person,0.755,296,337,1071,713,0,2
7755,258.5,168,person,0.7842,290,330,1077,713,0,2
7756,258.533,168,person,0.821,290,330,1077,713,0,2
7757,258.567,168,person,0.8019,291,330,1074,712,0,2
7758,258.6,168,person,0.7794,295,335,1072,713,0,2
7758,258.6,170,bus,0.4024,285,49,391,111,0,2
7759,258.633,168,person,0.7606,301,338,1071,713,0,2
7760,258.667,168,person,0.6838,310,346,1065,712,0,2
7760,258.667,170,bus,0.3191,279,49,392,115,0,2
7761,258.7,168,person,0.6723,307,342,1072,713,0,2
7761,258.7,170,bus,0.4268,285,51,397,117,0,2
7762,258.733,168,person,0.6694,307,342,1073,713,0,2
7762,258.733,170,bus,0.3257,291,51,400,114,0,2
7763,258.767,168,person,0.6784,307,342,1074,713,0,2
7764,258.8,168,person,0.7316,307,344,1072,713,0,2
7765,258.833,168,person,0.7369,307,346,1069,713,0,2
7765,258.833,170,truck,0.3378,295,53,407,117,0,2
7766,258.867,168,person,0.7471,307,347,1067,713,0,2
7766,258.867,170,truck,0.3732,296,53,409,118,0,2
7767,258.9,168,person,0.732,306,347,1069,713,0,2
7768,258.933,168,person,0.7055,305,346,1070,712,0,2
7768,258.933,170,truck,0.3804,302,55,414,119,0,2
7769,258.967,168,person,0.6577,304,345,1072,712,0,2
7769,258.967,170,truck,0.3361,303,56,414,119,0,2
7770,259.0,168,person,0.7015,304,345,1073,712,0,2
7770,259.0,170,bus,0.3909,306,55,419,119,0,2
7771,259.033,168,person,0.7124,303,345,1072,712,0,2
7771,259.033,170,truck,0.3473,307,55,419,120,0,2
7772,259.067,168,person,0.7545,305,349,1069,712,0,2
7772,259.067,170,bus,0.3669,310,56,421,120,0,2
7772,259.067,172,truck,0.3273,309,56,419,120,0,2
7773,259.1,168,person,0.8223,290,336,1079,713,0,2
7774,259.133,168,person,0.8587,283,330,1082,713,0,2
7774,259.133,170,bus,0.3492,306,54,423,121,0,2
7775,259.167,168,person,0.8548,283,331,1079,714,0,2
7775,259.167,170,bus,0.3529,305,54,423,121,0,2
7776,259.2,168,person,0.796,278,329,1077,714,0,2
7776,259.2,170,bus,0.4307,305,54,422,121,0,2
7777,259.233,168,person,0.7734,273,328,1073,714,0,2
7777,259.233,170,bus,0.4507,302,54,419,122,0,2
7778,259.267,168,person,0.7125,274,334,1062,713,0,2
7778,259.267,170,bus,0.4528,301,54,419,123,0,2
7779,259.3,168,person,0.7839,270,336,1055,714,0,2
7779,259.3,170,bus,0.4034,299,55,418,123,0,2
7780,259.333,168,person,0.8393,271,336,1053,714,0,2
7780,259.333,170,bus,0.5194,299,55,418,123,0,2
7781,259.367,168,person,0.8362,275,337,1054,714,0,2
7781,259.367,170,bus,0.5891,299,55,417,125,0,2
7782,259.4,168,person,0.7468,287,347,1045,713,0,2
7782,259.4,170,bus,0.5963,299,55,417,123,0,2
7783,259.433,168,person,0.7894,303,359,1041,714,0,2
7783,259.433,170,bus,0.6051,301,55,416,122,0,2
7783,259.433,176,truck,0.376,301,54,417,125,0,2
7784,259.467,168,person,0.7625,315,368,1037,714,0,2
7784,259.467,170,bus,0.562,301,54,417,122,0,2
7784,259.467,177,traffic light,0.4978,1109,0,1280,73,0,2
7785,259.5,168,person,0.8109,318,368,1041,714,0,2
7785,259.5,170,bus,0.5734,302,53,418,121,0,2
7785,259.5,177,traffic light,0.4657,1111,0,1273,70,0,2
7786,259.533,168,person,0.8293,310,362,1048,714,0,2
7786,259.533,170,bus,0.4713,304,50,422,120,0,2
7787,259.567,168,person,0.7929,302,354,1057,714,0,2
7787,259.567,170,bus,0.5267,305,48,424,120,0,2
7788,259.6,168,person,0.8062,287,349,1057,714,0,2
7788,259.6,170,truck,0.3531,305,46,425,119,0,2
7789,259.633,168,person,0.7938,280,351,1047,714,0,2
7789,259.633,170,truck,0.3182,305,45,426,118,0,2
7790,259.667,168,person,0.7771,277,352,1043,714,0,2
7790,259.667,170,truck,0.368,305,45,426,118,0,2
7790,259.667,181,bus,0.3306,310,43,427,117,0,2
7791,259.7,168,person,0.7582,226,339,1026,714,0,2
7792,259.733,168,person,0.6982,248,347,1032,713,0,2
7793,259.767,168,person,0.749,255,349,1039,712,0,2
7794,259.8,168,person,0.7318,254,347,1041,711,0,2
7795,259.833,168,person,0.8151,246,342,1045,712,0,2
7795,259.833,181,bus,0.392,286,46,405,119,0,2
7796,259.867,168,person,0.8004,238,342,1035,712,0,2
7797,259.9,168,person,0.7647,217,343,1014,712,0,2
7799,259.967,168,person,0.7358,159,326,987,714,0,2
7800,260.0,168,person,0.7217,137,337,945,715,0,2
7801,260.033,168,person,0.6726,109,346,897,715,0,2
7803,260.1,-1,truck,0.3954,97,61,1277,704,0,2
7804,260.133,182,truck,0.6036,71,43,1280,705,0,2
7804,260.133,168,person,0.6961,42,370,783,715,0,2
7805,260.167,182,truck,0.5362,55,34,1280,705,0,2
7805,260.167,168,person,0.8226,23,374,760,714,0,2
7806,260.2,182,truck,0.504,26,16,1280,707,0,2
7806,260.2,168,person,0.8103,17,379,743,714,0,2
7807,260.233,182,truck,0.456,3,6,1280,710,0,2
7807,260.233,168,person,0.7222,14,387,729,715,0,2
7807,260.233,183,bus,0.4559,29,99,161,191,0,2
7808,260.267,182,truck,0.5036,0,3,1280,710,0,2
7808,260.267,168,person,0.7146,13,393,722,715,0,2
7808,260.267,183,bus,0.4251,19,102,153,194,0,2
7809,260.3,182,truck,0.5557,0,2,1280,709,0,2
7809,260.3,183,bus,0.4403,2,105,139,200,0,2
7810,260.333,182,truck,0.4833,1,2,1280,709,0,2
7810,260.333,183,bus,0.4773,0,110,128,203,0,2
7811,260.367,182,truck,0.5004,8,1,1280,710,0,2
7811,260.367,183,bus,0.4779,0,111,122,205,0,2
7812,260.4,182,truck,0.4864,9,2,1280,710,0,2
7812,260.4,183,bus,0.4366,0,114,115,208,0,2
7813,260.433,182,truck,0.5452,0,2,1280,710,0,2
7813,260.433,183,bus,0.5371,0,118,111,213,0,2
7814,260.467,182,truck,0.5573,0,2,1280,709,0,2
7814,260.467,183,bus,0.3911,0,120,106,213,0,2
7815,260.5,182,truck,0.5681,0,3,1279,709,0,2
7815,260.5,183,bus,0.3533,0,121,101,213,0,2
7816,260.533,182,truck,0.6171,0,2,1279,707,0,2
7816,260.533,183,bus,0.3639,0,122,99,215,0,2
7817,260.567,182,truck,0.6186,0,1,1279,707,0,2
7817,260.567,183,truck,0.3661,0,123,101,217,0,2
7818,260.6,182,truck,0.5552,0,1,1279,707,0,2
7818,260.6,183,bus,0.5566,0,122,103,217,0,2
7819,260.633,182,truck,0.514,0,2,1279,710,0,2
7819,260.633,183,bus,0.5044,0,119,110,216,0,2
7820,260.667,182,truck,0.5326,1,3,1278,709,0,2
7820,260.667,183,bus,0.6115,0,117,115,216,0,2
7821,260.7,182,truck,0.3792,1,3,1275,707,0,2
7821,260.7,183,bus,0.5141,3,113,126,211,0,2
7822,260.733,182,truck,0.3321,7,6,1278,706,0,2
7822,260.733,183,bus,0.3971,23,107,146,206,0,2
7822,260.733,168,person,0.6401,24,399,734,717,0,2
7823,260.767,182,truck,0.3133,11,5,1280,706,0,2
7824,260.8,182,truck,0.3365,25,9,1280,704,0,2
7824,260.8,168,person,0.6089,38,385,787,718,0,2
7825,260.833,182,truck,0.3372,56,25,1279,702,0,2
7825,260.833,168,person,0.682,55,378,824,718,0,2
7826,260.867,168,person,0.6111,73,378,843,717,0,2
7827,260.9,168,person,0.7855,101,373,886,717,0,2
7828,260.933,168,person,0.7143,128,368,922,717,0,2
7829,260.967,168,person,0.7634,147,362,951,717,0,2
7830,261.0,168,person,0.7816,170,360,976,718,0,2
7831,261.033,168,person,0.731,186,354,999,717,0,2
7831,261.033,195,truck,0.5402,254,65,385,154,0,2
7832,261.067,168,person,0.8054,199,352,1015,717,0,2
7832,261.067,195,bus,0.5754,269,64,397,151,0,2
7833,261.1,168,person,0.6913,214,344,1038,715,0,2
7833,261.1,195,truck,0.4714,291,63,416,147,0,2
7834,261.133,168,person,0.792,231,345,1046,714,0,2
7834,261.133,195,truck,0.506,311,59,439,146,0,2
7835,261.167,168,person,0.8127,243,347,1050,714,0,2
7835,261.167,195,truck,0.6087,325,58,450,144,0,2
7836,261.2,168,person,0.8012,254,347,1057,714,0,2
7836,261.2,195,truck,0.5769,339,56,465,142,0,2
7837,261.233,168,person,0.7798,262,347,1063,714,0,2
7837,261.233,195,bus,0.7276,353,55,479,141,0,2
7838,261.267,168,person,0.7127,266,346,1067,714,0,2
7838,261.267,195,bus,0.6077,362,54,487,138,1,2
7839,261.3,168,person,0.8105,274,344,1075,714,0,2
7839,261.3,195,bus,0.4523,373,53,498,137,1,2
7839,261.3,199,car,0.6978,491,87,555,126,1,2
7839,261.3,200,truck,0.4307,367,53,496,138,1,2
7840,261.333,168,person,0.7993,288,351,1073,714,0,2
7840,261.333,195,bus,0.403,379,51,506,137,1,2
7840,261.333,199,car,0.6037,503,87,565,125,1,2
7840,261.333,200,truck,0.5218,374,53,503,138,1,2
7841,261.367,168,person,0.802,293,351,1075,714,0,2
7841,261.367,199,car,0.7388,511,87,574,126,1,2
7841,261.367,200,truck,0.5753,381,53,509,137,1,2
7842,261.4,168,person,0.8083,301,358,1071,714,0,2
7842,261.4,199,car,0.6922,520,88,585,127,1,2
7842,261.4,200,truck,0.5526,387,53,514,136,1,2
7843,261.433,168,person,0.8154,304,360,1067,714,0,2
7843,261.433,199,car,0.6652,529,88,594,127,1,2
7843,261.433,200,truck,0.6153,393,53,520,137,1,2
7844,261.467,168,person,0.8256,298,354,1074,715,0,2
7844,261.467,199,car,0.6865,533,87,601,128,1,2
7844,261.467,200,truck,0.6023,397,53,523,137,1,2
7845,261.5,168,person,0.7996,302,359,1067,715,0,2
7845,261.5,199,car,0.6633,539,88,609,128,1,2
7845,261.5,200,truck,0.5913,401,53,529,138,1,2
7845,261.5,201,cell phone,0.3378,882,370,1161,703,0,2
7846,261.533,168,person,0.8117,290,352,1071,715,0,2
7846,261.533,200,truck,0.5701,402,54,531,138,1,2
7847,261.567,168,person,0.8318,286,350,1070,715,0,2
7847,261.567,200,bus,0.4966,403,54,534,139,1,2
7847,261.567,202,truck,0.4662,401,54,531,139,1,2
7847,261.567,199,car,0.6851,553,89,623,128,1,2
7848,261.6,168,person,0.7919,289,355,1058,715,0,2
7848,261.6,199,car,0.6712,558,89,631,129,1,2
7849,261.633,168,person,0.7784,289,360,1049,714,0,2
7849,261.633,199,car,0.7323,562,89,641,131,1,2
7849,261.633,200,bus,0.6294,406,55,536,142,1,2
7850,261.667,168,person,0.7352,290,362,1045,714,0,2
7850,261.667,199,car,0.7403,565,89,647,134,1,2
7850,261.667,200,bus,0.5818,407,56,537,143,1,2
7851,261.7,168,person,0.7507,283,357,1050,715,0,2
7851,261.7,199,car,0.7502,570,91,654,134,1,2
7851,261.7,200,truck,0.5602,408,56,539,143,1,2
7851,261.7,203,bus,0.5438,408,56,537,143,1,2
7852,261.733,168,person,0.7554,278,352,1054,715,0,2
7852,261.733,199,car,0.6693,577,91,663,136,1,2
7852,261.733,200,bus,0.7018,409,56,543,145,1,2
7852,261.733,203,truck,0.4584,410,56,541,144,1,2
7853,261.767,168,person,0.7729,273,346,1061,717,0,2
7853,261.767,199,car,0.7273,579,91,669,136,1,2
7853,261.767,200,bus,0.5525,411,56,546,145,1,2
7853,261.767,203,truck,0.4116,413,56,544,145,1,2
7854,261.8,168,person,0.7566,275,350,1055,717,0,2
7854,261.8,199,car,0.6438,594,93,681,137,1,2
7855,261.833,168,person,0.7708,275,350,1056,717,0,2
7855,261.833,199,car,0.6309,597,94,688,139,1,2
7855,261.833,200,bus,0.79,411,58,546,147,1,2
7856,261.867,168,person,0.77,277,350,1054,717,0,2
7856,261.867,199,car,0.7178,599,94,694,142,1,2
7856,261.867,200,bus,0.8034,411,59,546,147,1,2
7857,261.9,168,person,0.6696,277,352,1047,715,0,2
7857,261.9,200,bus,0.7799,413,61,546,149,1,2
7858,261.933,168,person,0.6282,285,363,1033,715,0,2
7858,261.933,200,bus,0.7601,413,61,549,151,1,2
7858,261.933,199,car,0.6408,611,94,711,143,1,2
7859,261.967,200,bus,0.6137,414,61,551,151,1,2
7859,261.967,199,car,0.6662,614,95,717,145,1,2
7860,262.0,200,bus,0.5927,416,62,553,152,1,2
7860,262.0,199,car,0.6832,619,95,727,147,1,2
7860,262.0,204,truck,0.5583,414,61,555,152,1,2
7861,262.033,200,bus,0.6479,418,63,555,153,1,2
7861,262.033,204,truck,0.4378,416,62,558,152,1,2
7862,262.067,200,bus,0.5666,419,63,557,153,1,2
7862,262.067,204,truck,0.3852,418,63,559,153,1,2
7862,262.067,201,cell phone,0.3203,856,378,1136,706,0,2
7862,262.067,199,car,0.616,634,95,744,149,1,2
7863,262.1,200,truck,0.5684,422,63,559,154,1,2
7863,262.1,199,truck,0.4715,642,96,755,151,1,2
7864,262.133,200,truck,0.5224,423,63,561,154,1,2
7864,262.133,199,car,0.7551,653,97,766,151,1,2
7865,262.167,200,bus,0.4372,424,63,562,154,1,2
7865,262.167,199,car,0.7191,657,97,773,152,1,2
7866,262.2,200,truck,0.5216,425,63,566,155,1,2
7866,262.2,199,truck,0.3152,664,97,785,153,0,2
7867,262.233,200,truck,0.5542,426,62,568,157,1,2
7867,262.233,199,car,0.6803,673,97,794,153,0,2
7868,262.267,200,truck,0.5965,427,62,570,158,1,2
7868,262.267,199,car,0.6761,677,97,801,154,0,2
7868,262.267,208,bus,0.4863,427,62,566,157,1,2
7869,262.3,200,bus,0.7159,429,62,573,158,1,2
7869,262.3,199,car,0.6846,687,97,815,154,0,2
7870,262.333,200,bus,0.6511,432,62,575,158,1,2
7870,262.333,201,cell phone,0.3436,855,376,1137,699,0,2
7871,262.367,200,bus,0.6208,433,62,577,158,1,2
7871,262.367,199,truck,0.4683,703,98,835,157,0,2
7872,262.4,200,bus,0.616,435,62,579,159,1,2
7872,262.4,209,truck,0.4147,438,62,577,158,1,2
7872,262.4,199,car,0.6948,712,97,850,159,0,2
7872,262.4,201,cell phone,0.3502,853,377,1139,695,0,2
7873,262.433,200,bus,0.5932,437,62,582,159,1,2
7873,262.433,209,truck,0.4748,439,62,579,158,1,2
7873,262.433,199,truck,0.5674,721,97,864,160,0,2
7874,262.467,200,truck,0.5617,439,62,582,159,1,2
7874,262.467,199,car,0.7317,729,98,873,161,0,2
7875,262.5,200,truck,0.6445,439,63,583,160,1,2
7875,262.5,199,car,0.661,736,98,887,165,0,2
7876,262.533,200,truck,0.6271,440,62,586,160,1,2
7876,262.533,199,car,0.6763,747,97,903,166,0,2
7877,262.567,200,truck,0.6454,442,62,587,160,1,2
7877,262.567,199,car,0.6259,754,98,913,167,0,2
7878,262.6,200,truck,0.6499,442,62,590,160,1,2
7878,262.6,199,car,0.6061,765,98,926,168,0,2
7879,262.633,200,truck,0.6446,443,62,591,161,1,2
7879,262.633,199,car,0.6539,777,98,943,170,0,2
7880,262.667,200,truck,0.619,443,61,591,161,1,2
7880,262.667,199,car,0.7442,784,98,955,171,0,2
7881,262.7,200,truck,0.6051,445,59,593,160,1,2
7881,262.7,199,car,0.7145,794,98,970,174,0,2
7882,262.733,200,truck,0.6061,446,59,594,161,1,2
7882,262.733,199,truck,0.4408,807,97,990,176,0,2
7883,262.767,200,truck,0.5746,445,59,594,161,1,2
7884,262.8,200,truck,0.5093,446,59,595,161,1,2
7884,262.8,199,car,0.8621,824,99,1017,182,0,2
7885,262.833,200,truck,0.5038,445,59,597,161,1,2
7885,262.833,211,bus,0.4725,441,58,598,161,1,2
7885,262.833,199,car,0.7347,839,101,1035,184,0,2
7886,262.867,200,truck,0.4688,446,59,597,161,1,2
7886,262.867,211,bus,0.5127,441,58,598,162,1,2
7886,262.867,199,car,0.7304,848,101,1048,186,0,2
7887,262.9,200,truck,0.5058,447,59,598,162,1,2
7887,262.9,211,bus,0.5078,442,58,601,163,1,2
7887,262.9,199,car,0.7787,859,101,1070,190,0,2
7888,262.933,200,truck,0.4599,448,59,601,162,1,2
7888,262.933,211,bus,0.5278,443,58,603,163,1,2
7888,262.933,199,car,0.8076,873,99,1094,194,0,2
7889,262.967,200,truck,0.4208,449,58,602,162,1,2
7889,262.967,211,bus,0.5676,445,58,605,165,1,2
7889,262.967,199,car,0.814,882,101,1109,198,0,2
7890,263.0,200,truck,0.4233,450,58,605,163,1,2
7890,263.0,211,bus,0.5489,447,58,607,165,1,2
7890,263.0,199,car,0.786,896,99,1133,201,0,2
7891,263.033,200,truck,0.4373,451,58,606,163,1,2
7891,263.033,211,bus,0.4424,448,58,608,165,1,2
7891,263.033,199,car,0.8245,914,102,1158,206,0,2
7892,263.067,200,truck,0.4156,451,57,607,163,1,2
7892,263.067,211,bus,0.54,448,57,609,165,1,2
7892,263.067,199,car,0.8316,927,103,1177,209,0,2
7893,263.1,200,truck,0.4275,451,57,609,163,1,2
7893,263.1,211,bus,0.4894,448,56,611,165,1,2
7893,263.1,199,car,0.7584,946,104,1203,214,0,2
7894,263.133,200,bus,0.684,453,56,611,163,1,2
7894,263.133,199,car,0.8494,965,104,1234,219,0,2
7895,263.167,200,bus,0.6795,455,55,615,163,1,2
7895,263.167,199,car,0.8938,979,104,1256,223,0,2
7896,263.2,200,bus,0.739,457,54,617,163,1,2
7896,263.2,199,car,0.7905,994,105,1280,227,0,2
7897,263.233,200,bus,0.6003,458,54,619,163,1,2
7897,263.233,199,car,0.6724,1006,104,1280,233,0,2
7898,263.267,200,bus,0.5534,459,53,621,163,1,2
7898,263.267,199,car,0.7527,1016,103,1280,235,0,2
7898,263.267,216,truck,0.4869,459,53,619,163,1,2
7899,263.3,200,bus,0.6,462,53,623,165,1,2
7899,263.3,199,car,0.8151,1042,103,1280,226,0,2
7899,263.3,216,truck,0.3847,462,51,622,163,1,2
7900,263.333,200,truck,0.4596,463,53,626,165,1,2
7900,263.333,199,car,0.8491,1064,104,1280,225,0,2
7901,263.367,200,truck,0.4122,465,53,629,166,1,2
7901,263.367,199,car,0.8633,1079,109,1280,229,0,2
7901,263.367,218,person,0.6006,771,435,971,712,0,2
7902,263.4,200,bus,0.5243,466,51,632,166,1,2
7902,263.4,199,car,0.7443,1105,121,1280,233,0,2
7902,263.4,218,person,0.6077,769,437,968,712,0,2
7902,263.4,219,truck,0.3525,469,51,631,167,1,2
7903,263.433,200,bus,0.519,469,50,637,167,1,2
7903,263.433,199,car,0.7234,1136,136,1280,239,0,2
7903,263.433,218,person,0.6378,768,437,967,712,0,2
7903,263.433,219,truck,0.3107,471,51,634,167,1,2
7904,263.467,200,bus,0.637,470,50,639,167,1,2
7904,263.467,218,person,0.6271,767,437,965,712,0,2
7905,263.5,200,bus,0.6571,470,49,640,167,1,2
7905,263.5,218,person,0.6327,767,437,965,712,0,2
7906,263.533,200,bus,0.768,471,48,642,167,1,2
7907,263.567,200,bus,0.6864,472,48,643,167,1,2
7908,263.6,200,bus,0.7689,472,48,643,167,1,2
7909,263.633,200,bus,0.7368,472,47,647,168,1,2
7910,263.667,200,bus,0.6805,472,47,647,168,1,2
7911,263.7,200,bus,0.762,473,47,649,169,1,2
7911,263.7,220,person,0.6571,249,399,1005,715,0,2
7912,263.733,200,bus,0.8216,473,47,650,170,1,2
7912,263.733,220,person,0.6144,257,405,1000,715,0,2
7913,263.767,200,bus,0.8451,473,47,651,170,1,2
7914,263.8,200,bus,0.8354,474,47,654,170,1,2
7914,263.8,220,person,0.6023,258,405,999,715,0,2
7915,263.833,200,bus,0.8269,477,47,655,171,1,2
7915,263.833,220,person,0.6173,263,410,992,715,0,2
7916,263.867,200,bus,0.8339,478,47,656,171,1,2
7916,263.867,220,person,0.6101,262,409,993,715,0,2
7917,263.9,200,bus,0.8395,478,47,657,173,1,2
7918,263.933,200,bus,0.8431,478,46,659,173,1,2
7919,263.967,200,bus,0.8474,479,45,662,173,1,2
7920,264.0,200,bus,0.8445,481,45,663,173,1,2
7921,264.033,200,bus,0.8401,483,43,666,173,1,2
7922,264.067,200,bus,0.863,485,43,669,173,1,2
7923,264.1,200,bus,0.8435,487,43,671,174,1,2
7924,264.133,200,bus,0.8455,488,43,672,174,1,2
7925,264.167,200,bus,0.8527,489,43,674,175,1,2
7926,264.2,200,bus,0.8126,490,43,675,175,1,2
7927,264.233,200,bus,0.7491,491,43,678,175,1,2
7927,264.233,220,person,0.6126,271,418,979,714,0,2
7928,264.267,200,bus,0.7771,493,43,679,175,1,2
7928,264.267,220,person,0.6029,272,419,981,714,0,2
7929,264.3,200,bus,0.8285,494,42,681,176,1,2
7929,264.3,220,person,0.6007,270,416,985,714,0,2
7930,264.333,200,bus,0.8502,495,42,683,176,1,2
7931,264.367,200,bus,0.8755,497,42,687,177,1,2
7932,264.4,200,bus,0.8939,499,42,690,177,1,2
7933,264.433,200,bus,0.8746,502,41,694,178,1,2
7934,264.467,200,bus,0.8441,505,40,697,177,1,2
7935,264.5,200,bus,0.7935,507,40,699,177,1,2
7936,264.533,200,bus,0.7715,511,39,703,177,1,2
7937,264.567,200,bus,0.7897,512,39,704,177,1,2
7938,264.6,200,bus,0.8047,514,37,707,177,1,2
7938,264.6,220,person,0.6567,257,397,1014,715,0,2
7939,264.633,200,bus,0.6996,514,35,711,178,1,2
7939,264.633,220,person,0.6333,266,406,998,714,0,2
7940,264.667,200,bus,0.6705,517,35,712,177,1,2
7940,264.667,220,person,0.6672,272,410,994,714,0,2
7941,264.7,200,bus,0.8649,519,33,715,177,1,2
7941,264.7,220,person,0.7016,273,407,1002,714,0,2
7942,264.733,200,bus,0.8183,520,32,719,176,1,2
7942,264.733,220,person,0.6615,272,405,1006,714,0,2
7943,264.767,200,bus,0.8573,521,31,721,176,1,2
7943,264.767,220,person,0.7069,270,402,1008,714,0,2
7944,264.8,200,bus,0.8382,522,29,722,175,1,2
7944,264.8,220,person,0.7077,269,402,1010,714,0,2
7945,264.833,200,bus,0.7772,525,27,726,174,1,2
7945,264.833,220,person,0.6888,271,399,1019,714,0,2
7946,264.867,200,bus,0.832,527,25,728,171,1,2
7946,264.867,220,person,0.6802,265,392,1030,715,0,2
7947,264.9,200,bus,0.8525,530,23,733,170,1,2
7947,264.9,220,person,0.6882,257,382,1041,715,0,2
7948,264.933,200,bus,0.8854,534,19,738,168,1,2
7948,264.933,220,person,0.735,262,382,1043,715,0,2
7949,264.967,200,bus,0.8747,536,17,742,168,1,2
7949,264.967,220,person,0.7211,264,381,1045,715,0,2
7950,265.0,200,bus,0.9012,537,15,745,167,1,2
7950,265.0,220,person,0.673,262,376,1049,715,0,2
7951,265.033,200,bus,0.8793,538,13,749,166,1,2
7951,265.033,220,person,0.6393,261,374,1049,715,0,2
7952,265.067,200,bus,0.8664,539,10,751,166,1,2
7952,265.067,220,person,0.664,262,374,1048,715,0,2
7953,265.1,200,bus,0.8492,541,8,755,166,1,2
7953,265.1,220,person,0.6818,262,373,1046,715,0,2
7954,265.133,200,bus,0.8873,543,6,759,165,1,2
7954,265.133,220,person,0.7344,263,374,1042,714,0,2
7955,265.167,200,bus,0.8948,545,5,761,165,1,2
7955,265.167,220,person,0.7491,265,376,1037,714,0,2
7956,265.2,200,bus,0.9017,546,3,765,165,1,2
7956,265.2,220,person,0.7622,266,378,1033,714,0,2
7957,265.233,200,bus,0.9049,549,2,767,165,1,2
7957,265.233,220,person,0.7575,265,376,1034,714,0,2
7958,265.267,200,bus,0.9171,551,2,768,166,1,2
7958,265.267,220,person,0.7258,266,376,1033,713,0,2
7959,265.3,200,bus,0.919,554,2,771,166,1,2
7959,265.3,220,person,0.7027,270,377,1032,713,0,2
7960,265.333,200,bus,0.9259,557,1,775,166,1,2
7960,265.333,220,person,0.7053,270,377,1033,713,0,2
7961,265.367,200,bus,0.9279,559,1,777,166,1,2
7961,265.367,220,person,0.7118,271,377,1033,713,0,2
7962,265.4,200,bus,0.9252,562,1,781,166,1,2
7963,265.433,200,bus,0.9277,567,1,784,166,1,2
7964,265.467,200,bus,0.9181,570,1,787,166,1,2
7964,265.467,220,person,0.6306,267,374,1034,713,0,2
7965,265.5,200,bus,0.8859,576,1,793,166,1,2
7965,265.5,220,person,0.6661,267,375,1033,714,0,2
7966,265.533,200,bus,0.8984,583,1,798,163,1,2
7966,265.533,220,person,0.7541,271,376,1033,714,0,2
7967,265.567,200,bus,0.8765,587,1,801,163,1,2
7967,265.567,220,person,0.7315,272,377,1032,714,0,2
7968,265.6,200,bus,0.8909,593,1,808,163,1,2
7968,265.6,220,person,0.7404,273,376,1033,714,0,2
7969,265.633,200,bus,0.8772,601,1,815,162,1,2
7969,265.633,220,person,0.7244,273,375,1035,714,0,2
7970,265.667,200,bus,0.8517,606,1,818,161,1,2
7970,265.667,220,person,0.7241,273,374,1038,714,0,2
7971,265.7,200,bus,0.8324,610,1,825,162,1,2
7971,265.7,220,person,0.6814,277,374,1041,714,0,2
7972,265.733,200,bus,0.8914,617,1,832,161,1,2
7972,265.733,220,person,0.7022,275,366,1056,715,0,2
7973,265.767,200,bus,0.8132,622,1,838,161,1,2
7973,265.767,220,person,0.7627,274,363,1059,715,0,2
7974,265.8,200,bus,0.8905,626,1,845,163,0,2
7974,265.8,220,person,0.6614,279,368,1050,714,0,2
7975,265.833,200,bus,0.8964,633,1,853,163,0,2
7975,265.833,220,person,0.6527,279,365,1056,715,0,2
7976,265.867,200,bus,0.9149,640,1,856,161,0,2
7976,265.867,220,person,0.6523,280,362,1062,715,0,2
7977,265.9,200,bus,0.8761,646,1,864,161,0,2
7978,265.933,200,bus,0.8649,651,1,873,163,0,2
7979,265.967,200,bus,0.8588,655,1,879,166,0,2
7980,266.0,200,bus,0.797,662,1,887,166,0,2
7981,266.033,200,bus,0.8467,667,1,894,166,0,2
7981,266.033,220,person,0.6292,305,374,1062,714,0,2
7982,266.067,200,bus,0.8376,672,1,899,166,0,2
7982,266.067,221,car,0.6571,373,121,432,147,0,2
7982,266.067,220,person,0.726,305,369,1075,715,0,2
7983,266.1,200,bus,0.8561,677,1,905,166,0,2
7983,266.1,221,car,0.6693,371,121,432,149,0,2
7983,266.1,220,person,0.6934,306,375,1063,714,0,2
7984,266.133,200,bus,0.8904,680,1,910,167,0,2
7984,266.133,220,person,0.6567,301,378,1054,714,0,2
7985,266.167,200,bus,0.8989,681,1,912,168,0,2
7985,266.167,220,person,0.6101,297,378,1051,714,0,2
7986,266.2,200,bus,0.8762,681,1,913,168,0,2
7986,266.2,220,person,0.6299,285,376,1047,715,0,2
7987,266.233,200,bus,0.8802,677,1,911,168,0,2
7988,266.267,200,bus,0.7675,671,1,907,170,0,2
7989,266.3,200,bus,0.8937,658,2,898,173,0,2
7989,266.3,220,person,0.6568,251,382,1006,718,0,2
7990,266.333,200,bus,0.8914,643,1,887,175,0,2
7991,266.367,200,bus,0.8833,632,1,877,177,0,2
7991,266.367,220,person,0.6551,208,391,944,718,0,2
7992,266.4,200,bus,0.7352,615,1,864,179,1,2
7993,266.433,200,bus,0.8077,599,2,849,182,1,2
7994,266.467,200,bus,0.7152,586,2,837,183,1,2
7994,266.467,223,truck,0.3619,190,63,1280,698,0,2
7994,266.467,220,person,0.6658,126,406,837,718,0,2
7995,266.5,200,bus,0.7544,570,2,824,185,1,2
7995,266.5,223,truck,0.3298,107,42,1280,705,0,2
7996,266.533,200,bus,0.8927,559,1,813,186,1,2
7996,266.533,223,truck,0.3812,42,16,1275,703,0,2
7996,266.533,224,car,0.7126,161,154,248,191,0,2
7997,266.567,200,bus,0.8882,554,1,809,186,1,2
7997,266.567,223,truck,0.4173,18,3,1272,702,0,2
7997,266.567,224,car,0.704,157,157,239,191,0,2
7998,266.6,200,bus,0.8868,553,2,809,189,1,2
7998,266.6,223,truck,0.4788,10,0,1275,704,0,2
7998,266.6,224,car,0.6425,145,159,225,193,0,2
7999,266.633,200,bus,0.8925,555,2,811,190,1,2
7999,266.633,223,truck,0.455,32,0,1280,704,0,2
7999,266.633,224,car,0.6032,139,160,216,193,0,2
8000,266.667,200,bus,0.8126,559,3,817,191,1,2
8000,266.667,223,truck,0.3664,29,0,1280,704,0,2
8000,266.667,224,car,0.6475,133,162,213,197,0,2
8001,266.7,200,bus,0.8414,567,3,825,192,1,2
8001,266.7,223,truck,0.3563,26,0,1280,704,0,2
8001,266.7,224,car,0.6143,133,162,211,197,0,2
8002,266.733,200,bus,0.4722,584,5,841,191,1,2
8002,266.733,223,truck,0.434,25,0,1280,705,0,2
8002,266.733,224,car,0.6575,136,162,217,197,0,2
8003,266.767,200,bus,0.5814,600,7,856,191,1,2
8003,266.767,223,truck,0.4551,26,0,1280,706,0,2
8003,266.767,224,car,0.6845,139,159,224,195,0,2
8004,266.8,200,bus,0.7161,622,7,880,192,1,2
8004,266.8,223,truck,0.4428,33,5,1279,705,0,2
8004,266.8,224,car,0.6628,151,157,235,193,0,2
8004,266.8,226,car,0.7273,563,102,622,126,1,2
8005,266.833,200,truck,0.441,650,6,911,192,0,2
8005,266.833,223,truck,0.3771,46,14,1275,704,0,2
8005,266.833,224,car,0.6747,166,152,251,189,0,2
8005,266.833,226,car,0.7828,578,101,640,125,1,2
8006,266.867,200,bus,0.6788,673,6,935,193,0,2
8006,266.867,223,truck,0.3586,56,25,1269,705,0,2
8006,266.867,224,car,0.7777,178,150,263,186,0,2
8006,266.867,226,car,0.7893,591,96,657,123,1,2
8007,266.9,200,truck,0.514,704,6,968,192,0,2
8007,266.9,223,truck,0.3505,119,45,1280,709,0,2
8007,266.9,224,car,0.6987,197,145,281,182,0,2
8007,266.9,226,car,0.7342,615,95,677,120,1,2
8008,266.933,200,truck,0.4856,744,5,1010,191,0,2
8008,266.933,223,truck,0.3668,168,69,1280,705,0,2
8008,266.933,224,car,0.6149,216,139,302,177,0,2
8008,266.933,226,car,0.7188,638,94,699,119,1,2
8009,266.967,200,truck,0.4475,777,3,1051,192,0,2
8009,266.967,224,car,0.7267,231,136,317,173,0,2
8009,266.967,226,car,0.7352,656,94,714,117,0,2
8010,267.0,200,truck,0.4747,809,2,1089,191,0,2
8010,267.0,224,car,0.6373,250,131,335,167,0,2
8010,267.0,226,car,0.7605,677,93,736,115,0,2
8011,267.033,200,bus,0.5196,838,2,1123,192,0,2
8011,267.033,224,car,0.7135,269,127,354,163,0,2
8011,267.033,226,car,0.8162,697,90,759,115,0,2
8011,267.033,220,person,0.6767,170,407,895,718,0,2
8012,267.067,200,truck,0.4312,856,2,1146,194,0,2
8012,267.067,224,car,0.6133,281,123,368,160,0,2
8012,267.067,226,car,0.7921,711,89,775,114,0,2
8012,267.067,228,bus,0.4218,839,2,1160,194,0,2
8013,267.1,200,truck,0.4116,879,1,1183,201,0,2
8013,267.1,224,car,0.6525,296,120,382,155,0,2
8013,267.1,226,car,0.7749,728,88,793,113,0,2
8013,267.1,228,bus,0.4194,861,1,1194,201,0,2
8014,267.133,200,truck,0.6115,906,0,1223,207,0,2
8014,267.133,224,car,0.7703,312,117,397,152,0,2
8014,267.133,226,car,0.7398,745,87,810,112,0,2
8015,267.167,200,truck,0.5172,927,0,1248,208,0,2
8015,267.167,224,car,0.7352,321,114,405,149,0,2
8015,267.167,226,car,0.7995,757,86,822,111,0,2
8016,267.2,200,bus,0.4718,949,0,1271,209,0,2
8016,267.2,224,car,0.7253,330,111,416,146,0,2
8016,267.2,226,car,0.7314,769,85,837,111,0,2
8017,267.233,200,truck,0.6657,966,1,1280,211,0,2
8017,267.233,224,car,0.6775,342,110,425,144,0,2
8017,267.233,226,car,0.6781,779,83,847,110,0,2
8018,267.267,200,bus,0.6778,976,1,1280,215,0,2
8018,267.267,224,car,0.62,349,109,430,142,0,2
8018,267.267,226,car,0.7602,787,82,856,110,0,2
8019,267.3,200,truck,0.4359,985,1,1280,222,0,2
8019,267.3,224,car,0.7228,352,106,439,141,0,2
8019,267.3,226,car,0.7592,798,82,866,110,0,2
8020,267.333,200,bus,0.7764,1000,1,1280,222,0,2
8020,267.333,224,car,0.6472,359,105,445,139,0,2
8020,267.333,226,car,0.7118,808,82,879,110,0,2
8021,267.367,200,bus,0.7184,1011,1,1280,223,0,2
8021,267.367,224,car,0.6825,362,104,449,139,0,2
8021,267.367,226,car,0.7041,814,82,886,111,0,2
8021,267.367,220,person,0.6227,223,378,994,714,0,2
8022,267.4,200,bus,0.4624,1025,1,1280,225,0,2
8022,267.4,224,car,0.6915,365,104,453,138,0,2
8022,267.4,226,car,0.6803,822,82,896,112,0,2
8023,267.433,200,bus,0.5616,1042,2,1280,226,0,2
8023,267.433,224,car,0.7465,367,102,458,138,0,2
8023,267.433,226,car,0.7844,827,83,904,113,0,2
8024,267.467,200,bus,0.6609,1058,3,1280,225,0,2
8024,267.467,224,car,0.7193,369,102,461,138,0,2
8024,267.467,226,car,0.7612,833,83,911,114,0,2
8025,267.5,200,bus,0.7375,1087,18,1280,217,0,2
8025,267.5,224,car,0.6685,373,104,459,138,0,2
8025,267.5,226,car,0.7027,842,85,918,114,0,2
8026,267.533,200,bus,0.6794,1113,27,1280,213,0,2
8026,267.533,224,car,0.6414,375,103,463,137,0,2
8026,267.533,226,car,0.7067,849,85,928,117,0,2
8027,267.567,200,bus,0.6293,1133,35,1280,211,0,2
8027,267.567,224,car,0.6797,376,101,469,136,0,2
8027,267.567,226,car,0.6697,856,86,934,117,0,2
8028,267.6,226,car,0.6429,864,87,942,117,0,2
8029,267.633,226,car,0.7478,873,86,952,118,0,2
8029,267.633,220,person,0.741,245,384,991,714,0,2
8029,267.633,224,car,0.6264,389,102,479,135,1,2
8030,267.667,226,car,0.718,879,87,959,118,0,2
8030,267.667,220,person,0.7444,251,386,985,714,0,2
8030,267.667,224,car,0.6139,391,101,482,135,1,2
8031,267.7,226,car,0.7111,889,88,969,119,0,2
8031,267.7,220,person,0.7598,250,379,994,715,0,2
8031,267.7,224,car,0.7419,393,98,488,134,1,2
8032,267.733,226,car,0.6761,898,88,984,121,0,2
8032,267.733,220,person,0.6464,253,371,1007,717,0,2
8032,267.733,224,car,0.7405,395,97,494,133,1,2
8033,267.767,226,car,0.6933,904,88,992,122,0,2
8033,267.767,220,person,0.6153,256,369,1009,717,0,2
8033,267.767,224,car,0.6495,399,97,496,133,1,2
8034,267.8,226,car,0.7137,912,89,1001,123,0,2
8034,267.8,220,person,0.7255,261,368,1010,717,0,2
8034,267.8,224,car,0.6708,401,96,502,131,1,2
8034,267.8,231,person,0.6096,283,487,438,717,0,2
8035,267.833,226,car,0.7906,920,89,1011,125,0,2
8035,267.833,220,person,0.6829,259,366,1009,717,0,2
8035,267.833,224,car,0.6255,405,95,505,131,1,2
8035,267.833,231,person,0.6229,286,487,440,717,0,2
8036,267.867,226,car,0.7186,926,90,1018,126,0,2
8036,267.867,220,person,0.7512,259,365,1002,717,0,2
8036,267.867,224,car,0.6407,408,95,507,131,1,2
8036,267.867,231,person,0.6171,287,487,441,717,0,2
8037,267.9,226,car,0.8214,934,91,1026,127,0,2
8037,267.9,220,person,0.7127,259,365,997,717,0,2
8037,267.9,224,car,0.6627,409,94,513,130,1,2
8037,267.9,231,person,0.6175,289,489,443,717,0,2
8038,267.933,226,car,0.7448,943,93,1035,128,0,2
8038,267.933,220,person,0.7835,262,365,993,717,0,2
8039,267.967,226,car,0.7921,947,93,1040,128,0,2
8039,267.967,220,person,0.7647,264,365,991,718,0,2
8039,267.967,224,car,0.6072,413,93,518,129,1,2
8040,268.0,226,car,0.7942,954,94,1048,129,0,2
8040,268.0,220,person,0.7588,266,362,991,718,0,2
8040,268.0,224,car,0.6277,413,93,517,129,1,2
8041,268.033,226,car,0.822,960,94,1057,131,0,2
8041,268.033,220,person,0.7467,270,362,990,717,0,2
8041,268.033,224,car,0.6516,410,93,517,129,1,2
8042,268.067,226,car,0.8062,965,95,1063,133,0,2
8042,268.067,220,person,0.7261,273,363,987,717,0,2
8042,268.067,224,car,0.6578,409,93,515,129,1,2
8043,268.1,226,car,0.8107,967,95,1071,135,0,2
8043,268.1,220,person,0.7069,274,366,982,717,0,2
8044,268.133,226,car,0.7981,970,95,1080,137,0,2
8044,268.133,220,person,0.6221,279,374,971,717,0,2
8044,268.133,224,car,0.6724,405,91,515,130,1,2
8045,268.167,226,car,0.8025,975,95,1087,138,0,2
8045,268.167,220,person,0.7056,279,374,968,717,0,2
8045,268.167,224,car,0.6883,403,91,514,131,1,2
8045,268.167,231,person,0.622,290,487,446,717,0,2
8046,268.2,226,car,0.8032,978,97,1089,139,0,2
8046,268.2,220,person,0.6993,272,370,963,715,0,2
8046,268.2,224,car,0.661,401,93,511,131,1,2
8046,268.2,231,person,0.6166,290,491,445,717,0,2
8047,268.233,226,car,0.814,982,98,1095,142,0,2
8047,268.233,220,person,0.7302,257,360,966,715,0,2
8047,268.233,224,car,0.7363,398,93,511,134,1,2
8047,268.233,231,person,0.6075,289,496,442,717,0,2
8048,268.267,226,car,0.82,986,101,1099,144,0,2
8048,268.267,220,person,0.6874,248,352,962,714,0,2
8048,268.267,224,car,0.7588,397,94,509,135,1,2
8049,268.3,226,car,0.8135,990,103,1104,146,0,2
8049,268.3,220,person,0.6769,246,358,945,715,0,2
8049,268.3,224,car,0.6676,392,95,505,135,1,2
8050,268.333,226,car,0.847,995,103,1113,149,0,2
8050,268.333,224,car,0.7261,387,94,503,136,1,2
8051,268.367,226,car,0.8239,998,104,1118,150,0,2
8051,268.367,224,car,0.7382,383,94,503,137,1,2
8051,268.367,220,person,0.6151,271,389,912,713,0,2
8052,268.4,226,car,0.8179,999,105,1123,153,0,2
8052,268.4,224,car,0.7797,381,94,502,138,1,2
8052,268.4,220,person,0.6552,251,374,920,714,0,2
8053,268.433,226,car,0.8229,1005,106,1131,154,0,2
8053,268.433,224,car,0.781,378,94,501,139,1,2
8053,268.433,220,person,0.7505,246,369,918,715,0,2
8054,268.467,226,car,0.8416,1007,107,1138,158,0,2
8054,268.467,224,car,0.7552,377,95,497,139,1,2
8054,268.467,220,person,0.7406,242,367,915,714,0,2
8055,268.5,226,car,0.8457,1014,107,1146,160,0,2
8055,268.5,224,car,0.7887,374,94,497,141,1,2
8055,268.5,220,person,0.6767,238,365,912,715,0,2
8056,268.533,226,car,0.8447,1018,109,1152,161,0,2
8056,268.533,224,car,0.7995,371,94,496,141,1,2
8056,268.533,220,person,0.6537,243,368,907,715,0,2
8057,268.567,226,car,0.8518,1021,110,1160,165,0,2
8057,268.567,224,car,0.823,370,94,495,142,1,2
8057,268.567,220,person,0.6429,247,370,904,717,0,2
8058,268.6,226,car,0.8098,1027,111,1168,167,0,2
8058,268.6,224,car,0.7662,368,94,488,141,1,2
8058,268.6,220,person,0.614,249,374,897,715,0,2
8059,268.633,226,car,0.8143,1034,113,1178,170,0,2
8059,268.633,224,car,0.7707,365,94,486,141,1,2
8059,268.633,220,person,0.6748,257,382,887,714,0,2
8060,268.667,226,car,0.825,1040,114,1186,171,0,2
8060,268.667,224,car,0.7825,360,93,485,141,0,2
8060,268.667,220,person,0.6659,259,384,883,714,0,2
8061,268.7,226,car,0.8199,1047,115,1195,174,0,2
8061,268.7,224,car,0.763,358,93,481,142,0,2
8061,268.7,220,person,0.7061,262,387,879,714,0,2
8062,268.733,226,car,0.8471,1051,115,1205,177,0,2
8062,268.733,224,car,0.8147,353,93,478,143,0,2
8063,268.767,226,car,0.8942,1056,118,1215,181,0,2
8063,268.767,224,car,0.8131,350,94,475,144,0,2
8064,268.8,226,car,0.8856,1063,120,1223,184,0,2
8064,268.8,224,car,0.7989,346,94,471,144,0,2
8064,268.8,220,person,0.7791,271,402,866,717,0,2
8065,268.833,226,car,0.8819,1069,121,1234,189,0,2
8065,268.833,224,car,0.8018,343,94,467,145,0,2
8065,268.833,220,person,0.7193,277,409,861,717,0,2
8066,268.867,226,car,0.8745,1071,123,1243,193,0,2
8066,268.867,224,car,0.829,339,95,464,146,0,2
8066,268.867,220,person,0.6036,302,443,837,717,0,2
8067,268.9,226,car,0.8766,1078,125,1253,194,0,2
8067,268.9,224,car,0.8565,334,95,461,147,0,2
8068,268.933,226,car,0.8974,1086,127,1264,200,0,2
8068,268.933,224,car,0.8372,329,95,456,150,0,2
8069,268.967,226,car,0.8726,1093,129,1271,202,0,2
8069,268.967,224,car,0.872,326,96,453,150,0,2
8070,269.0,226,car,0.8587,1101,131,1279,203,0,2
8070,269.0,224,car,0.848,320,96,448,151,0,2
8071,269.033,226,car,0.8104,1106,133,1280,206,0,2
8071,269.033,224,car,0.8089,312,97,441,153,0,2
8071,269.033,220,person,0.659,323,453,853,714,0,2
8072,269.067,226,car,0.7809,1112,135,1280,206,0,2
8072,269.067,224,car,0.8743,307,98,435,155,0,2
8072,269.067,220,person,0.6643,319,450,866,714,0,2
8073,269.1,226,car,0.7972,1119,136,1280,205,0,2
8073,269.1,224,car,0.8961,302,99,431,157,0,2
8074,269.133,226,car,0.8271,1122,138,1280,208,0,2
8074,269.133,224,car,0.904,295,101,424,158,0,2
8075,269.167,226,car,0.8154,1126,139,1280,210,0,2
8075,269.167,224,car,0.8525,290,101,418,159,0,2
8075,269.167,220,person,0.6078,311,430,913,714,0,2
8076,269.2,226,car,0.8442,1129,142,1280,214,0,2
8076,269.2,224,car,0.9216,282,103,413,162,0,2
8077,269.233,226,car,0.8304,1135,143,1280,216,0,2
8077,269.233,224,car,0.8611,273,104,403,163,0,2
8078,269.267,226,car,0.7579,1137,142,1280,217,0,2
8078,269.267,224,car,0.896,267,105,398,166,0,2
8079,269.3,226,car,0.7755,1142,143,1280,222,0,2
8079,269.3,224,car,0.8728,261,107,390,168,0,2
8080,269.333,226,car,0.6972,1150,143,1280,222,0,2
8080,269.333,224,car,0.8704,253,109,381,169,0,2
8081,269.367,226,car,0.7265,1167,155,1280,223,0,2
8081,269.367,224,car,0.8604,246,110,375,171,0,2
8082,269.4,226,car,0.7414,1183,165,1280,221,0,2
8082,269.4,224,car,0.8591,234,111,367,175,0,2
8083,269.433,226,car,0.6831,1194,169,1280,221,0,2
8083,269.433,224,car,0.8049,225,114,355,178,0,2
8084,269.467,224,car,0.8042,218,115,347,181,0,2
8085,269.5,224,car,0.8193,206,117,337,183,0,2
8086,269.533,224,car,0.7714,193,119,325,186,0,2
8087,269.567,224,car,0.6849,184,121,315,189,0,2
8088,269.6,224,car,0.7513,168,123,303,194,0,2
8089,269.633,224,car,0.8268,159,125,290,194,0,2
8089,269.633,220,person,0.6903,270,377,995,713,0,2
8090,269.667,224,car,0.8211,154,127,282,195,0,2
8090,269.667,220,person,0.7326,258,374,1000,713,0,2
8091,269.7,224,car,0.7241,147,129,273,199,0,2
8091,269.7,220,person,0.7488,246,370,999,713,0,2
8092,269.733,220,person,0.6831,231,363,1000,713,0,2
8093,269.767,220,person,0.74,223,360,1000,713,0,2
8094,269.8,220,person,0.6359,213,354,1000,713,0,2
8095,269.833,220,person,0.6763,201,346,1001,713,0,2
8096,269.867,220,person,0.6888,195,342,1002,713,0,2
8097,269.9,220,person,0.7392,194,338,1003,713,0,2
8098,269.933,220,person,0.7778,189,334,1003,714,0,2
8099,269.967,220,person,0.7295,190,334,1001,714,0,2
8100,270.0,220,person,0.767,189,336,990,715,0,2
8101,270.033,220,person,0.7292,191,343,977,715,0,2
8102,270.067,220,person,0.82,194,349,968,715,0,2
8103,270.1,220,person,0.7977,197,349,969,717,0,2
8104,270.133,220,person,0.7144,191,344,968,717,0,2
8105,270.167,220,person,0.7411,192,343,969,717,0,2
8106,270.2,220,person,0.7876,189,342,963,718,0,2
8106,270.2,244,car,0.618,661,94,695,127,1,2
8107,270.233,220,person,0.7233,192,336,973,717,0,2
8108,270.267,220,person,0.7444,194,335,971,717,0,2
8109,270.3,220,person,0.8266,199,334,976,718,0,2
8110,270.333,220,person,0.8335,199,328,979,717,0,2
8111,270.367,220,person,0.8622,198,325,978,715,0,2
8112,270.4,220,person,0.826,201,323,981,717,0,2
8113,270.433,220,person,0.6844,201,319,984,715,0,2
8114,270.467,220,person,0.7526,201,317,983,715,0,2
8114,270.467,244,car,0.6483,665,91,698,123,1,2
8115,270.5,220,person,0.8414,205,318,983,717,0,2
8116,270.533,220,person,0.8747,207,317,984,718,0,2
8116,270.533,244,car,0.6258,666,91,699,122,1,2
8117,270.567,220,person,0.8213,224,318,1000,717,0,2
8117,270.567,244,car,0.6369,666,91,699,122,1,2
8118,270.6,220,person,0.8616,246,319,1026,718,0,2
8118,270.6,244,car,0.6407,667,93,701,122,0,2
8119,270.633,220,person,0.8571,232,321,1005,717,0,2
8120,270.667,220,person,0.853,229,323,995,717,0,2
8121,270.7,220,person,0.8744,229,325,990,715,0,2
8122,270.733,220,person,0.8596,230,326,987,715,0,2
8123,270.767,220,person,0.8581,232,327,986,715,0,2
8124,270.8,220,person,0.8432,238,329,987,717,0,2
8125,270.833,220,person,0.8182,243,331,992,717,0,2
8126,270.867,220,person,0.8113,247,330,997,717,0,2
8127,270.9,220,person,0.8374,247,330,995,717,0,2
8128,270.933,220,person,0.8597,246,330,995,717,0,2
8129,270.967,220,person,0.8157,249,330,999,718,0,2
8130,271.0,220,person,0.8365,254,335,997,717,0,2
8131,271.033,220,person,0.7812,311,337,1066,717,0,2
8132,271.067,220,person,0.7891,325,342,1087,717,0,2
8133,271.1,220,person,0.6864,290,351,1039,717,0,2
8134,271.133,220,person,0.7467,285,366,1007,715,0,2
8135,271.167,220,person,0.7173,286,375,993,714,0,2
8136,271.2,220,person,0.6909,293,386,986,714,0,2
8137,271.233,220,person,0.7769,303,399,983,715,0,2
8138,271.267,220,person,0.8219,312,408,984,715,0,2
8139,271.3,220,person,0.6292,327,422,984,717,0,2
8140,271.333,-1,car,0.6017,651,95,688,125,1,2
8146,271.533,-1,boat,0.4224,641,72,681,125,1,2
8147,271.567,246,boat,0.3749,640,73,679,125,1,2
8153,271.767,-1,person,0.636,954,454,1199,712,0,2
8160,272.0,-1,car,0.6458,611,93,650,126,1,2
8161,272.033,248,car,0.6305,610,93,649,125,1,2
8162,272.067,248,car,0.6086,609,93,648,125,1,2
8163,272.1,248,car,0.6249,608,93,646,125,1,2
8164,272.133,248,car,0.6809,606,94,643,125,1,2
8165,272.167,248,car,0.6943,603,94,641,125,1,2
8166,272.2,248,car,0.7188,602,93,640,125,1,2
8167,272.233,248,car,0.7441,600,94,639,126,1,2
8168,272.267,248,car,0.7217,599,95,638,127,1,2
8169,272.3,248,car,0.7624,595,94,635,127,1,2
8170,272.333,248,car,0.7684,593,94,634,128,1,2
8171,272.367,248,car,0.778,592,94,633,128,1,2
8172,272.4,248,car,0.7691,592,95,632,129,1,2
8173,272.433,248,car,0.7741,591,96,631,129,1,2
8174,272.467,248,car,0.7668,590,97,630,130,1,2
8175,272.5,248,car,0.7924,589,98,629,131,1,2
8176,272.533,248,car,0.8095,587,99,627,134,1,2
8177,272.567,248,car,0.8267,586,101,626,135,1,2
8178,272.6,248,car,0.7839,586,103,625,136,1,2
8179,272.633,248,car,0.7062,585,104,625,137,1,2
8180,272.667,248,car,0.7079,585,105,625,138,1,2
8181,272.7,248,car,0.6199,584,106,624,139,1,2
8184,272.8,248,car,0.6199,579,107,622,143,1,2
8185,272.833,248,car,0.7288,578,109,619,143,1,2
8186,272.867,248,car,0.7269,577,109,619,144,1,2
8187,272.9,248,car,0.7133,576,110,618,144,1,2
8188,272.933,248,car,0.7373,575,109,616,144,1,2
8189,272.967,248,car,0.7224,574,109,615,144,1,2
8190,273.0,248,car,0.7049,573,109,613,143,1,2
8191,273.033,248,car,0.7051,571,110,610,143,1,2
8192,273.067,248,car,0.7145,570,110,610,142,1,2
8193,273.1,248,car,0.7294,569,110,609,142,1,2
8194,273.133,248,car,0.7323,568,110,608,142,1,2
8195,273.167,248,car,0.7337,568,110,608,142,1,2
8196,273.2,248,car,0.7004,568,109,608,142,1,2
8197,273.233,248,car,0.714,567,109,606,141,1,2
8197,273.233,254,person,0.6432,314,374,1104,712,0,2
8198,273.267,248,car,0.7593,566,107,606,141,1,2
8199,273.3,248,car,0.7528,565,106,606,141,1,2
8199,273.3,254,person,0.6322,302,366,1111,711,0,2
8200,273.333,248,car,0.7792,563,106,605,139,1,2
8201,273.367,248,car,0.7838,563,105,605,139,1,2
8202,273.4,248,car,0.7962,563,105,603,138,1,2
8203,273.433,248,car,0.7971,563,105,603,138,1,2
8204,273.467,248,car,0.7945,563,105,602,137,1,2
8205,273.5,248,car,0.8098,563,105,601,136,1,2
8206,273.533,248,car,0.8005,562,105,601,136,1,2
8207,273.567,248,car,0.7923,562,105,601,136,1,2
8208,273.6,248,car,0.8133,562,105,600,135,1,2
8208,273.6,254,person,0.7272,290,353,1123,713,0,2
8209,273.633,248,car,0.8089,561,104,600,135,1,2
8209,273.633,254,person,0.7076,291,353,1115,713,0,2
8210,273.667,248,car,0.7966,561,104,599,135,1,2
8210,273.667,254,person,0.6738,301,360,1101,712,0,2
8211,273.7,248,car,0.8047,559,104,598,135,1,2
8211,273.7,254,person,0.6057,306,363,1094,712,0,2
8212,273.733,248,car,0.8012,557,103,597,135,1,2
8212,273.733,254,person,0.6583,307,365,1089,712,0,2
8213,273.767,248,car,0.774,555,103,597,135,1,2
8214,273.8,248,car,0.7522,554,102,595,135,1,2
8215,273.833,248,car,0.6744,553,101,594,134,1,2
8215,273.833,254,person,0.6639,303,362,1085,712,0,2
8216,273.867,248,car,0.6266,552,101,593,134,1,2
8216,273.867,254,person,0.6486,304,362,1082,712,0,2
8217,273.9,248,car,0.6984,551,101,592,133,1,2
8217,273.9,254,person,0.709,303,362,1080,712,0,2
8218,273.933,248,car,0.7245,549,99,590,133,1,2
8218,273.933,254,person,0.7005,302,361,1079,712,0,2
8219,273.967,248,car,0.7307,547,98,589,131,1,2
8220,274.0,248,car,0.7822,546,98,587,131,1,2
8220,274.0,254,person,0.6337,299,360,1074,712,0,2
8221,274.033,248,car,0.7387,545,97,586,130,1,2
8221,274.033,254,person,0.7031,298,360,1070,712,0,2
8222,274.067,248,car,0.7537,544,97,585,130,1,2
8222,274.067,254,person,0.6964,298,359,1070,712,0,2
8223,274.1,248,car,0.773,544,96,584,129,1,2
8223,274.1,254,person,0.6895,297,358,1069,711,0,2
8224,274.133,248,car,0.7559,542,96,583,129,1,2
8224,274.133,254,person,0.6522,295,355,1066,711,0,2
8225,274.167,248,car,0.7484,542,95,583,128,1,2
8225,274.167,254,person,0.6955,293,354,1065,711,0,2
8226,274.2,248,car,0.7478,541,95,582,128,1,2
8226,274.2,254,person,0.6308,289,354,1059,711,0,2
8227,274.233,248,car,0.7391,539,95,581,128,1,2
8228,274.267,248,car,0.7162,538,94,579,128,1,2
8229,274.3,248,car,0.7262,538,94,578,127,1,2
8230,274.333,248,car,0.7311,537,94,578,127,1,2
8231,274.367,248,car,0.7318,537,94,577,126,1,2
8232,274.4,248,car,0.7239,537,93,576,126,1,2
8233,274.433,248,car,0.7429,536,93,575,125,1,2
8234,274.467,248,car,0.7465,534,91,574,125,1,2
8234,274.467,254,person,0.6052,273,349,1050,712,0,2
8235,274.5,248,car,0.6629,531,90,573,125,1,2
8236,274.533,248,car,0.7006,530,90,571,123,1,2
8236,274.533,254,person,0.618,277,353,1041,712,0,2
8237,274.567,248,car,0.7563,529,89,570,123,1,2
8238,274.6,248,car,0.7912,529,89,569,122,1,2
8239,274.633,248,car,0.7978,529,90,567,121,1,2
8240,274.667,248,car,0.7864,528,90,566,121,1,2
8241,274.7,248,car,0.7138,526,88,566,121,1,2
8241,274.7,254,person,0.6059,266,347,1041,712,0,2
8242,274.733,248,car,0.6796,525,88,565,121,1,2
8242,274.733,254,person,0.7055,265,347,1040,712,0,2
8243,274.767,248,car,0.6572,525,88,565,121,1,2
8243,274.767,254,person,0.7343,266,347,1038,712,0,2
8244,274.8,248,car,0.6755,523,88,565,121,1,2
8244,274.8,254,person,0.7261,267,350,1035,712,0,2
8245,274.833,248,car,0.6462,523,88,563,121,1,2
8245,274.833,254,person,0.7028,270,353,1032,712,0,2
8246,274.867,248,car,0.6254,522,89,563,122,1,2
8246,274.867,254,person,0.6896,271,355,1030,712,0,2
8247,274.9,248,car,0.6283,522,89,562,122,1,2
8247,274.9,254,person,0.6984,273,361,1022,713,0,2
8248,274.933,248,car,0.6225,522,90,562,123,1,2
8248,274.933,254,person,0.7446,272,362,1018,713,0,2
8249,274.967,248,car,0.6128,522,90,562,123,1,2
8249,274.967,254,person,0.6592,272,365,1015,713,0,2
8250,275.0,248,car,0.6351,521,90,562,123,1,2
8251,275.033,248,car,0.6096,521,90,563,125,1,2
8251,275.033,254,person,0.628,272,366,1011,712,0,2
8254,275.133,-1,car,0.6158,350,107,392,135,0,2
8257,275.233,248,car,0.6187,520,89,563,126,1,2
8258,275.267,248,car,0.6731,521,89,563,126,1,2
8259,275.3,248,car,0.6025,521,89,565,126,1,2
8260,275.333,248,car,0.653,522,89,566,126,1,2
8261,275.367,248,car,0.6306,521,88,566,126,1,2
8264,275.467,248,car,0.6305,522,88,568,127,1,2
8265,275.5,248,car,0.6509,523,88,568,127,1,2
8266,275.533,248,car,0.7257,525,88,568,127,1,2
8267,275.567,248,car,0.7168,525,87,568,127,1,2
8267,275.567,263,stop sign,0.7103,417,62,445,91,0,2
8268,275.6,263,stop sign,0.558,416,63,445,93,0,2
8269,275.633,263,stop sign,0.6674,415,62,443,93,0,2
8269,275.633,248,car,0.62,526,88,570,127,1,2
8270,275.667,263,stop sign,0.745,413,62,442,93,0,2
8272,275.733,248,car,0.6658,528,88,573,128,1,2
8273,275.767,248,car,0.6215,529,89,573,129,1,2
8273,275.767,254,person,0.6286,301,362,1067,712,0,2
8274,275.8,248,car,0.6062,530,91,573,129,1,2
8274,275.8,254,person,0.6682,283,342,1096,713,0,2
8275,275.833,248,car,0.6737,531,93,574,130,1,2
8275,275.833,254,person,0.7191,279,341,1098,712,0,2
8276,275.867,248,car,0.6715,531,94,574,131,1,2
8276,275.867,254,person,0.708,275,341,1098,712,0,2
8277,275.9,-1,stop sign,0.4529,391,59,425,95,0,2
8278,275.933,264,stop sign,0.8055,386,59,421,96,0,2
8278,275.933,248,car,0.6427,533,96,575,134,1,2
8279,275.967,264,stop sign,0.6163,385,61,419,96,0,2
8279,275.967,248,car,0.6925,533,96,576,135,1,2
8280,276.0,264,stop sign,0.5279,378,59,414,96,0,2
8280,276.0,248,car,0.6596,534,96,576,135,1,2
8281,276.033,264,stop sign,0.5078,374,58,410,96,0,2
8282,276.067,264,stop sign,0.5384,370,58,407,96,0,2
8283,276.1,264,stop sign,0.447,363,57,402,97,0,2
8283,276.1,254,person,0.6226,280,345,1095,712,0,2
8284,276.133,264,stop sign,0.3569,357,57,395,97,0,2
8284,276.133,254,person,0.6238,281,345,1095,712,0,2
8285,276.167,264,stop sign,0.3286,351,56,392,97,0,2
8285,276.167,254,person,0.6898,282,345,1097,712,0,2
8286,276.2,264,stop sign,0.4281,343,54,385,97,0,2
8286,276.2,254,person,0.6343,285,345,1099,712,0,2
8287,276.233,264,stop sign,0.4044,331,51,377,99,0,2
8287,276.233,254,person,0.6113,283,344,1102,712,0,2
8287,276.233,266,car,0.6228,445,104,477,125,1,2
8288,276.267,264,stop sign,0.3713,323,49,373,99,0,2
8288,276.267,266,car,0.6202,446,105,477,123,1,2
8289,276.3,264,stop sign,0.5654,312,48,363,101,0,2
8289,276.3,266,car,0.6306,450,105,479,123,1,2
8290,276.333,264,stop sign,0.5061,299,47,353,103,0,2
8290,276.333,266,car,0.6872,453,105,483,125,1,2
8290,276.333,248,car,0.6033,541,98,581,135,1,2
8290,276.333,254,person,0.6315,280,344,1101,712,0,2
8291,276.367,264,stop sign,0.4482,289,45,345,104,0,2
8291,276.367,266,car,0.6933,454,104,486,123,1,2
8291,276.367,254,person,0.6406,280,344,1102,712,0,2
8292,276.4,266,car,0.6441,456,104,487,123,1,2
8292,276.4,248,car,0.6031,541,98,582,135,1,2
8293,276.433,266,car,0.6562,459,104,489,123,1,2
8294,276.467,266,car,0.6517,462,105,489,122,1,2
8295,276.5,266,car,0.6539,463,106,490,123,1,2
8296,276.533,266,car,0.6325,465,106,494,123,1,2
8296,276.533,248,car,0.6027,543,101,583,136,1,2
8297,276.567,266,car,0.681,465,106,495,125,1,2
8297,276.567,254,person,0.6254,555,355,1280,711,0,2
8298,276.6,266,car,0.7005,466,106,497,126,1,2
8298,276.6,248,car,0.6013,543,101,584,137,1,2
8299,276.633,266,car,0.7112,467,106,499,126,1,2
8300,276.667,266,car,0.7233,470,106,499,126,1,2
8300,276.667,254,person,0.6299,343,347,1105,714,0,2
8300,276.667,248,car,0.6095,543,104,583,138,1,2
8301,276.7,266,car,0.699,472,107,501,126,1,2
8301,276.7,254,person,0.6711,307,350,1080,714,0,2
8302,276.733,266,car,0.645,474,107,502,126,1,2
8302,276.733,254,person,0.605,296,351,1073,714,0,2
8303,276.767,266,car,0.6467,475,109,503,126,1,2
8303,276.767,254,person,0.6961,301,362,1063,714,0,2
8304,276.8,254,person,0.6972,299,370,1055,713,0,2
8305,276.833,254,person,0.6947,296,374,1051,713,0,2
8306,276.867,254,person,0.6892,291,376,1049,713,0,2
8307,276.9,254,person,0.6604,290,379,1050,713,0,2
8308,276.933,254,person,0.6675,283,381,1049,713,0,2
8309,276.967,254,person,0.6497,280,382,1049,713,0,2
8313,277.1,266,car,0.6726,490,115,518,133,1,2
8314,277.133,266,car,0.7177,493,115,519,133,1,2
8315,277.167,266,car,0.7289,494,115,519,133,1,2
8316,277.2,266,car,0.7229,494,117,520,134,1,2
8317,277.233,266,car,0.7356,495,117,521,134,1,2
8318,277.267,266,car,0.6936,496,117,522,134,1,2
8319,277.3,266,car,0.6025,498,118,522,134,1,2
8320,277.333,266,car,0.6246,502,118,525,134,1,2
8321,277.367,266,car,0.6084,503,119,526,134,1,2
8325,277.5,-1,car,0.6089,0,279,23,346,0,2
8326,277.533,268,car,0.6376,5,275,30,347,0,2
8329,277.633,-1,car,0.7441,0,218,77,342,0,2
8329,277.633,-1,person,0.6137,760,398,1082,711,0,2
8330,277.667,269,car,0.7223,3,221,80,345,0,2
8330,277.667,270,person,0.6378,762,399,1083,711,0,2
8331,277.7,269,car,0.7404,7,211,90,346,0,2
8335,277.833,254,person,0.6427,261,311,1169,714,0,2
8335,277.833,269,car,0.776,13,208,107,359,0,2
8336,277.867,254,person,0.7905,271,310,1163,714,0,2
8336,277.867,269,car,0.6244,13,203,114,361,0,2
8337,277.9,254,person,0.8575,279,304,1167,715,0,2
8337,277.9,269,car,0.8193,18,206,120,360,0,2
8338,277.933,254,person,0.7888,307,327,1144,714,0,2
8338,277.933,269,car,0.8652,22,206,125,354,0,2
8339,277.967,254,person,0.7791,319,339,1133,715,0,2
8339,277.967,269,car,0.8758,23,207,126,351,0,2
8340,278.0,254,person,0.8482,323,347,1126,715,0,2
8340,278.0,269,car,0.8797,25,207,129,346,0,2
8341,278.033,254,person,0.8577,329,352,1121,714,0,2
8341,278.033,269,car,0.7426,24,205,133,344,0,2
8342,278.067,254,person,0.8522,329,354,1121,713,0,2
8342,278.067,269,car,0.7855,24,207,134,342,0,2
8342,278.067,271,car,0.6613,575,94,621,131,1,2
8343,278.1,254,person,0.8442,328,352,1125,713,0,2
8343,278.1,269,car,0.8007,21,192,142,336,0,2
8343,278.1,271,car,0.6325,577,91,624,129,1,2
8344,278.133,254,person,0.8683,330,351,1128,713,0,2
8344,278.133,269,car,0.7855,23,205,135,331,0,2
8345,278.167,254,person,0.8431,333,352,1130,712,0,2
8345,278.167,269,car,0.8147,29,210,135,328,0,2
8345,278.167,271,car,0.6317,582,89,630,128,1,2
8346,278.2,254,person,0.8207,336,352,1136,712,0,2
8346,278.2,269,car,0.7093,41,214,141,318,0,2
8346,278.2,271,car,0.6686,586,87,634,127,1,2
8347,278.233,254,person,0.828,345,354,1144,712,0,2
8347,278.233,269,car,0.7405,61,214,154,311,0,2
8347,278.233,271,car,0.6809,593,86,640,125,1,2
8348,278.267,254,person,0.8254,347,352,1152,712,0,2
8348,278.267,269,car,0.6099,77,211,170,305,0,2
8349,278.3,254,person,0.8075,355,351,1163,712,0,2
8350,278.333,254,person,0.7981,374,351,1182,711,0,2
8351,278.367,254,person,0.7867,386,352,1193,712,0,2
8352,278.4,254,person,0.8234,402,352,1208,711,0,2
8353,278.433,254,person,0.7427,417,351,1227,711,0,2
8354,278.467,254,person,0.7948,427,351,1241,711,0,2
8355,278.5,254,person,0.8302,440,353,1253,711,0,2
8356,278.533,254,person,0.9005,440,344,1272,711,0,2
8357,278.567,254,person,0.8758,441,341,1280,711,0,2
8358,278.6,254,person,0.8863,445,339,1280,710,0,2
8359,278.633,254,person,0.8674,447,338,1280,710,0,2
8360,278.667,254,person,0.8153,448,337,1280,710,0,2
8361,278.7,254,person,0.7875,417,331,1274,710,0,2
8361,278.7,272,car,0.6548,359,107,495,191,1,2
8362,278.733,254,person,0.7134,423,323,1280,710,0,2
8362,278.733,272,car,0.7361,361,103,506,192,1,2
8363,278.767,254,person,0.7702,423,314,1280,710,0,2
8363,278.767,272,car,0.7666,367,101,513,190,1,2
8363,278.767,273,car,0.6191,717,37,762,77,0,2
8364,278.8,254,person,0.6996,421,303,1280,710,0,2
8364,278.8,272,car,0.7972,371,95,527,190,1,2
8364,278.8,273,car,0.6498,721,32,767,71,0,2
8365,278.833,254,person,0.7868,414,293,1280,710,0,2
8365,278.833,272,car,0.836,376,89,539,189,1,2
8365,278.833,273,car,0.71,725,24,774,66,0,2
8366,278.867,254,person,0.7511,416,288,1280,709,0,2
8366,278.867,272,car,0.8509,378,85,547,189,1,2
8366,278.867,273,car,0.7399,726,21,776,63,0,2
8367,278.9,254,person,0.6175,418,285,1280,707,0,2
8367,278.9,272,car,0.8272,384,80,551,183,1,2
8368,278.933,254,person,0.6683,419,282,1280,707,0,2
8368,278.933,272,car,0.8031,393,75,555,175,1,2
8369,278.967,254,person,0.7065,421,281,1280,707,0,2
8369,278.967,272,car,0.7955,399,73,558,171,1,2
8370,279.0,254,person,0.7679,422,280,1280,707,0,2
8370,279.0,272,car,0.7902,403,70,562,166,1,2
8371,279.033,254,person,0.7163,429,281,1280,707,0,2
8371,279.033,272,car,0.8192,410,66,573,165,1,2
8372,279.067,254,person,0.717,434,282,1280,707,0,2
8372,279.067,272,car,0.8333,416,65,578,163,1,2
8373,279.1,254,person,0.7224,438,282,1280,709,0,2
8373,279.1,272,car,0.8545,423,63,584,161,1,2
8374,279.133,254,person,0.7948,437,281,1280,709,0,2
8374,279.133,272,car,0.9047,429,59,593,161,1,2
8375,279.167,254,person,0.7914,438,279,1280,709,0,2
8375,279.167,272,car,0.9121,433,58,597,159,1,2
8376,279.2,254,person,0.8354,438,274,1280,709,0,2
8376,279.2,272,car,0.895,438,55,600,157,1,2
8377,279.233,254,person,0.7661,427,263,1280,709,0,2
8377,279.233,272,car,0.8702,443,53,606,154,1,2
8378,279.267,254,person,0.7877,425,257,1280,709,0,2
8378,279.267,272,car,0.886,447,51,608,154,1,2
8379,279.3,254,person,0.7566,422,251,1280,709,0,2
8379,279.3,272,car,0.8996,451,50,611,153,1,2
8380,279.333,254,person,0.786,424,249,1280,709,0,2
8380,279.333,272,car,0.887,457,48,614,151,1,2
8381,279.367,254,person,0.7826,427,249,1280,707,0,2
8381,279.367,272,car,0.8582,461,47,615,149,1,2
8382,279.4,254,person,0.7417,442,255,1280,707,0,2
8382,279.4,272,car,0.8872,465,47,617,147,1,2
8383,279.433,254,person,0.8132,451,259,1280,707,0,2
8383,279.433,272,car,0.8725,470,45,619,146,1,2
8383,279.433,274,car,0.6189,723,0,782,42,0,2
8384,279.467,254,person,0.8035,457,262,1280,707,0,2
8384,279.467,272,car,0.8792,474,45,621,144,1,2
8384,279.467,274,car,0.6113,723,0,782,42,0,2
8385,279.5,254,person,0.8067,456,259,1280,709,0,2
8385,279.5,272,car,0.8634,478,45,623,144,1,2
8385,279.5,274,car,0.6571,722,0,781,42,0,2
8386,279.533,254,person,0.8473,461,261,1280,707,0,2
8386,279.533,272,car,0.8661,482,43,625,144,1,2
8386,279.533,274,car,0.6852,723,0,782,42,0,2
8387,279.567,254,person,0.786,464,259,1280,707,0,2
8387,279.567,272,car,0.8719,485,43,626,143,1,2
8387,279.567,274,car,0.6784,723,0,782,42,0,2
8388,279.6,254,person,0.7854,465,258,1280,707,0,2
8388,279.6,272,car,0.8518,490,43,627,142,1,2
8388,279.6,274,car,0.6728,723,0,782,42,0,2
8389,279.633,254,person,0.7887,461,254,1280,707,0,2
8389,279.633,272,car,0.8769,494,42,630,139,1,2
8389,279.633,274,car,0.704,723,0,782,42,0,2
8390,279.667,254,person,0.7618,459,250,1280,707,0,2
8390,279.667,272,car,0.8297,496,41,631,139,1,2
8390,279.667,274,car,0.6945,723,0,782,42,0,2
8391,279.7,254,person,0.8219,458,248,1280,707,0,2
8391,279.7,272,car,0.7986,498,40,631,137,1,2
8391,279.7,274,car,0.6983,723,0,782,43,0,2
8392,279.733,254,person,0.8489,455,241,1280,707,0,2
8392,279.733,272,car,0.752,503,39,633,136,1,2
8392,279.733,274,car,0.7135,722,0,781,43,0,2
8393,279.767,254,person,0.8442,454,238,1280,707,0,2
8393,279.767,272,car,0.7655,505,39,634,136,1,2
8393,279.767,274,car,0.7048,722,0,781,43,0,2
8394,279.8,254,person,0.8285,454,234,1280,707,0,2
8394,279.8,272,car,0.6714,507,38,635,135,1,2
8394,279.8,274,car,0.6924,722,0,778,43,0,2
8395,279.833,254,person,0.8313,454,233,1280,709,0,2
8395,279.833,272,car,0.6456,511,37,635,131,1,2
8395,279.833,274,car,0.6523,721,0,778,43,0,2
8396,279.867,254,person,0.8477,457,237,1280,710,0,2
8396,279.867,272,truck,0.4831,513,37,637,131,1,2
8397,279.9,254,person,0.8762,465,247,1280,710,0,2
8397,279.9,272,car,0.6884,515,37,637,130,1,2
8398,279.933,254,person,0.8871,475,261,1274,710,0,2
8398,279.933,272,car,0.7753,519,37,637,129,1,2
8399,279.967,254,person,0.8801,482,271,1266,710,0,2
8399,279.967,272,car,0.7471,521,37,638,128,1,2
8400,280.0,254,person,0.8955,490,282,1256,709,0,2
8400,280.0,272,car,0.7734,523,35,639,127,1,2
8401,280.033,254,person,0.8706,491,290,1251,710,0,2
8401,280.033,272,car,0.6754,527,37,639,126,1,2
8402,280.067,254,person,0.8728,493,296,1249,711,0,2
8402,280.067,272,car,0.6947,528,37,639,126,1,2
8403,280.1,254,person,0.8755,493,299,1249,711,0,2
8403,280.1,272,car,0.721,529,37,639,125,1,2
8403,280.1,276,car,0.6495,90,257,184,349,0,2
8404,280.133,254,person,0.8728,498,305,1247,709,0,2
8404,280.133,272,car,0.6627,528,37,639,125,1,2
8404,280.133,276,car,0.6984,89,245,195,347,0,2
8405,280.167,254,person,0.8753,493,305,1250,710,0,2
8405,280.167,272,car,0.7082,528,37,638,126,1,2
8405,280.167,276,car,0.6565,89,235,203,346,0,2
8405,280.167,274,car,0.6665,706,2,767,49,0,2
8406,280.2,254,person,0.7936,497,310,1249,709,0,2
8406,280.2,272,car,0.643,528,35,638,126,1,2
8406,280.2,274,car,0.6568,705,3,765,51,0,2
8407,280.233,254,person,0.738,497,312,1249,709,0,2
8407,280.233,272,car,0.7317,527,35,637,126,1,2
8407,280.233,276,car,0.6111,93,217,219,337,0,2
8408,280.267,254,person,0.7857,494,312,1253,709,0,2
8408,280.267,272,car,0.7066,528,37,635,126,1,2
8409,280.3,254,person,0.8162,488,311,1255,710,0,2
8409,280.3,272,car,0.6673,528,38,633,125,1,2
8409,280.3,274,car,0.6039,702,10,758,54,0,2
8409,280.3,276,car,0.7768,88,200,248,347,0,2
8410,280.333,254,person,0.8458,488,312,1257,710,0,2
8410,280.333,272,car,0.7312,530,40,630,123,1,2
8410,280.333,276,car,0.7691,88,191,257,344,0,2
8411,280.367,254,person,0.8567,490,315,1256,710,0,2
8411,280.367,272,car,0.7131,531,41,627,121,1,2
8411,280.367,276,car,0.7141,86,184,258,337,0,2
8411,280.367,274,car,0.623,696,13,754,59,0,2
8412,280.4,254,person,0.8331,490,317,1256,709,0,2
8412,280.4,272,car,0.7399,533,41,626,120,1,2
8412,280.4,276,car,0.6785,90,182,264,331,0,2
8413,280.433,254,person,0.8697,488,318,1256,709,0,2
8413,280.433,272,car,0.7522,534,42,625,118,1,2
8413,280.433,276,car,0.7337,102,178,272,320,0,2
8413,280.433,274,car,0.65,690,15,749,61,0,2
8414,280.467,254,person,0.8544,485,319,1256,709,0,2
8414,280.467,272,car,0.752,534,42,624,117,1,2
8414,280.467,276,car,0.7989,111,177,275,312,0,2
8414,280.467,274,car,0.6635,689,16,746,61,0,2
8415,280.5,254,person,0.8236,480,319,1256,709,0,2
8415,280.5,272,car,0.7096,534,42,624,117,1,2
8415,280.5,276,car,0.7304,127,181,275,299,0,2
8415,280.5,274,car,0.673,688,16,747,62,0,2
8416,280.533,254,person,0.7554,474,317,1256,709,0,2
8416,280.533,272,car,0.709,534,42,624,117,1,2
8416,280.533,276,car,0.8372,141,179,279,289,0,2
8416,280.533,274,car,0.7078,687,16,746,63,0,2
8417,280.567,254,person,0.7664,471,315,1257,710,0,2
8417,280.567,272,car,0.6952,534,42,624,115,1,2
8417,280.567,276,car,0.7973,145,178,274,281,0,2
8417,280.567,274,car,0.6768,688,16,746,63,0,2
8418,280.6,254,person,0.7914,467,315,1257,710,0,2
8418,280.6,272,car,0.6628,534,42,624,115,1,2
8418,280.6,276,car,0.7657,160,184,277,275,0,2
8418,280.6,274,car,0.6627,687,16,745,64,0,2
8419,280.633,254,person,0.8351,465,313,1261,710,0,2
8419,280.633,272,car,0.7321,534,41,625,115,1,2
8419,280.633,274,car,0.6285,687,16,745,64,0,2
8420,280.667,254,person,0.8466,463,310,1265,709,0,2
8420,280.667,272,car,0.7409,535,41,625,114,1,2
8420,280.667,274,car,0.6295,686,16,744,64,0,2
8421,280.7,254,person,0.828,461,307,1269,710,0,2
8421,280.7,272,car,0.648,536,41,625,113,1,2
8421,280.7,274,car,0.6249,686,16,743,64,0,2
8422,280.733,254,person,0.7796,455,305,1270,710,0,2
8422,280.733,272,car,0.6209,536,41,624,113,1,2
8422,280.733,274,car,0.619,685,16,743,64,0,2
8423,280.767,254,person,0.7918,454,304,1272,710,0,2
8423,280.767,272,car,0.6473,536,40,625,113,1,2
8423,280.767,274,car,0.6404,683,16,742,64,0,2
8424,280.8,254,person,0.8242,451,299,1279,710,0,2
8424,280.8,272,car,0.7153,537,41,625,112,1,2
8424,280.8,274,car,0.6355,683,17,742,65,0,2
8425,280.833,254,person,0.8494,448,297,1280,710,0,2
8425,280.833,272,car,0.6556,539,41,626,112,1,2
8425,280.833,274,car,0.64,683,17,742,65,0,2
8426,280.867,254,person,0.8348,448,294,1280,710,0,2
8426,280.867,272,car,0.6477,541,41,626,111,1,2
8426,280.867,274,car,0.6332,682,16,742,65,0,2
8427,280.9,254,person,0.7979,448,295,1280,710,0,2
8427,280.9,272,car,0.7475,541,41,627,111,1,2
8428,280.933,254,person,0.773,449,296,1280,711,0,2
8428,280.933,272,car,0.7548,541,38,630,111,1,2
8429,280.967,254,person,0.7643,451,297,1280,711,0,2
8429,280.967,272,car,0.7158,539,35,632,111,1,2
8429,280.967,278,car,0.668,339,101,433,166,0,2
8430,281.0,254,person,0.76,451,298,1278,710,0,2
8430,281.0,272,car,0.7348,541,35,632,111,1,2
8430,281.0,278,car,0.7564,347,97,437,159,0,2
8430,281.0,274,car,0.6654,682,16,741,65,0,2
8431,281.033,254,person,0.7928,451,297,1280,710,0,2
8431,281.033,272,car,0.7646,544,37,632,111,1,2
8431,281.033,278,car,0.6923,353,95,443,158,0,2
8431,281.033,274,car,0.6365,683,15,743,64,0,2
8432,281.067,254,person,0.8052,453,296,1280,710,0,2
8432,281.067,272,car,0.6892,546,38,631,110,1,2
8432,281.067,278,car,0.6804,358,95,447,158,0,2
8432,281.067,274,car,0.6441,685,15,743,64,0,2
8433,281.1,254,person,0.8107,454,297,1280,710,0,2
8433,281.1,272,car,0.6605,549,37,631,107,1,2
8433,281.1,274,car,0.7247,687,15,744,63,0,2
8434,281.133,254,person,0.8193,430,298,1259,710,0,2
8434,281.133,272,car,0.6267,554,34,635,105,1,2
8434,281.133,274,car,0.7433,688,14,746,61,0,2
8434,281.133,278,car,0.7608,355,88,455,157,0,2
8435,281.167,254,person,0.7899,414,301,1248,710,0,2
8435,281.167,272,car,0.6642,559,32,640,103,1,2
8435,281.167,274,car,0.7356,691,13,749,59,0,2
8435,281.167,278,car,0.6913,355,83,463,155,1,2
8436,281.2,254,person,0.7614,417,299,1257,710,0,2
8436,281.2,272,car,0.6492,565,30,645,98,1,2
8436,281.2,274,car,0.6806,694,9,754,58,0,2
8437,281.233,254,person,0.8296,409,299,1254,710,0,2
8437,281.233,272,car,0.7176,568,25,649,96,1,2
8437,281.233,274,car,0.6866,699,6,760,56,0,2
8438,281.267,254,person,0.8351,385,299,1239,710,0,2
8438,281.267,272,car,0.7103,574,21,656,94,1,2
8438,281.267,274,car,0.7333,703,3,763,54,0,2
8439,281.3,254,person,0.8199,389,302,1246,710,0,2
8439,281.3,272,car,0.718,577,16,659,89,1,2
8439,281.3,274,car,0.6724,710,2,768,49,0,2
8440,281.333,254,person,0.8638,419,301,1275,710,0,2
8440,281.333,272,car,0.7011,583,9,666,85,1,2
8440,281.333,274,car,0.752,717,0,773,46,0,2
8441,281.367,254,person,0.8556,437,302,1280,710,0,2
8441,281.367,272,car,0.7487,592,10,671,81,1,2
8441,281.367,274,car,0.7175,720,0,775,42,0,2
8442,281.4,254,person,0.883,443,299,1280,710,0,2
8442,281.4,272,car,0.6927,597,7,677,79,0,2
8442,281.4,274,car,0.6359,728,0,779,39,0,2
8442,281.4,278,car,0.7114,416,50,530,128,1,2
8443,281.433,254,person,0.8663,453,304,1280,710,0,2
8443,281.433,272,car,0.7056,602,5,680,74,0,2
8443,281.433,278,car,0.6677,427,47,537,121,1,2
8444,281.467,254,person,0.8755,456,305,1280,710,0,2
8444,281.467,272,car,0.7301,607,1,682,70,0,2
8444,281.467,278,car,0.7039,434,42,544,118,1,2
8445,281.5,254,person,0.8351,453,303,1280,709,0,2
8445,281.5,272,car,0.7201,615,0,688,65,0,2
8445,281.5,278,car,0.7486,443,38,552,112,1,2
8446,281.533,254,person,0.8365,439,298,1280,709,0,2
8446,281.533,272,car,0.6877,619,0,690,61,0,2
8447,281.567,254,person,0.7678,430,293,1280,707,0,2
8447,281.567,272,car,0.7076,623,0,690,58,0,2
8448,281.6,254,person,0.8197,413,288,1278,709,0,2
8448,281.6,272,car,0.6745,629,0,691,53,0,2
8449,281.633,254,person,0.7441,401,281,1278,707,0,2
8449,281.633,272,car,0.6709,635,0,696,49,0,2
8449,281.633,278,car,0.7129,475,24,574,91,1,2
8450,281.667,254,person,0.7104,403,279,1280,707,0,2
8450,281.667,272,car,0.7141,640,0,698,47,0,2
8450,281.667,278,car,0.7467,480,21,577,89,1,2
8451,281.7,254,person,0.8088,392,274,1280,707,0,2
8451,281.7,272,car,0.7316,642,0,699,45,0,2
8451,281.7,278,car,0.7415,486,17,582,85,1,2
8452,281.733,254,person,0.7794,393,267,1280,709,0,2
8452,281.733,272,car,0.6989,646,0,703,43,0,2
8452,281.733,278,car,0.6785,493,15,585,80,1,2
8453,281.767,254,person,0.7211,382,264,1280,709,0,2
8453,281.767,272,car,0.6855,647,0,705,45,0,2
8453,281.767,278,car,0.6745,498,16,587,79,1,2
8454,281.8,254,person,0.6645,384,267,1280,710,0,2
8454,281.8,272,car,0.6978,648,0,706,42,0,2
8454,281.8,278,car,0.7437,502,13,591,75,1,2
8454,281.8,281,cell phone,0.3821,621,218,968,368,0,2
8455,281.833,254,person,0.709,400,259,1280,710,0,2
8455,281.833,272,car,0.7134,649,0,706,41,0,2
8455,281.833,278,car,0.6451,507,8,597,72,1,2
8455,281.833,281,cell phone,0.4403,625,217,963,363,0,2
8456,281.867,254,person,0.7371,408,256,1280,709,0,2
8456,281.867,272,car,0.6814,650,0,707,40,0,2
8456,281.867,278,car,0.6377,512,8,598,70,1,2
8456,281.867,281,cell phone,0.4343,629,217,962,361,0,2
8457,281.9,254,person,0.6472,429,280,1280,709,0,2
8457,281.9,272,car,0.6569,653,0,710,40,0,2
8457,281.9,278,car,0.6819,515,6,602,69,1,2
8457,281.9,281,cell phone,0.3748,630,216,963,360,0,2
8458,281.933,272,car,0.6492,654,0,711,39,0,2
8458,281.933,278,car,0.6368,520,7,603,66,1,2
8459,281.967,272,car,0.6416,654,0,712,39,0,2
8459,281.967,278,car,0.7071,521,2,607,65,1,2
8460,282.0,272,car,0.6323,653,0,713,40,0,2
8460,282.0,278,car,0.6605,525,1,609,64,1,2
8461,282.033,272,car,0.7599,653,0,715,41,0,2
8461,282.033,278,car,0.6273,529,1,611,63,1,2
8461,282.033,281,cell phone,0.3195,638,222,961,361,0,2
8462,282.067,272,car,0.7558,651,0,718,43,0,2
8462,282.067,278,car,0.6412,531,2,613,63,1,2
8462,282.067,281,cell phone,0.3532,637,221,963,361,0,2
8463,282.1,272,car,0.7417,650,0,718,45,0,2
8464,282.133,272,car,0.7298,647,0,720,49,0,2
8465,282.167,272,car,0.6791,643,0,722,53,0,2
8466,282.2,272,car,0.6636,640,0,723,58,0,2
8467,282.233,272,car,0.733,635,3,722,65,0,2
8467,282.233,282,car,0.6659,752,0,821,43,0,2
8468,282.267,272,car,0.7436,634,8,720,70,0,2
8469,282.3,272,car,0.7741,633,14,715,75,0,2
8469,282.3,282,car,0.6923,741,2,823,55,0,2
8470,282.333,272,car,0.797,631,21,713,82,0,2
8470,282.333,283,car,0.6007,538,41,603,89,1,2
8470,282.333,282,car,0.6575,737,8,822,63,0,2
8471,282.367,272,car,0.7798,629,25,711,88,0,2
8471,282.367,283,car,0.6224,538,46,601,93,1,2
8471,282.367,282,car,0.6601,735,13,819,67,0,2
8472,282.4,272,car,0.7314,627,31,707,93,0,2
8473,282.433,272,car,0.7351,626,35,704,97,0,2
8473,282.433,283,car,0.6592,537,53,602,101,1,2
8473,282.433,282,car,0.6718,731,26,814,81,0,2
8474,282.467,272,car,0.7001,626,39,703,101,0,2
8474,282.467,283,car,0.6783,537,56,600,103,1,2
8474,282.467,282,car,0.6402,731,31,811,86,0,2
8475,282.5,272,car,0.6717,625,43,701,105,0,2
8475,282.5,283,car,0.65,539,61,599,105,1,2
8475,282.5,282,car,0.66,731,37,808,89,0,2
8476,282.533,272,car,0.7217,625,47,699,109,1,2
8476,282.533,283,car,0.6644,541,63,600,107,1,2
8477,282.567,272,car,0.7021,625,50,698,111,1,2
8477,282.567,283,car,0.692,541,65,601,109,1,2
8477,282.567,282,car,0.6171,729,42,806,97,0,2
8478,282.6,272,car,0.7128,625,53,697,112,1,2
8479,282.633,272,car,0.66,625,55,695,114,1,2
8480,282.667,272,car,0.64,626,56,695,114,1,2
8481,282.7,272,car,0.6468,626,58,694,115,1,2
8481,282.7,283,car,0.6107,545,70,603,112,1,2
8482,282.733,272,car,0.6819,626,59,694,118,1,2
8482,282.733,283,car,0.6047,547,70,605,112,1,2
8483,282.767,272,car,0.6453,626,59,695,119,1,2
8483,282.767,283,car,0.6417,550,71,605,112,1,2
8484,282.8,272,car,0.6902,627,61,694,119,1,2
8484,282.8,283,car,0.6577,551,71,606,112,1,2
8484,282.8,288,truck,0.5631,303,57,461,129,0,2
8485,282.833,272,car,0.6951,629,63,694,119,1,2
8485,282.833,283,car,0.6389,553,73,607,112,1,2
8485,282.833,288,truck,0.4774,303,58,457,129,0,2
8486,282.867,272,car,0.7204,630,63,694,120,1,2
8486,282.867,283,car,0.6273,553,73,607,112,1,2
8486,282.867,288,truck,0.3788,297,59,445,127,0,2
8487,282.9,272,car,0.7273,630,63,695,120,1,2
8487,282.9,283,car,0.6297,554,72,609,112,1,2
8487,282.9,288,truck,0.478,280,61,431,130,0,2
8488,282.933,272,car,0.7176,631,63,695,120,1,2
8488,282.933,288,truck,0.5085,271,61,422,130,0,2
8488,282.933,290,car,0.6731,741,56,802,107,0,2
8489,282.967,272,car,0.7295,631,63,696,120,1,2
8489,282.967,288,truck,0.5597,264,61,417,131,0,2
8489,282.967,290,car,0.7171,741,57,802,107,0,2
8490,283.0,272,car,0.7275,632,63,697,120,1,2
8490,283.0,288,truck,0.3765,258,61,407,130,0,2
8490,283.0,290,car,0.6075,742,57,803,109,0,2
8491,283.033,272,car,0.6964,633,63,697,120,1,2
8491,283.033,288,truck,0.3163,250,62,399,133,0,2
8491,283.033,290,truck,0.3631,742,57,805,110,0,2
8492,283.067,272,car,0.6726,633,63,698,120,1,2
8492,283.067,288,truck,0.3371,243,63,392,134,0,2
8492,283.067,290,truck,0.384,742,57,806,110,0,2
8493,283.1,272,car,0.6698,634,63,698,120,1,2
8493,283.1,288,truck,0.3289,243,64,382,133,0,2
8493,283.1,290,car,0.6034,744,58,806,110,0,2
8494,283.133,272,car,0.6974,635,62,698,119,1,2
8494,283.133,290,car,0.6489,745,59,806,110,0,2
8495,283.167,272,car,0.7196,635,62,698,118,1,2
8495,283.167,290,car,0.6736,746,59,807,110,0,2
8496,283.2,272,car,0.7076,635,63,699,119,1,2
8496,283.2,290,car,0.7292,746,59,808,110,0,2
8496,283.2,291,person,0.6501,375,389,579,713,0,2
8497,283.233,272,car,0.7086,637,63,698,118,1,2
8497,283.233,290,car,0.7457,746,59,809,111,0,2
8497,283.233,291,person,0.6228,374,387,578,713,0,2
8498,283.267,272,car,0.6558,637,62,698,118,1,2
8498,283.267,290,car,0.7395,746,59,810,111,0,2
8499,283.3,272,car,0.6921,637,63,698,118,1,2
8499,283.3,290,car,0.7672,747,61,810,112,0,2
8500,283.333,272,car,0.6903,637,64,697,119,1,2
8500,283.333,290,car,0.7482,746,61,810,113,0,2
8500,283.333,291,person,0.6235,368,389,573,713,0,2
8501,283.367,272,car,0.6897,637,64,697,119,1,2
8501,283.367,290,car,0.7321,746,61,810,114,0,2
8502,283.4,272,car,0.7019,637,65,697,119,1,2
8502,283.4,290,car,0.731,746,61,811,114,0,2
8503,283.433,272,car,0.658,635,66,697,121,1,2
8503,283.433,290,car,0.6705,746,61,813,115,0,2
8504,283.467,272,car,0.6284,634,66,697,122,1,2
8504,283.467,290,car,0.6571,745,61,813,115,0,2
8505,283.5,272,car,0.6669,634,66,697,122,1,2
8505,283.5,290,car,0.7291,745,62,813,117,0,2
8506,283.533,272,car,0.6387,634,66,697,122,1,2
8506,283.533,290,car,0.7217,746,62,813,117,0,2
8507,283.567,272,car,0.7039,634,66,696,122,1,2
8507,283.567,290,car,0.7117,746,62,813,117,0,2
8508,283.6,272,car,0.7266,634,66,696,122,1,2
8508,283.6,290,car,0.7082,746,62,814,117,0,2
8509,283.633,272,car,0.6861,634,66,696,122,1,2
8509,283.633,290,car,0.6941,747,62,815,117,0,2
8510,283.667,272,car,0.7037,635,65,696,121,1,2
8510,283.667,290,car,0.7268,747,62,815,117,0,2
8511,283.7,272,car,0.6818,635,66,697,122,1,2
8511,283.7,290,car,0.6996,747,62,816,118,0,2
8512,283.733,272,car,0.6368,635,66,697,122,1,2
8512,283.733,290,car,0.6926,747,63,817,119,0,2
8513,283.767,272,car,0.6341,635,66,697,123,1,2
8513,283.767,290,car,0.6343,749,63,818,120,0,2
8514,283.8,272,car,0.6974,637,67,697,123,1,2
8514,283.8,290,car,0.6714,750,64,818,121,0,2
8515,283.833,272,car,0.6843,638,69,697,125,1,2
8515,283.833,290,car,0.7228,751,65,819,122,0,2
8516,283.867,272,car,0.6988,638,70,697,125,1,2
8516,283.867,290,car,0.6827,751,66,821,122,0,2
8516,283.867,292,car,0.7005,597,70,635,103,1,2
8517,283.9,272,car,0.6978,639,71,697,125,1,2
8517,283.9,290,truck,0.3285,751,66,822,125,0,2
8517,283.9,292,car,0.6559,597,70,637,104,1,2
8518,283.933,272,car,0.684,640,72,697,126,1,2
8518,283.933,290,car,0.6961,752,67,823,126,0,2
8519,283.967,272,car,0.6167,639,73,697,127,1,2
8519,283.967,290,car,0.728,752,67,824,126,0,2
8520,284.0,290,car,0.7101,753,69,824,127,0,2
8521,284.033,290,car,0.7563,753,70,824,128,0,2
8521,284.033,272,car,0.6257,640,77,696,128,1,2
8522,284.067,290,car,0.7012,752,71,823,129,0,2
8522,284.067,272,car,0.6712,639,77,696,129,1,2
8523,284.1,290,car,0.6482,752,73,822,130,0,2
8523,284.1,272,car,0.7206,639,78,695,130,1,2
8523,284.1,292,car,0.6029,605,82,637,111,1,2
8524,284.133,290,car,0.6626,752,75,822,131,0,2
8524,284.133,272,car,0.7455,639,80,695,131,1,2
8524,284.133,293,cell phone,0.472,913,350,1222,665,0,2
8524,284.133,292,car,0.605,603,83,638,112,1,2
8525,284.167,290,car,0.6957,752,78,822,133,0,2
8525,284.167,272,car,0.722,638,80,695,134,1,2
8525,284.167,293,cell phone,0.5921,913,351,1217,662,0,2
8526,284.2,290,car,0.726,752,79,822,135,0,2
8526,284.2,272,car,0.7355,637,81,695,135,1,2
8526,284.2,293,cell phone,0.3169,909,352,1214,663,0,2
8527,284.233,290,car,0.7102,752,80,822,135,0,2
8527,284.233,272,car,0.7141,637,83,694,136,1,2
8527,284.233,293,cell phone,0.3653,911,355,1214,663,0,2
8528,284.267,290,car,0.7317,752,81,823,137,0,2
8528,284.267,272,car,0.7165,635,83,694,137,1,2
8528,284.267,293,cell phone,0.3445,907,358,1217,670,0,2
8529,284.3,290,car,0.7547,752,82,823,138,0,2
8529,284.3,272,car,0.7253,635,85,694,138,1,2
8529,284.3,293,cell phone,0.3852,901,358,1222,680,0,2
8530,284.333,290,car,0.7749,752,82,824,139,0,2
8530,284.333,272,car,0.7161,637,86,693,138,1,2
8530,284.333,293,cell phone,0.4415,902,359,1219,675,0,2
8531,284.367,290,car,0.7983,753,83,825,141,0,2
8531,284.367,272,car,0.7118,637,87,693,139,1,2
8531,284.367,293,cell phone,0.4541,905,359,1216,667,0,2
8531,284.367,295,car,0.6095,339,117,383,144,0,2
8532,284.4,290,car,0.793,753,83,825,141,0,2
8532,284.4,272,car,0.7119,637,87,693,138,1,2
8532,284.4,293,cell phone,0.494,905,359,1216,664,0,2
8532,284.4,295,car,0.6668,327,119,371,146,0,2
8533,284.433,290,car,0.7984,754,83,826,139,0,2
8533,284.433,272,car,0.7602,638,86,694,138,1,2
8533,284.433,295,car,0.7326,312,121,357,149,0,2
8534,284.467,290,car,0.7564,757,83,829,139,0,2
8534,284.467,272,car,0.781,639,86,695,137,1,2
8535,284.5,290,car,0.7303,759,82,832,139,0,2
8535,284.5,272,car,0.8233,642,85,697,136,1,2
8536,284.533,290,car,0.7759,762,80,837,137,0,2
8536,284.533,272,car,0.7048,645,82,701,135,1,2
8537,284.567,290,car,0.8434,767,79,840,136,0,2
8537,284.567,272,car,0.7561,649,82,704,133,1,2
8538,284.6,290,car,0.7477,773,75,847,134,0,2
8538,284.6,272,car,0.8176,655,80,710,130,1,2
8539,284.633,290,car,0.8305,779,72,855,130,0,2
8539,284.633,272,car,0.7255,663,77,718,126,0,2
8540,284.667,290,car,0.7703,786,69,862,128,0,2
8540,284.667,272,car,0.6688,669,73,725,123,0,2
8541,284.7,290,car,0.7343,795,66,872,126,0,2
8541,284.7,272,car,0.7394,678,70,734,121,0,2
8542,284.733,290,car,0.7559,807,62,883,121,0,2
8542,284.733,272,car,0.642,688,65,744,115,0,2
8542,284.733,298,car,0.6408,527,73,562,93,1,2
8543,284.767,290,car,0.7562,815,59,891,119,0,2
8543,284.767,272,car,0.6128,695,63,751,113,0,2
8543,284.767,298,car,0.6497,528,71,562,89,1,2
8544,284.8,290,car,0.7638,824,57,902,117,0,2
8544,284.8,272,car,0.7393,704,58,761,110,0,2
8544,284.8,298,car,0.6702,529,69,563,87,1,2
8544,284.8,293,person,0.7521,595,354,1041,712,0,2
8545,284.833,290,car,0.754,833,54,912,113,0,2
8545,284.833,272,car,0.7554,713,55,769,106,0,2
8545,284.833,298,car,0.6944,530,65,566,85,1,2
8545,284.833,300,car,0.6016,491,70,521,88,1,2
8545,284.833,293,person,0.7223,560,354,1071,713,0,2
8546,284.867,290,car,0.8176,841,51,919,112,0,2
8546,284.867,272,car,0.7546,720,54,776,103,0,2
8546,284.867,298,car,0.665,529,63,567,85,1,2
8546,284.867,293,person,0.7464,541,352,1104,713,0,2
8546,284.867,301,car,0.6969,86,142,200,199,0,2
8547,284.9,290,car,0.6971,848,50,926,109,0,2
8547,284.9,272,car,0.6799,727,50,784,102,0,2
8547,284.9,293,person,0.6384,523,352,1128,713,0,2
8547,284.9,301,car,0.6981,67,150,177,205,0,2
8548,284.933,290,car,0.706,855,47,936,109,0,2
8548,284.933,272,car,0.7265,734,48,791,98,0,2
8549,284.967,290,car,0.6578,858,46,941,107,0,2
8549,284.967,272,car,0.7018,738,47,795,97,0,2
8549,284.967,293,person,0.6051,515,353,1150,712,0,2
8550,285.0,290,car,0.7108,863,45,945,106,0,2
8550,285.0,272,car,0.6776,742,43,802,97,0,2
8550,285.0,293,person,0.6444,503,355,1163,712,0,2
8551,285.033,290,car,0.6318,869,45,950,106,0,2
8551,285.033,272,car,0.7955,746,43,806,97,0,2
8551,285.033,293,person,0.6799,496,355,1181,712,0,2
8552,285.067,290,car,0.7067,871,45,953,106,0,2
8552,285.067,272,car,0.7962,749,42,808,96,0,2
8552,285.067,300,car,0.6707,503,64,538,85,1,2
8553,285.1,290,car,0.7457,874,45,955,106,0,2
8553,285.1,272,car,0.7849,752,43,810,96,0,2
8553,285.1,300,car,0.6504,495,64,534,87,1,2
8554,285.133,290,car,0.7704,875,45,958,106,0,2
8554,285.133,272,car,0.8067,754,45,811,96,0,2
8555,285.167,290,car,0.7775,877,45,959,106,0,2
8555,285.167,272,car,0.8083,755,45,813,96,0,2
8556,285.2,290,car,0.8118,877,45,960,106,0,2
8556,285.2,272,car,0.8177,755,46,813,96,0,2
8557,285.233,290,car,0.7613,875,46,959,107,0,2
8557,285.233,272,car,0.7832,753,45,811,97,0,2
8557,285.233,293,person,0.6881,489,361,1190,711,0,2
8558,285.267,290,car,0.7374,875,46,958,107,0,2
8558,285.267,272,car,0.7919,752,46,809,97,0,2
8558,285.267,293,person,0.7741,475,362,1195,711,0,2
8559,285.3,290,car,0.7218,872,48,955,110,0,2
8559,285.3,272,car,0.7757,747,46,807,98,0,2
8560,285.333,290,car,0.741,867,50,952,112,0,2
8560,285.333,272,car,0.7295,745,48,802,99,0,2
8561,285.367,290,car,0.7948,864,50,949,113,0,2
8561,285.367,272,car,0.7237,742,48,800,101,0,2
8562,285.4,290,car,0.8106,859,53,944,115,0,2
8562,285.4,272,car,0.6958,736,50,793,102,0,2
8563,285.433,290,car,0.8061,853,54,937,118,0,2
8563,285.433,272,car,0.7809,728,53,786,105,0,2
8563,285.433,307,stop sign,0.5118,947,9,975,40,0,2
8564,285.467,290,car,0.7651,847,56,933,119,0,2
8564,285.467,272,car,0.8001,723,54,783,106,0,2
8564,285.467,307,stop sign,0.5237,946,10,974,40,0,2
8565,285.5,290,car,0.8191,840,58,926,122,0,2
8565,285.5,272,car,0.7746,719,57,776,107,0,2
8565,285.5,307,stop sign,0.4309,946,13,973,40,0,2
8566,285.533,290,car,0.7481,832,61,918,125,0,2
8566,285.533,272,car,0.7439,711,59,769,111,0,2
8566,285.533,307,stop sign,0.336,947,13,973,40,0,2
8566,285.533,293,person,0.6242,713,368,1280,711,0,2
8567,285.567,290,car,0.7395,827,62,913,126,0,2
8567,285.567,272,car,0.7403,704,59,765,113,0,2
8567,285.567,307,stop sign,0.3329,946,13,973,41,0,2
8567,285.567,293,person,0.643,752,369,1280,711,0,2
8568,285.6,290,car,0.7627,822,64,907,127,0,2
8568,285.6,272,car,0.7427,699,63,759,117,0,2
8568,285.6,309,car,0.7356,29,158,163,235,0,2
8569,285.633,290,car,0.7302,816,66,899,128,0,2
8569,285.633,272,car,0.7711,694,65,753,119,0,2
8569,285.633,309,car,0.719,34,160,146,225,0,2
8569,285.633,293,person,0.6631,502,370,1113,712,0,2
8570,285.667,290,car,0.878,811,67,895,129,0,2
8570,285.667,272,car,0.7853,689,67,749,119,0,2
8570,285.667,309,car,0.6733,6,165,121,231,0,2
8570,285.667,293,person,0.6113,663,377,1215,711,0,2
8571,285.7,290,car,0.8126,806,69,890,130,0,2
8571,285.7,272,car,0.7853,683,69,743,121,0,2
8572,285.733,290,car,0.7432,800,69,886,131,0,2
8572,285.733,272,car,0.7888,679,70,738,122,0,2
8572,285.733,293,person,0.6177,730,377,1243,711,0,2
8573,285.767,290,car,0.7715,797,69,883,131,0,2
8573,285.767,272,car,0.7528,675,70,736,123,0,2
8573,285.767,293,person,0.6227,754,376,1238,711,0,2
8574,285.8,290,car,0.8588,793,70,880,133,0,2
8574,285.8,272,car,0.7255,672,70,733,123,0,2
8575,285.833,290,car,0.8562,790,70,877,134,0,2
8576,285.867,290,car,0.8313,789,70,875,134,0,2
8577,285.9,290,car,0.8325,786,71,873,134,0,2
8577,285.9,272,car,0.6584,666,72,723,125,0,2
8578,285.933,290,car,0.8306,785,71,872,134,0,2
8578,285.933,272,car,0.742,664,73,721,125,0,2
8579,285.967,290,car,0.8253,784,71,871,134,0,2
8579,285.967,272,car,0.7593,663,73,721,125,0,2
8580,286.0,290,car,0.8148,783,71,871,135,0,2
8580,286.0,272,car,0.7934,663,73,721,125,0,2
8581,286.033,290,car,0.8077,782,71,870,135,0,2
8581,286.033,272,car,0.7736,662,72,720,125,0,2
8582,286.067,290,car,0.8227,782,71,870,135,0,2
8582,286.067,272,car,0.7798,662,72,720,125,0,2
8583,286.1,290,car,0.8331,783,71,871,135,0,2
8583,286.1,272,car,0.7573,662,71,721,123,0,2
8583,286.1,315,person,0.6676,314,360,1133,712,0,2
8584,286.133,290,car,0.8522,784,71,873,134,0,2
8584,286.133,272,car,0.7018,663,70,722,123,0,2
8584,286.133,315,person,0.6963,315,355,1141,712,0,2
8585,286.167,290,car,0.8443,786,71,874,134,0,2
8585,286.167,272,car,0.6495,664,70,723,123,0,2
8585,286.167,315,person,0.7502,317,353,1147,711,0,2
8586,286.2,290,car,0.8198,787,71,878,135,0,2
8586,286.2,272,car,0.6946,667,69,727,122,0,2
8586,286.2,315,person,0.6696,320,353,1152,711,0,2
8587,286.233,290,car,0.7531,792,71,883,136,0,2
8587,286.233,272,car,0.6943,672,69,733,122,0,2
8588,286.267,290,car,0.8436,797,72,888,137,0,2
8588,286.267,272,car,0.7758,675,70,736,122,0,2
8589,286.3,290,car,0.8048,805,73,896,138,0,2
8589,286.3,272,car,0.7824,683,69,743,122,0,2
8589,286.3,315,person,0.6969,351,359,1173,712,0,2
8590,286.333,290,car,0.7576,814,74,905,141,0,2
8590,286.333,272,car,0.7388,693,70,751,122,0,2
8590,286.333,315,person,0.6804,365,363,1179,713,0,2
8590,286.333,293,cell phone,0.4425,907,360,1280,678,0,2
8591,286.367,290,car,0.7644,821,75,913,141,0,2
8591,286.367,272,car,0.6709,699,69,759,122,0,2
8591,286.367,315,person,0.6887,377,367,1186,713,0,2
8591,286.367,293,cell phone,0.6696,929,362,1280,675,0,2
8592,286.4,290,car,0.8184,832,75,923,141,0,2
8592,286.4,272,car,0.7491,709,69,769,123,0,2
8592,286.4,315,person,0.7016,384,367,1193,712,0,2
8593,286.433,290,car,0.7382,845,75,936,141,0,2
8593,286.433,272,car,0.7472,720,69,781,123,0,2
8594,286.467,290,car,0.7597,851,75,945,141,0,2
8594,286.467,272,car,0.6738,728,67,789,122,0,2
8594,286.467,293,cell phone,0.3792,967,370,1280,677,0,2
8594,286.467,315,person,0.6037,405,369,1208,712,0,2
8595,286.5,290,car,0.7671,862,74,958,142,0,2
8595,286.5,272,car,0.7457,739,67,800,122,0,2
8595,286.5,293,cell phone,0.4252,978,371,1280,686,0,2
8595,286.5,315,person,0.7164,416,371,1219,713,0,2
8596,286.533,290,car,0.7258,873,73,970,142,0,2
8596,286.533,272,car,0.7496,751,67,811,121,0,2
8596,286.533,315,person,0.7423,422,368,1232,712,0,2
8597,286.567,290,car,0.7557,881,73,979,143,0,2
8597,286.567,272,car,0.7289,759,66,818,120,0,2
8597,286.567,315,person,0.7481,423,366,1241,713,0,2
8598,286.6,290,car,0.8369,890,73,990,143,0,2
8598,286.6,272,car,0.734,768,66,827,120,0,2
8599,286.633,290,car,0.763,899,73,1001,143,0,2
8599,286.633,272,car,0.7168,776,66,837,119,0,2
8600,286.667,290,car,0.7509,906,73,1007,144,0,2
8600,286.667,272,car,0.7992,782,66,842,120,0,2
8601,286.7,290,car,0.8286,913,73,1015,145,0,2
8601,286.7,272,car,0.763,787,65,849,120,0,2
8601,286.7,315,person,0.7503,445,375,1248,713,0,2
8602,286.733,290,car,0.8454,920,74,1023,146,0,2
8602,286.733,315,person,0.7893,448,379,1246,713,0,2
8603,286.767,290,car,0.8342,922,72,1027,146,0,2
8603,286.767,315,person,0.7887,449,381,1246,713,0,2
8603,286.767,272,car,0.6926,797,64,859,120,0,2
8604,286.8,290,car,0.7712,927,72,1033,147,0,2
8604,286.8,315,person,0.7883,447,382,1247,713,0,2
8604,286.8,272,car,0.719,801,63,864,119,0,2
8605,286.833,290,car,0.8161,930,71,1037,146,0,2
8605,286.833,315,person,0.7131,441,381,1249,713,0,2
8605,286.833,272,car,0.7509,803,64,866,119,0,2
8606,286.867,290,car,0.7711,933,71,1039,146,0,2
8606,286.867,315,person,0.7445,435,378,1249,713,0,2
8606,286.867,272,car,0.7859,805,63,869,119,0,2
8607,286.9,290,car,0.7985,934,71,1040,145,0,2
8607,286.9,272,car,0.7723,806,63,869,119,0,2
8608,286.933,290,car,0.7833,933,69,1042,145,0,2
8608,286.933,272,car,0.71,805,62,869,119,0,2
8609,286.967,290,car,0.7873,931,67,1041,145,0,2
8610,287.0,290,car,0.759,929,69,1039,145,0,2
8611,287.033,290,car,0.8394,925,67,1037,146,0,2
8611,287.033,315,person,0.6312,387,366,1230,712,0,2
8611,287.033,272,car,0.6582,795,62,859,118,0,2
8612,287.067,290,car,0.8373,921,67,1033,146,0,2
8612,287.067,272,car,0.7862,791,62,856,118,0,2
8613,287.1,290,car,0.8816,917,69,1029,149,0,2
8613,287.1,272,car,0.7197,786,63,849,119,0,2
8613,287.1,315,person,0.6644,367,371,1201,713,0,2
8614,287.133,290,car,0.8303,912,71,1023,150,0,2
8614,287.133,272,car,0.7873,778,64,843,121,0,2
8615,287.167,290,car,0.7906,907,71,1018,150,0,2
8615,287.167,272,car,0.8175,774,64,840,123,0,2
8616,287.2,290,car,0.8655,901,72,1014,152,0,2
8616,287.2,272,car,0.7384,766,65,834,125,0,2
8617,287.233,290,car,0.8582,894,75,1007,154,0,2
8617,287.233,272,car,0.8469,759,66,826,127,0,2
8618,287.267,290,car,0.887,888,75,1002,155,0,2
8618,287.267,272,car,0.8322,753,66,822,128,0,2
8618,287.267,315,person,0.6072,347,383,1152,713,0,2
8619,287.3,290,car,0.8382,883,77,997,155,0,2
8619,287.3,272,car,0.7961,746,69,814,129,0,2
8619,287.3,319,cell phone,0.4788,914,375,1280,693,0,2
8619,287.3,315,person,0.7073,342,385,1143,714,0,2
8620,287.333,290,car,0.7726,877,78,991,157,0,2
8620,287.333,272,car,0.8131,739,71,807,130,0,2
8620,287.333,319,cell phone,0.5055,902,371,1280,703,0,2
8620,287.333,315,person,0.6649,329,382,1139,714,0,2
8621,287.367,290,car,0.83,871,78,986,158,0,2
8621,287.367,272,car,0.7433,733,71,801,131,0,2
8621,287.367,319,cell phone,0.4739,894,369,1280,709,0,2
8621,287.367,315,person,0.7318,323,381,1134,714,0,2
8622,287.4,290,car,0.7773,866,79,981,159,0,2
8622,287.4,272,car,0.798,726,73,793,134,0,2
8622,287.4,315,person,0.6368,313,378,1129,714,0,2
8623,287.433,290,car,0.7247,862,79,976,159,0,2
8623,287.433,272,car,0.8102,718,74,785,135,0,2
8623,287.433,315,person,0.6601,309,376,1128,714,0,2
8624,287.467,290,car,0.7384,856,80,970,159,0,2
8624,287.467,272,car,0.842,713,77,779,135,0,2
8624,287.467,315,person,0.6963,302,374,1123,714,0,2
8625,287.5,290,car,0.8078,848,80,965,160,0,2
8625,287.5,272,car,0.7703,705,78,773,138,0,2
8625,287.5,315,person,0.6976,293,374,1110,713,0,2
8626,287.533,290,car,0.7715,842,80,959,161,0,2
8626,287.533,272,car,0.8137,698,80,766,139,0,2
8626,287.533,315,person,0.6914,280,375,1095,714,0,2
8627,287.567,290,car,0.7794,837,81,955,162,0,2
8627,287.567,272,car,0.8193,694,81,762,141,0,2
8627,287.567,315,person,0.6698,270,373,1087,714,0,2
8628,287.6,290,car,0.8095,831,80,951,162,0,2
8628,287.6,272,car,0.8233,687,81,757,141,0,2
8629,287.633,290,car,0.8567,826,80,947,162,0,2
8629,287.633,272,car,0.771,682,82,751,142,0,2
8629,287.633,315,person,0.6264,254,371,1073,714,0,2
8630,287.667,290,car,0.8605,824,80,945,162,0,2
8630,287.667,272,car,0.8067,679,82,746,142,0,2
8631,287.7,290,car,0.857,822,80,944,162,0,2
8631,287.7,272,car,0.8231,673,81,743,142,0,2
8632,287.733,290,car,0.8601,819,79,943,163,0,2
8632,287.733,272,car,0.8509,669,81,739,143,1,2
8633,287.767,290,car,0.8543,818,79,943,163,0,2
8633,287.767,272,car,0.8337,666,81,737,143,1,2
8634,287.8,290,car,0.8699,818,79,943,163,0,2
8634,287.8,272,car,0.8261,664,81,736,144,1,2
8635,287.833,290,car,0.8625,818,80,943,163,0,2
8635,287.833,272,car,0.8167,663,81,735,144,1,2
8636,287.867,290,car,0.8655,818,80,944,163,0,2
8636,287.867,272,car,0.823,662,81,734,144,1,2
8637,287.9,290,car,0.8711,819,80,947,165,0,2
8637,287.9,272,car,0.8299,661,81,733,144,1,2
8638,287.933,290,car,0.8759,821,80,951,166,0,2
8638,287.933,272,car,0.8371,659,81,734,145,1,2
8638,287.933,315,person,0.6608,240,375,1043,713,0,2
8639,287.967,290,car,0.8628,822,80,953,166,0,2
8639,287.967,272,car,0.8367,659,81,734,145,1,2
8639,287.967,315,person,0.6337,243,376,1042,713,0,2
8640,288.0,290,car,0.865,824,80,957,166,0,2
8640,288.0,272,car,0.8534,661,81,735,146,1,2
8640,288.0,315,person,0.635,247,375,1043,712,0,2
8641,288.033,290,car,0.8493,827,79,961,166,0,2
8641,288.033,272,car,0.8467,661,81,735,145,1,2
8642,288.067,290,car,0.8592,830,78,965,166,0,2
8642,288.067,272,car,0.8475,662,81,736,145,1,2
8643,288.1,290,car,0.8842,832,78,969,166,0,2
8643,288.1,272,car,0.8331,662,80,737,144,1,2
8644,288.133,290,car,0.8906,835,77,974,166,0,2
8644,288.133,272,car,0.8382,663,80,738,144,1,2
8645,288.167,290,car,0.8939,838,77,977,165,0,2
8645,288.167,272,car,0.833,664,80,739,144,1,2
8646,288.2,290,car,0.8795,841,77,983,165,0,2
8646,288.2,272,car,0.8417,665,79,741,144,1,2
8646,288.2,323,car,0.6078,640,83,669,101,1,2
8647,288.233,290,car,0.8666,846,77,987,166,0,2
8647,288.233,272,car,0.837,666,79,743,144,1,2
8648,288.267,290,car,0.8523,848,77,992,166,0,2
8648,288.267,272,car,0.8339,667,79,744,144,1,2
8648,288.267,315,person,0.6369,259,369,1064,712,0,2
8649,288.3,290,car,0.8693,851,77,998,167,0,2
8649,288.3,272,car,0.8447,669,79,746,144,1,2
8649,288.3,315,person,0.6395,262,369,1063,713,0,2
8650,288.333,290,car,0.877,856,77,1003,167,0,2
8650,288.333,272,car,0.8434,669,79,747,144,1,2
8651,288.367,290,car,0.8763,857,75,1007,167,0,2
8651,288.367,272,car,0.8284,670,79,749,143,0,2
8652,288.4,290,car,0.8633,862,75,1013,168,0,2
8652,288.4,272,car,0.8219,671,78,750,143,0,2
8653,288.433,290,car,0.8673,865,75,1019,169,0,2
8653,288.433,272,car,0.8373,672,78,753,143,0,2
8654,288.467,290,car,0.8757,867,75,1025,170,0,2
8654,288.467,272,car,0.8032,673,78,754,143,0,2
8654,288.467,315,person,0.6547,258,363,1072,713,0,2
8655,288.5,290,car,0.8525,872,75,1032,171,0,2
8655,288.5,272,car,0.7932,674,78,757,144,0,2
8655,288.5,315,person,0.6691,261,363,1071,713,0,2
8656,288.533,290,car,0.8744,877,77,1039,171,0,2
8656,288.533,272,car,0.8586,675,78,759,144,0,2
8656,288.533,315,person,0.6483,265,366,1067,713,0,2
8657,288.567,290,car,0.8783,879,77,1043,173,0,2
8657,288.567,272,car,0.8574,677,78,760,145,0,2
8657,288.567,315,person,0.6511,269,368,1066,713,0,2
8658,288.6,290,car,0.8661,883,75,1050,173,0,2
8658,288.6,272,car,0.8671,678,78,763,145,0,2
8659,288.633,290,car,0.8744,888,74,1061,175,0,2
8659,288.633,272,car,0.8646,679,77,766,145,0,2
8660,288.667,290,car,0.8617,891,74,1066,176,0,2
8660,288.667,272,car,0.8591,680,77,767,145,0,2
8661,288.7,290,car,0.8679,895,74,1073,177,0,2
8661,288.7,272,car,0.841,681,75,769,145,0,2
8662,288.733,290,car,0.8564,899,74,1082,178,0,2
8662,288.733,272,car,0.8582,682,75,771,146,0,2
8662,288.733,315,person,0.7207,288,376,1069,713,0,2
8663,288.767,290,car,0.8613,903,73,1088,179,0,2
8663,288.767,272,car,0.8534,683,75,773,145,0,2
8663,288.767,315,person,0.7454,289,375,1071,713,0,2
8664,288.8,290,car,0.8582,907,73,1096,181,0,2
8664,288.8,272,car,0.8295,686,74,776,145,0,2
8664,288.8,315,person,0.7872,289,374,1074,713,0,2
8665,288.833,290,car,0.8777,914,73,1105,182,0,2
8665,288.833,272,car,0.8464,688,74,778,145,0,2
8665,288.833,315,person,0.8149,294,375,1074,713,0,2
8666,288.867,290,car,0.8903,918,73,1112,183,0,2
8666,288.867,272,car,0.8758,689,74,781,146,0,2
8666,288.867,315,person,0.7997,296,377,1073,713,0,2
8667,288.9,290,car,0.8657,922,73,1120,184,0,2
8667,288.9,272,car,0.863,690,73,784,147,0,2
8667,288.9,315,person,0.8459,298,378,1072,713,0,2
8668,288.933,290,car,0.8924,928,72,1130,186,0,2
8668,288.933,272,car,0.8685,691,72,786,147,0,2
8668,288.933,315,person,0.7612,295,375,1075,714,0,2
8669,288.967,290,car,0.8925,933,72,1137,186,0,2
8669,288.967,272,car,0.8666,693,72,789,147,0,2
8669,288.967,315,person,0.8576,298,377,1073,713,0,2
8670,289.0,290,car,0.8981,938,72,1145,187,0,2
8670,289.0,272,car,0.8769,695,72,791,147,0,2
8670,289.0,315,person,0.8284,295,375,1074,713,0,2
8671,289.033,290,car,0.8974,944,71,1158,190,0,2
8671,289.033,272,car,0.867,697,72,793,147,0,2
8671,289.033,315,person,0.8208,291,371,1077,713,0,2
8672,289.067,290,car,0.8959,949,71,1166,191,0,2
8672,289.067,272,car,0.8713,699,73,794,147,0,2
8672,289.067,315,person,0.8089,290,370,1079,713,0,2
8673,289.1,290,car,0.8935,955,71,1176,193,0,2
8673,289.1,272,car,0.8719,701,73,797,146,0,2
8673,289.1,315,person,0.8563,291,369,1082,713,0,2
8674,289.133,290,car,0.8551,960,70,1187,195,0,2
8674,289.133,272,car,0.8658,703,72,801,147,0,2
8674,289.133,315,person,0.863,295,369,1086,713,0,2
8675,289.167,290,car,0.8784,963,70,1195,198,0,2
8675,289.167,272,car,0.8767,704,72,803,147,0,2
8675,289.167,315,person,0.856,298,369,1088,713,0,2
8676,289.2,290,car,0.8771,971,70,1206,199,0,2
8676,289.2,272,car,0.8798,706,72,806,149,0,2
8676,289.2,315,person,0.8559,303,370,1089,713,0,2
8677,289.233,290,car,0.8873,978,69,1218,201,0,2
8677,289.233,272,car,0.8971,707,71,808,149,0,2
8677,289.233,315,person,0.8132,310,371,1091,713,0,2
8678,289.267,290,car,0.8742,984,70,1226,202,0,2
8678,289.267,272,car,0.8818,709,71,810,149,0,2
8678,289.267,315,person,0.8321,313,373,1093,713,0,2
8679,289.3,290,car,0.8651,991,70,1235,203,0,2
8679,289.3,272,car,0.8717,710,71,814,150,0,2
8679,289.3,315,person,0.8172,315,373,1095,713,0,2
8680,289.333,290,car,0.8835,998,69,1248,206,0,2
8680,289.333,272,car,0.8814,712,71,816,150,0,2
8680,289.333,315,person,0.7494,317,374,1095,713,0,2
8681,289.367,290,car,0.8894,1003,70,1256,207,0,2
8681,289.367,272,car,0.8737,713,72,817,150,0,2
8681,289.367,315,person,0.7453,318,374,1095,713,0,2
8682,289.4,290,car,0.8999,1013,72,1269,209,0,2
8682,289.4,272,car,0.859,715,72,819,150,0,2
8682,289.4,315,person,0.7528,318,374,1095,713,0,2
8683,289.433,290,car,0.8874,1017,72,1277,211,0,2
8683,289.433,272,car,0.8678,717,72,823,151,0,2
8683,289.433,315,person,0.7685,317,373,1096,713,0,2
8684,289.467,290,car,0.8993,1019,73,1280,214,0,2
8684,289.467,272,car,0.8847,719,72,826,151,0,2
8684,289.467,315,person,0.7567,317,371,1097,713,0,2
8685,289.5,290,car,0.8878,1022,73,1280,217,0,2
8685,289.5,272,car,0.8906,720,71,829,151,0,2
8685,289.5,315,person,0.7848,318,373,1096,713,0,2
8686,289.533,290,car,0.8945,1027,73,1280,218,0,2
8686,289.533,272,car,0.8853,722,71,832,152,0,2
8686,289.533,315,person,0.7869,317,373,1096,713,0,2
8687,289.567,290,car,0.8641,1031,73,1280,218,0,2
8687,289.567,272,car,0.8879,725,71,834,152,0,2
8687,289.567,315,person,0.7872,315,371,1096,713,0,2
8688,289.6,290,car,0.8694,1035,73,1280,219,0,2
8688,289.6,272,car,0.88,726,70,838,152,0,2
8688,289.6,315,person,0.7384,315,371,1096,713,0,2
8689,289.633,290,car,0.8554,1042,74,1280,221,0,2
8689,289.633,272,car,0.8732,727,69,842,152,0,2
8689,289.633,315,person,0.7109,315,370,1097,713,0,2
8690,289.667,290,car,0.8407,1048,74,1280,221,0,2
8690,289.667,272,car,0.8633,728,67,845,151,0,2
8690,289.667,315,person,0.6713,315,370,1098,713,0,2
8691,289.7,290,car,0.8224,1064,75,1280,208,0,2
8691,289.7,272,car,0.8773,730,67,847,152,0,2
8692,289.733,290,car,0.8315,1078,78,1280,201,0,2
8692,289.733,272,car,0.8763,734,69,850,152,0,2
8693,289.767,290,car,0.8395,1085,79,1280,199,0,2
8693,289.767,272,car,0.8781,734,67,853,153,0,2
8693,289.767,315,person,0.6007,563,381,1264,711,0,2
8694,289.8,290,car,0.8088,1089,80,1280,201,0,2
8694,289.8,272,car,0.8445,736,67,856,153,0,2
8695,289.833,290,car,0.8121,1095,81,1280,205,0,2
8695,289.833,272,car,0.8529,737,66,862,154,0,2
8696,289.867,290,car,0.8137,1099,81,1280,207,0,2
8696,289.867,272,car,0.8341,738,66,864,155,0,2
8697,289.9,290,car,0.8223,1106,83,1280,210,0,2
8697,289.9,272,car,0.8136,739,64,870,157,0,2
8698,289.933,290,car,0.87,1115,87,1280,215,0,2
8698,289.933,272,car,0.8274,743,65,872,158,0,2
8698,289.933,315,person,0.6266,367,368,1104,713,0,2
8699,289.967,290,car,0.8887,1125,90,1280,215,0,2
8699,289.967,272,car,0.8384,746,66,875,158,0,2
8699,289.967,315,person,0.6552,344,368,1088,713,0,2
8700,290.0,290,car,0.8434,1138,97,1280,214,0,2
8700,290.0,272,car,0.8294,749,67,878,159,0,2
8700,290.0,315,person,0.6481,334,368,1083,713,0,2
8701,290.033,290,car,0.8088,1154,109,1280,214,0,2
8701,290.033,272,car,0.8097,751,66,883,160,0,2
8701,290.033,315,person,0.6864,329,369,1081,713,0,2
8702,290.067,290,car,0.8735,1165,115,1280,216,0,2
8702,290.067,272,car,0.8583,752,67,886,161,0,2
8702,290.067,315,person,0.7207,326,370,1080,713,0,2
8703,290.1,290,car,0.7556,1177,122,1280,218,0,2
8703,290.1,272,car,0.8145,753,64,891,162,0,2
8703,290.1,315,person,0.7008,325,370,1081,713,0,2
8704,290.133,290,car,0.605,1190,130,1280,221,0,2
8704,290.133,272,car,0.8555,758,69,893,163,0,2
8704,290.133,315,person,0.7025,322,370,1082,713,0,2
8705,290.167,272,car,0.8593,760,71,895,165,0,2
8705,290.167,315,person,0.6957,322,371,1082,713,0,2
8706,290.2,272,car,0.8761,763,71,899,166,0,2
8707,290.233,272,car,0.8538,766,71,904,167,0,2
8707,290.233,315,person,0.6505,322,373,1082,713,0,2
8708,290.267,272,car,0.8717,768,71,907,167,0,2
8709,290.3,272,car,0.8698,771,71,912,167,0,2
8710,290.333,272,car,0.8947,774,71,918,168,0,2
8710,290.333,315,person,0.6932,319,368,1094,714,0,2
8711,290.367,272,car,0.8692,775,70,922,168,0,2
8712,290.4,272,car,0.8943,777,69,927,169,0,2
8712,290.4,315,person,0.639,311,363,1098,714,0,2
8713,290.433,272,car,0.8917,778,69,933,171,0,2
8713,290.433,315,person,0.6592,312,369,1091,714,0,2
8714,290.467,272,car,0.8932,781,70,937,174,0,2
8715,290.5,272,car,0.8935,783,70,943,176,0,2
8715,290.5,315,person,0.7133,314,375,1083,713,0,2
8716,290.533,272,car,0.881,784,69,950,178,0,2
8716,290.533,315,person,0.7908,313,377,1081,713,0,2
8717,290.567,272,car,0.8861,786,67,955,179,0,2
8717,290.567,315,person,0.7748,312,378,1080,713,0,2
8718,290.6,272,car,0.8725,790,66,961,179,0,2
8718,290.6,315,person,0.7902,311,378,1081,713,0,2
8719,290.633,272,car,0.8699,793,66,968,181,0,2
8719,290.633,315,person,0.7807,312,379,1081,713,0,2
8720,290.667,272,car,0.8705,797,66,973,182,0,2
8720,290.667,315,person,0.8036,313,379,1083,713,0,2
8721,290.7,272,car,0.8594,800,65,979,183,0,2
8721,290.7,315,person,0.7385,313,377,1088,713,0,2
8722,290.733,272,car,0.8396,805,64,987,184,0,2
8722,290.733,315,person,0.6871,313,375,1095,713,0,2
8723,290.767,272,car,0.8588,807,64,993,185,0,2
8723,290.767,315,person,0.7388,313,374,1098,713,0,2
8724,290.8,272,car,0.8525,811,63,1000,185,0,2
8724,290.8,315,person,0.7168,314,373,1101,713,0,2
8725,290.833,272,car,0.8782,816,62,1008,185,0,2
8725,290.833,315,person,0.6526,314,371,1103,712,0,2
8726,290.867,272,car,0.8696,818,62,1014,187,0,2
8726,290.867,315,person,0.6157,314,370,1104,712,0,2
8727,290.9,272,car,0.8712,822,62,1021,190,0,2
8728,290.933,272,car,0.8784,826,62,1031,192,0,2
8729,290.967,272,car,0.8422,829,62,1038,194,0,2
8730,291.0,272,car,0.8785,832,62,1046,197,0,2
8731,291.033,272,car,0.8656,835,62,1055,199,0,2
8732,291.067,272,car,0.8731,837,62,1061,202,0,2
8732,291.067,315,person,0.6291,307,360,1119,713,0,2
8733,291.1,272,car,0.8815,841,62,1069,205,0,2
8733,291.1,315,person,0.6354,307,360,1118,713,0,2
8734,291.133,272,car,0.9018,846,63,1079,208,0,2
8734,291.133,315,person,0.6169,307,363,1111,712,0,2
8735,291.167,272,car,0.8583,848,63,1087,211,0,2
8735,291.167,315,person,0.6794,306,367,1104,712,0,2
8736,291.2,272,car,0.8687,853,64,1096,215,0,2
8736,291.2,315,person,0.7109,304,369,1098,713,0,2
8737,291.233,272,car,0.9112,858,65,1104,217,0,2
8737,291.233,315,person,0.6585,301,369,1095,713,0,2
8738,291.267,272,car,0.9153,859,66,1111,222,0,2
8738,291.267,315,person,0.6839,299,370,1093,713,0,2
8739,291.3,272,car,0.9015,864,69,1121,226,0,2
8739,291.3,315,person,0.7548,303,376,1085,713,0,2
8740,291.333,272,car,0.9146,869,70,1134,231,0,2
8740,291.333,315,person,0.8048,305,378,1081,713,0,2
8741,291.367,272,car,0.9214,872,70,1142,233,0,2
8741,291.367,315,person,0.8177,304,381,1079,713,0,2
8742,291.4,272,car,0.9148,878,71,1152,235,0,2
8742,291.4,315,person,0.8257,305,381,1079,713,0,2
8743,291.433,272,car,0.9054,885,71,1162,237,0,2
8743,291.433,315,person,0.8272,305,381,1080,713,0,2
8744,291.467,272,car,0.9075,889,72,1171,238,0,2
8744,291.467,315,person,0.8323,306,381,1081,713,0,2
8745,291.5,272,car,0.8995,898,72,1183,238,0,2
8745,291.5,315,person,0.8366,310,383,1080,714,0,2
8746,291.533,272,car,0.903,904,72,1195,239,0,2
8746,291.533,315,person,0.8587,312,384,1080,714,0,2
8747,291.567,272,car,0.8836,910,71,1206,240,0,2
8747,291.567,315,person,0.8441,313,385,1079,714,0,2
8748,291.6,272,car,0.8573,918,71,1218,239,0,2
8748,291.6,315,person,0.8349,314,385,1079,714,0,2
8749,291.633,272,car,0.8818,929,69,1234,237,0,2
8749,291.633,315,person,0.795,312,382,1085,714,0,2
8750,291.667,272,car,0.8535,937,67,1246,234,0,2
8750,291.667,315,person,0.8209,311,378,1088,713,0,2
8751,291.7,272,car,0.882,943,67,1255,232,0,2
8751,291.7,315,person,0.785,309,374,1096,714,0,2
8752,291.733,272,car,0.8361,946,67,1261,231,0,2
8752,291.733,315,person,0.7158,312,374,1098,714,0,2
8753,291.767,272,car,0.9027,949,67,1265,231,0,2
8753,291.767,315,person,0.6776,315,375,1098,713,0,2
8754,291.8,272,car,0.8937,951,69,1271,233,0,2
8754,291.8,315,person,0.706,318,375,1101,713,0,2
8755,291.833,272,car,0.8886,954,70,1275,234,0,2
8755,291.833,315,person,0.6612,319,373,1105,713,0,2
8756,291.867,272,car,0.9016,959,71,1278,234,0,2
8756,291.867,315,person,0.625,318,370,1110,713,0,2
8756,291.867,333,car,0.6919,296,146,358,185,0,2
8757,291.9,272,car,0.8887,962,73,1280,235,0,2
8757,291.9,315,person,0.6095,317,367,1114,714,0,2
8757,291.9,333,car,0.6451,277,152,339,192,0,2
8758,291.933,272,car,0.9009,967,74,1280,238,0,2
8758,291.933,315,person,0.6518,317,366,1117,714,0,2
8759,291.967,272,car,0.902,970,74,1280,239,0,2
8759,291.967,315,person,0.6554,319,366,1118,714,0,2
8760,292.0,272,car,0.8746,977,77,1280,239,0,2
8760,292.0,315,person,0.649,322,367,1118,714,0,2
8761,292.033,272,car,0.8675,985,77,1280,239,0,2
8761,292.033,315,person,0.7167,326,368,1119,713,0,2
8762,292.067,272,car,0.8715,992,78,1280,238,0,2
8762,292.067,315,person,0.6895,325,365,1122,713,0,2
8763,292.1,272,car,0.856,1002,79,1280,234,0,2
8763,292.1,315,person,0.6443,323,362,1127,713,0,2
8764,292.133,272,car,0.8586,1014,80,1280,232,0,2
8764,292.133,315,person,0.6168,322,361,1128,713,0,2
8765,292.167,272,car,0.8523,1021,81,1280,232,0,2
8766,292.2,272,car,0.8378,1032,83,1280,231,0,2
8766,292.2,315,person,0.6178,321,359,1129,713,0,2
8767,292.233,272,car,0.864,1043,87,1280,231,0,2
8767,292.233,315,person,0.687,322,361,1123,713,0,2
8768,292.267,272,car,0.8477,1051,88,1280,231,0,2
8768,292.267,315,person,0.6724,322,362,1121,713,0,2
8769,292.3,272,car,0.8522,1067,97,1280,231,0,2
8770,292.333,272,car,0.8382,1087,109,1280,231,0,2
8770,292.333,315,person,0.6491,323,365,1117,713,0,2
8771,292.367,272,car,0.8225,1101,118,1280,230,0,2
8771,292.367,315,person,0.6253,323,366,1115,713,0,2
8772,292.4,272,car,0.7563,1122,134,1280,231,0,2
8772,292.4,315,person,0.6126,325,367,1115,713,0,2
8773,292.433,272,car,0.6533,1145,152,1280,232,0,2
8773,292.433,315,person,0.6421,326,367,1115,713,0,2
8773,292.433,335,person,0.6,833,377,1117,711,0,2
8774,292.467,272,car,0.6287,1161,163,1279,233,0,2
8774,292.467,335,person,0.6255,833,378,1117,711,0,2
8775,292.5,335,person,0.648,833,379,1115,711,0,2
8776,292.533,335,person,0.6724,831,382,1113,711,0,2
8777,292.567,335,person,0.6225,831,385,1111,711,0,2
8777,292.567,337,truck,0.4281,449,94,507,135,1,2
8778,292.6,337,truck,0.4267,443,95,505,139,1,2
8779,292.633,337,truck,0.4752,434,98,498,144,1,2
8780,292.667,337,truck,0.3793,430,99,494,146,1,2
8780,292.667,338,car,0.739,314,158,354,189,0,2
8780,292.667,335,person,0.6058,875,406,1138,709,0,2
8782,292.733,315,person,0.6576,387,390,1147,713,0,2
8782,292.733,337,truck,0.3,414,102,485,153,1,2
8783,292.767,339,car,0.6974,266,168,319,203,0,2
8783,292.767,337,truck,0.4189,410,103,480,152,1,2
8784,292.8,337,truck,0.4108,400,103,478,158,1,2
8784,292.8,335,person,0.6215,960,454,1189,711,0,2
8785,292.833,337,truck,0.3255,391,104,474,163,1,2
8786,292.867,337,truck,0.4285,385,105,467,163,1,2
8786,292.867,338,car,0.6119,304,165,343,193,0,2
8787,292.9,337,truck,0.382,375,105,462,168,1,2
8788,292.933,337,truck,0.4421,363,106,457,174,1,2
8788,292.933,341,cell phone,0.4893,854,336,1205,645,0,2
8789,292.967,337,truck,0.4383,355,106,454,177,1,2
8789,292.967,341,cell phone,0.4584,853,337,1206,647,0,2
8789,292.967,339,car,0.6033,258,175,309,208,0,2
8790,293.0,337,truck,0.4522,343,107,448,182,1,2
8790,293.0,341,cell phone,0.3581,850,337,1206,649,0,2
8791,293.033,337,truck,0.5141,333,107,441,185,1,2
8791,293.033,341,cell phone,0.4197,851,337,1207,649,0,2
8792,293.067,337,truck,0.4672,322,107,438,189,1,2
8792,293.067,341,cell phone,0.4905,851,337,1207,649,0,2
8793,293.1,337,truck,0.4096,309,107,431,192,0,2
8793,293.1,341,cell phone,0.5485,853,336,1207,648,0,2
8794,293.133,337,truck,0.3167,294,109,421,194,0,2
8794,293.133,341,cell phone,0.4771,853,336,1207,648,0,2
8795,293.167,337,truck,0.4692,282,109,416,198,0,2
8795,293.167,341,cell phone,0.4862,853,335,1207,648,0,2
8796,293.2,337,truck,0.3802,263,111,409,206,0,2
8796,293.2,341,cell phone,0.3698,853,335,1206,648,0,2
8797,293.233,337,truck,0.4744,232,112,394,217,0,2
8798,293.267,337,truck,0.399,211,113,385,225,0,2
8799,293.3,337,truck,0.5476,193,114,366,224,0,2
8800,293.333,337,truck,0.3649,174,115,352,225,0,2
8802,293.4,337,truck,0.4358,157,118,336,229,0,2
8803,293.433,343,car,0.6862,344,160,382,186,0,2
8804,293.467,343,car,0.6993,338,161,376,187,0,2
8804,293.467,337,truck,0.4729,142,119,318,229,0,2
8805,293.5,343,car,0.744,328,163,368,191,0,2
8805,293.5,337,truck,0.44,135,121,304,229,0,2
8806,293.533,343,car,0.7058,315,167,357,194,0,2
8806,293.533,344,car,0.6599,362,155,405,183,0,2
8807,293.567,343,car,0.6861,305,169,349,199,0,2
8807,293.567,344,car,0.7353,353,155,400,186,0,2
8808,293.6,343,car,0.7727,294,171,337,202,0,2
8808,293.6,344,car,0.7294,342,159,389,191,0,2
8809,293.633,343,car,0.7798,277,175,326,209,0,2
8809,293.633,344,car,0.7426,327,162,378,197,0,2
8810,293.667,344,car,0.6985,314,163,371,201,0,2
8811,293.7,344,car,0.76,301,168,360,207,0,2
8812,293.733,344,car,0.7166,285,171,345,213,0,2
8813,293.767,344,car,0.693,271,175,334,216,0,2
8813,293.767,346,car,0.6603,362,159,401,186,1,2
8813,293.767,347,person,0.6285,354,453,518,712,0,2
8814,293.8,344,car,0.7241,250,178,320,224,0,2
8814,293.8,346,car,0.6091,354,162,391,189,0,2
8815,293.833,344,car,0.6299,231,183,299,229,0,2
8815,293.833,346,car,0.6097,341,166,381,194,0,2
8817,293.9,346,car,0.7056,314,171,362,206,0,2
8818,293.933,346,car,0.6811,299,175,350,213,0,2
8819,293.967,346,car,0.7404,287,178,341,216,0,2
8832,294.4,-1,car,0.6397,347,170,386,195,0,2
8833,294.433,-1,car,0.699,333,174,375,201,0,2
8833,294.433,-1,person,0.6628,797,387,1118,709,0,2
8834,294.467,350,car,0.6706,327,175,370,203,0,2
8834,294.467,351,person,0.6713,794,387,1115,709,0,2
8835,294.5,350,car,0.657,314,177,360,208,0,2
8835,294.5,351,person,0.7049,790,387,1111,710,0,2
8836,294.533,350,car,0.7489,295,181,345,214,0,2
8843,294.767,-1,cell phone,0.331,853,359,1174,634,0,2
8844,294.8,352,cell phone,0.3296,855,359,1177,635,0,2
8847,294.9,352,cell phone,0.3321,856,358,1182,639,0,2
8850,295.0,-1,car,0.6004,346,167,376,191,0,2
8853,295.1,351,person,0.6602,495,361,919,713,0,2
8854,295.133,351,person,0.6461,464,361,943,713,0,2
8855,295.167,354,car,0.6938,307,169,349,198,0,2
8855,295.167,352,person,0.6261,757,368,1143,707,0,2
8856,295.2,354,car,0.6572,297,170,341,201,0,2
8856,295.2,352,person,0.6527,755,369,1137,711,0,2
8857,295.233,354,car,0.6559,285,171,330,205,0,2
8857,295.233,352,person,0.6025,759,376,1130,712,0,2
8858,295.267,354,car,0.6906,275,173,321,206,0,2
8860,295.333,352,person,0.6219,759,378,1121,712,0,2
8860,295.333,354,car,0.6626,246,176,297,213,0,2
8861,295.367,352,person,0.6303,760,378,1117,711,0,2
8862,295.4,-1,car,0.6123,590,123,617,144,1,2
8863,295.433,356,car,0.6217,589,123,616,144,1,2
8864,295.467,356,car,0.6163,587,123,616,144,1,2
8865,295.5,356,car,0.6038,586,122,616,143,1,2
8872,295.733,-1,truck,0.3202,352,130,399,176,0,2
8873,295.767,351,person,0.6238,398,367,953,712,0,2
8874,295.8,351,person,0.6304,374,368,979,712,0,2
8875,295.833,351,person,0.6126,355,368,995,712,0,2
8876,295.867,-1,truck,0.3407,328,128,377,179,0,2
8877,295.9,360,truck,0.4544,323,127,377,182,0,2
8877,295.9,351,person,0.6319,341,366,1010,712,0,2
8880,296.0,-1,truck,0.3752,293,126,367,185,0,2
8881,296.033,361,truck,0.541,280,125,361,189,0,2
8881,296.033,351,person,0.6586,331,366,1023,713,0,2
8882,296.067,361,truck,0.6225,273,123,357,190,0,2
8882,296.067,351,person,0.6968,322,366,1032,713,0,2
8883,296.1,361,truck,0.602,261,123,349,193,0,2
8883,296.1,351,person,0.6719,315,365,1038,712,0,2
8884,296.133,361,truck,0.5936,246,122,338,195,0,2
8884,296.133,351,person,0.6079,307,362,1043,712,0,2
8885,296.167,361,truck,0.575,233,122,330,198,0,2
8885,296.167,351,person,0.6512,302,361,1048,712,0,2
8886,296.2,361,truck,0.4563,216,121,319,202,0,2
8887,296.233,361,truck,0.5306,195,120,305,207,0,2
8887,296.233,351,person,0.6306,295,362,1047,712,0,2
8888,296.267,361,truck,0.4428,182,120,296,208,0,2
8888,296.267,351,person,0.642,290,362,1048,712,0,2
8889,296.3,361,truck,0.3665,161,120,280,210,0,2
8889,296.3,351,person,0.6637,287,362,1048,712,0,2
8890,296.333,-1,motorcycle,0.3088,1,32,1277,715,0,2
8891,296.367,364,motorcycle,0.3368,3,33,1278,715,0,2
8892,296.4,364,motorcycle,0.3111,0,23,1280,717,0,2
8893,296.433,-1,car,0.6024,565,125,593,143,1,2
8895,296.5,351,person,0.7092,271,363,1035,713,0,2
8896,296.533,366,car,0.6437,562,122,591,144,1,2
8896,296.533,351,person,0.7307,267,365,1034,713,0,2
8897,296.567,366,car,0.6377,562,122,591,144,1,2
8897,296.567,351,person,0.7014,266,365,1033,713,0,2
8898,296.6,351,person,0.666,265,367,1032,713,0,2
8898,296.6,367,car,0.6168,317,150,355,174,0,2
8899,296.633,351,person,0.7108,264,368,1031,713,0,2
8899,296.633,367,car,0.6314,307,151,349,176,0,2
8900,296.667,351,person,0.6685,264,369,1031,713,0,2
8901,296.7,351,person,0.6528,262,369,1031,714,0,2
8902,296.733,351,person,0.6587,261,369,1032,714,0,2
8903,296.767,351,person,0.6604,259,369,1033,714,0,2
8903,296.767,370,car,0.6649,266,158,310,186,0,2
8904,296.8,351,person,0.7124,258,369,1032,714,0,2
8904,296.8,370,car,0.6828,253,159,301,190,0,2
8904,296.8,366,car,0.6022,560,123,586,143,1,2
8905,296.833,351,person,0.6921,255,365,1038,714,0,2
8905,296.833,366,car,0.6163,560,123,585,143,1,2
8906,296.867,351,person,0.6946,254,362,1040,714,0,2
8906,296.867,366,car,0.6386,559,123,585,143,1,2
8907,296.9,351,person,0.7162,255,366,1035,714,0,2
8907,296.9,366,car,0.6228,558,123,584,143,1,2
8908,296.933,351,person,0.7236,255,366,1035,714,0,2
8909,296.967,351,person,0.709,256,366,1038,714,0,2
8910,297.0,351,person,0.727,256,366,1039,714,0,2
8911,297.033,351,person,0.7123,257,365,1040,714,0,2
8911,297.033,374,car,0.6824,242,159,285,186,0,2
8912,297.067,351,person,0.7175,257,365,1041,713,0,2
8913,297.1,351,person,0.7641,257,366,1040,713,0,2
8913,297.1,374,car,0.6104,224,159,270,189,0,2
8914,297.133,351,person,0.7663,256,366,1040,714,0,2
8915,297.167,351,person,0.7907,255,366,1040,714,0,2
8916,297.2,351,person,0.8132,254,365,1040,714,0,2
8916,297.2,370,car,0.6044,184,166,232,197,0,2
8917,297.233,351,person,0.8065,253,365,1040,714,0,2
8917,297.233,370,car,0.6532,173,167,221,199,0,2
8917,297.233,367,car,0.6612,239,146,295,182,0,2
8918,297.267,351,person,0.7793,254,366,1039,714,0,2
8918,297.267,366,car,0.6182,558,125,583,142,1,2
8919,297.3,351,person,0.7304,254,366,1040,714,0,2
8919,297.3,366,car,0.6121,558,123,583,142,1,2
8919,297.3,367,car,0.6296,225,147,282,185,0,2
8920,297.333,351,person,0.6733,254,366,1040,713,0,2
8920,297.333,366,car,0.6036,558,123,584,142,1,2
8920,297.333,367,car,0.6213,215,149,272,187,0,2
8921,297.367,351,person,0.6202,255,366,1041,713,0,2
8921,297.367,367,car,0.6195,208,150,264,189,0,2
8921,297.367,376,car,0.6267,603,117,633,136,1,2
8922,297.4,376,car,0.6491,605,117,634,136,1,2
8923,297.433,376,car,0.6601,606,117,635,135,1,2
8924,297.467,376,car,0.6585,607,117,637,135,1,2
8925,297.5,376,car,0.681,607,115,639,135,1,2
8925,297.5,351,person,0.6155,261,368,1042,713,0,2
8926,297.533,376,car,0.662,607,113,640,135,1,2
8926,297.533,351,person,0.6872,257,365,1043,713,0,2
8927,297.567,376,car,0.6775,607,113,641,135,1,2
8927,297.567,351,person,0.7414,255,363,1043,713,0,2
8927,297.567,378,car,0.6487,246,149,302,181,0,2
8927,297.567,366,car,0.641,561,121,589,141,1,2
8928,297.6,376,car,0.6749,609,113,641,134,1,2
8928,297.6,351,person,0.7459,253,362,1046,713,0,2
8928,297.6,366,car,0.6467,561,120,589,139,1,2
8929,297.633,376,car,0.6713,610,113,642,134,1,2
8929,297.633,351,person,0.7983,239,344,1069,714,0,2
8929,297.633,366,car,0.6286,562,120,590,138,1,2
8930,297.667,376,car,0.6815,613,113,643,134,1,2
8930,297.667,351,person,0.8421,234,336,1077,714,0,2
8930,297.667,366,car,0.6248,563,119,591,138,1,2
8931,297.7,376,car,0.6879,614,113,645,133,1,2
8931,297.7,351,person,0.8122,238,335,1079,714,0,2
8931,297.7,366,car,0.6241,563,119,590,136,1,2
8932,297.733,376,car,0.6667,615,112,645,131,1,2
8932,297.733,351,person,0.816,243,338,1075,714,0,2
8932,297.733,366,car,0.668,565,118,590,135,1,2
8933,297.767,376,car,0.6857,616,112,646,131,1,2
8933,297.767,351,person,0.8205,245,338,1074,715,0,2
8933,297.767,366,car,0.6641,565,118,590,134,1,2
8934,297.8,376,car,0.7141,617,112,647,131,1,2
8934,297.8,351,person,0.8313,246,338,1073,714,0,2
8934,297.8,366,car,0.6767,563,117,590,134,1,2
8935,297.833,376,car,0.7334,618,112,648,131,1,2
8935,297.833,351,person,0.8099,250,345,1062,715,0,2
8935,297.833,366,car,0.6946,563,117,591,134,1,2
8936,297.867,376,car,0.7106,617,111,649,131,1,2
8936,297.867,351,person,0.8087,254,350,1056,715,0,2
8936,297.867,366,car,0.7002,563,117,591,134,1,2
8937,297.9,376,car,0.6525,618,110,650,131,1,2
8937,297.9,351,person,0.8247,253,351,1051,715,0,2
8937,297.9,366,car,0.6765,565,115,592,134,1,2
8938,297.933,376,car,0.6234,618,110,651,130,1,2
8938,297.933,351,person,0.8243,253,352,1048,714,0,2
8938,297.933,366,car,0.6509,565,115,592,134,1,2
8939,297.967,351,person,0.8399,251,351,1047,714,0,2
8939,297.967,366,car,0.6732,565,115,592,134,1,2
8940,298.0,351,person,0.8292,250,351,1048,714,0,2
8940,298.0,366,car,0.6887,566,115,592,133,1,2
8940,298.0,376,car,0.6281,619,107,655,130,1,2
8941,298.033,351,person,0.7192,254,352,1046,714,0,2
8941,298.033,366,car,0.6928,565,115,593,134,1,2
8941,298.033,376,car,0.6518,621,107,656,130,1,2
8942,298.067,351,person,0.7359,255,353,1047,713,0,2
8942,298.067,366,car,0.7115,566,115,593,133,1,2
8942,298.067,376,car,0.7044,622,107,657,129,1,2
8943,298.1,351,person,0.773,254,352,1048,714,0,2
8943,298.1,366,car,0.7056,567,114,593,133,1,2
8943,298.1,376,car,0.662,623,107,657,129,1,2
8944,298.133,351,person,0.7639,251,350,1051,714,0,2
8944,298.133,366,car,0.6555,568,114,593,131,1,2
8944,298.133,376,car,0.7006,625,107,659,129,1,2
8945,298.167,351,person,0.7692,253,350,1050,714,0,2
8945,298.167,366,car,0.6632,568,114,593,130,1,2
8945,298.167,376,car,0.715,626,109,659,129,1,2
8946,298.2,351,person,0.7648,251,351,1049,714,0,2
8946,298.2,376,car,0.7339,629,110,661,130,1,2
8947,298.233,351,person,0.7775,248,346,1053,714,0,2
8947,298.233,376,car,0.7498,629,110,663,130,1,2
8948,298.267,351,person,0.7936,249,347,1049,714,0,2
8948,298.267,376,car,0.7525,629,110,664,130,1,2
8949,298.3,351,person,0.8328,251,350,1048,715,0,2
8949,298.3,376,car,0.7518,631,109,665,130,1,2
8950,298.333,351,person,0.8157,255,351,1046,715,0,2
8950,298.333,376,car,0.7442,632,110,666,130,1,2
8951,298.367,351,person,0.8286,255,350,1047,714,0,2
8951,298.367,376,car,0.7377,633,110,666,130,1,2
8952,298.4,351,person,0.8072,257,351,1047,715,0,2
8952,298.4,376,car,0.6997,633,109,669,130,1,2
8953,298.433,351,person,0.8278,258,349,1051,715,0,2
8953,298.433,376,car,0.7078,634,107,671,130,1,2
8953,298.433,378,car,0.6116,237,138,288,169,0,2
8954,298.467,351,person,0.8312,264,351,1049,713,0,2
8954,298.467,376,car,0.7158,635,107,672,129,1,2
8955,298.5,351,person,0.7515,265,349,1051,713,0,2
8955,298.5,376,car,0.6859,637,107,672,129,1,2
8955,298.5,366,car,0.6143,573,114,598,130,1,2
8956,298.533,351,person,0.8026,263,349,1051,713,0,2
8956,298.533,376,car,0.7384,638,107,673,128,1,2
8956,298.533,366,car,0.6653,570,113,600,131,1,2
8957,298.567,351,person,0.8323,263,346,1054,713,0,2
8957,298.567,376,car,0.7523,639,106,674,128,1,2
8957,298.567,366,car,0.6577,570,113,600,131,1,2
8958,298.6,351,person,0.8257,261,349,1050,714,0,2
8958,298.6,376,car,0.732,640,106,675,128,1,2
8958,298.6,366,car,0.6492,570,112,601,130,1,2
8959,298.633,351,person,0.7578,257,349,1048,714,0,2
8959,298.633,376,car,0.7436,640,106,678,128,1,2
8959,298.633,366,car,0.6646,570,111,602,130,1,2
8960,298.667,351,person,0.811,256,350,1046,714,0,2
8960,298.667,376,car,0.7449,641,105,679,128,1,2
8960,298.667,366,car,0.6489,570,110,602,130,1,2
8961,298.7,351,person,0.8134,254,351,1042,714,0,2
8961,298.7,376,car,0.7257,641,105,681,128,1,2
8961,298.7,366,car,0.6674,570,109,603,129,1,2
8962,298.733,351,person,0.8112,254,352,1040,714,0,2
8962,298.733,376,car,0.7206,643,105,682,128,1,2
8962,298.733,366,car,0.6641,571,109,603,129,1,2
8963,298.767,351,person,0.817,254,353,1038,714,0,2
8963,298.767,376,car,0.7814,645,104,683,128,1,2
8963,298.767,366,car,0.671,571,109,603,129,1,2
8964,298.8,351,person,0.8215,251,352,1040,715,0,2
8964,298.8,376,car,0.77,647,105,685,128,1,2
8964,298.8,366,car,0.6539,573,109,605,129,1,2
8965,298.833,351,person,0.8051,254,352,1041,715,0,2
8965,298.833,376,car,0.7813,649,105,687,128,1,2
8965,298.833,366,car,0.65,575,109,606,129,1,2
8966,298.867,351,person,0.781,254,350,1043,715,0,2
8966,298.867,376,car,0.7729,650,105,687,128,1,2
8966,298.867,366,car,0.623,575,109,607,129,1,2
8967,298.9,351,person,0.7787,256,349,1048,714,0,2
8967,298.9,376,car,0.7563,650,104,690,128,1,2
8967,298.9,366,car,0.6208,576,107,607,128,1,2
8968,298.933,351,person,0.7445,263,349,1053,713,0,2
8968,298.933,376,car,0.764,651,103,693,128,1,2
8968,298.933,379,cell phone,0.3524,859,374,1149,683,0,2
8969,298.967,351,person,0.7943,263,343,1062,713,0,2
8969,298.967,376,car,0.7705,653,103,694,128,1,2
8969,298.967,379,cell phone,0.3093,857,371,1145,680,0,2
8969,298.967,380,car,0.6236,310,129,347,154,0,2
8969,298.967,366,car,0.6598,577,106,608,128,1,2
8970,299.0,351,person,0.8353,264,341,1067,712,0,2
8970,299.0,376,car,0.7615,655,102,697,128,1,2
8970,299.0,380,car,0.6093,298,129,339,155,0,2
8970,299.0,366,car,0.6885,578,105,610,127,1,2
8971,299.033,351,person,0.8333,264,337,1073,712,0,2
8971,299.033,376,car,0.7057,656,101,699,127,1,2
8971,299.033,380,car,0.6534,285,129,327,157,0,2
8971,299.033,366,car,0.7216,578,104,610,127,1,2
8972,299.067,351,person,0.7921,259,331,1080,713,0,2
8972,299.067,376,car,0.7194,658,99,702,127,1,2
8972,299.067,380,car,0.704,272,130,322,162,0,2
8972,299.067,366,car,0.7459,581,104,611,126,1,2
8972,299.067,378,car,0.6392,214,136,265,168,0,2
8972,299.067,379,cell phone,0.326,866,368,1147,670,0,2
8973,299.1,351,person,0.8581,265,335,1078,712,0,2
8973,299.1,376,car,0.7595,661,98,704,126,1,2
8973,299.1,380,car,0.7225,255,131,311,168,0,2
8973,299.1,366,car,0.717,582,105,610,126,1,2
8974,299.133,351,person,0.8415,263,331,1081,713,0,2
8974,299.133,376,car,0.787,662,97,706,126,1,2
8974,299.133,380,car,0.7595,239,134,293,168,0,2
8974,299.133,366,car,0.7112,583,104,611,123,1,2
8975,299.167,351,person,0.8112,264,331,1082,713,0,2
8975,299.167,376,car,0.8114,663,97,706,125,1,2
8975,299.167,380,car,0.6292,225,135,281,170,0,2
8975,299.167,366,car,0.6933,585,104,611,122,1,2
8976,299.2,351,person,0.7965,273,338,1075,712,0,2
8976,299.2,376,car,0.7814,665,96,707,123,0,2
8976,299.2,366,car,0.6733,585,101,614,120,1,2
8977,299.233,351,person,0.8667,272,333,1086,713,0,2
8977,299.233,376,car,0.7674,670,96,711,121,0,2
8977,299.233,366,car,0.6909,586,99,615,119,1,2
8978,299.267,351,person,0.8649,272,330,1089,713,0,2
8978,299.267,376,car,0.748,671,95,712,120,0,2
8978,299.267,366,car,0.7234,587,99,615,118,1,2
8979,299.3,351,person,0.8407,273,329,1094,713,0,2
8979,299.3,376,car,0.7685,674,95,713,119,0,2
8979,299.3,366,car,0.6827,589,98,616,117,1,2
8980,299.333,351,person,0.8113,279,336,1085,712,0,2
8980,299.333,376,car,0.7239,677,94,717,118,0,2
8980,299.333,366,car,0.613,590,97,617,115,1,2
8981,299.367,351,person,0.7938,279,337,1083,712,0,2
8981,299.367,376,car,0.7159,678,93,719,118,0,2
8982,299.4,351,person,0.8146,278,337,1086,712,0,2
8982,299.4,376,car,0.7752,680,90,722,117,0,2
8983,299.433,351,person,0.8542,271,327,1102,713,0,2
8983,299.433,376,car,0.7638,682,88,725,114,0,2
8983,299.433,366,car,0.6937,590,91,622,112,1,2
8984,299.467,351,person,0.8549,269,322,1106,713,0,2
8984,299.467,376,car,0.6977,683,88,727,114,0,2
8984,299.467,366,car,0.6552,590,90,622,112,1,2
8985,299.5,351,person,0.8686,265,319,1107,714,0,2
8985,299.5,376,car,0.7119,683,87,728,114,0,2
8985,299.5,366,car,0.6678,590,89,623,112,1,2
8986,299.533,351,person,0.8417,270,328,1095,713,0,2
8986,299.533,376,car,0.7547,686,86,731,113,0,2
8986,299.533,366,car,0.6625,591,88,623,111,1,2
8987,299.567,351,person,0.8353,272,331,1090,713,0,2
8987,299.567,376,car,0.7681,687,86,731,112,0,2
8987,299.567,366,car,0.6484,591,88,623,111,1,2
8988,299.6,351,person,0.847,270,328,1091,713,0,2
8988,299.6,376,car,0.7642,689,86,734,112,0,2
8988,299.6,366,car,0.6187,591,86,624,109,1,2
8989,299.633,351,person,0.8349,259,317,1104,714,0,2
8989,299.633,376,car,0.7596,691,85,736,112,0,2
8989,299.633,366,car,0.6348,592,86,624,107,1,2
8990,299.667,351,person,0.8306,259,314,1106,714,0,2
8990,299.667,376,car,0.7718,693,85,737,112,0,2
8990,299.667,366,car,0.6536,593,86,624,107,1,2
8991,299.7,351,person,0.8082,259,312,1107,714,0,2
8991,299.7,376,car,0.7907,693,83,739,112,0,2
8991,299.7,366,car,0.6616,593,85,624,106,1,2
8992,299.733,351,person,0.7917,273,325,1094,713,0,2
8992,299.733,376,car,0.7172,695,82,743,111,0,2
8992,299.733,366,car,0.6358,594,85,623,105,1,2
8993,299.767,351,person,0.8229,267,318,1101,714,0,2
8993,299.767,376,car,0.6914,696,80,745,111,0,2
8993,299.767,366,car,0.6711,594,85,623,104,1,2
8994,299.8,351,person,0.8149,275,326,1091,713,0,2
8994,299.8,376,car,0.6639,697,80,746,111,0,2
8994,299.8,366,car,0.721,594,85,623,104,1,2
8995,299.833,351,person,0.7831,280,333,1083,712,0,2
8995,299.833,366,car,0.6918,594,85,623,104,1,2
8995,299.833,383,car,0.6419,278,112,331,134,0,2
8996,299.867,351,person,0.709,281,336,1079,712,0,2
8996,299.867,366,car,0.7028,594,85,623,103,1,2
8996,299.867,383,car,0.6342,272,113,328,136,0,2
8996,299.867,376,car,0.6922,699,81,749,111,0,2
8997,299.9,351,person,0.7139,272,331,1081,713,0,2
8997,299.9,366,car,0.7258,594,83,623,103,1,2
8997,299.9,383,car,0.6683,258,113,320,139,0,2
8997,299.9,376,car,0.7546,702,81,751,111,0,2
8998,299.933,366,car,0.7521,593,83,623,103,1,2
8998,299.933,383,car,0.7216,242,114,313,144,0,2
8998,299.933,376,car,0.7063,703,81,753,111,0,2
8999,299.967,366,car,0.7407,593,83,623,104,1,2
8999,299.967,383,car,0.6612,232,115,306,146,0,2
8999,299.967,376,car,0.6917,705,81,753,110,0,2
8999,299.967,351,person,0.6335,273,336,1074,712,0,2
9000,300.0,366,car,0.6806,593,83,623,104,1,2
9000,300.0,376,car,0.7092,706,80,757,111,0,2
9001,300.033,366,car,0.6747,594,86,624,104,1,2
9001,300.033,376,car,0.7633,709,80,761,112,0,2
9001,300.033,351,person,0.6166,275,341,1070,712,0,2
9002,300.067,366,car,0.6226,595,86,624,105,1,2
9002,300.067,376,car,0.7542,710,79,763,113,0,2
9002,300.067,351,person,0.6528,272,338,1073,713,0,2
9003,300.1,376,car,0.7174,712,79,766,113,0,2
9003,300.1,351,person,0.7013,278,342,1070,713,0,2
9004,300.133,376,car,0.739,714,79,769,113,0,2
9005,300.167,376,car,0.7613,718,79,771,112,0,2
9006,300.2,376,car,0.7849,721,79,776,113,0,2
9006,300.2,366,car,0.6182,603,88,627,104,1,2
9006,300.2,351,person,0.7086,289,344,1079,713,0,2
9007,300.233,376,car,0.743,726,79,781,113,0,2
9007,300.233,366,car,0.7052,603,86,630,103,1,2
9007,300.233,351,person,0.7454,290,343,1083,712,0,2
9008,300.267,376,car,0.7467,728,79,784,113,0,2
9008,300.267,366,car,0.6749,605,86,632,103,1,2
9008,300.267,351,person,0.7705,293,342,1087,712,0,2
9009,300.3,376,car,0.7578,734,79,787,112,0,2
9009,300.3,351,person,0.7182,294,339,1095,712,0,2
9010,300.333,376,car,0.7431,739,79,794,112,0,2
9010,300.333,351,person,0.7731,297,338,1103,713,0,2
9011,300.367,376,car,0.6501,742,78,799,113,0,2
9011,300.367,351,person,0.7746,299,338,1106,713,0,2
9012,300.4,376,car,0.7002,746,78,802,113,0,2
9012,300.4,351,person,0.811,302,337,1111,713,0,2
9013,300.433,351,person,0.7804,307,339,1113,713,0,2
9013,300.433,366,car,0.6019,615,86,643,104,1,2
9014,300.467,351,person,0.7977,309,341,1112,713,0,2
9014,300.467,376,car,0.6784,753,79,810,113,0,2
9015,300.5,351,person,0.7944,310,342,1112,713,0,2
9015,300.5,376,car,0.6872,757,79,815,114,0,2
9016,300.533,351,person,0.7715,309,341,1112,713,0,2
9016,300.533,376,car,0.7297,761,79,819,114,0,2
9017,300.567,351,person,0.8114,306,339,1112,713,0,2
9017,300.567,376,car,0.718,763,79,823,114,0,2
9018,300.6,351,person,0.8108,303,337,1113,713,0,2
9018,300.6,376,car,0.6857,768,79,829,114,0,2
9018,300.6,366,car,0.636,622,83,651,103,1,2
9019,300.633,351,person,0.8043,303,337,1112,712,0,2
9019,300.633,376,car,0.7029,770,79,832,115,0,2
9020,300.667,351,person,0.78,306,339,1111,712,0,2
9020,300.667,376,car,0.739,774,80,835,117,0,2
9021,300.7,351,person,0.7527,310,341,1112,712,0,2
9021,300.7,376,car,0.6796,777,81,839,117,0,2
9022,300.733,351,person,0.8097,315,344,1111,712,0,2
9023,300.767,351,person,0.8182,318,346,1109,713,0,2
9023,300.767,376,car,0.6577,783,81,846,119,0,2
9024,300.8,351,person,0.8315,314,341,1117,713,0,2
9025,300.833,351,person,0.8279,313,338,1118,713,0,2
9025,300.833,366,car,0.6404,624,87,656,107,1,2
9025,300.833,376,car,0.7894,787,82,853,121,0,2
9026,300.867,351,person,0.8297,318,342,1113,712,0,2
9026,300.867,385,car,0.7438,288,122,342,157,0,2
9026,300.867,366,car,0.6496,625,88,655,107,1,2
9026,300.867,376,car,0.8231,789,83,855,121,0,2
9027,300.9,351,person,0.779,320,345,1109,713,0,2
9027,300.9,385,car,0.6364,271,126,326,161,0,2
9027,300.9,366,car,0.6131,624,88,655,109,1,2
9027,300.9,376,car,0.7336,792,85,857,121,0,2
9028,300.933,351,person,0.7691,318,344,1109,712,0,2
9028,300.933,366,car,0.647,623,88,654,109,1,2
9028,300.933,376,car,0.6863,793,83,862,123,0,2
9029,300.967,351,person,0.7983,315,344,1106,712,0,2
9029,300.967,366,car,0.6312,623,89,654,109,1,2
9029,300.967,376,car,0.7051,793,83,866,125,0,2
9030,301.0,351,person,0.7795,314,345,1103,712,0,2
9030,301.0,366,car,0.6015,621,89,653,109,1,2
9030,301.0,376,car,0.7291,795,83,870,126,0,2
9031,301.033,351,person,0.7386,312,347,1098,712,0,2
9031,301.033,366,car,0.665,618,88,650,110,1,2
9031,301.033,376,car,0.7261,798,85,872,127,0,2
9032,301.067,351,person,0.8034,311,349,1096,712,0,2
9032,301.067,366,car,0.6044,617,88,649,110,1,2
9032,301.067,376,car,0.734,800,85,875,128,0,2
9033,301.1,351,person,0.7438,307,349,1093,713,0,2
9033,301.1,376,car,0.7349,800,83,880,128,0,2
9034,301.133,351,person,0.6549,304,347,1091,713,0,2
9035,301.167,351,person,0.7055,301,346,1090,712,0,2
9035,301.167,376,car,0.6132,805,83,885,129,0,2
9036,301.2,351,person,0.7333,297,345,1090,712,0,2
9036,301.2,376,car,0.6921,807,82,889,129,0,2
9037,301.233,351,person,0.7467,296,343,1094,712,0,2
9037,301.233,376,car,0.6872,810,83,891,129,0,2
9037,301.233,392,car,0.6631,341,111,378,138,0,2
9038,301.267,351,person,0.7627,294,342,1096,712,0,2
9038,301.267,376,car,0.7037,813,85,894,130,0,2
9038,301.267,392,car,0.6659,336,112,373,138,0,2
9039,301.3,351,person,0.8024,293,339,1098,712,0,2
9039,301.3,376,car,0.6247,814,86,896,131,0,2
9039,301.3,392,car,0.6805,326,114,363,142,0,2
9039,301.3,366,car,0.6395,607,87,642,111,1,2
9040,301.333,351,person,0.8473,294,342,1097,713,0,2
9040,301.333,376,car,0.6234,819,87,901,133,0,2
9040,301.333,392,car,0.7325,314,117,353,144,0,2
9040,301.333,366,car,0.644,605,87,640,112,1,2
9041,301.367,351,person,0.8643,289,335,1106,713,0,2
9041,301.367,376,car,0.7386,822,88,905,134,0,2
9041,301.367,392,car,0.7252,306,118,345,146,0,2
9041,301.367,366,car,0.6765,605,88,639,112,1,2
9042,301.4,351,person,0.8493,287,339,1097,713,0,2
9042,301.4,376,car,0.771,823,87,910,135,0,2
9042,301.4,392,car,0.7964,293,120,335,151,0,2
9042,301.4,366,car,0.6684,603,88,639,112,1,2
9043,301.433,351,person,0.8489,282,335,1101,714,0,2
9043,301.433,376,car,0.7828,824,87,915,136,0,2
9043,301.433,392,car,0.6548,278,122,323,155,0,2
9043,301.433,366,car,0.6725,602,88,638,113,1,2
9044,301.467,351,person,0.8507,278,330,1102,714,0,2
9044,301.467,376,car,0.8533,826,87,919,137,0,2
9044,301.467,392,car,0.6899,266,123,315,158,0,2
9044,301.467,366,car,0.6703,601,88,637,113,1,2
9045,301.5,351,person,0.8363,282,339,1086,713,0,2
9045,301.5,376,car,0.7719,830,88,925,138,0,2
9045,301.5,392,car,0.6877,250,126,302,162,0,2
9045,301.5,366,car,0.6421,601,89,634,114,1,2
9046,301.533,351,person,0.8234,278,333,1094,713,0,2
9046,301.533,376,car,0.8038,834,88,930,139,0,2
9046,301.533,366,car,0.6416,600,89,633,114,1,2
9047,301.567,351,person,0.839,281,338,1086,713,0,2
9047,301.567,376,car,0.847,838,89,935,141,0,2
9047,301.567,366,car,0.6052,600,90,632,113,1,2
9047,301.567,392,car,0.6263,223,130,274,166,0,2
9048,301.6,351,person,0.8331,285,342,1082,713,0,2
9048,301.6,376,car,0.8102,841,89,941,142,0,2
9048,301.6,366,car,0.6317,600,89,630,112,1,2
9049,301.633,351,person,0.8465,285,343,1081,713,0,2
9049,301.633,376,car,0.8378,846,90,947,144,0,2
9049,301.633,366,car,0.619,600,90,629,111,1,2
9050,301.667,351,person,0.8468,283,343,1081,713,0,2
9050,301.667,376,car,0.8869,849,90,953,145,0,2
9051,301.7,351,person,0.8187,282,343,1081,713,0,2
9051,301.7,376,car,0.8668,854,90,960,146,0,2
9052,301.733,351,person,0.8385,280,337,1090,713,0,2
9052,301.733,376,car,0.8563,859,93,968,150,0,2
9053,301.767,351,person,0.821,281,342,1083,713,0,2
9053,301.767,376,car,0.8811,863,93,974,151,0,2
9054,301.8,351,person,0.8112,282,344,1079,712,0,2
9054,301.8,376,car,0.8672,869,93,982,152,0,2
9054,301.8,366,car,0.6327,595,89,626,112,1,2
9055,301.833,351,person,0.8283,279,338,1088,713,0,2
9055,301.833,376,car,0.9027,874,94,991,154,0,2
9055,301.833,366,car,0.6501,594,88,626,113,1,2
9056,301.867,351,person,0.8336,278,335,1093,713,0,2
9056,301.867,376,car,0.9118,878,94,998,155,0,2
9056,301.867,366,car,0.6794,593,87,627,113,1,2
9057,301.9,351,person,0.7798,282,341,1085,712,0,2
9057,301.9,376,car,0.8767,886,95,1006,157,0,2
9057,301.9,366,car,0.6591,592,87,627,113,1,2
9058,301.933,351,person,0.7867,283,343,1083,712,0,2
9058,301.933,376,car,0.8855,891,95,1018,159,0,2
9058,301.933,366,car,0.6475,592,86,629,114,1,2
9059,301.967,351,person,0.7631,286,343,1085,712,0,2
9059,301.967,376,car,0.8984,895,95,1026,161,0,2
9059,301.967,366,car,0.623,592,86,629,114,1,2
9060,302.0,351,person,0.7284,287,343,1088,712,0,2
9060,302.0,376,car,0.8572,903,95,1038,163,0,2
9061,302.033,351,person,0.7093,290,341,1095,712,0,2
9061,302.033,376,car,0.87,912,96,1048,166,0,2
9062,302.067,351,person,0.6904,291,341,1097,712,0,2
9062,302.067,376,car,0.8332,918,97,1056,168,0,2
9063,302.1,351,person,0.6946,293,343,1093,712,0,2
9063,302.1,376,car,0.8818,925,98,1069,170,0,2
9064,302.133,351,person,0.7519,291,343,1094,712,0,2
9064,302.133,376,car,0.8602,935,99,1080,173,0,2
9065,302.167,351,person,0.7229,289,342,1093,712,0,2
9065,302.167,376,car,0.8701,941,99,1091,175,0,2
9066,302.2,351,person,0.6249,287,343,1088,712,0,2
9066,302.2,376,car,0.8732,949,101,1106,179,0,2
9067,302.233,376,car,0.7983,958,102,1122,183,0,2
9068,302.267,376,car,0.8531,965,103,1133,185,0,2
9069,302.3,376,car,0.8064,975,104,1146,189,0,2
9069,302.3,351,person,0.7268,274,344,1075,713,0,2
9070,302.333,376,car,0.8459,984,104,1167,194,0,2
9070,302.333,351,person,0.7334,272,344,1072,714,0,2
9070,302.333,366,car,0.6306,590,97,617,118,1,2
9071,302.367,376,car,0.8645,993,105,1182,198,0,2
9071,302.367,351,person,0.7297,272,344,1071,714,0,2
9071,302.367,366,car,0.6487,590,97,617,119,1,2
9072,302.4,376,car,0.8474,1006,106,1199,201,0,2
9072,302.4,351,person,0.6142,274,345,1070,713,0,2
9072,302.4,366,car,0.6927,589,97,617,119,1,2
9073,302.433,376,car,0.8329,1021,109,1219,206,0,2
9073,302.433,366,car,0.7133,587,97,617,119,1,2
9074,302.467,376,car,0.8859,1031,109,1233,207,0,2
9074,302.467,366,car,0.7242,587,97,617,118,1,2
9075,302.5,376,car,0.857,1048,111,1255,210,0,2
9075,302.5,366,car,0.7418,587,97,617,119,1,2
9076,302.533,376,car,0.8651,1059,113,1272,215,0,2
9076,302.533,366,car,0.722,586,97,616,119,1,2
9076,302.533,351,person,0.6555,269,338,1077,712,0,2
9077,302.567,376,car,0.9064,1067,115,1280,219,0,2
9077,302.567,366,car,0.7083,586,97,616,119,1,2
9078,302.6,376,car,0.8767,1075,118,1280,223,0,2
9078,302.6,366,car,0.6848,585,98,616,119,1,2
9079,302.633,376,car,0.8766,1081,121,1280,232,0,2
9079,302.633,366,car,0.6352,585,98,616,119,1,2
9080,302.667,376,car,0.8623,1091,123,1280,232,0,2
9080,302.667,366,car,0.6261,585,98,616,119,1,2
9081,302.7,376,car,0.7395,1118,127,1280,221,0,2
9081,302.7,366,car,0.6106,585,98,615,119,1,2
9081,302.7,351,person,0.6069,262,339,1072,713,0,2
9082,302.733,376,car,0.8712,1136,133,1280,219,0,2
9082,302.733,366,car,0.663,585,98,615,119,1,2
9083,302.767,376,car,0.8369,1149,136,1280,219,0,2
9083,302.767,366,car,0.6794,585,98,615,119,1,2
9084,302.8,376,car,0.7717,1161,143,1280,227,0,2
9084,302.8,366,car,0.7131,586,98,615,119,1,2
9084,302.8,351,person,0.7212,256,325,1091,713,0,2
9085,302.833,366,car,0.7318,585,98,616,120,1,2
9085,302.833,351,person,0.6776,267,331,1087,713,0,2
9086,302.867,366,car,0.7231,584,98,617,121,1,2
9086,302.867,351,person,0.686,271,334,1085,713,0,2
9087,302.9,366,car,0.7121,583,98,617,122,1,2
9087,302.9,351,person,0.6268,267,329,1087,713,0,2
9088,302.933,366,car,0.7259,583,98,617,122,1,2
9088,302.933,351,person,0.6592,270,334,1079,714,0,2
9089,302.967,366,car,0.7298,582,98,617,123,1,2
9089,302.967,351,person,0.638,267,336,1074,714,0,2
9090,303.0,366,car,0.7221,582,98,617,125,1,2
9090,303.0,351,person,0.7075,267,337,1070,713,0,2
9091,303.033,366,car,0.6706,583,98,616,122,1,2
9091,303.033,351,person,0.7064,264,337,1069,714,0,2
9092,303.067,366,car,0.6836,583,98,616,123,1,2
9092,303.067,351,person,0.6517,263,335,1071,713,0,2
9093,303.1,366,car,0.6914,583,98,617,123,1,2
9093,303.1,351,person,0.7197,261,335,1070,714,0,2
9094,303.133,366,car,0.6455,582,98,617,125,1,2
9094,303.133,351,person,0.829,249,322,1082,714,0,2
9095,303.167,366,car,0.6507,582,98,617,125,1,2
9095,303.167,351,person,0.8187,246,318,1085,714,0,2
9096,303.2,366,car,0.6551,582,98,617,125,1,2
9096,303.2,351,person,0.8779,254,331,1065,714,0,2
9097,303.233,366,car,0.6583,582,98,617,126,1,2
9097,303.233,351,person,0.7266,261,341,1051,713,0,2
9098,303.267,366,car,0.6726,582,99,617,126,1,2
9098,303.267,351,person,0.6735,263,344,1045,713,0,2
9099,303.3,366,car,0.682,581,99,618,127,1,2
9099,303.3,351,person,0.7855,262,347,1040,713,0,2
9100,303.333,366,car,0.612,582,101,617,128,1,2
9100,303.333,351,person,0.7728,258,345,1039,713,0,2
9101,303.367,366,car,0.6079,582,101,617,128,1,2
9101,303.367,351,person,0.7569,256,345,1039,713,0,2
9102,303.4,366,car,0.6074,583,103,616,128,1,2
9102,303.4,351,person,0.7259,256,345,1040,713,0,2
9103,303.433,366,car,0.6063,584,104,616,128,1,2
9103,303.433,351,person,0.6751,259,347,1041,713,0,2
9104,303.467,351,person,0.6568,262,346,1045,713,0,2
9105,303.5,351,person,0.828,261,345,1048,713,0,2
9106,303.533,351,person,0.8207,264,346,1053,713,0,2
9107,303.567,351,person,0.8631,264,343,1058,714,0,2
9108,303.6,351,person,0.806,270,345,1061,714,0,2
9109,303.633,351,person,0.8236,272,345,1063,714,0,2
9110,303.667,351,person,0.8339,274,346,1062,714,0,2
9111,303.7,351,person,0.8272,275,347,1061,714,0,2
9112,303.733,351,person,0.8091,272,344,1063,714,0,2
9112,303.733,397,cell phone,0.3202,841,353,1135,677,0,2
9113,303.767,351,person,0.7872,270,342,1064,714,0,2
9113,303.767,397,cell phone,0.4751,842,352,1137,677,0,2
9114,303.8,351,person,0.7633,269,342,1065,714,0,2
9114,303.8,397,cell phone,0.5766,842,352,1135,675,0,2
9114,303.8,366,car,0.636,586,112,613,130,1,2
9115,303.833,351,person,0.7593,269,341,1066,714,0,2
9115,303.833,397,cell phone,0.3929,842,351,1131,670,0,2
9116,303.867,351,person,0.7627,267,341,1069,714,0,2
9116,303.867,397,cell phone,0.4507,841,350,1129,667,0,2
9116,303.867,366,car,0.6358,586,113,614,131,1,2
9117,303.9,351,person,0.7711,270,344,1064,714,0,2
9117,303.9,366,car,0.6564,585,113,615,134,1,2
9118,303.933,351,person,0.8197,271,347,1058,714,0,2
9118,303.933,366,car,0.6892,584,112,615,134,1,2
9118,303.933,397,cell phone,0.4125,841,353,1135,678,0,2
9119,303.967,351,person,0.8229,273,352,1053,714,0,2
9119,303.967,366,car,0.6699,584,112,616,135,1,2
9120,304.0,351,person,0.6268,277,357,1047,713,0,2
9120,304.0,366,car,0.6506,585,113,616,135,1,2
9121,304.033,351,person,0.6592,275,359,1043,712,0,2
9121,304.033,366,car,0.6559,586,113,616,134,1,2
9122,304.067,351,person,0.6439,274,360,1042,713,0,2
9122,304.067,366,car,0.6678,587,114,617,134,1,2
9123,304.1,366,car,0.7103,587,113,617,133,1,2
9124,304.133,366,car,0.6921,589,113,617,131,1,2
9124,304.133,351,person,0.6475,266,353,1053,713,0,2
9125,304.167,366,car,0.6798,589,113,617,131,1,2
9125,304.167,351,person,0.674,262,349,1057,713,0,2
9126,304.2,351,person,0.8461,248,337,1071,714,0,2
9126,304.2,397,cell phone,0.3006,843,346,1133,663,0,2
9127,304.233,351,person,0.7617,250,339,1069,714,0,2
9128,304.267,351,person,0.7248,256,344,1064,713,0,2
9129,304.3,351,person,0.7456,259,346,1067,713,0,2
9130,304.333,351,person,0.6861,249,333,1086,714,0,2
9131,304.367,351,person,0.6287,259,337,1086,713,0,2
9134,304.467,397,person,0.6183,755,351,1088,705,0,2
9136,304.533,397,person,0.6239,743,357,1079,710,0,2
9139,304.633,351,person,0.6458,261,344,1073,711,0,2
9140,304.667,351,person,0.6595,263,349,1071,712,0,2
9141,304.7,351,person,0.7473,254,342,1081,713,0,2
9142,304.733,351,person,0.7709,261,347,1079,713,0,2
9143,304.767,351,person,0.7349,263,350,1079,713,0,2
9144,304.8,351,person,0.6655,265,350,1083,713,0,2
9145,304.833,351,person,0.6591,266,349,1089,713,0,2
9146,304.867,351,person,0.6479,265,347,1093,713,0,2
9148,304.933,351,person,0.6258,269,352,1089,713,0,2
9149,304.967,351,person,0.6198,266,352,1088,713,0,2
9150,305.0,351,person,0.6721,263,351,1089,713,0,2
9151,305.033,351,person,0.6837,262,351,1088,713,0,2
9152,305.067,351,person,0.7077,261,352,1087,713,0,2
9153,305.1,351,person,0.7196,262,352,1087,712,0,2
9154,305.133,351,person,0.7162,266,357,1085,712,0,2
9155,305.167,351,person,0.7189,269,358,1085,713,0,2
9156,305.2,351,person,0.7533,272,361,1083,713,0,2
9157,305.233,351,person,0.6938,274,362,1085,713,0,2
9157,305.233,400,car,0.7153,253,152,293,178,0,2
9158,305.267,351,person,0.6909,274,363,1086,713,0,2
9158,305.267,400,car,0.6921,246,154,282,179,0,2
9159,305.3,351,person,0.6502,271,362,1087,713,0,2
9159,305.3,400,car,0.7518,230,158,270,185,0,2
9160,305.333,351,person,0.662,267,361,1089,713,0,2
9160,305.333,400,car,0.6211,208,162,253,191,0,2
9161,305.367,351,person,0.6995,264,359,1090,713,0,2
9161,305.367,400,car,0.7059,194,163,243,195,0,2
9162,305.4,351,person,0.6886,264,360,1089,713,0,2
9163,305.433,351,person,0.6857,262,360,1088,713,0,2
9164,305.467,351,person,0.6635,261,361,1086,713,0,2
9165,305.5,351,person,0.6774,258,361,1086,713,0,2
9168,305.6,351,person,0.6127,258,361,1085,712,0,2
9169,305.633,351,person,0.6152,262,366,1081,712,0,2
9170,305.667,351,person,0.6039,262,367,1081,712,0,2
9174,305.8,-1,car,0.662,598,119,632,143,1,2
9175,305.833,402,car,0.6792,599,119,632,143,1,2
9176,305.867,402,car,0.6667,599,119,633,143,1,2
9177,305.9,402,car,0.6512,600,120,634,143,1,2
9178,305.933,402,car,0.6208,601,120,634,143,1,2
9179,305.967,402,car,0.6046,602,120,634,143,1,2
9180,306.0,-1,car,0.726,281,155,329,184,0,2
9181,306.033,402,car,0.6008,603,121,634,143,1,2
9182,306.067,404,car,0.7159,255,158,306,192,0,2
9183,306.1,404,car,0.693,238,162,289,197,0,2
9184,306.133,404,car,0.6606,213,168,269,205,0,2
9186,306.2,-1,car,0.6303,323,145,360,169,0,2
9188,306.267,-1,car,0.6091,311,145,349,176,0,2
9190,306.333,-1,car,0.6703,358,146,390,168,0,2
9191,306.367,407,car,0.6113,355,146,387,168,0,2
9192,306.4,407,car,0.6667,347,147,381,169,0,2
9192,306.4,402,car,0.6619,607,115,643,141,1,2
9193,306.433,407,car,0.6451,337,149,373,173,0,2
9193,306.433,408,car,0.7748,257,155,311,189,0,2
9193,306.433,402,car,0.6443,607,115,643,141,1,2
9194,306.467,408,car,0.713,250,157,306,191,0,2
9194,306.467,402,car,0.6466,608,115,643,141,1,2
9195,306.5,408,car,0.6827,234,159,294,195,0,2
9195,306.5,402,car,0.695,609,117,645,142,1,2
9196,306.533,408,car,0.6646,215,161,281,202,0,2
9196,306.533,402,car,0.7007,610,118,645,142,1,2
9197,306.567,402,car,0.6784,611,119,646,142,1,2
9197,306.567,409,car,0.6627,298,159,337,186,0,2
9198,306.6,402,car,0.6698,613,118,646,141,1,2
9198,306.6,351,person,0.6274,277,379,1080,713,0,2
9198,306.6,408,car,0.6011,183,167,256,213,0,2
9199,306.633,402,car,0.6725,613,117,648,141,1,2
9200,306.667,402,car,0.6837,613,115,648,141,1,2
9200,306.667,410,car,0.75,251,166,307,201,0,2
9201,306.7,402,car,0.6552,613,115,649,141,1,2
9201,306.7,410,car,0.6689,233,170,291,207,0,2
9202,306.733,402,car,0.7041,611,114,650,142,1,2
9203,306.767,402,car,0.6869,611,114,650,142,1,2
9204,306.8,402,car,0.7388,613,114,650,142,1,2
9205,306.833,402,car,0.779,613,114,650,143,1,2
9206,306.867,402,car,0.7869,613,114,650,143,1,2
9206,306.867,351,person,0.6021,264,373,1086,713,0,2
9207,306.9,402,car,0.7717,613,114,651,143,1,2
9207,306.9,351,person,0.6046,263,370,1090,713,0,2
9208,306.933,402,car,0.751,615,115,650,142,1,2
9209,306.967,402,car,0.7466,615,115,650,142,1,2
9210,307.0,402,car,0.7659,615,115,651,142,1,2
9210,307.0,409,car,0.69,315,157,354,183,0,2
9211,307.033,402,car,0.7336,616,115,653,142,1,2
9211,307.033,409,car,0.7066,305,158,346,185,0,2
9211,307.033,351,person,0.6521,273,377,1088,712,0,2
9212,307.067,402,car,0.735,617,117,653,142,1,2
9212,307.067,409,car,0.6691,297,158,342,187,0,2
9212,307.067,351,person,0.6205,274,377,1090,713,0,2
9213,307.1,402,car,0.7557,618,117,653,142,1,2
9213,307.1,409,car,0.7191,285,160,331,192,0,2
9213,307.1,351,person,0.6325,278,379,1090,713,0,2
9214,307.133,402,car,0.749,619,117,655,142,1,2
9214,307.133,351,person,0.6377,279,381,1091,712,0,2
9215,307.167,402,car,0.7471,621,117,656,141,1,2
9215,307.167,351,person,0.6899,278,381,1091,712,0,2
9216,307.2,402,car,0.7273,622,115,657,141,1,2
9216,307.2,351,person,0.6779,275,381,1091,712,0,2
9217,307.233,402,car,0.7151,622,114,658,139,1,2
9217,307.233,351,person,0.689,273,382,1090,712,0,2
9218,307.267,402,car,0.7018,623,113,659,139,1,2
9218,307.267,351,person,0.6699,270,381,1090,712,0,2
9219,307.3,402,car,0.7278,624,114,661,139,1,2
9220,307.333,402,car,0.7285,624,114,661,141,1,2
9221,307.367,402,car,0.7189,625,114,661,141,1,2
9222,307.4,402,car,0.7225,625,114,662,141,1,2
9223,307.433,402,car,0.7035,625,114,662,141,1,2
9223,307.433,351,person,0.6325,263,392,1065,714,0,2
9224,307.467,402,car,0.7095,626,114,662,141,1,2
9224,307.467,351,person,0.6036,261,392,1064,714,0,2
9225,307.5,402,car,0.7142,626,114,663,141,1,2
9226,307.533,402,car,0.7173,626,113,664,141,1,2
9226,307.533,351,person,0.6032,263,392,1069,714,0,2
9227,307.567,402,car,0.7258,626,112,665,141,1,2
9227,307.567,351,person,0.6252,266,392,1072,714,0,2
9228,307.6,402,car,0.7004,627,112,666,141,1,2
9229,307.633,402,car,0.699,630,113,667,139,1,2
9230,307.667,402,car,0.7157,631,113,669,139,1,2
9231,307.7,402,car,0.733,631,113,670,139,1,2
9232,307.733,402,car,0.7259,632,112,671,139,1,2
9233,307.767,402,car,0.7136,632,112,671,138,1,2
9234,307.8,402,car,0.6962,633,113,671,138,1,2
9235,307.833,402,car,0.6826,633,111,672,138,1,2
9236,307.867,402,car,0.6657,632,109,673,137,1,2
9237,307.9,402,car,0.6785,633,106,675,136,1,2
9237,307.9,351,person,0.6004,275,389,1091,713,0,2
9238,307.933,402,car,0.7284,634,104,679,135,1,2
9239,307.967,402,car,0.7518,634,103,680,135,1,2
9239,307.967,351,person,0.6237,272,386,1095,713,0,2
9240,308.0,402,car,0.7525,637,102,682,134,1,2
9240,308.0,351,person,0.7284,271,386,1096,713,0,2
9241,308.033,402,car,0.7956,639,101,683,133,1,2
9241,308.033,351,person,0.7332,270,386,1096,713,0,2
9242,308.067,402,car,0.7894,640,101,685,133,1,2
9242,308.067,351,person,0.7626,267,385,1098,713,0,2
9243,308.1,402,car,0.7927,641,99,686,131,1,2
9243,308.1,351,person,0.7408,264,384,1099,713,0,2
9244,308.133,402,car,0.7575,643,99,688,130,1,2
9244,308.133,351,person,0.7642,264,384,1099,712,0,2
9245,308.167,402,car,0.7683,645,98,689,130,1,2
9245,308.167,351,person,0.7407,263,385,1099,712,0,2
9246,308.2,402,car,0.8062,646,97,690,130,1,2
9246,308.2,351,person,0.713,264,385,1099,712,0,2
9247,308.233,402,car,0.7313,648,96,691,128,1,2
9247,308.233,351,person,0.7789,265,384,1103,712,0,2
9248,308.267,402,car,0.6734,649,96,693,128,1,2
9248,308.267,351,person,0.7327,262,382,1107,712,0,2
9249,308.3,402,car,0.656,653,96,695,127,1,2
9249,308.3,351,person,0.8018,261,377,1117,712,0,2
9250,308.333,402,car,0.7239,655,94,698,126,1,2
9250,308.333,351,person,0.753,259,370,1130,713,0,2
9251,308.367,402,car,0.7393,656,93,699,126,1,2
9251,308.367,351,person,0.7505,262,367,1137,713,0,2
9252,308.4,402,car,0.7586,659,94,702,125,1,2
9252,308.4,351,person,0.7674,256,357,1153,714,0,2
9253,308.433,402,car,0.7739,662,95,703,125,1,2
9253,308.433,351,person,0.7428,257,350,1162,714,0,2
9254,308.467,402,car,0.7426,664,95,704,123,1,2
9254,308.467,351,person,0.731,271,358,1153,714,0,2
9255,308.5,402,car,0.7355,664,91,709,123,0,2
9255,308.5,351,person,0.7137,272,354,1157,714,0,2
9256,308.533,402,car,0.6871,664,88,712,123,0,2
9256,308.533,351,person,0.7698,280,357,1154,713,0,2
9257,308.567,402,car,0.7395,665,87,714,122,0,2
9257,308.567,351,person,0.7821,282,357,1155,713,0,2
9258,308.6,402,car,0.7522,667,86,715,121,0,2
9258,308.6,351,person,0.7813,282,355,1154,713,0,2
9259,308.633,402,car,0.712,670,87,717,121,0,2
9259,308.633,351,person,0.7819,281,354,1154,713,0,2
9260,308.667,402,car,0.7458,670,87,718,121,0,2
9260,308.667,351,person,0.7712,282,354,1152,713,0,2
9261,308.7,402,car,0.6715,672,87,718,120,0,2
9261,308.7,351,person,0.7622,281,354,1150,713,0,2
9262,308.733,402,car,0.6995,673,87,719,120,0,2
9262,308.733,351,person,0.7797,280,354,1147,713,0,2
9263,308.767,402,car,0.72,673,86,721,120,0,2
9263,308.767,351,person,0.7925,279,354,1144,713,0,2
9264,308.8,402,car,0.7676,674,86,722,121,0,2
9264,308.8,351,person,0.8011,279,355,1138,713,0,2
9265,308.833,402,car,0.748,675,86,723,121,0,2
9265,308.833,351,person,0.817,277,355,1135,713,0,2
9266,308.867,402,car,0.7575,677,87,723,121,0,2
9266,308.867,351,person,0.7937,271,351,1137,713,0,2
9267,308.9,402,car,0.7476,678,86,726,121,0,2
9267,308.9,351,person,0.7895,275,354,1129,713,0,2
9268,308.933,402,car,0.7627,679,86,728,122,0,2
9268,308.933,351,person,0.7923,279,357,1127,713,0,2
9269,308.967,402,car,0.7601,679,87,728,123,0,2
9269,308.967,351,person,0.799,280,358,1126,713,0,2
9270,309.0,402,car,0.7128,680,87,729,123,0,2
9270,309.0,351,person,0.8108,283,359,1125,713,0,2
9271,309.033,402,car,0.723,681,87,731,123,0,2
9271,309.033,351,person,0.7882,287,361,1123,713,0,2
9272,309.067,402,car,0.7508,681,87,733,125,0,2
9272,309.067,351,person,0.7551,288,362,1121,713,0,2
9273,309.1,402,car,0.7842,683,87,734,125,0,2
9273,309.1,351,person,0.762,291,366,1115,713,0,2
9274,309.133,402,car,0.7305,685,88,736,126,0,2
9274,309.133,351,person,0.6854,294,370,1106,712,0,2
9275,309.167,402,car,0.7217,687,89,737,127,0,2
9275,309.167,351,person,0.7206,295,375,1099,712,0,2
9276,309.2,402,car,0.7259,688,89,738,127,0,2
9276,309.2,351,person,0.6805,296,378,1094,712,0,2
9277,309.233,402,car,0.7407,689,90,739,127,0,2
9277,309.233,351,person,0.6809,296,382,1090,712,0,2
9278,309.267,402,car,0.7382,690,90,741,127,0,2
9278,309.267,351,person,0.6635,294,383,1087,712,0,2
9279,309.3,402,car,0.7482,691,90,742,128,0,2
9279,309.3,351,person,0.6706,291,383,1086,712,0,2
9280,309.333,402,car,0.7386,691,89,743,127,0,2
9280,309.333,351,person,0.7454,293,383,1090,712,0,2
9281,309.367,402,car,0.7412,693,89,745,127,0,2
9281,309.367,351,person,0.7372,293,382,1093,711,0,2
9282,309.4,402,car,0.7851,694,89,746,127,0,2
9282,309.4,351,person,0.7758,291,382,1096,711,0,2
9283,309.433,402,car,0.7911,695,89,747,127,0,2
9283,309.433,351,person,0.7619,291,381,1098,711,0,2
9284,309.467,402,car,0.7913,696,89,749,127,0,2
9284,309.467,351,person,0.7338,290,378,1103,711,0,2
9285,309.5,402,car,0.7618,697,89,750,127,0,2
9285,309.5,351,person,0.7262,288,377,1104,711,0,2
9286,309.533,402,car,0.7939,697,89,751,128,0,2
9286,309.533,351,person,0.7113,287,376,1105,711,0,2
9287,309.567,402,car,0.7814,697,89,752,129,0,2
9287,309.567,351,person,0.6679,287,377,1104,711,0,2
9288,309.6,402,car,0.7626,698,89,753,129,0,2
9288,309.6,351,person,0.6838,288,379,1102,711,0,2
9289,309.633,402,car,0.7397,699,89,755,129,0,2
9289,309.633,351,person,0.7289,288,379,1101,711,0,2
9290,309.667,402,car,0.7434,701,89,757,129,0,2
9290,309.667,351,person,0.7796,289,382,1099,711,0,2
9291,309.7,402,car,0.7207,702,89,758,129,0,2
9291,309.7,351,person,0.762,289,382,1099,711,0,2
9292,309.733,402,car,0.7266,703,89,760,130,0,2
9292,309.733,351,person,0.7972,289,382,1102,711,0,2
9293,309.767,402,car,0.6846,704,89,762,130,0,2
9293,309.767,351,person,0.7706,288,382,1103,711,0,2
9294,309.8,402,car,0.671,705,89,763,130,0,2
9294,309.8,351,person,0.7886,288,379,1107,712,0,2
9295,309.833,402,car,0.654,706,88,765,130,0,2
9295,309.833,351,person,0.7583,283,375,1113,712,0,2
9296,309.867,402,car,0.7158,706,88,767,130,0,2
9296,309.867,351,person,0.7723,282,373,1118,712,0,2
9297,309.9,402,car,0.7706,707,87,768,130,0,2
9297,309.9,351,person,0.7252,283,371,1119,711,0,2
9298,309.933,402,car,0.7699,709,87,770,130,0,2
9298,309.933,351,person,0.6835,281,370,1121,711,0,2
9299,309.967,402,car,0.7799,710,87,771,130,0,2
9299,309.967,351,person,0.617,282,371,1118,711,0,2
9300,310.0,402,car,0.8387,712,87,774,131,0,2
9300,310.0,351,person,0.6159,282,375,1110,711,0,2
9301,310.033,402,car,0.8547,713,88,776,131,0,2
9301,310.033,351,person,0.7489,285,381,1099,711,0,2
9302,310.067,402,car,0.8435,714,88,777,131,0,2
9302,310.067,351,person,0.696,285,383,1095,711,0,2
9302,310.067,415,car,0.6015,633,91,664,112,1,2
9303,310.1,402,car,0.8045,715,88,778,131,0,2
9303,310.1,351,person,0.7247,281,383,1095,711,0,2
9304,310.133,402,car,0.7685,717,87,782,131,0,2
9304,310.133,351,person,0.7613,279,382,1096,712,0,2
9304,310.133,415,car,0.61,634,93,665,113,1,2
9305,310.167,402,car,0.774,717,87,783,131,0,2
9305,310.167,351,person,0.7689,280,382,1098,711,0,2
9306,310.2,402,car,0.7721,718,86,786,133,0,2
9306,310.2,351,person,0.6135,277,377,1105,711,0,2
9306,310.2,415,car,0.6107,634,91,666,112,1,2
9307,310.233,402,car,0.7926,721,86,789,133,0,2
9307,310.233,351,person,0.6932,280,376,1110,711,0,2
9307,310.233,415,car,0.6263,635,91,667,113,1,2
9308,310.267,402,car,0.8002,722,86,791,133,0,2
9308,310.267,351,person,0.7005,281,376,1112,711,0,2
9308,310.267,415,car,0.6173,635,91,669,113,1,2
9309,310.3,402,car,0.8281,725,86,794,133,0,2
9309,310.3,351,person,0.7141,280,373,1120,711,0,2
9309,310.3,415,car,0.6467,635,90,669,113,1,2
9310,310.333,402,car,0.8041,727,85,798,134,0,2
9310,310.333,351,person,0.7133,280,371,1122,712,0,2
9310,310.333,415,car,0.6277,635,90,670,113,1,2
9311,310.367,402,car,0.8026,728,85,800,134,0,2
9311,310.367,351,person,0.7109,280,370,1123,712,0,2
9311,310.367,415,car,0.6273,635,90,670,113,1,2
9312,310.4,402,car,0.8302,729,83,802,134,0,2
9312,310.4,351,person,0.7118,280,370,1121,712,0,2
9312,310.4,415,car,0.6196,635,90,670,113,1,2
9313,310.433,402,car,0.8094,730,83,805,134,0,2
9313,310.433,351,person,0.6742,278,370,1119,711,0,2
9313,310.433,415,car,0.6178,638,90,671,113,1,2
9314,310.467,402,car,0.8182,731,83,807,135,0,2
9314,310.467,351,person,0.6473,277,369,1118,711,0,2
9315,310.5,402,car,0.8118,734,82,810,135,0,2
9316,310.533,402,car,0.86,736,82,814,135,0,2
9316,310.533,415,car,0.6405,640,91,671,113,1,2
9316,310.533,351,person,0.6714,273,367,1121,711,0,2
9317,310.567,402,car,0.8154,738,82,816,135,0,2
9317,310.567,415,car,0.6408,640,91,671,113,1,2
9317,310.567,351,person,0.6189,273,366,1123,711,0,2
9318,310.6,402,car,0.7894,741,81,821,136,0,2
9318,310.6,415,car,0.6116,640,91,672,113,1,2
9318,310.6,351,person,0.6054,275,366,1122,711,0,2
9319,310.633,402,car,0.8433,743,81,823,136,0,2
9319,310.633,415,car,0.6171,640,91,672,113,1,2
9319,310.633,351,person,0.6617,279,370,1115,711,0,2
9320,310.667,402,car,0.8544,745,81,825,136,0,2
9320,310.667,415,car,0.6245,640,91,672,113,1,2
9321,310.7,402,car,0.762,747,82,829,137,0,2
9321,310.7,415,car,0.6165,640,91,672,113,1,2
9322,310.733,402,car,0.8636,749,82,831,138,0,2
9322,310.733,415,car,0.6291,639,90,673,113,1,2
9323,310.767,402,car,0.8366,752,83,833,138,0,2
9323,310.767,415,car,0.6306,639,90,673,113,1,2
9324,310.8,402,car,0.8376,755,83,838,138,0,2
9324,310.8,415,car,0.6516,639,90,674,113,1,2
9325,310.833,402,car,0.863,758,83,842,139,0,2
9325,310.833,415,car,0.6526,640,90,674,113,1,2
9326,310.867,402,car,0.8321,760,83,846,139,0,2
9326,310.867,415,car,0.6383,641,90,674,113,1,2
9326,310.867,351,person,0.6492,277,378,1098,711,0,2
9327,310.9,402,car,0.8299,761,83,849,141,0,2
9327,310.9,415,car,0.655,641,91,674,113,1,2
9327,310.9,351,person,0.7038,272,374,1104,711,0,2
9328,310.933,402,car,0.811,763,82,854,142,0,2
9328,310.933,415,car,0.6362,642,91,675,113,1,2
9328,310.933,351,person,0.6755,272,374,1106,711,0,2
9329,310.967,402,car,0.8457,766,82,857,142,0,2
9329,310.967,415,car,0.6572,642,91,677,114,1,2
9329,310.967,351,person,0.6695,274,375,1105,711,0,2
9330,311.0,402,car,0.7939,769,82,863,144,0,2
9330,311.0,415,car,0.674,643,91,678,113,1,2
9330,311.0,351,person,0.6013,277,376,1106,711,0,2
9331,311.033,402,car,0.7659,774,83,867,144,0,2
9331,311.033,415,car,0.6255,645,91,678,113,1,2
9331,311.033,351,person,0.6315,280,378,1105,711,0,2
9332,311.067,402,car,0.8114,777,83,871,145,0,2
9332,311.067,415,car,0.6303,645,91,679,113,1,2
9333,311.1,402,car,0.8671,779,83,877,145,0,2
9333,311.1,415,car,0.6199,646,90,680,114,1,2
9334,311.133,402,car,0.7867,782,82,883,146,0,2
9334,311.133,415,car,0.6528,646,91,680,114,1,2
9335,311.167,402,car,0.8389,786,83,887,147,0,2
9335,311.167,415,car,0.6655,646,91,680,114,1,2
9336,311.2,402,car,0.8365,789,82,893,149,0,2
9336,311.2,415,car,0.6042,648,94,680,114,1,2
9337,311.233,402,car,0.8582,792,82,899,150,0,2
9337,311.233,415,car,0.6048,648,94,679,114,1,2
9338,311.267,402,car,0.8554,794,83,903,151,0,2
9338,311.267,415,car,0.6269,648,93,681,114,1,2
9338,311.267,351,person,0.6863,282,383,1101,711,0,2
9339,311.3,402,car,0.864,798,82,909,152,0,2
9339,311.3,415,car,0.6469,648,94,681,115,1,2
9339,311.3,351,person,0.6846,281,383,1101,712,0,2
9340,311.333,402,car,0.887,801,82,915,152,0,2
9340,311.333,415,car,0.7074,648,93,682,115,1,2
9341,311.367,402,car,0.8687,805,82,919,152,0,2
9341,311.367,415,car,0.6943,647,93,682,115,1,2
9342,311.4,402,car,0.8414,808,81,926,153,0,2
9342,311.4,415,car,0.7208,647,91,683,117,1,2
9343,311.433,402,car,0.8019,813,80,933,154,0,2
9343,311.433,415,car,0.6519,648,91,683,117,1,2
9344,311.467,402,car,0.8372,815,80,939,154,0,2
9344,311.467,415,car,0.6453,649,91,685,115,1,2
9345,311.5,402,car,0.8611,819,79,945,155,0,2
9345,311.5,415,car,0.6177,649,91,685,117,1,2
9346,311.533,402,car,0.8708,824,79,954,157,0,2
9346,311.533,415,car,0.6715,649,91,686,115,1,2
9347,311.567,402,car,0.854,829,79,960,158,0,2
9347,311.567,415,car,0.6642,650,91,686,115,1,2
9348,311.6,402,car,0.8778,833,79,969,160,0,2
9348,311.6,415,car,0.6439,650,91,686,117,1,2
9348,311.6,351,person,0.6011,265,381,1094,711,0,2
9349,311.633,402,car,0.8739,839,80,978,162,0,2
9349,311.633,415,car,0.6585,650,90,688,115,1,2
9349,311.633,351,person,0.6126,266,379,1098,711,0,2
9350,311.667,402,car,0.8682,842,80,985,163,0,2
9350,311.667,415,car,0.6538,650,89,689,115,1,2
9350,311.667,351,person,0.6446,269,381,1101,711,0,2
9351,311.7,402,car,0.8524,849,81,995,166,0,2
9351,311.7,415,car,0.6553,651,89,690,115,1,2
9352,311.733,402,car,0.8563,856,82,1005,168,0,2
9352,311.733,415,car,0.6593,654,90,690,115,1,2
9353,311.767,402,car,0.8533,862,82,1011,168,0,2
9353,311.767,415,car,0.6685,655,90,691,115,1,2
9354,311.8,402,car,0.8547,869,82,1023,170,0,2
9354,311.8,415,car,0.6741,656,91,691,117,1,2
9355,311.833,402,car,0.8674,875,83,1034,173,0,2
9355,311.833,415,car,0.7019,656,91,694,118,1,2
9355,311.833,351,person,0.6001,274,381,1105,711,0,2
9356,311.867,402,car,0.8525,880,83,1045,176,0,2
9356,311.867,415,car,0.6976,656,93,694,118,1,2
9356,311.867,351,person,0.6264,277,382,1105,711,0,2
9357,311.9,402,car,0.8525,883,83,1058,181,0,2
9357,311.9,415,car,0.6754,656,93,694,119,1,2
9357,311.9,351,person,0.6625,275,383,1103,711,0,2
9358,311.933,402,car,0.8444,889,85,1067,184,0,2
9358,311.933,415,car,0.6875,653,94,689,119,1,2
9359,311.967,402,car,0.8464,889,83,1075,186,0,2
9359,311.967,415,car,0.6799,649,94,687,120,1,2
9359,311.967,351,person,0.6288,267,383,1098,712,0,2
9360,312.0,402,car,0.8211,889,85,1080,190,0,2
9360,312.0,415,car,0.7018,640,95,680,122,1,2
9361,312.033,402,car,0.8183,883,86,1082,194,0,2
9361,312.033,415,car,0.7596,629,97,670,126,1,2
9362,312.067,402,car,0.8052,880,88,1081,198,0,2
9362,312.067,415,car,0.7026,618,97,659,126,1,2
9363,312.1,402,car,0.8404,873,89,1079,201,0,2
9363,312.1,415,car,0.7826,603,101,642,129,1,2
9364,312.133,402,car,0.7408,863,93,1073,206,0,2
9365,312.167,402,car,0.8351,855,94,1070,209,0,2
9365,312.167,420,car,0.7698,566,106,607,135,1,2
9366,312.2,402,car,0.8696,842,96,1067,215,0,2
9367,312.233,402,car,0.8034,830,98,1065,224,0,2
9368,312.267,402,car,0.8055,825,101,1062,225,0,2
9368,312.267,422,car,0.7263,512,114,551,144,1,2
9368,312.267,423,truck,0.4588,75,34,1274,709,0,2
9369,312.3,402,car,0.8485,817,103,1058,230,0,2
9369,312.3,423,truck,0.3525,69,13,1280,709,0,2
9370,312.333,402,car,0.7858,821,105,1047,222,0,2
9370,312.333,423,truck,0.3822,66,2,1280,711,0,2
9370,312.333,424,car,0.7863,477,120,521,147,1,2
9371,312.367,402,car,0.8364,811,104,1049,227,0,2
9371,312.367,423,truck,0.4767,56,1,1280,711,0,2
9371,312.367,424,car,0.7939,469,121,512,149,1,2
9372,312.4,402,car,0.8655,815,103,1047,222,0,2
9372,312.4,423,truck,0.5091,43,0,1280,709,0,2
9372,312.4,424,car,0.7549,455,120,501,150,1,2
9373,312.433,402,car,0.852,821,103,1050,219,0,2
9373,312.433,423,truck,0.3966,123,0,1280,710,0,2
9373,312.433,424,car,0.7544,441,121,488,152,1,2
9374,312.467,402,car,0.8252,822,104,1049,217,0,2
9374,312.467,423,truck,0.3245,99,1,1280,710,0,2
9374,312.467,424,car,0.704,434,123,480,153,1,2
9375,312.5,402,car,0.7766,821,105,1047,221,0,2
9375,312.5,423,truck,0.5781,102,0,1280,711,0,2
9375,312.5,424,car,0.6705,424,123,473,155,1,2
9376,312.533,402,car,0.7383,818,105,1048,223,0,2
9376,312.533,423,truck,0.3042,130,0,1280,711,0,2
9376,312.533,424,car,0.7365,416,125,466,157,1,2
9377,312.567,402,car,0.7173,819,105,1049,225,0,2
9377,312.567,424,car,0.7339,411,125,462,158,1,2
9377,312.567,425,cell phone,0.4163,513,334,856,674,0,2
9378,312.6,424,car,0.7232,407,125,457,158,1,2
9379,312.633,424,car,0.7501,403,125,454,158,1,2
9380,312.667,424,car,0.7284,402,125,453,158,1,2
9380,312.667,423,truck,0.4975,66,0,1280,711,0,2
9381,312.7,424,car,0.7304,403,125,453,158,1,2
9381,312.7,423,truck,0.3631,61,0,1277,707,0,2
9382,312.733,424,car,0.7386,406,122,456,157,1,2
9382,312.733,423,truck,0.4093,51,0,1272,710,0,2
9383,312.767,424,car,0.7445,408,121,461,157,1,2
9383,312.767,423,truck,0.4372,42,0,1266,712,0,2
9384,312.8,424,car,0.7391,415,120,467,155,1,2
9384,312.8,423,truck,0.4497,39,2,1266,714,0,2
9385,312.833,424,car,0.7998,425,119,478,153,1,2
9385,312.833,423,truck,0.4508,35,2,1264,714,0,2
9386,312.867,424,car,0.8065,434,118,486,152,1,2
9386,312.867,423,truck,0.3798,39,2,1266,713,0,2
9387,312.9,424,car,0.7942,447,115,499,151,1,2
9387,312.9,423,truck,0.3228,38,3,1263,710,0,2
9388,312.933,424,car,0.7945,462,113,515,150,1,2
9388,312.933,423,truck,0.4453,41,2,1267,710,0,2
9389,312.967,424,car,0.8122,473,112,527,149,1,2
9389,312.967,423,truck,0.4586,41,2,1269,710,0,2
9390,313.0,423,truck,0.3734,43,2,1267,706,0,2
9390,313.0,422,car,0.7731,498,111,547,149,1,2
9391,313.033,422,car,0.7851,510,111,560,149,1,2
9392,313.067,422,car,0.7674,519,110,571,149,1,2
9393,313.1,422,car,0.769,536,110,587,147,1,2
9394,313.133,420,car,0.7677,561,109,616,146,1,2
9395,313.167,420,car,0.7645,566,109,622,146,1,2
9396,313.2,420,car,0.7239,578,107,635,146,1,2
9397,313.233,420,car,0.7543,593,106,653,145,1,2
9398,313.267,420,car,0.753,603,105,664,146,1,2
9399,313.3,420,car,0.7046,617,105,679,146,1,2
9400,313.333,420,car,0.742,631,104,693,146,1,2
9401,313.367,420,car,0.755,639,104,703,146,1,2
9402,313.4,420,car,0.7304,649,103,715,149,1,2
9403,313.433,420,car,0.7655,661,103,727,147,1,2
9404,313.467,420,car,0.7487,669,103,734,146,1,2
9405,313.5,420,car,0.7711,678,103,743,146,1,2
9406,313.533,420,car,0.7621,686,102,753,146,0,2
9407,313.567,420,car,0.7141,690,102,760,147,0,2
9408,313.6,420,car,0.7703,697,101,768,149,0,2
9409,313.633,420,car,0.8226,704,101,777,150,0,2
9410,313.667,420,car,0.7882,709,101,783,150,0,2
9411,313.7,420,car,0.8234,714,101,790,150,0,2
9412,313.733,420,car,0.6254,720,99,797,150,0,2
9413,313.767,420,car,0.8102,723,99,801,151,0,2
9414,313.8,420,car,0.8816,728,99,808,151,0,2
9415,313.833,420,car,0.8451,733,99,816,153,0,2
9416,313.867,420,car,0.8916,737,99,821,153,0,2
9417,313.9,420,car,0.8526,743,99,827,154,0,2
9418,313.933,420,car,0.856,747,99,835,155,0,2
9419,313.967,420,car,0.8683,752,99,841,157,0,2
9420,314.0,420,car,0.9022,757,99,850,158,0,2
9421,314.033,420,car,0.8922,763,99,859,160,0,2
9422,314.067,420,car,0.9093,768,99,866,161,0,2
9423,314.1,420,car,0.8444,775,99,874,161,0,2
9424,314.133,420,car,0.8619,781,99,886,163,0,2
9425,314.167,420,car,0.8349,785,99,894,165,0,2
9426,314.2,420,car,0.8217,792,99,904,167,0,2
9427,314.233,420,car,0.8371,800,99,915,168,0,2
9428,314.267,420,car,0.8279,806,101,923,169,0,2
9429,314.3,420,car,0.7189,815,101,936,171,0,2
9430,314.333,420,car,0.8404,825,101,951,174,0,2
9431,314.367,420,car,0.8235,831,99,963,176,0,2
9432,314.4,420,car,0.7271,840,101,978,179,0,2
9433,314.433,420,car,0.6172,851,99,998,183,0,2
9434,314.467,420,truck,0.5109,859,99,1010,185,0,2
9435,314.5,420,truck,0.5519,873,99,1029,187,0,2
9436,314.533,420,car,0.6009,887,101,1051,191,0,2
9437,314.567,420,truck,0.4122,895,101,1067,195,0,2
9438,314.6,420,truck,0.5245,910,102,1089,200,0,2
9439,314.633,420,car,0.6811,925,103,1114,206,0,2
9440,314.667,420,car,0.6246,937,103,1135,210,0,2
9441,314.7,420,car,0.8239,954,104,1163,215,0,2
9442,314.733,420,car,0.7935,975,105,1198,223,0,2
9443,314.767,420,car,0.822,989,105,1224,229,0,2
9444,314.8,420,car,0.7071,1007,107,1259,239,0,2
9445,314.833,420,car,0.8216,1038,109,1269,226,0,2
9446,314.867,420,car,0.828,1056,109,1274,218,0,2
9447,314.9,420,car,0.7737,1073,113,1280,219,0,2
9448,314.933,420,car,0.6931,1090,115,1280,223,0,2
9449,314.967,420,car,0.6847,1105,115,1280,221,0,2
9498,316.6,-1,person,0.6347,311,410,1086,713,0,2
9499,316.633,429,person,0.6409,310,413,1079,713,0,2
9523,317.433,-1,cell phone,0.3815,822,345,1157,642,0,2
9524,317.467,430,cell phone,0.3908,823,345,1157,641,0,2
9525,317.5,430,cell phone,0.4512,823,345,1160,643,0,2
9526,317.533,430,cell phone,0.3941,823,345,1161,645,0,2
9531,317.7,430,cell phone,0.3542,824,347,1160,645,0,2
9532,317.733,430,cell phone,0.3256,821,347,1160,647,0,2
9544,318.133,430,cell phone,0.3781,823,345,1160,643,0,2
9545,318.167,430,cell phone,0.4566,826,345,1163,642,0,2
9546,318.2,430,person,0.6127,798,398,1125,688,0,2
9547,318.233,430,person,0.6428,787,415,1110,705,0,2
9548,318.267,430,person,0.6498,785,419,1106,712,0,2
9549,318.3,430,person,0.6316,784,421,1103,713,0,2
9551,318.367,430,person,0.6001,789,421,1106,714,0,2
9553,318.433,-1,cell phone,0.4637,856,336,1202,633,0,2
9558,318.6,-1,cell phone,0.3149,937,345,1266,643,0,2
9560,318.667,-1,cell phone,0.3308,962,346,1273,646,0,2
9561,318.7,435,cell phone,0.3467,973,347,1280,651,0,2
9569,318.967,-1,person,0.6246,434,385,1270,711,0,2
9570,319.0,436,person,0.7171,437,387,1266,712,0,2
9571,319.033,436,person,0.6968,442,390,1266,711,0,2
9572,319.067,436,person,0.7573,445,391,1267,712,0,2
9573,319.1,436,person,0.7244,445,390,1271,712,0,2
9574,319.133,436,person,0.7319,445,389,1273,712,0,2
9575,319.167,436,person,0.7183,447,390,1274,712,0,2
9576,319.2,436,person,0.6009,446,387,1278,712,0,2
9577,319.233,436,person,0.6164,445,386,1280,713,0,2
9578,319.267,436,person,0.63,443,385,1280,713,0,2
9579,319.3,436,person,0.6394,443,384,1280,713,0,2
9581,319.367,436,person,0.6074,443,382,1280,712,0,2
9582,319.4,436,person,0.6044,443,382,1280,712,0,2
9583,319.433,436,person,0.633,445,383,1280,712,0,2
9584,319.467,436,person,0.6139,445,383,1280,712,0,2
9585,319.5,436,person,0.6361,446,385,1278,712,0,2
9586,319.533,436,person,0.6802,445,387,1272,712,0,2
9587,319.567,436,person,0.6791,445,390,1267,712,0,2
9599,319.967,-1,stop sign,0.3097,454,33,491,75,0,2
9601,320.033,-1,cell phone,0.3084,952,367,1279,694,0,2
9603,320.1,-1,cell phone,0.3427,939,368,1275,691,0,2
9605,320.167,-1,traffic light,0.3378,305,29,362,106,0,2
9611,320.367,-1,cell phone,0.3941,896,374,1227,655,0,2
9612,320.4,436,cell phone,0.5919,726,376,1280,673,0,2
9613,320.433,436,cell phone,0.5599,747,376,1280,685,0,2
9614,320.467,436,cell phone,0.4959,770,376,1280,686,0,2
9615,320.5,436,cell phone,0.3993,791,374,1280,681,0,2
9630,321.0,-1,person,0.604,320,435,1070,713,0,2
9633,321.1,-1,stop sign,0.4024,455,94,483,121,1,2
9634,321.133,-1,stop sign,0.437,447,94,474,122,1,2
9635,321.167,444,stop sign,0.5618,443,94,470,122,1,2
9637,321.233,-1,person,0.6044,321,437,1065,713,0,2
9637,321.233,-1,stop sign,0.3772,421,91,454,125,1,2
9638,321.267,-1,stop sign,0.3604,414,93,448,125,0,2
9639,321.3,-1,stop sign,0.6417,401,91,437,126,0,2
9640,321.333,-1,stop sign,0.4667,387,90,424,128,0,2
9641,321.367,-1,stop sign,0.4445,378,89,419,129,0,2
9644,321.467,-1,person,0.6085,323,441,1065,713,0,2
9644,321.467,-1,stop sign,0.3086,335,88,379,136,0,2
9646,321.533,-1,person,0.6108,337,446,1073,713,0,2
9652,321.733,-1,traffic light,0.4364,1070,0,1247,59,0,2
9653,321.767,454,traffic light,0.5063,1066,0,1248,62,0,2
9657,321.9,-1,traffic light,0.3194,1082,0,1251,42,0,2
9669,322.3,-1,truck,0.3015,831,105,907,142,0,2
9670,322.333,456,truck,0.4259,830,104,910,142,0,2
9671,322.367,456,truck,0.5007,830,104,911,143,0,2
9672,322.4,456,truck,0.5624,829,104,911,143,0,2
9673,322.433,456,truck,0.5216,829,104,913,143,0,2
9674,322.467,456,truck,0.5373,830,103,915,144,0,2
9675,322.5,456,truck,0.5921,830,104,919,146,0,2
9677,322.567,456,truck,0.4596,831,104,925,149,0,2
9678,322.6,456,truck,0.6158,831,104,928,151,0,2
9679,322.633,456,truck,0.6747,831,104,931,152,0,2
9680,322.667,456,truck,0.6111,831,104,934,153,0,2
9681,322.7,456,truck,0.6822,831,102,938,154,0,2
9682,322.733,456,truck,0.6888,832,102,942,155,0,2
9683,322.767,456,truck,0.6886,833,102,944,157,0,2
9684,322.8,456,truck,0.7171,834,103,946,159,0,2
9685,322.833,456,truck,0.7294,835,103,951,161,0,2
9686,322.867,456,truck,0.7233,838,103,954,161,0,2
9687,322.9,456,car,0.6655,840,103,958,163,0,2
9688,322.933,456,car,0.6932,843,104,963,166,0,2
9689,322.967,456,car,0.7128,846,105,967,167,0,2
9690,323.0,456,car,0.7866,849,105,975,170,0,2
9691,323.033,456,car,0.7937,853,105,982,170,0,2
9691,323.033,459,person,0.607,312,434,489,712,0,2
9692,323.067,456,car,0.755,857,105,985,171,0,2
9693,323.1,456,car,0.7287,862,105,992,173,0,2
9694,323.133,456,car,0.7289,867,104,1000,173,0,2
9695,323.167,456,car,0.7717,871,104,1008,175,0,2
9696,323.2,456,car,0.7411,873,103,1018,178,0,2
9697,323.233,456,car,0.6802,879,103,1029,181,0,2
9698,323.267,456,car,0.6945,883,103,1035,182,0,2
9699,323.3,456,truck,0.4147,888,102,1047,185,0,2
9700,323.333,456,car,0.6275,895,102,1058,187,0,2
9701,323.367,456,car,0.659,899,101,1069,190,0,2
9702,323.4,456,car,0.6844,906,101,1081,193,0,2
9703,323.433,456,car,0.6002,915,101,1097,195,0,2
9704,323.467,456,truck,0.6293,921,99,1109,199,0,2
9705,323.5,456,car,0.7229,930,101,1126,203,0,2
9706,323.533,456,car,0.7132,941,101,1145,209,0,2
9706,323.533,462,truck,0.5303,941,101,1147,210,0,2
9707,323.567,456,car,0.8263,949,101,1159,211,0,2
9707,323.567,462,truck,0.4351,947,102,1157,211,0,2
9708,323.6,456,car,0.7511,960,102,1178,217,0,2
9708,323.6,462,truck,0.5429,959,102,1178,217,0,2
9709,323.633,456,truck,0.5942,971,102,1202,224,0,2
9710,323.667,456,car,0.7399,981,103,1222,230,0,2
9711,323.7,456,truck,0.6409,992,103,1245,235,0,2
9711,323.7,463,person,0.6086,331,447,1016,714,0,2
9712,323.733,456,truck,0.5051,1006,103,1273,243,0,2
9713,323.767,456,car,0.6722,1011,103,1280,250,0,2
9714,323.8,456,car,0.807,1022,104,1280,253,0,2
9715,323.833,456,car,0.8137,1026,105,1280,263,0,2
9716,323.867,456,car,0.7757,1046,106,1280,254,0,2
9717,323.9,456,car,0.7965,1057,107,1280,256,0,2
9718,323.933,456,car,0.8331,1077,110,1280,255,0,2
9719,323.967,456,car,0.8606,1093,112,1280,254,0,2
9720,324.0,456,car,0.8934,1112,118,1280,258,0,2
9722,324.067,463,person,0.6109,335,445,1026,713,0,2
9731,324.367,-1,truck,0.3154,744,72,785,105,0,2
9738,324.6,-1,person,0.613,326,422,507,712,0,2
9740,324.667,463,person,0.651,338,445,1032,714,0,2
9741,324.7,-1,car,0.6461,687,102,731,144,1,2
9741,324.7,-1,traffic light,0.3292,1074,0,1239,61,0,2
9742,324.733,467,car,0.6068,694,113,728,145,1,2
9742,324.733,468,traffic light,0.4349,1073,0,1238,59,0,2
9743,324.767,467,car,0.6636,693,112,729,146,1,2
9743,324.767,468,traffic light,0.4087,1075,0,1234,57,0,2
9743,324.767,470,stop sign,0.5301,529,93,559,114,1,2
9743,324.767,463,person,0.6345,344,446,1042,715,0,2
9744,324.8,467,car,0.7192,694,113,730,147,1,2
9744,324.8,468,traffic light,0.3606,1073,0,1231,57,0,2
9744,324.8,470,stop sign,0.4858,522,91,557,118,1,2
9744,324.8,463,person,0.6256,345,448,1041,715,0,2
9745,324.833,467,car,0.6924,694,114,730,149,1,2
9745,324.833,468,traffic light,0.3429,1071,0,1224,55,0,2
9746,324.867,467,car,0.6652,695,115,731,149,1,2
9746,324.867,473,truck,0.34,757,65,810,106,0,2
9746,324.867,470,stop sign,0.3919,512,91,551,120,1,2
9747,324.9,467,car,0.6839,696,117,731,149,1,2
9747,324.9,470,stop sign,0.5225,506,90,546,120,1,2
9748,324.933,467,car,0.6012,696,117,733,150,1,2
9748,324.933,470,stop sign,0.3362,501,89,541,119,1,2
9749,324.967,473,truck,0.3071,759,63,819,110,0,2
9752,325.067,-1,stop sign,0.4685,978,58,1010,95,0,2
9756,325.2,463,person,0.6699,334,451,1024,714,0,2
9757,325.233,467,car,0.7193,702,119,747,159,1,2
9758,325.267,467,car,0.7652,702,120,749,160,1,2
9759,325.3,467,car,0.763,703,120,750,160,1,2
9760,325.333,467,car,0.6948,705,121,752,161,1,2
9761,325.367,467,car,0.7371,707,121,754,161,1,2
9762,325.4,467,car,0.7184,709,122,758,163,1,2
9763,325.433,467,car,0.6539,710,122,761,166,1,2
9764,325.467,467,car,0.6105,710,122,763,166,1,2
9764,325.467,477,truck,0.3184,678,102,718,149,1,2
9765,325.5,-1,car,0.609,634,129,656,153,1,2
9766,325.533,477,truck,0.3076,678,102,719,149,1,2
9767,325.567,477,truck,0.3303,679,101,720,149,1,2
9768,325.6,477,truck,0.3236,678,101,720,149,1,2
9768,325.6,479,car,0.671,634,129,657,154,1,2
9768,325.6,467,car,0.6166,717,126,775,174,1,2
9769,325.633,479,car,0.6687,634,130,657,154,1,2
9769,325.633,467,car,0.661,719,126,779,175,1,2
9770,325.667,479,car,0.6883,634,130,658,155,1,2
9770,325.667,467,car,0.6403,720,127,781,176,1,2
9771,325.7,479,car,0.6746,634,129,658,155,1,2
9771,325.7,467,car,0.7523,721,127,784,176,0,2
9772,325.733,479,car,0.6683,633,129,658,155,1,2
9772,325.733,467,car,0.6806,723,126,789,177,0,2
9772,325.733,477,truck,0.3271,678,99,721,149,1,2
9773,325.767,479,car,0.6653,633,129,658,155,1,2
9773,325.767,467,car,0.6037,726,127,792,178,0,2
9773,325.767,477,truck,0.34,678,98,722,149,1,2
9774,325.8,467,car,0.6836,728,127,798,181,0,2
9774,325.8,477,truck,0.3435,678,98,722,149,1,2
9775,325.833,467,car,0.7258,729,127,802,182,0,2
9775,325.833,477,truck,0.3409,678,98,723,151,1,2
9776,325.867,467,car,0.7613,730,127,806,183,0,2
9777,325.9,467,car,0.8031,733,127,810,185,0,2
9778,325.933,467,car,0.7729,739,127,818,186,0,2
9779,325.967,467,car,0.7443,739,127,822,187,0,2
9780,326.0,467,car,0.7572,739,125,827,190,0,2
9781,326.033,467,car,0.8192,743,125,834,192,0,2
9782,326.067,467,car,0.7975,745,125,840,192,0,2
9783,326.1,467,car,0.8395,749,123,848,194,0,2
9784,326.133,467,car,0.8838,752,123,857,197,0,2
9785,326.167,467,car,0.8752,755,122,864,199,0,2
9786,326.2,467,car,0.8903,760,122,873,201,0,2
9786,326.2,477,truck,0.3466,681,102,725,151,1,2
9787,326.233,467,car,0.8661,765,122,885,205,0,2
9787,326.233,480,car,0.6584,709,133,747,161,1,2
9787,326.233,477,truck,0.3257,680,102,726,151,1,2
9788,326.267,467,car,0.8939,768,122,894,208,0,2
9788,326.267,480,car,0.7301,712,134,749,161,1,2
9788,326.267,477,truck,0.3052,680,101,727,152,1,2
9789,326.3,467,car,0.86,773,121,906,211,0,2
9789,326.3,480,car,0.6509,713,134,751,161,1,2
9789,326.3,477,truck,0.3603,679,99,728,153,1,2
9789,326.3,479,car,0.6094,634,134,657,155,1,2
9790,326.333,467,car,0.8866,779,121,921,216,0,2
9790,326.333,480,car,0.6191,715,134,753,162,0,2
9790,326.333,477,truck,0.3799,678,97,731,155,1,2
9791,326.367,467,car,0.8685,785,121,933,218,0,2
9792,326.4,467,car,0.8539,793,121,947,223,0,2
9792,326.4,480,car,0.6614,717,134,759,165,0,2
9793,326.433,467,car,0.8448,802,121,967,229,0,2
9793,326.433,480,car,0.7566,719,134,761,165,0,2
9794,326.467,467,car,0.8454,808,121,982,233,0,2
9794,326.467,480,car,0.772,720,134,763,166,0,2
9794,326.467,479,car,0.6016,634,133,659,157,1,2
9794,326.467,477,truck,0.3095,679,96,734,155,1,2
9795,326.5,467,car,0.8544,817,121,1003,241,0,2
9795,326.5,480,car,0.7804,721,133,767,166,0,2
9795,326.5,477,truck,0.3363,680,94,736,155,1,2
9796,326.533,467,car,0.8706,827,121,1030,249,0,2
9796,326.533,480,car,0.7807,723,133,770,167,0,2
9796,326.533,477,truck,0.3448,680,93,737,157,1,2
9797,326.567,467,car,0.8693,835,120,1051,256,0,2
9797,326.567,480,car,0.8116,725,133,773,167,0,2
9797,326.567,477,truck,0.3538,680,93,738,157,1,2
9798,326.6,467,car,0.8816,847,120,1081,266,0,2
9798,326.6,480,car,0.823,727,134,776,168,0,2
9799,326.633,467,car,0.8739,859,120,1120,282,0,2
9799,326.633,480,car,0.8065,729,133,781,169,0,2
9800,326.667,467,car,0.8662,872,121,1147,291,0,2
9800,326.667,480,car,0.741,730,133,783,170,0,2
9801,326.7,467,car,0.8823,895,122,1182,296,0,2
9801,326.7,480,car,0.6007,731,133,786,173,0,2
9801,326.7,477,truck,0.3467,682,90,744,158,1,2
9802,326.733,467,car,0.8916,927,123,1224,298,0,2
9802,326.733,480,car,0.6629,735,134,791,174,0,2
9802,326.733,477,truck,0.4467,682,87,747,158,1,2
9803,326.767,467,car,0.8773,942,123,1247,299,0,2
9803,326.767,480,car,0.6818,736,133,794,175,0,2
9803,326.767,477,truck,0.485,682,85,749,158,1,2
9804,326.8,467,car,0.8871,958,126,1259,297,0,2
9804,326.8,480,car,0.6963,739,134,799,176,0,2
9804,326.8,477,truck,0.5526,682,83,750,159,1,2
9804,326.8,479,car,0.6325,633,131,663,160,1,2
9805,326.833,467,car,0.8992,970,128,1275,299,0,2
9805,326.833,480,car,0.7531,744,134,803,176,0,2
9805,326.833,477,truck,0.6135,681,82,750,159,1,2
9805,326.833,479,car,0.6272,633,131,663,160,1,2
9806,326.867,467,car,0.8795,982,130,1280,299,0,2
9806,326.867,480,car,0.7313,746,134,807,176,0,2
9806,326.867,477,truck,0.6559,681,82,751,159,1,2
9806,326.867,479,car,0.6215,633,131,663,160,1,2
9807,326.9,467,car,0.8541,1005,134,1280,296,0,2
9807,326.9,480,car,0.7952,749,133,811,176,0,2
9807,326.9,477,truck,0.7064,683,85,751,159,1,2
9807,326.9,479,car,0.6315,633,131,662,159,1,2
9808,326.933,467,car,0.6156,1038,144,1280,293,0,2
9808,326.933,480,car,0.7872,749,130,815,177,0,2
9808,326.933,477,truck,0.6809,683,83,752,159,1,2
9808,326.933,479,car,0.62,634,131,662,159,1,2
9809,326.967,480,car,0.7777,750,129,818,177,0,2
9809,326.967,477,truck,0.6845,683,82,753,159,1,2
9810,327.0,480,car,0.7587,753,129,825,178,0,2
9810,327.0,477,truck,0.7943,682,81,754,160,1,2
9810,327.0,479,car,0.6325,632,130,661,158,1,2
9811,327.033,480,car,0.7491,757,128,831,178,0,2
9811,327.033,477,truck,0.7609,681,78,757,160,1,2
9811,327.033,479,car,0.6981,632,129,661,158,1,2
9812,327.067,480,car,0.7431,759,127,835,179,0,2
9812,327.067,477,truck,0.7294,681,75,758,160,1,2
9812,327.067,479,car,0.6894,631,129,661,157,1,2
9813,327.1,480,car,0.8294,761,126,841,181,0,2
9813,327.1,477,truck,0.7256,680,74,758,160,1,2
9813,327.1,479,car,0.665,631,129,658,157,1,2
9814,327.133,480,car,0.8148,763,126,848,182,0,2
9814,327.133,477,truck,0.7127,680,74,758,159,1,2
9815,327.167,480,car,0.7423,766,125,853,182,0,2
9815,327.167,477,truck,0.7113,680,74,758,159,1,2
9816,327.2,480,car,0.8633,769,123,859,183,0,2
9816,327.2,477,truck,0.5846,681,74,757,157,1,2
9817,327.233,480,car,0.8721,774,122,867,184,0,2
9817,327.233,477,truck,0.6059,679,70,758,155,1,2
9818,327.267,480,car,0.859,775,120,874,185,0,2
9818,327.267,477,truck,0.613,678,67,758,154,1,2
9819,327.3,480,car,0.8487,779,119,882,186,0,2
9819,327.3,477,truck,0.6926,679,65,759,152,1,2
9820,327.333,480,car,0.8554,785,117,894,186,0,2
9820,327.333,477,truck,0.7503,678,63,761,151,0,2
9821,327.367,480,car,0.7813,789,115,902,187,0,2
9821,327.367,477,truck,0.7744,678,61,762,151,0,2
9822,327.4,480,car,0.8613,794,114,912,190,0,2
9822,327.4,477,truck,0.7418,677,59,763,151,0,2
9823,327.433,480,car,0.8222,801,113,925,192,0,2
9823,327.433,477,truck,0.7527,677,58,763,151,0,2
9824,327.467,480,car,0.863,806,113,934,193,0,2
9824,327.467,477,truck,0.7419,677,58,765,151,0,2
9825,327.5,480,car,0.8635,813,112,947,197,0,2
9825,327.5,477,truck,0.6624,677,56,767,150,0,2
9826,327.533,480,car,0.8829,822,113,965,201,0,2
9826,327.533,477,truck,0.6983,675,53,770,151,0,2
9827,327.567,480,car,0.8625,829,112,977,203,0,2
9827,327.567,477,truck,0.6964,675,51,771,151,0,2
9828,327.6,480,car,0.8926,837,112,997,209,0,2
9828,327.6,477,truck,0.5504,675,50,774,151,0,2
9829,327.633,480,car,0.8993,848,112,1018,215,0,2
9829,327.633,477,bus,0.5182,675,47,778,151,0,2
9830,327.667,480,car,0.8967,857,113,1037,219,0,2
9830,327.667,477,bus,0.7305,677,46,781,152,0,2
9831,327.7,480,car,0.8854,870,114,1061,227,0,2
9831,327.7,477,bus,0.7428,677,43,783,152,0,2
9832,327.733,480,car,0.9065,883,114,1091,237,0,2
9832,327.733,477,bus,0.6428,678,43,786,153,0,2
9833,327.767,480,car,0.9098,894,115,1114,243,0,2
9833,327.767,477,bus,0.8364,678,42,787,153,0,2
9834,327.8,480,car,0.8989,907,117,1149,256,0,2
9834,327.8,477,bus,0.6125,678,40,792,154,0,2
9835,327.833,480,car,0.8782,928,117,1189,265,0,2
9835,327.833,477,bus,0.7654,678,38,797,155,0,2
9836,327.867,480,car,0.8178,945,119,1217,271,0,2
9836,327.867,477,truck,0.6142,678,33,800,155,0,2
9837,327.9,480,car,0.9038,971,121,1248,273,0,2
9837,327.9,477,bus,0.841,679,32,805,157,0,2
9838,327.933,480,car,0.9085,993,125,1265,272,0,2
9838,327.933,477,truck,0.6662,680,30,809,157,0,2
9839,327.967,480,car,0.8836,1005,127,1275,273,0,2
9839,327.967,477,bus,0.6785,681,29,813,158,0,2
9839,327.967,485,truck,0.5316,679,29,815,157,0,2
9840,328.0,480,car,0.7143,1025,131,1280,273,0,2
9840,328.0,477,bus,0.7702,682,26,817,159,0,2
9841,328.033,480,car,0.7981,1053,141,1280,272,0,2
9841,328.033,477,truck,0.5446,682,24,822,160,0,2
9842,328.067,477,bus,0.5198,683,23,826,161,0,2
9842,328.067,486,truck,0.4889,680,23,830,161,0,2
9843,328.1,-1,bus,0.7746,680,21,838,162,0,2
9844,328.133,477,bus,0.5791,686,16,840,163,0,2
9845,328.167,477,bus,0.5379,687,15,845,165,0,2
9846,328.2,477,bus,0.5484,689,13,853,166,0,2
9846,328.2,487,truck,0.5287,685,13,858,166,0,2
9847,328.233,-1,truck,0.8219,686,9,869,168,0,2
9848,328.267,477,truck,0.7156,693,8,863,168,0,2
9849,328.3,477,truck,0.7256,696,6,873,169,0,2
9850,328.333,477,truck,0.6786,701,3,885,171,0,2
9851,328.367,477,truck,0.8283,703,2,891,174,0,2
9852,328.4,477,truck,0.6252,704,1,899,176,0,2
9853,328.433,477,truck,0.7393,707,1,909,178,0,2
9854,328.467,477,truck,0.7449,710,1,918,181,0,2
9855,328.5,477,truck,0.764,712,1,929,185,0,2
9856,328.533,477,truck,0.7146,718,1,942,187,0,2
9857,328.567,477,truck,0.7793,719,1,951,190,0,2
9858,328.6,477,truck,0.8104,721,0,963,194,0,2
9859,328.633,477,truck,0.7309,720,0,971,198,0,2
9860,328.667,477,truck,0.8137,720,0,979,201,0,2
9861,328.7,477,truck,0.7507,721,0,990,206,0,2
9861,328.7,489,cell phone,0.471,878,354,1214,641,0,2
9862,328.733,477,truck,0.5566,729,1,1008,210,0,2
9862,328.733,489,cell phone,0.5461,881,354,1214,638,0,2
9863,328.767,477,truck,0.6168,739,1,1035,216,0,2
9863,328.767,489,cell phone,0.4774,881,355,1214,638,0,2
9864,328.8,477,truck,0.6817,735,1,1046,224,0,2
9864,328.8,489,cell phone,0.3678,883,355,1214,635,0,2
9866,328.867,477,truck,0.4234,702,2,1010,230,0,2
9867,328.9,-1,truck,0.3633,715,1,1265,245,0,2
9868,328.933,477,truck,0.5498,786,3,1150,254,0,2
9869,328.967,477,truck,0.7788,794,3,1191,264,0,2
9869,328.967,489,cell phone,0.336,870,359,1224,662,0,2
9870,329.0,477,truck,0.7469,792,3,1214,270,0,2
9871,329.033,477,truck,0.6688,787,3,1227,274,0,2
9871,329.033,489,cell phone,0.3126,871,360,1219,658,0,2
9872,329.067,477,truck,0.7674,782,2,1237,274,0,2
9872,329.067,489,cell phone,0.4003,871,359,1221,661,0,2
9873,329.1,477,truck,0.6156,778,2,1241,274,0,2
9874,329.133,477,truck,0.5064,775,2,1247,274,0,2
9874,329.133,489,cell phone,0.4665,873,358,1216,655,0,2
9875,329.167,489,cell phone,0.4193,874,358,1214,651,0,2
9876,329.2,489,cell phone,0.3632,875,357,1214,649,0,2
9877,329.233,477,truck,0.7714,777,3,1253,272,0,2
9878,329.267,477,truck,0.7301,774,3,1256,273,0,2
9878,329.267,489,cell phone,0.3408,871,357,1215,655,0,2
9879,329.3,477,truck,0.8715,775,3,1258,270,0,2
9880,329.333,477,truck,0.4787,777,3,1262,269,0,2
9881,329.367,477,truck,0.671,776,3,1265,270,0,2
9882,329.4,477,truck,0.4694,775,3,1267,271,0,2
9885,329.5,477,truck,0.5317,782,3,1277,271,0,2
9886,329.533,477,truck,0.5824,786,3,1278,269,0,2
9887,329.567,477,truck,0.5079,787,3,1280,270,0,2
9888,329.6,477,truck,0.7079,790,3,1280,271,0,2
9889,329.633,477,truck,0.7256,797,3,1280,271,0,2
9890,329.667,477,truck,0.7235,801,2,1280,270,0,2
9890,329.667,495,person,0.6014,323,405,504,715,0,2
9891,329.7,477,truck,0.5378,808,3,1280,270,0,2
9892,329.733,477,truck,0.5375,815,3,1280,272,0,2
9893,329.767,477,truck,0.4928,821,3,1280,273,0,2
9894,329.8,477,truck,0.4269,832,3,1280,271,0,2
9895,329.833,477,truck,0.5733,845,3,1280,270,0,2
9896,329.867,477,truck,0.6326,856,3,1280,266,0,2
9897,329.9,477,truck,0.7915,870,2,1280,265,0,2
9897,329.9,495,person,0.6136,320,400,501,712,0,2
9898,329.933,477,truck,0.7765,887,2,1280,265,0,2
9899,329.967,477,truck,0.7594,901,3,1280,266,0,2
9900,330.0,477,truck,0.7465,921,3,1280,266,0,2
9906,330.2,495,person,0.6032,322,398,506,713,0,2
9912,330.4,-1,person,0.6298,322,389,1112,715,0,2
9913,330.433,496,person,0.6688,322,389,1113,715,0,2
9914,330.467,496,person,0.6617,320,386,1115,715,0,2
9914,330.467,497,cell phone,0.4077,888,347,1209,614,0,2
9915,330.5,496,person,0.6124,321,386,1117,715,0,2
9916,330.533,497,cell phone,0.3297,878,347,1219,630,0,2
9917,330.567,497,cell phone,0.4282,874,349,1222,637,0,2
9918,330.6,496,person,0.6393,322,386,1115,715,0,2
9922,330.733,-1,motorcycle,0.3202,5,6,1174,709,0,2
9925,330.833,-1,clock,0.3692,103,329,253,534,0,2
9926,330.867,499,clock,0.354,104,329,251,533,0,2
9928,330.933,499,clock,0.4793,105,330,250,530,0,2
9929,330.967,499,clock,0.3075,106,334,247,527,0,2
9931,331.033,499,clock,0.3177,114,335,227,488,0,2
9934,331.133,-1,cell phone,0.3303,960,354,1187,575,0,2
9940,331.333,499,clock,0.5429,109,330,221,480,0,2
9942,331.4,499,clock,0.5068,107,330,221,479,0,2
9943,331.433,-1,car,0.6964,690,75,730,113,0,2
9944,331.467,501,car,0.6509,693,75,731,111,0,2
9960,332.0,-1,cell phone,0.5764,969,350,1207,678,0,2
9962,332.067,-1,airplane,0.3621,3,10,1270,706,0,2
9963,332.1,503,airplane,0.6462,0,11,1189,699,0,2
9965,332.167,503,airplane,0.4038,0,9,1189,706,0,2
9969,332.3,503,person,0.6445,286,263,1098,712,0,2
9970,332.333,501,car,0.653,710,71,753,110,0,2
9971,332.367,501,car,0.6856,710,71,754,111,0,2
9972,332.4,501,car,0.6817,710,70,755,111,0,2
9973,332.433,501,car,0.7038,710,70,755,110,0,2
9973,332.433,503,person,0.6128,312,282,1094,715,0,2
9974,332.467,501,car,0.7078,710,70,755,110,0,2
9975,332.5,501,car,0.6878,710,70,755,110,0,2
9976,332.533,501,car,0.6575,711,71,755,110,0,2
9977,332.567,501,car,0.6231,711,71,755,109,0,2
9979,332.633,501,car,0.603,710,70,758,111,0,2
9980,332.667,501,car,0.6759,710,70,758,112,0,2
9981,332.7,501,car,0.6525,710,71,759,112,0,2
9981,332.7,503,person,0.6421,319,286,1091,715,0,2
9983,332.767,501,car,0.6421,710,71,759,113,0,2
9986,332.867,501,car,0.6662,707,72,759,115,0,2
9987,332.9,501,car,0.749,709,72,760,115,0,2
9988,332.933,501,car,0.7392,709,72,760,115,0,2
9989,332.967,501,car,0.7217,709,73,760,115,0,2
9990,333.0,501,car,0.7238,709,73,760,117,0,2
9991,333.033,501,car,0.6043,709,74,760,118,0,2
9994,333.133,503,person,0.6056,321,282,1097,713,0,2
9994,333.133,501,car,0.6248,706,75,761,121,0,2
9999,333.3,-1,airplane,0.4879,6,9,1256,705,0,2
10005,333.5,-1,airplane,0.3675,5,8,1262,712,0,2
10006,333.533,506,airplane,0.3273,14,8,1263,707,0,2
10009,333.633,501,car,0.6901,697,80,759,130,0,2
10009,333.633,506,airplane,0.3723,9,9,1265,712,0,2
10010,333.667,501,car,0.6189,697,80,759,130,0,2
10011,333.7,501,car,0.6573,697,81,759,130,0,2
10012,333.733,501,car,0.7172,697,81,759,131,0,2
10013,333.767,501,car,0.622,697,81,760,131,0,2
10014,333.8,501,car,0.71,697,81,760,131,0,2
10015,333.833,501,car,0.6806,698,82,761,133,0,2
10017,333.9,506,airplane,0.491,2,8,1247,704,0,2
10021,334.033,501,car,0.661,701,81,768,134,0,2
10022,334.067,501,car,0.6667,701,81,771,135,0,2
10023,334.1,501,car,0.617,701,82,770,135,0,2
10024,334.133,501,car,0.6277,701,83,771,135,0,2
10025,334.167,501,car,0.644,701,83,771,136,0,2
10026,334.2,501,car,0.6761,701,83,771,136,0,2
10027,334.233,501,car,0.6915,699,83,771,137,0,2
10028,334.267,501,car,0.6924,699,83,773,138,0,2
10029,334.3,501,car,0.6924,701,83,774,138,0,2
10030,334.333,501,car,0.7133,702,83,776,138,0,2
10031,334.367,501,car,0.6164,701,82,777,139,0,2
10039,334.633,501,car,0.6109,712,83,790,142,0,2
10040,334.667,501,car,0.6758,713,83,791,142,0,2
10041,334.7,501,car,0.7608,712,83,790,142,0,2
10042,334.733,501,car,0.764,713,85,790,142,0,2
10043,334.767,501,car,0.8005,713,83,791,142,0,2
10044,334.8,501,car,0.6882,714,85,792,142,0,2
10047,334.9,501,car,0.6248,715,85,797,143,0,2
10050,335.0,501,car,0.6153,718,83,805,145,0,2
10053,335.1,501,car,0.7377,723,83,813,147,0,2
10054,335.133,501,car,0.7575,725,82,815,147,0,2
10055,335.167,501,car,0.7249,727,82,817,147,0,2
10057,335.233,501,car,0.6728,730,82,821,149,0,2
10058,335.267,508,airplane,0.3921,0,9,1264,709,0,2
10058,335.267,501,car,0.6801,730,83,823,150,0,2
10059,335.3,501,car,0.7169,734,83,826,150,0,2
10060,335.333,501,car,0.7118,736,83,830,151,0,2
10061,335.367,501,car,0.6841,739,83,833,152,0,2
10062,335.4,501,car,0.7839,739,83,834,152,0,2
10063,335.433,501,car,0.8354,739,85,834,152,0,2
10064,335.467,501,car,0.8305,741,85,835,153,0,2
10065,335.5,501,car,0.7775,741,85,838,153,0,2
10066,335.533,501,car,0.788,742,85,841,155,0,2
10067,335.567,501,car,0.7556,743,86,842,155,0,2
10068,335.6,501,car,0.7628,744,85,846,157,0,2
10069,335.633,501,car,0.6892,747,85,849,157,0,2
10070,335.667,501,car,0.6389,749,86,850,157,0,2
10071,335.7,501,car,0.707,750,86,853,158,0,2
10073,335.767,-1,cell phone,0.3219,805,464,889,552,0,2
10075,335.833,501,car,0.7157,752,86,866,166,0,2
10076,335.867,501,car,0.6831,752,86,870,168,0,2
10077,335.9,501,car,0.8273,753,87,872,170,0,2
10078,335.933,501,car,0.8602,757,87,872,169,0,2
10079,335.967,501,car,0.8753,758,88,874,169,0,2
10080,336.0,501,car,0.8826,759,88,875,170,0,2
10081,336.033,501,car,0.8895,759,88,877,173,0,2
10082,336.067,501,car,0.8924,759,89,878,174,0,2
10083,336.1,501,car,0.8651,760,89,880,175,0,2
10084,336.133,501,car,0.8372,760,91,882,176,0,2
10085,336.167,501,car,0.8463,761,91,882,177,0,2
10086,336.2,501,car,0.7703,760,93,883,178,0,2
10087,336.233,501,car,0.8166,761,93,886,179,0,2
10088,336.267,501,car,0.847,761,93,887,181,0,2
10089,336.3,501,car,0.8623,761,93,890,183,0,2
10090,336.333,501,car,0.8522,761,94,893,184,0,2
10091,336.367,501,car,0.8678,762,94,896,185,0,2
10092,336.4,501,car,0.8554,763,94,899,187,0,2
10093,336.433,501,car,0.887,766,94,904,189,0,2
10094,336.467,501,car,0.8862,767,94,906,189,0,2
10095,336.5,501,car,0.8667,768,94,910,190,0,2
10096,336.533,501,car,0.8556,770,95,912,191,0,2
10097,336.567,501,car,0.8586,771,95,914,191,0,2
10098,336.6,501,car,0.8516,774,95,918,192,0,2
10099,336.633,501,car,0.8613,775,96,922,194,0,2
10100,336.667,501,car,0.8799,775,96,925,197,0,2
10101,336.7,501,car,0.8788,775,96,930,200,0,2
10102,336.733,501,car,0.8679,777,96,935,200,0,2
10103,336.767,501,car,0.8806,778,95,938,201,0,2
10104,336.8,501,car,0.8811,779,95,943,203,0,2
10105,336.833,501,car,0.8671,784,95,947,203,0,2
10106,336.867,501,car,0.8873,785,95,953,205,0,2
10107,336.9,501,car,0.8975,786,95,959,207,0,2
10108,336.933,501,car,0.8824,790,95,963,209,0,2
10109,336.967,501,car,0.8835,790,95,968,210,0,2
10110,337.0,501,car,0.8824,791,95,971,213,0,2
10111,337.033,501,car,0.8845,792,95,977,215,0,2
10112,337.067,501,car,0.8766,794,96,981,215,0,2
10112,337.067,512,airplane,0.5494,14,8,1206,706,0,2
10113,337.1,501,car,0.8564,795,95,989,219,0,2
10114,337.133,501,car,0.8748,795,95,998,224,0,2
10115,337.167,501,car,0.8681,797,95,1002,227,0,2
10116,337.2,501,car,0.8789,800,95,1009,230,0,2
10117,337.233,501,car,0.8591,805,95,1017,231,0,2
10118,337.267,501,car,0.8763,808,95,1022,231,0,2
10118,337.267,512,airplane,0.3354,14,9,1219,714,0,2
10119,337.3,501,car,0.8674,811,95,1030,233,0,2
10120,337.333,501,car,0.8703,815,95,1038,234,0,2
10121,337.367,501,car,0.8719,818,95,1043,235,0,2
10122,337.4,501,car,0.8722,822,95,1054,239,0,2
10123,337.433,501,car,0.8688,824,94,1065,243,0,2
10124,337.467,501,car,0.8721,825,93,1073,247,0,2
10125,337.5,501,car,0.8741,830,93,1082,249,0,2
10126,337.533,501,car,0.8754,832,93,1096,256,0,2
10127,337.567,501,car,0.9072,835,93,1107,258,0,2
10128,337.6,501,car,0.868,840,93,1118,262,0,2
10129,337.633,501,car,0.8745,845,94,1127,265,0,2
10130,337.667,501,car,0.8704,848,94,1134,266,0,2
10131,337.7,501,car,0.8792,857,94,1145,266,0,2
10132,337.733,501,car,0.8856,865,94,1159,267,0,2
10133,337.767,501,car,0.8797,872,94,1168,267,0,2
10134,337.8,501,car,0.8706,881,94,1182,267,0,2
10135,337.833,501,car,0.8687,889,95,1194,267,0,2
10136,337.867,501,car,0.8396,894,96,1205,269,0,2
10137,337.9,501,car,0.7999,906,97,1223,270,0,2
10138,337.933,501,car,0.7845,919,97,1233,265,0,2
10139,337.967,501,car,0.7824,926,98,1250,270,0,2
10140,338.0,501,car,0.7182,936,101,1258,267,0,2
10141,338.033,501,car,0.8324,930,102,1259,269,0,2
10142,338.067,501,car,0.7127,930,102,1262,269,0,2
10147,338.233,501,car,0.742,960,111,1277,270,0,2
10148,338.267,501,car,0.8238,962,113,1275,270,0,2
10149,338.3,501,car,0.7942,961,115,1280,278,0,2
10150,338.333,501,car,0.6812,969,115,1280,275,0,2
10151,338.367,-1,airplane,0.3478,5,9,1249,705,0,2
10155,338.5,-1,cell phone,0.5808,936,357,1155,698,0,2
10163,338.767,-1,bottle,0.3655,342,403,456,647,0,2
10177,339.233,-1,person,0.6039,389,296,1051,711,0,2
10194,339.8,-1,cell phone,0.6197,925,350,1194,698,0,2
10195,339.833,-1,airplane,0.3002,2,16,1267,710,0,2
10208,340.267,-1,person,0.6579,264,296,987,711,0,2
10209,340.3,519,car,0.6116,245,249,1045,705,0,2
10215,340.5,519,car,0.6348,199,200,1097,698,0,2
10217,340.567,519,car,0.6562,56,281,818,702,0,2
10220,340.667,519,car,0.6274,109,208,1039,707,0,2
10228,340.933,519,airplane,0.754,0,15,1272,701,0,2
10234,341.133,-1,person,0.6077,2,304,750,710,0,2
10240,341.333,-1,car,0.6779,0,309,745,711,0,2
10242,341.4,-1,person,0.6267,1,314,746,711,0,2
10248,341.6,519,car,0.6164,81,182,1110,705,0,2
10257,341.9,519,person,0.6928,89,301,904,709,0,2
10258,341.933,519,person,0.6182,111,307,915,709,0,2
10285,342.833,-1,airplane,0.3936,0,5,1266,717,0,2
10287,342.9,-1,car,0.6399,1,160,1253,709,0,2
10291,343.033,-1,airplane,0.5945,0,2,1272,717,0,2
10292,343.067,525,airplane,0.3355,5,2,1274,714,0,2
10295,343.167,525,car,0.62,126,153,1123,707,0,2
10296,343.2,525,car,0.7785,134,171,1112,707,0,2
10297,343.233,525,car,0.7299,133,177,1111,706,0,2
10312,343.733,-1,motorcycle,0.3148,2,207,1097,707,0,2
10313,343.767,526,motorcycle,0.369,0,201,1082,709,0,2
10331,344.367,526,motorcycle,0.3584,0,136,1243,711,0,2
10341,344.7,526,airplane,0.3634,0,97,1280,705,0,2
10342,344.733,526,airplane,0.3027,0,88,1280,704,0,2
10344,344.8,526,airplane,0.4342,0,58,1280,704,0,2
10345,344.833,526,airplane,0.357,0,63,1280,706,0,2
10353,345.1,526,airplane,0.4444,0,73,1280,710,0,2
10354,345.133,526,airplane,0.6043,0,59,1280,709,0,2
10355,345.167,526,airplane,0.5961,0,58,1280,709,0,2
10356,345.2,526,airplane,0.4115,0,29,1280,707,0,2
10363,345.433,526,motorcycle,0.3531,0,33,1280,709,0,2
10366,345.533,526,airplane,0.3234,0,26,1280,711,0,2
10372,345.733,526,motorcycle,0.4362,0,40,1257,706,0,2
10378,345.933,526,motorcycle,0.329,0,47,1237,710,0,2
10379,345.967,526,motorcycle,0.4497,0,40,1266,711,0,2
10382,346.067,526,motorcycle,0.3344,0,30,1267,710,0,2
10397,346.567,526,airplane,0.3579,0,8,1280,715,0,2
10402,346.733,526,motorcycle,0.3097,0,19,1280,709,0,2
10403,346.767,526,motorcycle,0.4119,0,19,1273,709,0,2
10404,346.8,526,airplane,0.3856,0,14,1280,712,0,2
10414,347.133,526,airplane,0.422,0,13,1280,711,0,2
10419,347.3,526,airplane,0.4502,1,11,1280,705,0,2
10420,347.333,526,airplane,0.4988,0,10,1280,709,0,2
10422,347.4,-1,oven,0.3543,158,263,1278,710,0,2
10440,348.0,526,motorcycle,0.3265,0,13,1234,712,0,2
10441,348.033,-1,oven,0.3435,155,254,1279,711,0,2
10458,348.6,526,airplane,0.3726,2,6,1279,713,0,2
10466,348.867,526,airplane,0.3665,3,9,1269,711,0,2
10469,348.967,526,motorcycle,0.3694,0,8,1251,711,0,2
10476,349.2,526,airplane,0.3597,8,10,1272,713,0,2
10479,349.3,526,airplane,0.4917,11,13,1272,712,0,2
10481,349.367,526,person,0.6739,243,256,1071,712,0,2
10483,349.433,-1,airplane,0.4884,5,14,1279,713,0,2
10484,349.467,531,airplane,0.3778,5,14,1279,713,0,2
10486,349.533,-1,cell phone,0.4077,943,362,1192,712,0,2
10488,349.6,-1,car,0.6626,521,115,547,135,1,2
10489,349.633,533,car,0.6441,521,115,549,135,1,2
10490,349.667,533,car,0.6446,521,115,549,135,1,2
10491,349.7,533,car,0.6464,522,115,550,135,1,2
10492,349.733,533,car,0.6807,526,115,551,134,1,2
10493,349.767,534,cell phone,0.4201,803,349,1122,686,0,2
10494,349.8,534,cell phone,0.3208,806,353,1129,696,0,2
10497,349.9,534,cell phone,0.414,807,361,1129,702,0,2
10500,350.0,-1,car,0.6403,567,114,605,147,1,2
10501,350.033,535,car,0.6503,568,114,606,149,1,2
10501,350.033,533,car,0.6422,538,117,566,135,1,2
10501,350.033,534,cell phone,0.4262,806,362,1127,703,0,2
10502,350.067,535,car,0.6239,568,113,607,149,1,2
10502,350.067,534,cell phone,0.5242,803,362,1126,704,0,2
10503,350.1,535,car,0.6484,568,114,608,149,1,2
10503,350.1,534,cell phone,0.3186,806,362,1123,699,0,2
10504,350.133,535,car,0.6962,569,114,608,150,1,2
10505,350.167,535,car,0.673,569,115,608,150,1,2
10506,350.2,535,car,0.6261,569,114,609,150,1,2
10506,350.2,534,person,0.6079,760,413,1035,710,0,2
10507,350.233,534,person,0.6352,754,422,1018,711,0,2
10508,350.267,534,person,0.6549,755,426,1013,712,0,2
10509,350.3,534,person,0.6324,758,427,1010,712,0,2
10510,350.333,534,person,0.6477,760,427,1009,712,0,2
10511,350.367,534,person,0.6334,762,427,1009,712,0,2
10514,350.467,534,person,0.6133,766,424,1014,712,0,2
10515,350.5,534,person,0.6383,767,424,1013,712,0,2
10516,350.533,534,person,0.6766,768,425,1010,712,0,2
10517,350.567,534,person,0.6815,769,426,1008,712,0,2
10518,350.6,534,person,0.6972,769,426,1007,712,0,2
10519,350.633,534,person,0.6272,769,425,1006,712,0,2
10520,350.667,534,person,0.6332,768,424,1005,712,0,2
10521,350.7,534,person,0.635,768,424,1003,712,0,2
10522,350.733,534,person,0.6443,766,425,1000,711,0,2
10523,350.767,534,person,0.6126,763,426,995,711,0,2
10525,350.833,-1,cell phone,0.3978,803,369,1146,683,0,2
10526,350.867,537,cell phone,0.3787,803,369,1145,682,0,2
10530,351.0,537,cell phone,0.4286,822,359,1137,647,0,2
10531,351.033,537,cell phone,0.3594,826,357,1143,643,0,2
10533,351.1,537,cell phone,0.3106,838,357,1142,631,0,2
10534,351.133,534,person,0.6096,774,411,1016,711,0,2
10535,351.167,534,person,0.6462,776,413,1015,711,0,2
10536,351.2,534,person,0.6722,776,416,1011,711,0,2
10536,351.2,537,cell phone,0.5553,826,361,1150,649,0,2
10537,351.233,534,person,0.6593,776,421,1006,711,0,2
10537,351.233,537,cell phone,0.4089,819,363,1150,656,0,2
10538,351.267,534,person,0.6418,777,423,1005,711,0,2
10538,351.267,537,cell phone,0.3817,817,365,1151,659,0,2
10539,351.3,537,cell phone,0.5164,816,367,1152,664,0,2
10541,351.367,537,cell phone,0.3466,825,370,1149,654,0,2
10544,351.467,-1,truck,0.3368,578,118,629,158,1,2
10548,351.6,534,person,0.6774,784,424,1009,712,0,2
10549,351.633,534,person,0.6835,784,425,1007,712,0,2
10550,351.667,534,person,0.7133,784,426,1005,712,0,2
10551,351.7,534,person,0.7235,785,427,1003,712,0,2
10552,351.733,534,person,0.687,786,429,1002,712,0,2
10552,351.733,537,cell phone,0.4214,827,375,1163,670,0,2
10553,351.767,534,person,0.6691,787,429,1002,712,0,2
10553,351.767,537,cell phone,0.4564,827,375,1166,673,0,2
10554,351.8,534,person,0.6669,790,430,1001,712,0,2
10555,351.833,534,person,0.6625,791,430,1002,712,0,2
10556,351.867,534,person,0.6342,792,430,1002,712,0,2
10557,351.9,534,person,0.612,793,429,1005,712,0,2
10558,351.933,-1,car,0.6099,590,123,640,166,1,2
10558,351.933,-1,bus,0.3157,770,122,917,170,0,2
10560,352.0,534,person,0.6653,797,430,1006,712,0,2
10561,352.033,534,person,0.6426,797,431,1006,712,0,2
10562,352.067,534,person,0.6449,797,430,1005,712,0,2
10563,352.1,534,person,0.6038,798,430,1005,712,0,2
10568,352.267,-1,car,0.6532,594,127,648,173,1,2
10569,352.3,542,car,0.6183,595,128,649,173,1,2
10571,352.367,542,car,0.63,595,128,651,175,1,2
10572,352.4,-1,traffic light,0.3244,1040,0,1219,62,0,2
10573,352.433,544,traffic light,0.4562,1038,0,1223,64,0,2
10573,352.433,542,car,0.6072,597,128,651,175,1,2
10574,352.467,544,traffic light,0.5296,1034,0,1224,65,0,2
10574,352.467,542,car,0.6199,597,128,653,175,1,2
10575,352.5,544,traffic light,0.5041,1038,0,1222,64,0,2
10575,352.5,542,car,0.624,599,128,653,174,1,2
10576,352.533,544,traffic light,0.4134,1043,0,1216,59,0,2
10577,352.567,544,traffic light,0.4608,1047,1,1214,57,0,2
10578,352.6,544,traffic light,0.3158,1051,0,1213,55,0,2
10590,353.0,542,car,0.6628,605,122,664,173,1,2
10591,353.033,542,car,0.6512,606,121,665,173,1,2
10592,353.067,542,car,0.6565,606,121,665,173,1,2
10593,353.1,542,car,0.6799,607,121,666,173,1,2
10594,353.133,542,car,0.6774,608,121,667,173,1,2
10595,353.167,542,car,0.6498,609,121,667,173,1,2
10596,353.2,542,car,0.6209,609,121,670,174,1,2
10597,353.233,542,car,0.6908,610,121,671,175,1,2
10598,353.267,542,car,0.6833,610,121,673,175,1,2
10599,353.3,542,car,0.7415,611,120,673,175,1,2
10600,353.333,542,car,0.6615,613,120,675,175,1,2
10601,353.367,542,car,0.6648,614,121,675,175,1,2
10602,353.4,542,car,0.6497,613,121,675,176,1,2
10603,353.433,542,car,0.7183,613,121,677,176,1,2
10604,353.467,542,car,0.706,613,121,677,176,1,2
10605,353.5,542,car,0.691,615,121,677,175,1,2
10606,353.533,542,car,0.6897,615,121,677,175,1,2
10607,353.567,542,car,0.6497,616,121,677,175,1,2
10608,353.6,542,car,0.6323,616,121,677,175,1,2
10609,353.633,542,car,0.6473,616,121,677,175,1,2
10610,353.667,542,car,0.6668,615,121,678,176,1,2
10611,353.7,542,car,0.7231,616,121,678,177,1,2
10612,353.733,542,car,0.7205,616,122,679,177,1,2
10613,353.767,542,car,0.7297,616,122,679,177,1,2
10614,353.8,542,car,0.7378,616,122,679,178,1,2
10615,353.833,542,car,0.7363,615,121,679,178,1,2
10616,353.867,542,car,0.7349,615,121,679,178,1,2
10617,353.9,542,car,0.7317,615,121,679,178,1,2
10618,353.933,542,car,0.7316,615,121,679,178,1,2
10619,353.967,542,car,0.7316,615,122,679,179,1,2
10620,354.0,542,car,0.7469,615,122,679,179,1,2
10621,354.033,542,car,0.7572,614,122,679,181,1,2
10622,354.067,542,car,0.758,614,122,679,181,1,2
10623,354.1,542,car,0.7856,614,122,679,182,1,2
10624,354.133,542,car,0.7869,613,122,679,182,1,2
10625,354.167,542,car,0.7876,613,122,679,182,1,2
10626,354.2,542,car,0.7908,614,122,680,183,1,2
10627,354.233,542,car,0.7665,614,123,680,183,1,2
10628,354.267,542,car,0.7574,614,123,680,183,1,2
10629,354.3,542,car,0.7518,614,123,680,183,1,2
10630,354.333,542,car,0.7055,614,123,680,184,1,2
10631,354.367,542,car,0.709,613,123,680,184,1,2
10632,354.4,542,car,0.7717,613,123,680,185,1,2
10633,354.433,542,car,0.7937,613,123,681,185,1,2
10634,354.467,542,car,0.8124,613,123,681,186,1,2
10635,354.5,542,car,0.791,613,123,681,186,1,2
10636,354.533,542,car,0.7865,613,125,681,186,1,2
10637,354.567,542,car,0.7792,613,123,681,186,1,2
10638,354.6,542,car,0.8111,613,123,682,187,1,2
10639,354.633,542,car,0.8483,613,123,683,189,1,2
10640,354.667,542,car,0.8465,613,125,683,190,1,2
10641,354.7,542,car,0.8335,613,123,685,190,1,2
10642,354.733,542,car,0.8127,613,123,685,191,1,2
10643,354.767,542,car,0.8118,614,125,685,190,1,2
10643,354.767,547,person,0.681,352,426,1016,719,0,2
10644,354.8,542,car,0.8195,614,125,685,190,1,2
10644,354.8,547,person,0.692,352,426,1016,719,0,2
10645,354.833,542,car,0.8296,615,125,686,190,1,2
10646,354.867,542,car,0.8377,615,125,687,191,1,2
10647,354.9,542,car,0.8456,615,125,687,191,1,2
10648,354.933,542,car,0.8198,616,123,689,191,1,2
10649,354.967,542,car,0.8182,617,123,689,191,1,2
10650,355.0,542,car,0.8054,617,125,690,191,1,2
10651,355.033,542,car,0.7969,617,125,691,192,1,2
10652,355.067,542,car,0.7869,618,125,691,192,1,2
10653,355.1,542,car,0.7859,618,125,693,192,1,2
10654,355.133,542,car,0.7752,618,125,693,192,1,2
10655,355.167,542,car,0.7743,618,125,693,192,1,2
10656,355.2,542,car,0.77,617,125,693,193,1,2
10657,355.233,542,car,0.7409,617,125,694,193,1,2
10658,355.267,542,car,0.7526,618,125,694,193,1,2
10659,355.3,542,car,0.7111,618,126,695,193,1,2
10660,355.333,542,car,0.6967,618,126,695,194,1,2
10661,355.367,542,car,0.7108,618,127,695,194,1,2
10662,355.4,542,car,0.737,618,126,695,194,1,2
10663,355.433,542,car,0.7723,617,126,695,194,1,2
10664,355.467,542,car,0.7755,617,126,695,195,1,2
10665,355.5,542,car,0.7528,617,126,695,195,1,2
10666,355.533,542,car,0.7296,617,127,696,197,1,2
10667,355.567,542,car,0.695,617,127,697,198,1,2
10667,355.567,547,person,0.6011,358,432,1007,714,0,2
10668,355.6,542,car,0.6882,616,127,697,199,1,2
10669,355.633,542,car,0.7303,616,128,697,200,1,2
10670,355.667,542,car,0.7111,616,128,698,200,1,2
10671,355.7,542,car,0.7274,616,128,697,201,1,2
10672,355.733,542,car,0.7421,617,129,697,201,1,2
10673,355.767,542,car,0.7483,617,129,698,201,1,2
10674,355.8,542,car,0.7491,618,130,698,202,1,2
10675,355.833,542,car,0.7399,618,130,699,203,1,2
10676,355.867,542,car,0.7608,617,130,699,203,1,2
10677,355.9,542,car,0.7842,617,130,699,203,1,2
10678,355.933,542,car,0.8107,617,130,699,205,1,2
10679,355.967,542,car,0.8303,617,130,699,203,1,2
10680,356.0,542,car,0.8513,618,130,701,205,1,2
10681,356.033,542,car,0.8319,617,130,701,205,1,2
10682,356.067,542,car,0.8389,617,130,701,205,1,2
10683,356.1,542,car,0.8455,617,131,701,206,1,2
10684,356.133,542,car,0.8337,616,133,701,207,1,2
10685,356.167,542,car,0.837,615,133,701,208,1,2
10686,356.2,542,car,0.8453,615,133,701,209,1,2
10687,356.233,542,car,0.8443,615,134,701,209,1,2
10688,356.267,542,car,0.8275,615,134,701,209,1,2
10689,356.3,542,car,0.8066,616,134,702,209,1,2
10690,356.333,542,car,0.8372,616,134,701,209,1,2
10691,356.367,542,car,0.822,615,134,702,210,1,2
10692,356.4,542,car,0.8466,615,134,701,209,1,2
10693,356.433,542,car,0.8444,617,134,702,209,1,2
10694,356.467,542,car,0.8369,617,135,702,209,1,2
10695,356.5,542,car,0.8093,618,136,701,209,1,2
10696,356.533,542,car,0.8174,618,137,701,210,1,2
10697,356.567,542,car,0.8199,618,137,701,210,1,2
10698,356.6,542,car,0.8203,618,137,701,209,1,2
10699,356.633,542,car,0.797,618,137,702,209,1,2
10700,356.667,542,car,0.7948,619,137,702,209,1,2
10701,356.7,542,car,0.8152,619,137,705,211,1,2
10702,356.733,542,car,0.8249,619,135,705,210,1,2
10703,356.767,542,car,0.8206,621,135,706,210,1,2
10704,356.8,542,car,0.8316,621,134,706,209,1,2
10705,356.833,542,car,0.8111,622,134,706,208,1,2
10706,356.867,542,car,0.7802,622,134,707,208,1,2
10707,356.9,542,car,0.7812,622,134,709,210,1,2
10708,356.933,542,car,0.8127,622,134,709,211,1,2
10709,356.967,542,car,0.7704,622,134,710,213,1,2
10710,357.0,542,car,0.7843,622,134,711,213,1,2
10711,357.033,542,car,0.7255,624,134,710,210,1,2
10712,357.067,542,car,0.7017,625,134,709,209,1,2
10713,357.1,542,car,0.711,625,134,709,208,1,2
10714,357.133,542,car,0.753,625,133,711,210,1,2
10715,357.167,542,car,0.7344,625,133,711,210,1,2
10716,357.2,542,car,0.7511,625,131,711,209,1,2
10717,357.233,542,car,0.766,625,130,711,209,1,2
10718,357.267,542,car,0.7797,625,130,711,207,1,2
10719,357.3,542,car,0.817,626,130,710,206,1,2
10720,357.333,542,car,0.7557,625,130,709,205,1,2
10721,357.367,542,car,0.7321,625,130,707,203,1,2
10722,357.4,542,car,0.7836,622,130,705,203,1,2
10723,357.433,542,car,0.8193,617,129,699,202,1,2
10724,357.467,542,car,0.8102,613,127,696,201,1,2
10725,357.5,542,car,0.8234,603,125,688,200,1,2
10726,357.533,542,car,0.7709,591,123,677,199,1,2
10727,357.567,542,car,0.852,582,122,666,198,1,2
10728,357.6,542,car,0.7718,566,120,651,195,1,2
10729,357.633,542,car,0.8271,545,117,632,194,1,2
10730,357.667,542,car,0.8072,531,114,618,192,1,2
10731,357.7,542,car,0.8058,512,111,599,187,1,2
10732,357.733,542,car,0.8218,490,110,577,186,1,2
10733,357.767,542,car,0.8425,475,109,562,185,1,2
10734,357.8,542,car,0.8684,456,107,543,184,1,2
10735,357.833,542,car,0.8276,438,106,525,183,1,2
10736,357.867,542,car,0.8158,424,105,511,183,1,2
10737,357.9,542,car,0.8469,410,105,498,183,1,2
10738,357.933,542,car,0.7962,397,104,483,182,1,2
10739,357.967,542,car,0.8509,389,104,475,182,1,2
10739,357.967,555,truck,0.3381,83,29,1275,709,0,2
10740,358.0,542,car,0.8474,379,103,467,182,1,2
10740,358.0,555,truck,0.3683,73,17,1280,710,0,2
10741,358.033,542,car,0.8304,371,103,459,182,1,2
10741,358.033,555,car,0.6093,37,8,1267,709,0,2
10742,358.067,542,car,0.8216,367,102,455,181,1,2
10742,358.067,555,truck,0.4947,34,2,1273,709,0,2
10743,358.1,542,car,0.8216,361,102,449,181,1,2
10743,358.1,555,truck,0.5414,34,0,1277,706,0,2
10744,358.133,542,car,0.8314,355,102,445,181,1,2
10744,358.133,555,truck,0.4744,35,0,1280,707,0,2
10745,358.167,542,car,0.835,353,101,442,181,1,2
10745,358.167,555,truck,0.4493,33,0,1277,707,0,2
10746,358.2,542,car,0.8562,352,101,441,179,1,2
10746,358.2,555,truck,0.5158,31,0,1275,709,0,2
10747,358.233,542,car,0.8578,352,101,441,179,1,2
10747,358.233,555,truck,0.5962,32,0,1274,707,0,2
10748,358.267,542,car,0.8529,353,101,442,179,1,2
10748,358.267,555,truck,0.6254,33,0,1274,706,0,2
10749,358.3,542,car,0.7577,354,98,446,179,1,2
10749,358.3,555,truck,0.5399,43,2,1280,707,0,2
10750,358.333,542,car,0.7614,360,97,449,177,1,2
10750,358.333,555,person,0.6018,75,219,955,712,0,2
10751,358.367,542,car,0.7905,363,97,454,177,1,2
10752,358.4,542,car,0.752,371,96,461,176,1,2
10752,358.4,555,person,0.6332,131,339,816,715,0,2
10753,358.433,542,car,0.814,382,96,469,174,1,2
10754,358.467,542,car,0.7805,389,96,474,174,1,2
10755,358.5,542,car,0.7748,400,96,486,173,1,2
10756,358.533,542,car,0.7653,411,95,498,173,1,2
10757,358.567,542,car,0.7816,421,96,506,173,1,2
10758,358.6,542,car,0.7868,433,96,519,173,1,2
10759,358.633,542,car,0.811,447,97,531,174,1,2
10760,358.667,542,car,0.788,456,97,541,173,1,2
10761,358.7,542,car,0.7772,467,97,552,173,1,2
10762,358.733,542,car,0.8084,480,98,563,173,1,2
10763,358.767,542,car,0.7938,488,98,571,173,1,2
10764,358.8,542,car,0.6865,497,98,581,173,1,2
10765,358.833,542,car,0.7789,507,98,590,173,1,2
10766,358.867,542,car,0.826,513,97,595,171,1,2
10767,358.9,542,car,0.8317,521,98,603,171,1,2
10768,358.933,542,car,0.7536,528,98,609,170,1,2
10769,358.967,542,car,0.8166,531,98,614,171,1,2
10770,359.0,542,car,0.8048,537,98,619,171,1,2
10771,359.033,542,car,0.7458,542,98,625,173,1,2
10772,359.067,542,car,0.8008,545,98,627,171,1,2
10773,359.1,542,car,0.8569,549,98,631,173,1,2
10774,359.133,542,car,0.7951,553,98,635,171,1,2
10775,359.167,542,car,0.8191,555,98,638,173,1,2
10776,359.2,542,car,0.8207,559,98,641,173,1,2
10777,359.233,542,car,0.8026,561,98,643,173,1,2
10778,359.267,542,car,0.7878,563,99,645,173,1,2
10779,359.3,542,car,0.7657,565,99,647,173,1,2
10780,359.333,542,car,0.7588,567,99,648,173,1,2
10781,359.367,542,car,0.7504,568,99,649,173,1,2
10782,359.4,542,car,0.7458,569,98,650,173,1,2
10783,359.433,542,car,0.7399,571,101,651,173,1,2
10784,359.467,542,car,0.7869,573,101,653,173,1,2
10785,359.5,542,car,0.7818,575,102,654,174,1,2
10786,359.533,542,car,0.8654,576,103,654,174,1,2
10787,359.567,542,car,0.8733,577,103,654,173,1,2
10787,359.567,561,cell phone,0.5401,809,368,1143,695,0,2
10788,359.6,542,car,0.8676,577,103,655,174,1,2
10788,359.6,561,cell phone,0.5378,808,368,1142,696,0,2
10789,359.633,542,car,0.8676,578,104,656,174,1,2
10789,359.633,561,cell phone,0.5019,807,369,1143,699,0,2
10790,359.667,542,car,0.8589,579,104,657,175,1,2
10790,359.667,561,cell phone,0.6102,806,369,1139,696,0,2
10791,359.7,542,car,0.8509,579,103,658,175,1,2
10791,359.7,561,cell phone,0.5767,809,369,1135,689,0,2
10792,359.733,542,car,0.8543,581,103,659,175,1,2
10792,359.733,561,cell phone,0.4841,809,370,1133,687,0,2
10793,359.767,542,car,0.8579,582,102,661,174,1,2
10793,359.767,561,cell phone,0.4866,807,370,1131,690,0,2
10794,359.8,542,car,0.8691,583,102,662,174,1,2
10794,359.8,561,cell phone,0.3967,803,370,1133,695,0,2
10795,359.833,542,car,0.8663,584,102,663,174,1,2
10796,359.867,542,car,0.8649,584,102,663,174,1,2
10797,359.9,542,car,0.8606,585,102,663,173,1,2
10798,359.933,542,car,0.8352,586,102,663,173,1,2
10799,359.967,542,car,0.8143,586,102,663,173,1,2
10800,360.0,542,car,0.8036,587,102,664,171,1,2
10801,360.033,542,car,0.7913,589,102,665,171,1,2
10801,360.033,561,cell phone,0.316,815,368,1142,688,0,2
10802,360.067,542,car,0.7992,590,102,666,171,1,2
10802,360.067,561,cell phone,0.3504,815,368,1143,689,0,2
10803,360.1,542,car,0.7993,591,102,667,171,1,2
10803,360.1,561,cell phone,0.3675,814,370,1146,694,0,2
10804,360.133,542,car,0.7853,592,102,669,170,1,2
10804,360.133,561,cell phone,0.3377,817,370,1147,690,0,2
10805,360.167,542,car,0.748,593,102,669,169,1,2
10805,360.167,561,cell phone,0.3282,822,370,1150,687,0,2
10806,360.2,542,car,0.7298,594,101,671,169,1,2
10807,360.233,542,car,0.774,593,99,671,168,1,2
10808,360.267,542,car,0.7771,593,99,670,168,1,2
10809,360.3,542,car,0.7845,593,99,670,168,1,2
10810,360.333,542,car,0.7627,594,99,670,167,1,2
10811,360.367,542,car,0.7894,594,99,671,167,1,2
10811,360.367,561,person,0.6037,753,403,1056,709,0,2
10812,360.4,542,car,0.8066,595,99,671,168,1,2
10812,360.4,561,person,0.6293,750,406,1041,711,0,2
10813,360.433,542,car,0.8126,595,98,672,168,1,2
10814,360.467,542,car,0.8168,597,98,672,168,1,2
10815,360.5,542,car,0.7955,597,98,673,167,1,2
10816,360.533,542,car,0.8121,597,98,673,167,1,2
10817,360.567,542,car,0.8051,598,98,673,167,1,2
10818,360.6,542,car,0.7694,599,98,674,166,1,2
10819,360.633,542,car,0.7726,599,97,674,166,1,2
10819,360.633,561,person,0.6095,467,375,859,717,0,2
10820,360.667,542,car,0.784,600,98,675,166,1,2
10820,360.667,561,person,0.6553,427,371,872,717,0,2
10821,360.7,542,car,0.7905,601,98,675,166,1,2
10822,360.733,542,car,0.7442,601,97,677,166,1,2
10823,360.767,542,car,0.7465,602,97,677,165,1,2
10824,360.8,542,car,0.7379,602,97,677,165,1,2
10824,360.8,561,person,0.623,402,371,890,717,0,2
10825,360.833,542,car,0.7404,602,96,678,165,1,2
10826,360.867,542,car,0.7499,602,96,678,163,1,2
10827,360.9,542,car,0.7488,603,96,678,163,1,2
10828,360.933,542,car,0.7264,603,96,678,163,1,2
10829,360.967,542,car,0.6984,603,96,678,165,1,2
10830,361.0,542,car,0.7443,603,97,678,166,1,2
10831,361.033,542,car,0.7815,603,98,678,166,1,2
10832,361.067,542,car,0.7498,602,98,678,166,1,2
10833,361.1,542,car,0.7599,602,99,677,167,1,2
10834,361.133,542,car,0.7765,603,101,677,167,1,2
10834,361.133,564,cell phone,0.3602,829,370,1145,688,0,2
10835,361.167,542,car,0.769,603,101,677,167,1,2
10835,361.167,564,cell phone,0.4277,832,371,1144,685,0,2
10836,361.2,542,car,0.6901,603,102,677,168,1,2
10836,361.2,564,cell phone,0.4677,835,371,1149,686,0,2
10836,361.2,565,person,0.6102,279,498,449,715,0,2
10837,361.233,542,car,0.7055,602,102,675,168,1,2
10837,361.233,564,cell phone,0.4206,837,373,1151,688,0,2
10837,361.233,566,person,0.6569,789,422,998,711,0,2
10838,361.267,542,car,0.7063,601,102,675,169,1,2
10838,361.267,564,cell phone,0.4506,841,373,1151,682,0,2
10838,361.267,566,person,0.6124,790,423,998,712,0,2
10839,361.3,542,car,0.7316,600,103,674,169,1,2
10839,361.3,564,cell phone,0.4242,845,374,1147,674,0,2
10840,361.333,542,car,0.7231,600,103,673,170,1,2
10840,361.333,564,cell phone,0.3865,847,374,1147,671,0,2
10841,361.367,542,car,0.7249,599,104,673,170,1,2
10841,361.367,564,cell phone,0.4361,848,373,1149,670,0,2
10842,361.4,542,car,0.7612,599,105,672,171,1,2
10842,361.4,564,cell phone,0.5278,849,373,1151,669,0,2
10842,361.4,565,person,0.6124,286,497,456,714,0,2
10843,361.433,542,car,0.7558,598,106,671,173,1,2
10843,361.433,564,cell phone,0.6232,848,371,1153,667,0,2
10844,361.467,542,car,0.7978,598,107,670,174,1,2
10844,361.467,564,cell phone,0.561,843,371,1153,671,0,2
10844,361.467,566,person,0.6009,786,421,997,711,0,2
10845,361.5,542,car,0.7906,597,107,669,174,1,2
10845,361.5,564,cell phone,0.4017,835,371,1150,674,0,2
10845,361.5,565,person,0.6084,279,502,445,713,0,2
10846,361.533,542,car,0.7606,595,109,666,175,1,2
10846,361.533,564,cell phone,0.3434,826,373,1146,678,0,2
10846,361.533,566,person,0.6175,782,422,991,711,0,2
10847,361.567,542,car,0.7817,595,110,666,175,1,2
10847,361.567,564,cell phone,0.3667,822,374,1145,679,0,2
10847,361.567,566,person,0.6225,781,423,989,711,0,2
10848,361.6,542,car,0.7648,594,110,665,176,1,2
10848,361.6,566,person,0.6786,779,425,985,711,0,2
10848,361.6,565,person,0.6451,275,507,438,713,0,2
10849,361.633,542,car,0.7263,593,111,664,176,1,2
10849,361.633,566,person,0.6817,778,425,984,710,0,2
10850,361.667,542,car,0.6967,592,111,663,176,1,2
10850,361.667,566,person,0.6437,778,426,983,710,0,2
10851,361.7,542,car,0.7019,592,111,663,176,1,2
10852,361.733,542,car,0.6827,592,111,662,176,1,2
10853,361.767,542,car,0.6828,592,112,662,177,1,2
10854,361.8,542,car,0.7213,591,112,662,177,1,2
10855,361.833,542,car,0.677,591,112,662,178,1,2
10856,361.867,542,car,0.663,590,112,662,178,1,2
10857,361.9,542,car,0.6534,590,112,662,179,1,2
10858,361.933,542,car,0.6494,590,113,661,179,1,2
10859,361.967,542,car,0.6862,589,113,661,181,1,2
10860,362.0,542,car,0.7193,590,114,662,181,1,2
10861,362.033,542,car,0.6882,590,115,662,182,1,2
10862,362.067,542,car,0.7051,590,115,662,182,1,2
10862,362.067,564,cell phone,0.3044,834,375,1152,667,0,2
10863,362.1,542,car,0.6713,590,117,662,183,1,2
10864,362.133,542,car,0.6506,591,117,662,183,1,2
10865,362.167,542,car,0.6513,591,118,663,183,1,2
10866,362.2,542,car,0.6509,591,118,663,183,1,2
10867,362.233,542,car,0.6617,591,119,662,184,1,2
10868,362.267,542,car,0.7199,590,119,662,184,1,2
10869,362.3,542,car,0.7389,590,119,661,184,1,2
10870,362.333,542,car,0.7363,589,119,661,184,1,2
10871,362.367,542,car,0.7377,589,119,661,184,1,2
10872,362.4,542,car,0.7466,589,119,661,184,1,2
10873,362.433,542,car,0.7631,587,119,661,184,1,2
10874,362.467,542,car,0.7629,587,119,661,184,1,2
10875,362.5,542,car,0.7625,587,120,661,185,1,2
10876,362.533,542,car,0.7581,587,120,661,185,1,2
10877,362.567,542,car,0.7629,587,120,661,185,1,2
10878,362.6,542,car,0.7682,587,120,661,185,1,2
10879,362.633,542,car,0.7666,587,120,661,185,1,2
10880,362.667,542,car,0.7792,587,120,659,185,1,2
10881,362.7,542,car,0.7711,589,120,659,185,1,2
10882,362.733,542,car,0.7789,589,121,659,185,1,2
10883,362.767,542,car,0.7737,589,121,659,186,1,2
10884,362.8,542,car,0.7483,589,121,659,186,1,2
10885,362.833,542,car,0.727,589,122,659,186,1,2
10886,362.867,542,car,0.7312,589,122,658,186,1,2
10887,362.9,542,car,0.7301,589,123,658,186,1,2
10888,362.933,542,car,0.7262,589,123,658,186,1,2
10889,362.967,542,car,0.7318,589,123,658,186,1,2
10890,363.0,542,car,0.7224,589,123,658,186,1,2
10891,363.033,542,car,0.7213,589,123,658,186,1,2
10892,363.067,542,car,0.7143,589,123,658,186,1,2
10893,363.1,542,car,0.7174,589,123,659,187,1,2
10894,363.133,542,car,0.7214,587,123,659,187,1,2
10895,363.167,542,car,0.6994,587,123,659,187,1,2
10896,363.2,542,car,0.7106,587,123,659,187,1,2
10897,363.233,542,car,0.7243,587,123,659,189,1,2
10898,363.267,542,car,0.7092,587,123,659,189,1,2
10899,363.3,542,car,0.738,587,123,659,189,1,2
10900,363.333,542,car,0.7513,587,123,659,189,1,2
10901,363.367,542,car,0.7537,587,123,659,189,1,2
10902,363.4,542,car,0.7552,586,123,659,189,1,2
10903,363.433,542,car,0.7449,586,123,659,189,1,2
10904,363.467,542,car,0.7371,586,123,659,189,1,2
10905,363.5,542,car,0.7299,586,123,659,189,1,2
10906,363.533,542,car,0.7579,586,123,659,189,1,2
10907,363.567,542,car,0.7522,586,123,659,190,1,2
10908,363.6,542,car,0.771,586,123,659,190,1,2
10909,363.633,542,car,0.7798,586,123,659,190,1,2
10910,363.667,542,car,0.7771,586,123,659,190,1,2
10911,363.7,542,car,0.7919,585,123,658,190,1,2
10912,363.733,542,car,0.7794,585,123,658,190,1,2
10913,363.767,542,car,0.7661,584,125,657,190,1,2
10914,363.8,542,car,0.7725,584,125,657,191,1,2
10915,363.833,542,car,0.7786,584,125,656,191,1,2
10916,363.867,542,car,0.7739,583,126,656,192,1,2
10917,363.9,542,car,0.769,582,126,655,193,1,2
10917,363.9,568,cell phone,0.3853,882,373,1200,664,0,2
10918,363.933,542,car,0.7518,582,126,655,194,1,2
10919,363.967,542,car,0.7427,582,127,655,194,1,2
10920,364.0,542,car,0.7318,581,127,654,194,1,2
10921,364.033,542,car,0.7489,581,127,654,194,1,2
10922,364.067,542,car,0.7478,581,127,654,194,1,2
10923,364.1,542,car,0.741,579,127,653,195,1,2
10924,364.133,542,car,0.7855,579,129,651,195,1,2
10925,364.167,542,car,0.799,579,129,651,195,1,2
10926,364.2,542,car,0.8252,578,130,650,197,1,2
10927,364.233,542,car,0.797,578,131,650,197,1,2
10928,364.267,542,car,0.8178,578,131,650,198,1,2
10929,364.3,542,car,0.7551,578,131,650,198,1,2
10930,364.333,542,car,0.7403,577,133,649,198,1,2
10931,364.367,542,car,0.7738,577,133,649,199,1,2
10932,364.4,542,car,0.7539,576,133,649,199,1,2
10933,364.433,542,car,0.7115,576,134,648,199,1,2
10934,364.467,542,car,0.7333,575,134,648,200,1,2
10935,364.5,542,car,0.7224,575,134,648,200,1,2
10936,364.533,542,car,0.6823,575,134,648,200,1,2
10937,364.567,542,car,0.6638,574,134,647,200,1,2
10938,364.6,542,car,0.6345,574,134,647,200,1,2
10939,364.633,542,car,0.629,573,135,646,201,1,2
10940,364.667,542,car,0.7046,571,135,646,201,1,2
10941,364.7,542,car,0.7031,571,135,646,202,1,2
10942,364.733,542,car,0.6991,570,135,645,202,1,2
10943,364.767,542,car,0.7382,569,135,645,202,1,2
10944,364.8,542,car,0.7233,569,135,645,203,1,2
10945,364.833,542,car,0.6986,568,135,643,203,1,2
10946,364.867,542,car,0.6931,568,135,643,203,1,2
10947,364.9,542,car,0.6973,567,135,642,203,1,2
10947,364.9,569,person,0.7337,335,395,1042,714,0,2
10948,364.933,542,car,0.7299,567,135,642,203,1,2
10948,364.933,569,person,0.6611,337,397,1045,715,0,2
10949,364.967,542,car,0.7293,566,135,641,203,1,2
10949,364.967,569,person,0.6103,342,401,1040,717,0,2
10950,365.0,542,car,0.7418,566,135,641,203,1,2
10951,365.033,542,car,0.7589,566,135,640,205,1,2
10952,365.067,542,car,0.7931,565,136,640,206,1,2
10952,365.067,569,person,0.6457,336,390,1061,717,0,2
10953,365.1,542,car,0.8033,565,137,639,206,1,2
10953,365.1,569,person,0.7174,326,378,1070,715,0,2
10954,365.133,542,car,0.7993,565,138,638,206,1,2
10954,365.133,569,person,0.6157,321,375,1070,714,0,2
10955,365.167,542,car,0.7867,565,139,637,207,1,2
10955,365.167,569,person,0.6187,307,359,1083,713,0,2
10956,365.2,542,car,0.842,563,139,635,207,1,2
10957,365.233,542,car,0.8368,563,141,635,207,1,2
10958,365.267,542,car,0.8248,563,141,634,207,1,2
10959,365.3,542,car,0.8174,562,141,634,208,1,2
10960,365.333,542,car,0.7711,561,141,634,209,1,2
10960,365.333,570,cell phone,0.7719,850,379,1206,696,0,2
10961,365.367,542,car,0.7679,560,141,633,209,1,2
10961,365.367,570,cell phone,0.8033,856,379,1201,687,0,2
10962,365.4,542,car,0.7892,560,142,633,210,1,2
10962,365.4,570,cell phone,0.7914,855,382,1199,688,0,2
10962,365.4,569,person,0.6105,333,349,1136,715,0,2
10963,365.433,542,car,0.7386,559,142,633,211,1,2
10963,365.433,570,cell phone,0.3545,851,383,1197,690,0,2
10964,365.467,542,car,0.7495,558,143,632,211,1,2
10965,365.5,542,car,0.7498,558,143,632,211,1,2
10966,365.533,542,car,0.7431,557,144,631,213,1,2
10966,365.533,571,person,0.6264,338,466,509,711,0,2
10967,365.567,542,car,0.7564,555,144,631,214,1,2
10967,365.567,571,person,0.6236,338,467,509,714,0,2
10968,365.6,542,car,0.7744,555,144,630,214,1,2
10968,365.6,571,person,0.6104,337,470,509,715,0,2
10969,365.633,542,car,0.7908,554,144,630,214,1,2
10969,365.633,571,person,0.6977,338,470,507,713,0,2
10970,365.667,542,car,0.7932,553,144,629,215,1,2
10970,365.667,571,person,0.6958,338,470,506,713,0,2
10971,365.7,542,car,0.8029,552,144,629,215,1,2
10971,365.7,571,person,0.6434,339,470,506,712,0,2
10972,365.733,542,car,0.7863,552,144,629,215,1,2
10972,365.733,571,person,0.631,339,470,506,711,0,2
10972,365.733,572,traffic light,0.4748,1053,0,1213,61,0,2
10973,365.767,542,car,0.8018,551,144,627,215,1,2
10973,365.767,571,person,0.6193,341,470,506,711,0,2
10974,365.8,542,car,0.8395,551,145,627,216,1,2
10974,365.8,571,person,0.6461,341,470,505,710,0,2
10974,365.8,572,traffic light,0.431,1062,0,1203,54,0,2
10975,365.833,542,car,0.8358,550,146,626,217,1,2
10975,365.833,571,person,0.6305,342,470,504,707,0,2
10975,365.833,572,traffic light,0.3496,1059,0,1208,56,0,2
10976,365.867,542,car,0.8581,549,147,625,218,1,2
10976,365.867,571,person,0.6615,343,472,504,709,0,2
10977,365.9,542,car,0.8278,549,146,625,217,1,2
10977,365.9,571,person,0.6619,344,473,503,707,0,2
10977,365.9,572,traffic light,0.3919,1057,0,1208,56,0,2
10978,365.933,542,car,0.8626,547,147,624,218,1,2
10978,365.933,571,person,0.6458,342,474,501,707,0,2
10978,365.933,572,traffic light,0.4593,1046,0,1216,64,0,2
10979,365.967,542,car,0.8552,546,147,623,218,1,2
10979,365.967,571,person,0.6164,342,474,497,704,0,2
10979,365.967,572,traffic light,0.405,1045,0,1216,65,0,2
10980,366.0,542,car,0.8519,546,149,622,219,1,2
10980,366.0,572,traffic light,0.429,1041,0,1213,65,0,2
10981,366.033,542,car,0.8539,545,149,622,219,1,2
10981,366.033,572,traffic light,0.4316,1038,0,1211,65,0,2
10982,366.067,542,car,0.8401,545,149,621,219,1,2
10982,366.067,572,traffic light,0.5055,1034,0,1208,65,0,2
10983,366.1,542,car,0.8007,544,149,619,218,1,2
10983,366.1,572,traffic light,0.3899,1033,0,1203,63,0,2
10984,366.133,542,car,0.7826,543,149,619,218,1,2
10985,366.167,542,car,0.7791,543,149,618,219,1,2
10986,366.2,542,car,0.7575,542,149,618,219,1,2
10987,366.233,542,car,0.7589,539,149,616,219,1,2
10987,366.233,571,person,0.606,309,478,464,709,0,2
10988,366.267,542,car,0.7918,538,149,615,219,1,2
10989,366.3,542,car,0.7978,538,150,614,219,1,2
10990,366.333,542,car,0.8115,537,150,614,219,1,2
10990,366.333,571,person,0.615,299,481,456,713,0,2
10991,366.367,542,car,0.803,537,150,613,219,1,2
10991,366.367,573,stop sign,0.5142,685,101,712,127,0,2
10991,366.367,571,person,0.6036,297,482,454,713,0,2
10992,366.4,542,car,0.787,536,149,613,219,1,2
10993,366.433,542,car,0.7926,535,149,611,221,1,2
10994,366.467,542,car,0.8214,534,149,611,221,1,2
10995,366.5,542,car,0.7963,533,150,610,222,1,2
10995,366.5,571,person,0.6815,290,488,443,714,0,2
10996,366.533,542,car,0.8102,533,150,610,222,1,2
10996,366.533,571,person,0.6396,290,493,442,714,0,2
10997,366.567,542,car,0.8242,533,150,609,222,1,2
10997,366.567,571,person,0.732,291,499,441,714,0,2
10998,366.6,542,car,0.7951,531,151,609,223,1,2
10999,366.633,542,car,0.7917,530,151,608,223,1,2
11000,366.667,542,car,0.8058,530,151,607,222,1,2
11001,366.7,542,car,0.8273,529,151,605,221,1,2
11002,366.733,542,car,0.8535,528,151,603,221,1,2
11003,366.767,542,car,0.8548,527,151,603,221,1,2
11004,366.8,542,car,0.8491,527,151,602,219,1,2
11005,366.833,542,car,0.8608,526,151,601,219,1,2
11006,366.867,542,car,0.861,525,151,600,219,1,2
11007,366.9,542,car,0.8242,523,151,600,221,1,2
11008,366.933,542,car,0.8046,522,152,599,222,1,2
11009,366.967,542,car,0.807,521,152,599,222,1,2
11010,367.0,542,car,0.8263,520,152,598,223,1,2
11011,367.033,542,car,0.8368,519,152,598,223,1,2
11012,367.067,542,car,0.8457,518,152,597,223,1,2
11012,367.067,572,traffic light,0.4538,1013,0,1199,70,0,2
11013,367.1,542,car,0.8487,518,152,595,223,1,2
11013,367.1,572,traffic light,0.3842,1010,1,1199,72,0,2
11014,367.133,542,car,0.8517,517,152,595,223,1,2
11014,367.133,572,traffic light,0.532,1007,1,1200,74,0,2
11015,367.167,542,car,0.8507,517,152,594,223,1,2
11015,367.167,572,traffic light,0.5416,1007,1,1199,74,0,2
11016,367.2,542,car,0.8478,515,152,594,223,1,2
11016,367.2,572,traffic light,0.3453,1010,1,1195,72,0,2
11017,367.233,542,car,0.8711,514,151,593,222,1,2
11018,367.267,542,car,0.8768,513,151,592,222,1,2
11018,367.267,572,traffic light,0.358,1021,0,1195,67,0,2
11019,367.3,542,car,0.8802,513,151,591,221,1,2
11019,367.3,571,person,0.6419,290,518,431,717,0,2
11020,367.333,542,car,0.8782,512,150,590,221,1,2
11020,367.333,571,person,0.6815,290,517,432,717,0,2
11021,367.367,542,car,0.8539,511,150,590,222,1,2
11021,367.367,571,person,0.6372,290,515,434,717,0,2
11022,367.4,542,car,0.8615,511,151,589,222,1,2
11022,367.4,572,traffic light,0.323,1027,0,1186,61,0,2
11023,367.433,542,car,0.8151,511,152,589,222,1,2
11023,367.433,571,person,0.7493,290,501,447,715,0,2
11024,367.467,542,car,0.7702,510,153,589,224,1,2
11024,367.467,571,person,0.8068,297,503,455,717,0,2
11024,367.467,572,traffic light,0.5777,1008,0,1186,69,0,2
11025,367.5,542,car,0.7812,510,153,587,223,1,2
11025,367.5,571,person,0.7018,319,522,466,714,0,2
11025,367.5,572,traffic light,0.5869,1002,1,1184,70,0,2
11026,367.533,542,car,0.7893,510,153,586,223,1,2
11026,367.533,572,traffic light,0.6232,999,1,1184,71,0,2
11027,367.567,542,car,0.7822,509,153,586,223,1,2
11027,367.567,572,traffic light,0.5464,998,1,1183,71,0,2
11028,367.6,542,car,0.7437,509,153,585,223,1,2
11028,367.6,572,traffic light,0.5784,998,1,1183,71,0,2
11028,367.6,571,person,0.6983,358,569,483,717,0,2
11029,367.633,542,car,0.741,506,153,585,223,1,2
11029,367.633,572,traffic light,0.4819,1013,1,1205,71,0,2
11029,367.633,571,person,0.6959,359,578,488,717,0,2
11030,367.667,542,car,0.7394,506,153,584,224,1,2
11030,367.667,572,traffic light,0.5266,1003,1,1193,71,0,2
11030,367.667,571,person,0.6805,358,581,495,717,0,2
11031,367.7,542,car,0.7247,505,153,583,224,1,2
11031,367.7,572,traffic light,0.6039,1001,1,1187,70,0,2
11031,367.7,571,person,0.724,357,577,506,718,0,2
11031,367.7,578,traffic light,0.3649,1005,1,1267,70,0,2
11032,367.733,542,car,0.7278,504,153,583,224,1,2
11032,367.733,572,traffic light,0.5703,1003,1,1186,69,0,2
11032,367.733,571,person,0.7283,351,569,515,717,0,2
11032,367.733,578,traffic light,0.3485,1013,1,1263,66,0,2
11033,367.767,542,car,0.7173,503,153,582,224,1,2
11033,367.767,572,traffic light,0.6012,1003,1,1185,67,0,2
11033,367.767,571,person,0.724,347,566,522,717,0,2
11034,367.8,542,car,0.7012,502,154,581,224,1,2
11034,367.8,572,traffic light,0.4029,1010,0,1191,67,0,2
11034,367.8,571,person,0.7746,347,562,530,717,0,2
11034,367.8,578,traffic light,0.3016,1017,1,1273,67,0,2
11035,367.833,542,car,0.6982,501,154,579,225,1,2
11035,367.833,572,traffic light,0.3659,1013,0,1194,69,0,2
11035,367.833,571,person,0.7516,347,561,536,717,0,2
11035,367.833,578,traffic light,0.4093,1016,1,1280,71,0,2
11036,367.867,542,car,0.6767,501,154,579,226,1,2
11036,367.867,571,person,0.778,347,562,541,717,0,2
11036,367.867,578,traffic light,0.3113,1014,1,1280,72,0,2
11037,367.9,542,car,0.6879,501,155,578,225,1,2
11037,367.9,571,person,0.745,352,565,545,715,0,2
11037,367.9,578,traffic light,0.4218,1009,2,1280,75,0,2
11038,367.933,542,car,0.7418,498,155,577,226,1,2
11038,367.933,571,person,0.6951,357,568,550,715,0,2
11038,367.933,578,traffic light,0.4949,994,1,1280,83,0,2
11038,367.933,572,traffic light,0.3851,998,1,1203,81,0,2
11039,367.967,542,car,0.7691,497,155,577,227,1,2
11039,367.967,571,person,0.7185,358,568,555,715,0,2
11039,367.967,578,traffic light,0.532,990,1,1280,87,0,2
11039,367.967,572,traffic light,0.3455,998,1,1202,83,0,2
11040,368.0,542,car,0.7294,497,155,575,226,1,2
11040,368.0,571,person,0.7464,359,567,560,715,0,2
11040,368.0,578,traffic light,0.5329,985,0,1280,89,0,2
11040,368.0,572,traffic light,0.4722,997,1,1203,86,0,2
11041,368.033,542,car,0.7325,496,157,573,225,1,2
11041,368.033,571,person,0.7409,358,567,561,715,0,2
11041,368.033,578,traffic light,0.692,984,0,1280,90,0,2
11041,368.033,572,traffic light,0.4088,998,1,1202,87,0,2
11042,368.067,542,car,0.7596,496,157,573,225,1,2
11042,368.067,571,person,0.711,354,567,561,715,0,2
11042,368.067,578,traffic light,0.6565,984,0,1280,90,0,2
11042,368.067,572,traffic light,0.509,997,1,1202,88,0,2
11043,368.1,542,car,0.8352,496,157,571,224,1,2
11043,368.1,571,person,0.7193,350,568,558,715,0,2
11043,368.1,578,traffic light,0.5018,985,0,1280,91,0,2
11043,368.1,572,traffic light,0.5839,997,1,1199,88,0,2
11044,368.133,542,car,0.8179,495,155,569,223,1,2
11044,368.133,571,person,0.744,345,569,553,717,0,2
11044,368.133,578,traffic light,0.4646,994,0,1280,87,0,2
11044,368.133,572,traffic light,0.4114,1001,1,1193,85,0,2
11045,368.167,542,car,0.8008,495,155,569,223,1,2
11045,368.167,571,person,0.6897,339,569,551,717,0,2
11045,368.167,578,traffic light,0.5013,1000,0,1280,85,0,2
11045,368.167,572,traffic light,0.5163,1006,1,1190,81,0,2
11046,368.2,542,car,0.7726,494,155,569,222,1,2
11046,368.2,571,person,0.6833,334,570,546,717,0,2
11046,368.2,578,traffic light,0.3908,1011,1,1278,79,0,2
11047,368.233,542,car,0.7757,493,154,568,222,1,2
11047,368.233,571,person,0.6868,329,570,543,717,0,2
11047,368.233,572,traffic light,0.4397,1013,1,1181,74,0,2
11048,368.267,542,car,0.769,493,154,568,222,1,2
11048,368.267,571,person,0.6765,326,570,542,717,0,2
11048,368.267,572,traffic light,0.3739,1013,1,1178,73,0,2
11048,368.267,578,traffic light,0.4444,1016,2,1267,74,0,2
11049,368.3,542,car,0.7857,491,153,568,222,1,2
11049,368.3,571,person,0.787,322,568,541,715,0,2
11049,368.3,572,traffic light,0.4962,1010,1,1177,72,0,2
11049,368.3,578,traffic light,0.4328,1015,2,1265,73,0,2
11050,368.333,542,car,0.7844,490,153,568,222,1,2
11050,368.333,571,person,0.7773,320,568,539,714,0,2
11050,368.333,578,traffic light,0.6544,1013,2,1263,72,0,2
11051,368.367,542,car,0.7937,489,153,568,222,1,2
11051,368.367,571,person,0.7745,318,568,538,714,0,2
11051,368.367,578,traffic light,0.5671,1008,2,1262,72,0,2
11051,368.367,572,traffic light,0.4139,1007,1,1176,72,0,2
11052,368.4,542,car,0.8121,489,153,567,222,1,2
11052,368.4,571,person,0.7849,318,568,537,714,0,2
11052,368.4,578,traffic light,0.4811,1002,2,1263,74,0,2
11052,368.4,572,traffic light,0.3747,1002,0,1181,75,0,2
11053,368.433,542,car,0.8199,488,153,567,223,1,2
11053,368.433,571,person,0.7667,317,569,536,714,0,2
11053,368.433,578,traffic light,0.4946,992,1,1266,78,0,2
11053,368.433,572,traffic light,0.368,1000,1,1181,77,0,2
11054,368.467,542,car,0.8422,487,153,567,223,1,2
11054,368.467,571,person,0.7598,317,570,535,714,0,2
11054,368.467,578,traffic light,0.4804,986,1,1267,80,0,2
11054,368.467,572,traffic light,0.3363,997,1,1178,78,0,2
11055,368.5,542,car,0.8461,487,153,567,223,1,2
11055,368.5,571,person,0.7547,315,571,534,714,0,2
11055,368.5,578,traffic light,0.4584,986,1,1266,80,0,2
11056,368.533,542,car,0.8541,486,152,566,223,1,2
11056,368.533,571,person,0.7614,314,571,534,714,0,2
11056,368.533,578,traffic light,0.455,992,1,1259,77,0,2
11057,368.567,542,car,0.8597,486,152,566,223,1,2
11057,368.567,571,person,0.7547,313,571,534,714,0,2
11057,368.567,578,traffic light,0.6232,997,2,1255,74,0,2
11058,368.6,542,car,0.8465,485,152,566,223,1,2
11058,368.6,571,person,0.7515,313,570,535,714,0,2
11059,368.633,542,car,0.8258,485,152,565,223,1,2
11059,368.633,571,person,0.787,313,570,536,714,0,2
11059,368.633,572,traffic light,0.3403,1008,0,1174,70,0,2
11059,368.633,578,traffic light,0.3326,992,1,1247,72,0,2
11060,368.667,542,car,0.8318,483,152,565,224,1,2
11060,368.667,571,person,0.7918,313,570,537,714,0,2
11060,368.667,572,traffic light,0.3278,1009,0,1173,69,0,2
11060,368.667,578,traffic light,0.3333,998,0,1254,71,0,2
11061,368.7,542,car,0.8188,483,153,565,224,1,2
11061,368.7,571,person,0.7899,313,569,539,714,0,2
11061,368.7,572,traffic light,0.3191,1006,0,1176,72,0,2
11061,368.7,578,traffic light,0.4895,999,1,1258,72,0,2
11062,368.733,542,car,0.81,483,153,565,225,1,2
11062,368.733,571,person,0.7582,315,569,541,714,0,2
11062,368.733,578,traffic light,0.6062,998,1,1262,74,0,2
11063,368.767,542,car,0.8218,483,153,565,225,1,2
11063,368.767,571,person,0.7891,318,569,543,714,0,2
11063,368.767,578,traffic light,0.5572,997,1,1267,77,0,2
11064,368.8,542,car,0.8184,482,153,565,226,1,2
11064,368.8,571,person,0.7107,320,571,545,717,0,2
11064,368.8,578,traffic light,0.4861,993,1,1273,80,0,2
11065,368.833,542,car,0.8097,483,154,563,225,1,2
11065,368.833,571,person,0.6824,321,571,547,717,0,2
11065,368.833,578,traffic light,0.6134,992,1,1277,82,0,2
11066,368.867,542,car,0.8145,483,154,563,225,1,2
11066,368.867,571,person,0.6689,321,571,550,717,0,2
11066,368.867,578,traffic light,0.5178,995,1,1278,82,0,2
11067,368.9,542,car,0.8075,483,153,565,225,1,2
11067,368.9,571,person,0.661,323,570,552,717,0,2
11067,368.9,578,traffic light,0.3525,1001,1,1280,81,0,2
11067,368.9,572,traffic light,0.3204,1013,1,1190,77,0,2
11068,368.933,542,car,0.8049,483,153,565,225,1,2
11068,368.933,571,person,0.6745,323,568,555,717,0,2
11068,368.933,578,traffic light,0.3228,1001,1,1280,83,0,2
11068,368.933,572,traffic light,0.3157,1007,1,1191,80,0,2
11069,368.967,542,car,0.812,485,153,565,225,1,2
11069,368.967,571,person,0.6768,325,568,557,717,0,2
11069,368.967,578,traffic light,0.4448,1003,1,1280,83,0,2
11069,368.967,572,traffic light,0.3195,1007,0,1190,82,0,2
11070,369.0,542,car,0.8016,485,153,566,224,1,2
11070,369.0,571,person,0.7947,325,565,560,715,0,2
11070,369.0,578,traffic light,0.3791,1011,1,1280,81,0,2
11071,369.033,542,car,0.8084,486,152,566,224,1,2
11071,369.033,571,person,0.7849,325,563,561,715,0,2
11071,369.033,578,traffic light,0.3935,1013,1,1280,81,0,2
11072,369.067,542,car,0.8001,486,152,567,223,1,2
11072,369.067,571,person,0.7941,326,563,561,715,0,2
11072,369.067,578,traffic light,0.422,1011,1,1280,83,0,2
11073,369.1,542,car,0.7786,486,151,566,222,1,2
11073,369.1,571,person,0.7997,326,563,561,715,0,2
11073,369.1,578,traffic light,0.362,1016,1,1280,82,0,2
11074,369.133,542,car,0.764,487,151,567,221,1,2
11074,369.133,571,person,0.7996,326,563,561,715,0,2
11074,369.133,578,traffic light,0.316,1015,1,1280,83,0,2
11075,369.167,542,car,0.7896,488,151,567,219,1,2
11075,369.167,571,person,0.8026,326,563,560,715,0,2
11076,369.2,542,car,0.7934,489,150,568,219,1,2
11076,369.2,571,person,0.7955,325,563,558,715,0,2
11077,369.233,542,car,0.7916,489,150,569,219,1,2
11077,369.233,571,person,0.6523,322,565,557,717,0,2
11077,369.233,572,traffic light,0.383,1011,2,1200,88,0,2
11077,369.233,578,traffic light,0.3681,1007,1,1280,89,0,2
11078,369.267,542,car,0.7773,488,149,569,219,1,2
11078,369.267,571,person,0.6535,321,565,554,717,0,2
11078,369.267,572,traffic light,0.3747,1015,2,1197,88,0,2
11079,369.3,542,car,0.7804,488,147,570,219,1,2
11079,369.3,571,person,0.7318,320,566,551,715,0,2
11079,369.3,578,traffic light,0.3441,1009,1,1280,89,0,2
11080,369.333,542,car,0.7762,488,146,571,219,1,2
11080,369.333,571,person,0.7731,319,566,549,715,0,2
11080,369.333,578,traffic light,0.3076,1008,1,1280,89,0,2
11081,369.367,542,car,0.7813,488,146,571,219,1,2
11081,369.367,571,person,0.7874,317,565,547,714,0,2
11082,369.4,542,car,0.797,488,145,571,219,1,2
11082,369.4,571,person,0.7515,314,565,545,714,0,2
11082,369.4,578,traffic light,0.4312,1010,1,1280,87,0,2
11083,369.433,542,car,0.7929,488,145,571,218,1,2
11083,369.433,571,person,0.8052,312,566,543,714,0,2
11083,369.433,578,traffic light,0.3583,1006,1,1280,89,0,2
11083,369.433,572,traffic light,0.4178,1016,7,1186,88,0,2
11084,369.467,542,car,0.7864,488,145,570,217,1,2
11084,369.467,571,person,0.7937,311,566,541,714,0,2
11084,369.467,578,traffic light,0.5245,1007,1,1280,89,0,2
11085,369.5,542,car,0.7919,488,144,570,217,1,2
11085,369.5,571,person,0.766,309,566,537,714,0,2
11085,369.5,578,traffic light,0.4944,1007,1,1280,89,0,2
11086,369.533,542,car,0.7877,488,144,570,216,1,2
11086,369.533,571,person,0.7849,305,566,535,714,0,2
11086,369.533,578,traffic light,0.5501,1006,1,1278,89,0,2
11087,369.567,542,car,0.7934,488,144,570,216,1,2
11087,369.567,571,person,0.7703,304,566,534,714,0,2
11087,369.567,578,traffic light,0.5256,1005,1,1275,89,0,2
11088,369.6,542,car,0.8084,487,144,569,216,1,2
11088,369.6,571,person,0.783,303,565,534,714,0,2
11088,369.6,578,traffic light,0.352,1005,1,1273,88,0,2
11089,369.633,542,car,0.785,487,144,569,217,1,2
11089,369.633,571,person,0.7838,302,563,533,714,0,2
11089,369.633,578,traffic light,0.5921,1002,1,1270,88,0,2
11089,369.633,572,traffic light,0.3183,1009,7,1178,88,0,2
11090,369.667,542,car,0.7609,486,143,569,217,1,2
11090,369.667,571,person,0.7758,301,563,533,714,0,2
11090,369.667,578,traffic light,0.6216,1000,1,1270,88,0,2
11090,369.667,572,traffic light,0.3962,1007,5,1179,88,0,2
11091,369.7,542,car,0.7923,485,143,568,217,1,2
11091,369.7,571,person,0.7783,302,563,533,714,0,2
11091,369.7,578,traffic light,0.5739,998,1,1270,88,0,2
11091,369.7,572,traffic light,0.4383,1005,3,1179,88,0,2
11092,369.733,542,car,0.7907,485,143,567,217,1,2
11092,369.733,571,person,0.7795,302,562,535,714,0,2
11092,369.733,578,traffic light,0.6445,998,1,1270,88,0,2
11092,369.733,572,traffic light,0.4352,1005,2,1181,88,0,2
11093,369.767,542,car,0.7969,485,143,567,217,1,2
11093,369.767,571,person,0.766,303,562,536,714,0,2
11093,369.767,578,traffic light,0.621,998,1,1271,89,0,2
11093,369.767,572,traffic light,0.3793,1006,1,1179,87,0,2
11094,369.8,542,car,0.804,483,143,567,217,1,2
11094,369.8,571,person,0.7688,307,563,538,714,0,2
11094,369.8,578,traffic light,0.6721,999,1,1275,90,0,2
11094,369.8,572,traffic light,0.384,1008,0,1179,87,0,2
11095,369.833,542,car,0.7966,485,143,567,217,1,2
11095,369.833,571,person,0.7977,311,562,542,714,0,2
11095,369.833,578,traffic light,0.5648,1000,1,1279,93,0,2
11095,369.833,572,traffic light,0.4711,1014,8,1176,89,0,2
11096,369.867,542,car,0.8047,485,143,567,217,1,2
11096,369.867,571,person,0.7766,312,562,544,714,0,2
11096,369.867,578,traffic light,0.6232,1001,1,1280,94,0,2
11096,369.867,572,traffic light,0.417,1022,15,1173,89,0,2
11097,369.9,542,car,0.8013,485,143,567,217,1,2
11097,369.9,571,person,0.7824,315,562,546,714,0,2
11097,369.9,578,traffic light,0.5858,1005,0,1280,94,0,2
11097,369.9,572,traffic light,0.3129,1023,18,1173,91,0,2
11098,369.933,542,car,0.8165,485,142,567,216,1,2
11098,369.933,571,person,0.7833,317,562,549,714,0,2
11098,369.933,578,traffic light,0.4701,1008,0,1280,94,0,2
11098,369.933,572,traffic light,0.418,1025,18,1175,91,0,2
11099,369.967,542,car,0.8156,485,142,567,216,1,2
11099,369.967,571,person,0.7824,318,561,550,714,0,2
11099,369.967,578,traffic light,0.4073,1011,0,1280,93,0,2
11099,369.967,572,traffic light,0.3667,1029,17,1176,90,0,2
11100,370.0,542,car,0.8231,485,141,567,216,1,2
11100,370.0,571,person,0.7439,320,561,552,714,0,2
11100,370.0,572,traffic light,0.3389,1030,18,1178,91,0,2
11101,370.033,542,car,0.8126,485,141,567,215,1,2
11101,370.033,571,person,0.7542,320,561,553,714,0,2
11102,370.067,542,car,0.8312,486,141,568,215,1,2
11102,370.067,571,person,0.759,320,560,553,714,0,2
11103,370.1,542,car,0.8388,487,141,569,214,1,2
11103,370.1,571,person,0.7838,319,560,552,714,0,2
11104,370.133,542,car,0.8269,488,141,569,214,1,2
11104,370.133,571,person,0.8005,317,559,551,714,0,2
11105,370.167,542,car,0.8268,489,141,569,213,1,2
11105,370.167,571,person,0.7779,314,558,550,714,0,2
11106,370.2,542,car,0.8113,489,139,570,213,1,2
11106,370.2,571,person,0.812,311,557,547,714,0,2
11106,370.2,572,traffic light,0.3585,1025,3,1187,81,0,2
11107,370.233,542,car,0.7977,490,139,570,211,1,2
11107,370.233,571,person,0.8,307,554,546,714,0,2
11108,370.267,542,car,0.7985,490,139,570,210,1,2
11108,370.267,571,person,0.8012,305,553,545,714,0,2
11109,370.3,542,car,0.784,491,138,570,210,1,2
11109,370.3,571,person,0.7438,303,551,545,714,0,2
11109,370.3,572,traffic light,0.4298,1033,0,1185,73,0,2
11110,370.333,542,car,0.7824,491,138,570,209,1,2
11110,370.333,571,person,0.7105,302,549,545,713,0,2
11110,370.333,572,traffic light,0.4214,1033,0,1183,72,0,2
11111,370.367,542,car,0.7959,491,137,571,209,1,2
11111,370.367,571,person,0.684,302,547,545,714,0,2
11111,370.367,572,traffic light,0.3791,1030,0,1183,73,0,2
11112,370.4,542,car,0.7973,491,137,571,209,1,2
11112,370.4,571,person,0.7281,304,547,546,714,0,2
11113,370.433,542,car,0.7959,491,137,571,209,1,2
11113,370.433,571,person,0.7168,307,549,547,714,0,2
11114,370.467,542,car,0.7796,491,137,571,209,1,2
11114,370.467,571,person,0.7475,310,549,549,714,0,2
11114,370.467,578,traffic light,0.3141,1016,1,1272,87,0,2
11115,370.5,542,car,0.7433,493,136,571,208,1,2
11115,370.5,571,person,0.7421,312,549,550,714,0,2
11115,370.5,578,traffic light,0.3846,1015,1,1273,87,0,2
11116,370.533,542,car,0.7551,493,136,573,208,1,2
11116,370.533,571,person,0.719,314,547,552,714,0,2
11116,370.533,578,traffic light,0.5441,1015,1,1274,87,0,2
11116,370.533,572,traffic light,0.3892,1022,0,1191,82,0,2
11117,370.567,542,car,0.7414,493,135,573,207,1,2
11117,370.567,571,person,0.732,315,546,554,714,0,2
11117,370.567,578,traffic light,0.4269,1015,1,1275,87,0,2
11117,370.567,572,traffic light,0.3743,1021,0,1191,83,0,2
11118,370.6,542,car,0.7344,493,134,573,206,1,2
11118,370.6,571,person,0.7276,314,545,553,714,0,2
11118,370.6,578,traffic light,0.3171,1019,0,1272,83,0,2
11118,370.6,572,traffic light,0.3933,1023,0,1189,82,0,2
11119,370.633,542,car,0.7445,493,133,573,206,1,2
11119,370.633,571,person,0.7179,313,544,553,714,0,2
11120,370.667,542,car,0.7157,493,133,573,206,1,2
11120,370.667,571,person,0.6934,312,543,552,714,0,2
11120,370.667,572,traffic light,0.3251,1027,0,1183,75,0,2
11121,370.7,542,car,0.6936,493,133,573,206,1,2
11121,370.7,571,person,0.6853,310,542,552,714,0,2
11122,370.733,542,car,0.7107,493,133,573,205,1,2
11122,370.733,571,person,0.6909,307,541,550,714,0,2
11122,370.733,572,traffic light,0.3289,1032,0,1183,72,0,2
11123,370.767,542,car,0.7114,493,133,573,205,1,2
11123,370.767,571,person,0.7067,306,539,549,714,0,2
11123,370.767,572,traffic light,0.3456,1033,0,1183,71,0,2
11124,370.8,542,car,0.6752,493,133,571,205,1,2
11124,370.8,571,person,0.7418,307,541,547,714,0,2
11124,370.8,572,traffic light,0.3274,1027,0,1178,71,0,2
11125,370.833,542,car,0.705,493,133,571,205,1,2
11125,370.833,571,person,0.7299,307,541,546,714,0,2
11126,370.867,542,car,0.6865,493,133,571,205,1,2
11126,370.867,571,person,0.7312,307,542,545,714,0,2
11127,370.9,542,car,0.668,493,133,571,205,1,2
11127,370.9,571,person,0.7487,309,542,544,714,0,2
11128,370.933,542,car,0.6884,493,131,571,205,1,2
11128,370.933,571,person,0.7285,310,543,544,714,0,2
11128,370.933,572,traffic light,0.3915,1019,1,1177,73,0,2
11129,370.967,542,car,0.6247,493,131,571,205,1,2
11129,370.967,571,person,0.7005,310,543,544,714,0,2
11129,370.967,572,traffic light,0.3731,1018,1,1178,73,0,2
11130,371.0,542,car,0.6664,493,131,571,205,1,2
11130,371.0,571,person,0.6683,311,544,543,714,0,2
11131,371.033,542,car,0.6881,493,131,571,203,1,2
11131,371.033,571,person,0.6988,311,544,543,714,0,2
11131,371.033,572,traffic light,0.4021,1021,1,1181,72,0,2
11132,371.067,542,car,0.7101,493,131,571,203,1,2
11132,371.067,571,person,0.75,311,543,543,714,0,2
11133,371.1,542,car,0.6734,493,131,571,203,1,2
11133,371.1,571,person,0.7624,309,541,543,714,0,2
11134,371.133,542,car,0.6792,494,131,571,203,1,2
11134,371.133,571,person,0.7561,307,539,544,714,0,2
11135,371.167,542,car,0.7097,494,131,571,202,1,2
11135,371.167,571,person,0.7599,307,539,544,714,0,2
11135,371.167,572,traffic light,0.3121,1024,0,1183,70,0,2
11136,371.2,542,car,0.7184,494,131,571,202,1,2
11136,371.2,571,person,0.7757,307,538,544,714,0,2
11136,371.2,572,traffic light,0.3766,1023,0,1182,71,0,2
11137,371.233,542,car,0.6451,494,131,571,202,1,2
11137,371.233,571,person,0.7602,310,539,545,714,0,2
11137,371.233,578,traffic light,0.3841,1032,1,1259,71,0,2
11138,371.267,542,car,0.6299,494,131,571,202,1,2
11138,371.267,571,person,0.7353,311,539,545,714,0,2
11138,371.267,578,traffic light,0.351,1027,1,1265,72,0,2
11139,371.3,542,car,0.6541,494,131,571,202,1,2
11139,371.3,571,person,0.736,313,541,546,714,0,2
11139,371.3,572,traffic light,0.3423,1018,1,1178,72,0,2
11140,371.333,542,car,0.7351,494,131,571,203,1,2
11140,371.333,571,person,0.7328,315,541,547,714,0,2
11140,371.333,578,traffic light,0.3883,1022,1,1271,75,0,2
11141,371.367,542,car,0.7498,494,131,573,203,1,2
11141,371.367,571,person,0.7391,317,541,549,714,0,2
11141,371.367,578,traffic light,0.4246,1018,0,1274,78,0,2
11142,371.4,542,car,0.7522,495,131,573,203,1,2
11142,371.4,571,person,0.7348,319,541,550,714,0,2
11142,371.4,572,traffic light,0.4016,1011,1,1182,78,0,2
11143,371.433,542,car,0.7449,495,133,573,203,1,2
11143,371.433,571,person,0.7227,322,543,551,714,0,2
11143,371.433,572,traffic light,0.3082,1011,0,1189,81,0,2
11143,371.433,578,traffic light,0.5565,1009,1,1280,83,0,2
11144,371.467,542,car,0.7546,495,133,573,203,1,2
11144,371.467,571,person,0.7005,325,544,551,714,0,2
11144,371.467,578,traffic light,0.478,1007,1,1280,86,0,2
11145,371.5,542,car,0.7789,495,133,573,203,1,2
11145,371.5,571,person,0.7169,327,545,551,714,0,2
11145,371.5,578,traffic light,0.4358,1003,1,1280,89,0,2
11146,371.533,542,car,0.7841,496,131,573,203,1,2
11146,371.533,571,person,0.7012,327,544,552,714,0,2
11147,371.567,542,car,0.7318,496,131,574,202,1,2
11147,371.567,571,person,0.7231,327,543,553,714,0,2
11147,371.567,578,traffic light,0.4247,1009,1,1280,87,0,2
11148,371.6,542,car,0.7138,496,131,574,202,1,2
11148,371.6,571,person,0.7598,327,542,554,714,0,2
11148,371.6,572,traffic light,0.3486,1019,2,1191,80,0,2
11149,371.633,542,car,0.7405,497,131,574,202,1,2
11149,371.633,571,person,0.7624,327,541,555,714,0,2
11150,371.667,542,car,0.7575,497,130,575,202,1,2
11150,371.667,571,person,0.7604,328,542,554,714,0,2
11151,371.7,542,car,0.728,498,130,576,202,1,2
11151,371.7,571,person,0.7382,328,543,553,714,0,2
11152,371.733,542,car,0.7452,498,130,576,202,1,2
11152,371.733,571,person,0.7347,328,544,551,714,0,2
11153,371.767,542,car,0.7569,498,130,576,203,1,2
11153,371.767,571,person,0.7375,328,544,551,714,0,2
11154,371.8,542,car,0.7469,499,130,576,202,1,2
11154,371.8,571,person,0.7295,327,544,550,714,0,2
11154,371.8,578,traffic light,0.4229,1008,1,1280,87,0,2
11155,371.833,542,car,0.6856,501,130,576,202,1,2
11155,371.833,571,person,0.7382,328,546,549,714,0,2
11155,371.833,578,traffic light,0.4865,1009,1,1280,86,0,2
11156,371.867,542,car,0.7001,501,130,576,202,1,2
11156,371.867,571,person,0.7331,328,547,547,714,0,2
11156,371.867,578,traffic light,0.4774,1008,1,1280,88,0,2
11157,371.9,542,car,0.6438,501,130,577,202,1,2
11157,371.9,571,person,0.7667,328,549,546,714,0,2
11157,371.9,578,traffic light,0.5165,1008,1,1280,88,0,2
11158,371.933,542,car,0.6629,502,130,577,202,1,2
11158,371.933,571,person,0.7534,326,550,544,714,0,2
11158,371.933,578,traffic light,0.5028,1010,1,1280,88,0,2
11159,371.967,542,car,0.6448,502,130,577,201,1,2
11159,371.967,571,person,0.7556,323,550,543,714,0,2
11159,371.967,578,traffic light,0.5269,1011,1,1280,88,0,2
11160,372.0,542,car,0.648,502,130,577,201,1,2
11160,372.0,571,person,0.745,320,550,542,714,0,2
11160,372.0,578,traffic light,0.5052,1014,0,1279,86,0,2
11160,372.0,572,traffic light,0.6167,1011,1,1187,82,0,2
11161,372.033,542,car,0.6898,502,130,577,201,1,2
11161,372.033,571,person,0.7882,315,546,541,714,0,2
11161,372.033,578,traffic light,0.395,1026,1,1267,78,0,2
11161,372.033,572,traffic light,0.5808,1017,1,1183,77,0,2
11162,372.067,542,car,0.7286,503,130,577,200,1,2
11162,372.067,571,person,0.7539,312,545,539,714,0,2
11162,372.067,578,traffic light,0.3263,1031,2,1263,74,0,2
11162,372.067,572,traffic light,0.4418,1019,1,1182,74,0,2
11163,372.1,542,car,0.7023,503,130,577,200,1,2
11163,372.1,571,person,0.7561,310,545,537,714,0,2
11163,372.1,578,traffic light,0.3502,1030,1,1261,72,0,2
11163,372.1,572,traffic light,0.6195,1018,1,1178,72,0,2
11164,372.133,542,car,0.6662,504,130,577,199,1,2
11164,372.133,571,person,0.7661,309,546,535,714,0,2
11164,372.133,578,traffic light,0.362,1030,2,1258,71,0,2
11164,372.133,572,traffic light,0.3488,1019,1,1177,70,0,2
11165,372.167,542,car,0.6288,504,130,577,199,1,2
11165,372.167,571,person,0.7875,309,546,534,713,0,2
11165,372.167,578,traffic light,0.3355,1026,1,1258,70,0,2
11165,372.167,572,traffic light,0.4727,1018,1,1176,69,0,2
11166,372.2,542,car,0.6553,504,130,577,199,1,2
11166,372.2,571,person,0.7789,307,547,533,713,0,2
11166,372.2,572,traffic light,0.3391,1014,1,1178,71,0,2
11167,372.233,542,car,0.6559,504,130,577,198,1,2
11167,372.233,571,person,0.7552,305,546,531,714,0,2
11167,372.233,572,traffic light,0.4561,1009,1,1178,72,0,2
11168,372.267,542,car,0.6437,504,129,577,198,1,2
11168,372.267,571,person,0.7505,304,546,530,714,0,2
11168,372.267,572,traffic light,0.418,1007,0,1178,72,0,2
11169,372.3,571,person,0.7574,301,545,529,714,0,2
11169,372.3,572,traffic light,0.3281,1010,1,1174,67,0,2
11170,372.333,571,person,0.7814,296,542,527,714,0,2
11170,372.333,572,traffic light,0.3367,1013,0,1168,64,0,2
11170,372.333,542,car,0.6169,504,125,578,194,1,2
11171,372.367,571,person,0.8082,294,539,527,713,0,2
11171,372.367,572,traffic light,0.3535,1015,0,1165,61,0,2
11171,372.367,542,car,0.6372,503,122,578,192,1,2
11172,372.4,571,person,0.7984,290,537,526,714,0,2
11172,372.4,542,car,0.6642,503,121,578,191,1,2
11173,372.433,571,person,0.8013,287,536,523,714,0,2
11173,372.433,542,car,0.676,504,119,578,187,1,2
11174,372.467,571,person,0.7742,286,535,522,714,0,2
11174,372.467,542,car,0.6889,503,118,579,187,1,2
11175,372.5,571,person,0.774,283,533,522,713,0,2
11175,372.5,542,car,0.6494,504,115,578,184,1,2
11176,372.533,571,person,0.7442,283,531,522,713,0,2
11176,372.533,542,car,0.7256,503,112,579,182,1,2
11177,372.567,571,person,0.7706,283,529,523,713,0,2
11177,372.567,542,car,0.733,503,111,579,181,1,2
11178,372.6,571,person,0.7488,282,527,525,713,0,2
11178,372.6,542,car,0.7236,503,109,579,178,1,2
11179,372.633,571,person,0.7526,283,526,527,713,0,2
11179,372.633,542,car,0.6704,503,106,579,176,1,2
11180,372.667,571,person,0.7436,285,525,528,713,0,2
11180,372.667,542,car,0.7419,504,105,579,174,1,2
11181,372.7,571,person,0.7476,286,522,531,713,0,2
11181,372.7,542,car,0.6751,505,104,581,173,1,2
11182,372.733,571,person,0.7169,287,520,535,713,0,2
11182,372.733,542,car,0.6235,505,104,581,173,1,2
11183,372.767,571,person,0.7135,289,518,536,713,0,2
11183,372.767,585,car,0.7729,2,237,58,352,0,2
11184,372.8,571,person,0.7476,291,517,538,713,0,2
11184,372.8,585,car,0.7781,7,238,63,351,0,2
11184,372.8,542,car,0.6777,506,104,582,173,1,2
11185,372.833,571,person,0.6759,295,517,539,713,0,2
11185,372.833,542,car,0.7072,507,104,583,173,1,2
11186,372.867,571,person,0.7166,297,519,538,713,0,2
11186,372.867,542,car,0.6715,509,105,583,174,1,2
11187,372.9,571,person,0.6798,301,522,536,713,0,2
11187,372.9,542,car,0.6949,510,106,584,175,1,2
11188,372.933,571,person,0.7122,304,526,534,713,0,2
11188,372.933,542,car,0.6798,510,109,584,176,1,2
11189,372.967,571,person,0.7074,305,528,533,713,0,2
11189,372.967,542,car,0.738,511,110,585,177,1,2
11190,373.0,571,person,0.7315,307,529,533,713,0,2
11191,373.033,571,person,0.7399,310,529,534,713,0,2
11192,373.067,571,person,0.7602,311,529,536,713,0,2
11193,373.1,571,person,0.7233,312,529,537,713,0,2
11193,373.1,542,car,0.6024,513,112,586,179,1,2
11194,373.133,571,person,0.7825,313,529,539,713,0,2
11195,373.167,571,person,0.7985,314,529,542,714,0,2
11195,373.167,585,car,0.7695,14,246,79,374,0,2
11195,373.167,542,car,0.6109,514,114,586,181,1,2
11196,373.2,571,person,0.8304,315,529,544,714,0,2
11196,373.2,585,car,0.7825,14,245,81,369,0,2
11196,373.2,542,car,0.6357,514,115,586,181,1,2
11197,373.233,571,person,0.783,318,528,547,714,0,2
11197,373.233,585,car,0.7547,14,242,82,361,0,2
11197,373.233,542,car,0.6763,514,114,587,181,1,2
11198,373.267,571,person,0.7954,319,528,550,714,0,2
11198,373.267,585,car,0.7579,14,242,81,354,0,2
11198,373.267,542,car,0.606,514,114,587,181,1,2
11198,373.267,587,traffic light,0.3933,1162,0,1274,19,0,2
11199,373.3,571,person,0.7477,321,529,551,714,0,2
11199,373.3,585,car,0.7709,10,243,77,349,0,2
11199,373.3,542,car,0.6055,514,114,587,181,1,2
11200,373.333,571,person,0.6994,325,531,552,713,0,2
11200,373.333,585,car,0.6117,9,246,74,346,0,2
11200,373.333,542,car,0.7362,514,114,587,181,1,2
11201,373.367,571,person,0.6463,325,533,550,713,0,2
11201,373.367,542,car,0.7559,514,114,589,181,1,2
11202,373.4,571,person,0.7003,325,535,547,713,0,2
11202,373.4,542,car,0.7529,514,114,587,181,1,2
11203,373.433,571,person,0.7259,320,535,544,713,0,2
11203,373.433,542,car,0.745,514,114,587,181,1,2
11204,373.467,571,person,0.7498,317,536,541,713,0,2
11204,373.467,542,car,0.7551,514,114,587,181,1,2
11205,373.5,571,person,0.6097,313,536,539,713,0,2
11205,373.5,542,car,0.7586,514,114,586,181,1,2
11206,373.533,542,car,0.7129,514,115,586,181,1,2
11207,373.567,542,car,0.7062,514,115,586,179,1,2
11207,373.567,571,person,0.6927,309,534,536,713,0,2
11208,373.6,542,car,0.6486,514,114,586,179,1,2
11208,373.6,571,person,0.7236,305,533,534,713,0,2
11209,373.633,542,car,0.6778,513,114,585,179,1,2
11209,373.633,571,person,0.6956,304,534,531,713,0,2
11210,373.667,542,car,0.6691,513,114,585,179,1,2
11210,373.667,571,person,0.7124,303,534,531,713,0,2
11211,373.7,542,car,0.6508,513,114,585,179,1,2
11211,373.7,571,person,0.7547,304,533,533,713,0,2
11212,373.733,542,car,0.6335,513,114,585,179,1,2
11212,373.733,571,person,0.7581,304,533,534,713,0,2
11213,373.767,542,car,0.6491,513,114,585,179,1,2
11213,373.767,571,person,0.7717,305,531,536,713,0,2
11214,373.8,542,car,0.6483,513,114,584,179,1,2
11214,373.8,571,person,0.7299,306,531,538,713,0,2
11215,373.833,542,car,0.6641,513,114,584,179,1,2
11215,373.833,571,person,0.7365,309,533,541,713,0,2
11216,373.867,542,car,0.7111,513,115,584,179,1,2
11216,373.867,571,person,0.7883,311,534,541,713,0,2
11217,373.9,542,car,0.6687,513,115,584,179,1,2
11217,373.9,571,person,0.7402,314,536,541,713,0,2
11218,373.933,542,car,0.6728,513,115,584,179,1,2
11218,373.933,571,person,0.6842,317,538,541,713,0,2
11219,373.967,542,car,0.6876,513,115,584,179,1,2
11219,373.967,571,person,0.6995,318,541,542,714,0,2
11220,374.0,542,car,0.7034,512,115,583,179,1,2
11220,374.0,571,person,0.7018,318,541,542,714,0,2
11221,374.033,542,car,0.6964,512,115,583,179,1,2
11221,374.033,571,person,0.6832,317,539,543,713,0,2
11222,374.067,542,car,0.6492,512,117,582,179,1,2
11222,374.067,571,person,0.7124,317,538,543,713,0,2
11223,374.1,542,car,0.6365,512,115,582,178,1,2
11223,374.1,571,person,0.7151,315,538,543,713,0,2
11224,374.133,542,car,0.7201,512,117,582,179,1,2
11224,374.133,571,person,0.7612,314,538,543,713,0,2
11225,374.167,542,car,0.7306,512,117,581,179,1,2
11225,374.167,571,person,0.7774,313,537,543,713,0,2
11226,374.2,542,car,0.7319,511,117,581,179,1,2
11226,374.2,571,person,0.7521,311,536,543,713,0,2
11227,374.233,542,car,0.7524,511,117,581,181,1,2
11227,374.233,571,person,0.7105,311,536,542,713,0,2
11228,374.267,542,car,0.7224,511,118,581,181,1,2
11228,374.267,571,person,0.7253,310,536,542,713,0,2
11228,374.267,588,car,0.6258,137,157,262,248,0,2
11229,374.3,542,car,0.7332,510,118,581,182,1,2
11229,374.3,571,person,0.7276,310,537,541,713,0,2
11229,374.3,588,car,0.6414,135,158,263,251,0,2
11230,374.333,542,car,0.6832,510,118,581,182,1,2
11230,374.333,571,person,0.7659,310,538,539,713,0,2
11230,374.333,588,car,0.6187,137,158,263,250,0,2
11231,374.367,542,car,0.706,510,118,579,182,1,2
11231,374.367,571,person,0.7824,310,538,539,713,0,2
11231,374.367,588,car,0.6826,138,158,264,249,0,2
11232,374.4,542,car,0.6796,510,119,579,183,1,2
11232,374.4,571,person,0.7772,311,539,539,713,0,2
11233,374.433,542,car,0.681,510,120,579,183,1,2
11233,374.433,571,person,0.7833,312,541,541,713,0,2
11234,374.467,542,car,0.6519,510,120,578,183,1,2
11234,374.467,571,person,0.7806,312,541,541,713,0,2
11234,374.467,588,car,0.6342,150,157,261,237,0,2
11235,374.5,542,car,0.6855,511,121,578,183,1,2
11235,374.5,571,person,0.7691,314,543,539,713,0,2
11235,374.5,588,car,0.6775,153,155,264,234,0,2
11236,374.533,542,car,0.6967,511,121,578,183,1,2
11236,374.533,571,person,0.7849,314,544,539,713,0,2
11237,374.567,542,car,0.6921,511,121,578,183,1,2
11237,374.567,571,person,0.7817,314,545,539,714,0,2
11238,374.6,542,car,0.7499,511,121,578,183,1,2
11238,374.6,571,person,0.7778,313,544,539,713,0,2
11239,374.633,542,car,0.755,510,120,578,183,1,2
11239,374.633,571,person,0.7734,311,542,542,713,0,2
11240,374.667,542,car,0.7569,510,120,578,183,1,2
11240,374.667,571,person,0.7882,310,541,542,713,0,2
11241,374.7,542,car,0.7587,510,120,578,184,1,2
11241,374.7,571,person,0.777,309,541,542,713,0,2
11242,374.733,542,car,0.7462,511,121,578,184,1,2
11242,374.733,571,person,0.7829,310,542,541,714,0,2
11243,374.767,542,car,0.737,511,121,578,184,1,2
11243,374.767,571,person,0.7776,311,544,541,714,0,2
11244,374.8,542,car,0.7223,511,122,577,184,1,2
11244,374.8,571,person,0.7674,310,545,539,714,0,2
11245,374.833,542,car,0.6986,510,122,577,185,1,2
11245,374.833,571,person,0.7745,310,545,538,714,0,2
11246,374.867,542,car,0.7141,510,123,577,185,1,2
11246,374.867,571,person,0.7582,310,546,537,714,0,2
11247,374.9,542,car,0.7491,510,123,577,185,1,2
11247,374.9,571,person,0.76,310,546,537,714,0,2
11248,374.933,542,car,0.7566,509,123,576,185,1,2
11248,374.933,571,person,0.7605,310,547,537,714,0,2
11249,374.967,542,car,0.7454,507,123,576,186,1,2
11249,374.967,571,person,0.7682,310,547,537,714,0,2
11250,375.0,542,car,0.7103,506,123,575,186,1,2
11250,375.0,571,person,0.7655,310,549,536,714,0,2
11251,375.033,542,car,0.7008,505,123,575,187,1,2
11251,375.033,571,person,0.785,309,549,536,714,0,2
11252,375.067,542,car,0.6792,506,125,575,187,1,2
11252,375.067,571,person,0.7717,309,549,536,714,0,2
11253,375.1,542,car,0.6863,505,125,575,187,1,2
11253,375.1,571,person,0.7716,307,549,535,714,0,2
11254,375.133,542,car,0.6036,504,125,574,187,1,2
11254,375.133,571,person,0.7693,306,550,534,714,0,2
11255,375.167,542,car,0.6181,504,125,574,189,1,2
11255,375.167,571,person,0.7571,306,550,534,714,0,2
11256,375.2,542,car,0.6626,504,126,573,189,1,2
11256,375.2,571,person,0.7578,305,550,534,714,0,2
11257,375.233,542,car,0.731,503,126,571,190,1,2
11257,375.233,571,person,0.745,305,550,533,714,0,2
11258,375.267,542,car,0.709,503,127,571,190,1,2
11258,375.267,571,person,0.7346,305,552,531,714,0,2
11259,375.3,542,car,0.6121,503,128,570,191,1,2
11259,375.3,571,person,0.7314,306,554,530,714,0,2
11260,375.333,571,person,0.7091,310,557,530,714,0,2
11261,375.367,571,person,0.7371,311,558,530,714,0,2
11261,375.367,542,car,0.605,503,131,569,192,1,2
11262,375.4,571,person,0.7376,312,558,531,714,0,2
11262,375.4,542,car,0.6115,503,130,569,192,1,2
11263,375.433,571,person,0.7378,313,559,533,714,0,2
11263,375.433,542,car,0.6499,502,129,570,192,1,2
11264,375.467,571,person,0.7408,314,559,534,714,0,2
11264,375.467,542,car,0.7089,503,128,570,191,1,2
11265,375.5,571,person,0.7598,313,559,535,714,0,2
11265,375.5,542,car,0.7218,503,127,573,191,1,2
11266,375.533,571,person,0.797,312,558,537,714,0,2
11266,375.533,542,car,0.6663,504,125,574,190,1,2
11267,375.567,571,person,0.7827,311,555,539,714,0,2
11267,375.567,542,car,0.6639,505,125,575,189,1,2
11268,375.6,571,person,0.8038,309,551,543,714,0,2
11269,375.633,571,person,0.8041,309,549,547,714,0,2
11269,375.633,542,car,0.6289,506,122,576,187,1,2
11270,375.667,571,person,0.7749,309,547,550,714,0,2
11271,375.7,571,person,0.7562,311,547,551,714,0,2
11271,375.7,542,car,0.625,509,123,577,187,1,2
11272,375.733,571,person,0.7585,312,547,552,714,0,2
11272,375.733,542,car,0.6372,511,123,579,187,1,2
11273,375.767,571,person,0.7569,312,549,552,714,0,2
11273,375.767,542,car,0.6034,512,126,579,189,1,2
11274,375.8,571,person,0.7573,313,550,550,715,0,2
11274,375.8,542,car,0.6116,512,127,579,190,1,2
11275,375.833,571,person,0.7639,314,552,547,714,0,2
11276,375.867,571,person,0.7983,315,553,545,714,0,2
11277,375.9,571,person,0.8088,317,558,543,714,0,2
11277,375.9,542,car,0.6197,514,131,581,192,1,2
11278,375.933,571,person,0.7884,318,560,541,714,0,2
11278,375.933,542,car,0.6285,514,131,581,193,1,2
11279,375.967,571,person,0.7892,317,560,539,714,0,2
11279,375.967,542,car,0.612,518,139,577,194,1,2
11280,376.0,571,person,0.7753,313,558,539,714,0,2
11280,376.0,542,car,0.6008,514,134,581,194,1,2
11281,376.033,571,person,0.7403,310,554,539,714,0,2
11282,376.067,571,person,0.7625,306,552,541,714,0,2
11283,376.1,571,person,0.7555,305,551,539,714,0,2
11283,376.1,542,car,0.6993,512,133,581,195,1,2
11284,376.133,571,person,0.7614,305,552,538,714,0,2
11284,376.133,542,car,0.7441,512,134,581,195,1,2
11285,376.167,571,person,0.7603,305,553,537,714,0,2
11285,376.167,542,car,0.741,512,134,579,195,1,2
11286,376.2,571,person,0.7445,304,554,536,714,0,2
11286,376.2,542,car,0.7169,511,135,579,197,1,2
11287,376.233,571,person,0.762,303,554,534,714,0,2
11287,376.233,542,car,0.6754,511,136,578,198,1,2
11288,376.267,571,person,0.7764,302,555,531,714,0,2
11288,376.267,542,car,0.6011,510,136,578,198,1,2
11289,376.3,571,person,0.8042,299,557,528,714,0,2
11289,376.3,542,car,0.6067,510,136,577,198,1,2
11290,376.333,571,person,0.7851,299,559,525,714,0,2
11290,376.333,542,car,0.6236,510,137,576,198,1,2
11291,376.367,571,person,0.7724,299,561,522,715,0,2
11291,376.367,542,car,0.6091,510,138,576,199,1,2
11292,376.4,571,person,0.7683,299,562,520,715,0,2
11292,376.4,598,traffic light,0.3782,971,1,1239,64,0,2
11293,376.433,571,person,0.77,298,563,519,715,0,2
11294,376.467,571,person,0.7527,299,566,518,715,0,2
11295,376.5,571,person,0.8032,301,568,517,715,0,2
11296,376.533,571,person,0.7947,302,569,515,715,0,2
11297,376.567,571,person,0.7887,302,569,517,715,0,2
11297,376.567,542,car,0.6527,509,135,577,197,1,2
11298,376.6,571,person,0.7974,299,566,520,715,0,2
11298,376.6,542,car,0.6502,510,134,577,195,1,2
11299,376.633,571,person,0.802,297,562,525,715,0,2
11300,376.667,571,person,0.8257,297,559,527,714,0,2
11301,376.7,571,person,0.835,296,555,530,714,0,2
11302,376.733,571,person,0.814,295,553,534,714,0,2
11303,376.767,571,person,0.8073,295,551,535,714,0,2
11303,376.767,602,stop sign,0.4583,366,71,399,103,0,2
11304,376.8,571,person,0.8077,294,550,536,714,0,2
11304,376.8,602,stop sign,0.3904,362,67,398,103,0,2
11305,376.833,571,person,0.7999,294,550,536,714,0,2
11306,376.867,571,person,0.7915,294,550,535,714,0,2
11307,376.9,571,person,0.8142,295,552,533,714,0,2
11308,376.933,571,person,0.8036,296,554,530,714,0,2
11309,376.967,571,person,0.8072,297,555,528,714,0,2
11310,377.0,571,person,0.8083,296,555,527,714,0,2
11310,377.0,542,car,0.6183,515,122,581,181,1,2
11311,377.033,571,person,0.7624,293,553,527,714,0,2
11311,377.033,542,car,0.6755,515,120,581,179,1,2
11312,377.067,571,person,0.7963,290,551,526,714,0,2
11312,377.067,542,car,0.6559,514,119,581,178,1,2
11313,377.1,571,person,0.7896,287,550,525,714,0,2
11313,377.1,542,car,0.7301,514,117,581,177,1,2
11314,377.133,571,person,0.7911,283,547,526,714,0,2
11314,377.133,542,car,0.6632,514,115,581,176,1,2
11315,377.167,571,person,0.8027,282,545,526,713,0,2
11315,377.167,542,car,0.6915,514,115,581,175,1,2
11316,377.2,571,person,0.7564,282,543,527,713,0,2
11316,377.2,542,car,0.636,514,114,581,175,1,2
11317,377.233,571,person,0.749,281,542,529,714,0,2
11317,377.233,542,car,0.623,513,113,581,174,1,2
11318,377.267,571,person,0.7304,280,539,530,714,0,2
11318,377.267,542,car,0.6011,513,112,581,174,1,2
11319,377.3,571,person,0.738,280,537,531,714,0,2
11319,377.3,542,car,0.6546,512,111,581,174,1,2
11320,377.333,571,person,0.753,282,536,534,714,0,2
11320,377.333,542,car,0.6689,512,111,579,173,1,2
11321,377.367,571,person,0.7475,285,536,535,714,0,2
11321,377.367,542,car,0.6753,512,111,579,173,1,2
11322,377.4,571,person,0.7431,288,537,535,714,0,2
11322,377.4,542,car,0.6755,511,111,578,171,1,2
11323,377.433,571,person,0.6898,291,538,536,714,0,2
11323,377.433,542,car,0.6087,511,111,577,171,1,2
11324,377.467,571,person,0.695,294,539,536,714,0,2
11325,377.5,571,person,0.7467,294,538,536,714,0,2
11325,377.5,542,car,0.6493,510,111,576,171,1,2
11326,377.533,571,person,0.7654,294,536,537,714,0,2
11326,377.533,542,car,0.6538,509,112,575,171,1,2
11327,377.567,571,person,0.7582,294,535,537,713,0,2
11327,377.567,542,car,0.6511,509,112,574,171,1,2
11328,377.6,571,person,0.7922,293,534,536,713,0,2
11328,377.6,542,car,0.6302,509,112,574,171,1,2
11329,377.633,571,person,0.7758,290,533,534,713,0,2
11330,377.667,571,person,0.7773,289,531,533,714,0,2
11331,377.7,571,person,0.7569,288,530,531,713,0,2
11332,377.733,571,person,0.7461,286,530,529,714,0,2
11333,377.767,571,person,0.7573,283,528,527,713,0,2
11334,377.8,571,person,0.7484,281,527,525,713,0,2
11335,377.833,571,person,0.7825,279,526,522,713,0,2
11336,377.867,571,person,0.7857,279,527,520,713,0,2
11337,377.9,571,person,0.7903,278,527,519,713,0,2
11338,377.933,571,person,0.7901,278,528,517,713,0,2
11339,377.967,571,person,0.7949,279,528,517,713,0,2
11340,378.0,571,person,0.8076,280,529,517,714,0,2
11341,378.033,571,person,0.7866,281,530,517,714,0,2
11342,378.067,571,person,0.7826,282,530,517,714,0,2
11343,378.1,571,person,0.7966,285,531,517,713,0,2
11344,378.133,571,person,0.7762,287,534,518,713,0,2
11344,378.133,542,car,0.606,501,111,563,168,1,2
11345,378.167,571,person,0.7827,288,535,519,713,0,2
11346,378.2,571,person,0.7658,288,535,519,713,0,2
11347,378.233,571,person,0.7732,289,535,519,713,0,2
11348,378.267,571,person,0.8022,290,536,520,713,0,2
11349,378.3,571,person,0.7928,293,538,520,713,0,2
11350,378.333,571,person,0.7723,294,539,520,713,0,2
11351,378.367,571,person,0.7917,293,539,519,713,0,2
11352,378.4,571,person,0.8058,290,539,518,713,0,2
11353,378.433,571,person,0.7903,286,537,517,713,0,2
11354,378.467,571,person,0.7959,283,536,517,713,0,2
11355,378.5,571,person,0.8082,281,534,515,713,0,2
11356,378.533,571,person,0.8202,280,535,514,713,0,2
11357,378.567,571,person,0.8218,280,536,513,713,0,2
11357,378.567,542,car,0.6134,495,113,559,170,1,2
11358,378.6,571,person,0.8169,282,537,512,713,0,2
11359,378.633,571,person,0.8044,283,538,512,713,0,2
11360,378.667,571,person,0.7818,286,541,512,713,0,2
11361,378.7,571,person,0.7233,289,544,512,713,0,2
11362,378.733,571,person,0.7149,293,547,512,714,0,2
11363,378.767,571,person,0.7332,296,549,513,714,0,2
11364,378.8,571,person,0.7496,298,551,513,714,0,2
11365,378.833,571,person,0.7281,299,552,514,713,0,2
11366,378.867,571,person,0.7182,299,552,514,713,0,2
11367,378.9,571,person,0.7137,299,552,515,713,0,2
11368,378.933,571,person,0.7131,299,552,517,713,0,2
11369,378.967,571,person,0.7224,299,552,518,713,0,2
11370,379.0,571,person,0.778,301,552,519,713,0,2
11371,379.033,571,person,0.7814,303,553,522,713,0,2
11372,379.067,571,person,0.7609,305,553,525,713,0,2
11373,379.1,571,person,0.728,311,555,529,714,0,2
11374,379.133,571,person,0.7523,318,560,531,714,0,2
11375,379.167,571,person,0.7978,321,560,536,714,0,2
11376,379.2,571,person,0.798,323,560,539,714,0,2
11377,379.233,571,person,0.7821,326,560,543,714,0,2
11377,379.233,611,car,0.6147,512,142,574,198,1,2
11378,379.267,571,person,0.7798,327,560,544,715,0,2
11378,379.267,611,car,0.63,513,144,573,198,1,2
11379,379.3,571,person,0.7696,327,560,545,715,0,2
11379,379.3,611,car,0.6401,514,145,574,199,1,2
11380,379.333,571,person,0.7699,328,561,546,714,0,2
11380,379.333,611,car,0.6868,513,144,575,199,1,2
11381,379.367,571,person,0.7824,327,561,546,714,0,2
11381,379.367,611,car,0.7026,513,143,577,200,1,2
11382,379.4,571,person,0.7965,326,561,545,714,0,2
11382,379.4,611,car,0.6863,512,142,577,200,1,2
11383,379.433,571,person,0.78,323,560,545,714,0,2
11383,379.433,611,car,0.68,512,142,578,201,1,2
11384,379.467,571,person,0.7685,322,560,543,714,0,2
11384,379.467,611,car,0.658,512,143,578,201,1,2
11385,379.5,571,person,0.6792,321,561,542,714,0,2
11385,379.5,611,car,0.706,512,143,578,202,1,2
11386,379.533,571,person,0.6584,322,565,542,715,0,2
11386,379.533,611,car,0.775,512,143,579,203,1,2
11387,379.567,571,person,0.6622,323,566,542,717,0,2
11387,379.567,611,car,0.7951,512,144,579,205,1,2
11388,379.6,571,person,0.6599,325,566,544,717,0,2
11388,379.6,611,car,0.7001,512,144,581,206,1,2
11389,379.633,571,person,0.647,328,568,546,717,0,2
11389,379.633,611,car,0.6411,512,145,581,207,1,2
11389,379.633,613,traffic light,0.4316,994,1,1152,58,0,2
11390,379.667,571,person,0.6551,330,569,546,717,0,2
11390,379.667,611,car,0.6477,513,146,581,207,1,2
11390,379.667,613,traffic light,0.4264,990,0,1158,61,0,2
11391,379.7,571,person,0.6356,331,569,547,717,0,2
11391,379.7,611,car,0.7038,513,146,582,208,1,2
11391,379.7,613,traffic light,0.3952,989,0,1162,63,0,2
11392,379.733,571,person,0.6043,331,570,549,717,0,2
11392,379.733,611,car,0.7337,514,146,582,208,1,2
11392,379.733,613,traffic light,0.5071,989,0,1168,65,0,2
11393,379.767,571,person,0.6168,331,570,549,717,0,2
11393,379.767,611,car,0.7004,514,147,582,208,1,2
11393,379.767,613,traffic light,0.5009,992,0,1167,63,0,2
11394,379.8,571,person,0.6175,331,570,550,717,0,2
11395,379.833,571,person,0.6566,331,569,551,717,0,2
11395,379.833,611,car,0.6998,517,147,585,209,1,2
11396,379.867,571,person,0.7536,331,568,553,717,0,2
11396,379.867,611,car,0.723,518,147,585,209,1,2
11396,379.867,613,traffic light,0.3516,1003,0,1173,62,0,2
11397,379.9,571,person,0.7577,335,567,558,717,0,2
11397,379.9,611,car,0.787,520,147,587,208,1,2
11397,379.9,613,traffic light,0.3425,1010,0,1173,59,0,2
11398,379.933,571,person,0.7493,341,565,567,717,0,2
11398,379.933,611,car,0.7537,523,147,591,208,1,2
11398,379.933,613,traffic light,0.5172,1009,0,1181,63,0,2
11399,379.967,571,person,0.7395,344,563,573,717,0,2
11399,379.967,611,car,0.7111,527,147,593,207,1,2
11399,379.967,613,traffic light,0.5204,1009,0,1184,65,0,2
11400,380.0,571,person,0.6514,350,562,578,715,0,2
11400,380.0,611,car,0.7802,529,147,597,207,1,2
11400,380.0,613,traffic light,0.6344,1014,0,1190,66,0,2
11401,380.033,571,person,0.7505,355,562,584,715,0,2
11401,380.033,611,car,0.7255,533,147,600,207,1,2
11401,380.033,613,traffic light,0.6889,1017,1,1198,69,0,2
11402,380.067,571,person,0.6694,359,561,587,715,0,2
11402,380.067,611,car,0.7368,535,147,602,208,1,2
11402,380.067,613,traffic light,0.6478,1021,1,1203,71,0,2
11403,380.1,571,person,0.72,363,562,591,715,0,2
11403,380.1,611,car,0.7366,537,147,606,208,1,2
11403,380.1,613,traffic light,0.6695,1023,1,1209,73,0,2
11404,380.133,571,person,0.7152,367,562,594,715,0,2
11404,380.133,611,car,0.7148,541,149,608,208,1,2
11404,380.133,613,traffic light,0.7226,1025,1,1217,77,0,2
11405,380.167,571,person,0.7126,369,562,597,715,0,2
11405,380.167,611,car,0.7167,543,147,611,208,1,2
11405,380.167,613,traffic light,0.6592,1030,1,1219,77,0,2
11406,380.2,571,person,0.683,371,562,599,715,0,2
11406,380.2,611,car,0.7495,545,146,614,208,1,2
11406,380.2,613,traffic light,0.6336,1035,0,1223,77,0,2
11407,380.233,571,person,0.707,373,562,600,715,0,2
11407,380.233,611,car,0.6512,546,146,616,208,1,2
11407,380.233,613,traffic light,0.6854,1041,1,1223,77,0,2
11408,380.267,571,person,0.6835,373,562,600,715,0,2
11408,380.267,611,car,0.6711,549,145,618,207,1,2
11408,380.267,613,traffic light,0.7043,1046,1,1223,75,0,2
11409,380.3,571,person,0.7108,371,561,600,715,0,2
11409,380.3,611,car,0.6802,549,145,619,207,1,2
11409,380.3,613,traffic light,0.4767,1050,1,1222,73,0,2
11410,380.333,571,person,0.7118,370,561,600,715,0,2
11410,380.333,611,car,0.6579,550,145,621,207,1,2
11410,380.333,613,traffic light,0.7067,1051,0,1223,73,0,2
11411,380.367,571,person,0.7006,369,561,598,715,0,2
11411,380.367,611,car,0.6418,551,145,621,207,1,2
11411,380.367,613,traffic light,0.4563,1053,0,1223,73,0,2
11412,380.4,571,person,0.6387,368,561,595,715,0,2
11412,380.4,611,car,0.6766,551,146,621,208,1,2
11412,380.4,613,traffic light,0.5591,1053,1,1221,73,0,2
11413,380.433,571,person,0.7266,366,562,592,715,0,2
11413,380.433,611,car,0.6493,552,147,621,209,1,2
11413,380.433,613,traffic light,0.4566,1050,1,1219,73,0,2
11414,380.467,571,person,0.7063,365,562,591,715,0,2
11414,380.467,611,car,0.6523,552,147,622,209,1,2
11414,380.467,613,traffic light,0.5233,1049,0,1219,73,0,2
11415,380.5,571,person,0.6414,365,563,590,715,0,2
11415,380.5,611,car,0.6566,552,149,622,209,1,2
11415,380.5,613,traffic light,0.4106,1048,1,1221,75,0,2
11416,380.533,571,person,0.6647,365,565,587,715,0,2
11416,380.533,611,car,0.611,551,149,622,210,1,2
11416,380.533,613,traffic light,0.3997,1046,1,1222,78,0,2
11417,380.567,571,person,0.6246,366,567,586,717,0,2
11417,380.567,611,car,0.6009,551,147,622,210,1,2
11417,380.567,613,traffic light,0.3647,1046,1,1221,78,0,2
11418,380.6,571,person,0.6257,366,569,584,717,0,2
11418,380.6,613,traffic light,0.6431,1043,1,1223,81,0,2
11419,380.633,571,person,0.613,365,568,585,717,0,2
11419,380.633,613,traffic light,0.6975,1043,1,1223,82,0,2
11420,380.667,571,person,0.6254,362,567,585,717,0,2
11420,380.667,613,traffic light,0.4047,1045,1,1222,81,0,2
11421,380.7,571,person,0.6265,360,565,585,717,0,2
11421,380.7,613,traffic light,0.5145,1047,1,1219,80,0,2
11422,380.733,571,person,0.6711,360,562,586,715,0,2
11422,380.733,613,traffic light,0.5415,1050,1,1218,78,0,2
11423,380.767,571,person,0.6503,360,562,587,715,0,2
11423,380.767,613,traffic light,0.5592,1053,1,1217,77,0,2
11423,380.767,614,cell phone,0.5676,841,410,1159,712,0,2
11423,380.767,611,car,0.605,551,147,623,211,1,2
11424,380.8,571,person,0.6581,360,561,587,715,0,2
11424,380.8,613,traffic light,0.7014,1055,1,1217,75,0,2
11424,380.8,614,cell phone,0.6032,842,410,1161,712,0,2
11425,380.833,571,person,0.6865,361,561,589,715,0,2
11425,380.833,613,traffic light,0.5905,1051,1,1218,78,0,2
11425,380.833,614,cell phone,0.4917,843,410,1161,712,0,2
11426,380.867,571,person,0.6937,361,560,589,715,0,2
11426,380.867,613,traffic light,0.5493,1049,1,1218,78,0,2
11426,380.867,614,cell phone,0.4289,842,411,1160,712,0,2
11427,380.9,571,person,0.7056,359,560,587,715,0,2
11427,380.9,613,traffic light,0.5791,1050,1,1218,78,0,2
11427,380.9,614,cell phone,0.3956,841,409,1160,712,0,2
11428,380.933,571,person,0.7369,354,559,584,715,0,2
11428,380.933,613,traffic light,0.4921,1054,1,1214,73,0,2
11428,380.933,614,cell phone,0.5558,834,408,1157,712,0,2
11429,380.967,571,person,0.7313,351,558,582,715,0,2
11429,380.967,613,traffic light,0.3742,1057,1,1211,71,0,2
11429,380.967,614,cell phone,0.6211,832,408,1153,712,0,2
11430,381.0,571,person,0.7216,350,558,581,715,0,2
11430,381.0,613,traffic light,0.6021,1053,0,1213,73,0,2
11430,381.0,614,cell phone,0.7088,833,408,1153,711,0,2
11430,381.0,611,car,0.6519,549,147,622,211,1,2
11431,381.033,571,person,0.728,349,558,579,715,0,2
11431,381.033,613,traffic light,0.343,1048,1,1214,77,0,2
11431,381.033,614,cell phone,0.696,834,409,1153,710,0,2
11431,381.033,611,car,0.7244,547,146,621,213,1,2
11432,381.067,571,person,0.7388,347,558,578,715,0,2
11432,381.067,613,traffic light,0.479,1045,1,1211,78,0,2
11432,381.067,614,cell phone,0.6926,833,409,1152,710,0,2
11432,381.067,611,car,0.732,547,146,621,213,1,2
11433,381.1,571,person,0.7193,347,558,577,717,0,2
11433,381.1,613,traffic light,0.5845,1041,1,1209,78,0,2
11433,381.1,614,cell phone,0.5676,833,410,1153,710,0,2
11433,381.1,611,car,0.7441,546,146,619,213,1,2
11434,381.133,571,person,0.7153,346,558,576,715,0,2
11434,381.133,614,cell phone,0.7233,832,409,1155,712,0,2
11434,381.133,611,car,0.7447,545,146,619,213,1,2
11435,381.167,571,person,0.7109,346,558,575,715,0,2
11435,381.167,614,cell phone,0.6701,831,408,1155,712,0,2
11435,381.167,611,car,0.7447,545,145,618,213,1,2
11435,381.167,613,traffic light,0.3978,1042,1,1208,77,0,2
11436,381.2,571,person,0.7014,345,558,574,715,0,2
11436,381.2,614,cell phone,0.701,830,409,1154,712,0,2
11436,381.2,611,car,0.7013,544,145,618,211,1,2
11436,381.2,613,traffic light,0.5407,1043,1,1208,77,0,2
11437,381.233,571,person,0.6911,345,558,573,715,0,2
11437,381.233,614,cell phone,0.7246,829,407,1155,712,0,2
11437,381.233,611,car,0.7312,544,144,617,210,1,2
11437,381.233,613,traffic light,0.4906,1045,1,1209,77,0,2
11438,381.267,571,person,0.7378,345,558,571,714,0,2
11438,381.267,614,cell phone,0.7436,829,406,1157,712,0,2
11438,381.267,611,car,0.7651,543,143,617,210,1,2
11438,381.267,613,traffic light,0.3795,1045,1,1210,77,0,2
11439,381.3,571,person,0.7301,345,557,573,714,0,2
11439,381.3,614,cell phone,0.6575,830,405,1160,712,0,2
11439,381.3,611,car,0.771,543,142,617,209,1,2
11440,381.333,571,person,0.7409,345,555,574,714,0,2
11440,381.333,614,cell phone,0.591,830,405,1161,713,0,2
11440,381.333,611,car,0.7568,543,141,617,209,1,2
11441,381.367,571,person,0.7553,346,555,575,714,0,2
11441,381.367,614,cell phone,0.4557,831,405,1163,713,0,2
11441,381.367,611,car,0.7559,542,141,617,209,1,2
11442,381.4,571,person,0.7515,345,554,575,714,0,2
11442,381.4,614,cell phone,0.3636,833,405,1165,713,0,2
11442,381.4,611,car,0.7499,542,139,617,208,1,2
11442,381.4,613,traffic light,0.3444,1051,0,1207,71,0,2
11443,381.433,571,person,0.7342,345,553,576,713,0,2
11443,381.433,611,car,0.7527,541,139,617,208,1,2
11443,381.433,613,traffic light,0.4199,1053,0,1206,70,0,2
11444,381.467,571,person,0.7378,344,552,575,713,0,2
11444,381.467,611,car,0.7598,541,138,616,208,1,2
11444,381.467,613,traffic light,0.4881,1051,0,1205,69,0,2
11445,381.5,571,person,0.7424,344,552,575,713,0,2
11445,381.5,611,car,0.7325,541,138,616,208,1,2
11445,381.5,613,traffic light,0.4659,1050,0,1206,70,0,2
11445,381.5,614,cell phone,0.3238,827,403,1160,712,0,2
11446,381.533,571,person,0.7264,343,552,575,713,0,2
11446,381.533,611,car,0.7191,539,138,615,208,1,2
11446,381.533,613,traffic light,0.6581,1047,1,1205,71,0,2
11446,381.533,614,cell phone,0.5019,826,403,1158,711,0,2
11447,381.567,571,person,0.705,343,552,574,713,0,2
11447,381.567,611,car,0.7305,538,138,614,208,1,2
11447,381.567,613,traffic light,0.4848,1048,0,1208,71,0,2
11447,381.567,614,cell phone,0.5894,827,403,1158,711,0,2
11448,381.6,571,person,0.6772,343,552,573,713,0,2
11448,381.6,611,car,0.7391,537,138,614,208,1,2
11448,381.6,613,traffic light,0.6218,1046,1,1205,71,0,2
11448,381.6,614,cell phone,0.6471,830,402,1160,710,0,2
11449,381.633,571,person,0.6548,341,552,570,713,0,2
11449,381.633,611,car,0.7489,536,138,613,208,1,2
11449,381.633,613,traffic light,0.5635,1045,1,1200,70,0,2
11449,381.633,614,cell phone,0.7521,827,402,1158,710,0,2
11450,381.667,571,person,0.6661,339,552,569,714,0,2
11450,381.667,611,car,0.7671,536,137,613,208,1,2
11450,381.667,613,traffic light,0.665,1043,2,1200,71,0,2
11450,381.667,614,cell phone,0.7404,824,402,1152,710,0,2
11451,381.7,571,person,0.6303,337,552,567,714,0,2
11451,381.7,611,car,0.7451,534,136,613,208,1,2
11451,381.7,613,traffic light,0.6227,1040,2,1200,72,0,2
11451,381.7,614,cell phone,0.7533,824,402,1151,707,0,2
11452,381.733,571,person,0.6375,335,551,565,714,0,2
11452,381.733,611,car,0.7605,534,136,613,208,1,2
11452,381.733,613,traffic light,0.3501,1040,1,1201,72,0,2
11452,381.733,614,cell phone,0.6888,819,401,1147,709,0,2
11453,381.767,571,person,0.6387,335,552,563,714,0,2
11453,381.767,611,car,0.7717,533,135,613,209,1,2
11453,381.767,614,cell phone,0.6809,818,401,1146,709,0,2
11454,381.8,571,person,0.653,335,552,562,714,0,2
11454,381.8,611,car,0.7515,533,135,611,209,1,2
11454,381.8,614,cell phone,0.6967,814,402,1141,710,0,2
11454,381.8,613,traffic light,0.4064,1035,1,1192,69,0,2
11455,381.833,571,person,0.6596,335,553,561,715,0,2
11455,381.833,611,car,0.7384,533,136,611,209,1,2
11455,381.833,614,cell phone,0.7481,813,403,1137,710,0,2
11455,381.833,613,traffic light,0.4661,1031,1,1191,69,0,2
11456,381.867,571,person,0.68,334,553,560,715,0,2
11456,381.867,611,car,0.7291,531,136,610,209,1,2
11456,381.867,614,cell phone,0.762,814,405,1136,710,0,2
11456,381.867,613,traffic light,0.4742,1027,0,1191,69,0,2
11457,381.9,571,person,0.6666,333,553,558,715,0,2
11457,381.9,611,car,0.7027,531,137,609,210,1,2
11457,381.9,614,cell phone,0.718,814,403,1135,710,0,2
11457,381.9,613,traffic light,0.3414,1025,0,1193,70,0,2
11458,381.933,571,person,0.6385,328,553,552,714,0,2
11458,381.933,611,car,0.7213,530,137,608,210,1,2
11458,381.933,614,cell phone,0.7172,810,402,1131,707,0,2
11458,381.933,613,traffic light,0.382,1019,0,1191,71,0,2
11459,381.967,571,person,0.6238,326,553,551,714,0,2
11459,381.967,611,car,0.7327,530,138,608,210,1,2
11459,381.967,614,cell phone,0.7001,808,401,1129,706,0,2
11460,382.0,611,car,0.7527,530,139,607,211,1,2
11460,382.0,614,cell phone,0.7448,807,401,1127,705,0,2
11461,382.033,611,car,0.7298,529,139,606,211,1,2
11461,382.033,614,cell phone,0.7087,806,402,1125,706,0,2
11461,382.033,613,traffic light,0.3432,1023,0,1192,70,0,2
11462,382.067,611,car,0.749,529,141,605,211,1,2
11462,382.067,614,cell phone,0.7105,805,403,1125,706,0,2
11462,382.067,571,person,0.6088,328,558,549,715,0,2
11463,382.1,611,car,0.7862,528,142,605,211,1,2
11463,382.1,614,cell phone,0.7264,805,405,1125,707,0,2
11463,382.1,571,person,0.6091,328,559,549,715,0,2
11463,382.1,613,traffic light,0.548,1022,0,1198,73,0,2
11464,382.133,611,car,0.7601,527,142,603,213,1,2
11464,382.133,614,cell phone,0.7059,806,405,1126,707,0,2
11464,382.133,571,person,0.6236,328,558,549,714,0,2
11464,382.133,613,traffic light,0.5325,1021,1,1193,72,0,2
11465,382.167,611,car,0.733,527,143,602,213,1,2
11465,382.167,614,cell phone,0.5211,808,405,1128,707,0,2
11465,382.167,571,person,0.659,328,558,549,714,0,2
11465,382.167,613,traffic light,0.3526,1023,1,1191,70,0,2
11466,382.2,611,car,0.7204,526,143,602,213,1,2
11466,382.2,614,cell phone,0.663,809,403,1130,707,0,2
11466,382.2,571,person,0.6592,328,558,551,714,0,2
11466,382.2,613,traffic light,0.5667,1019,1,1192,72,0,2
11467,382.233,611,car,0.7233,525,142,601,213,1,2
11467,382.233,614,cell phone,0.7011,810,403,1130,707,0,2
11467,382.233,571,person,0.641,328,558,551,714,0,2
11467,382.233,613,traffic light,0.5249,1018,1,1192,72,0,2
11468,382.267,611,car,0.7283,523,142,601,214,1,2
11468,382.267,614,cell phone,0.6885,809,403,1130,707,0,2
11468,382.267,571,person,0.6642,328,558,551,714,0,2
11468,382.267,613,traffic light,0.6085,1018,1,1192,72,0,2
11469,382.3,611,car,0.7447,522,141,601,214,1,2
11469,382.3,614,cell phone,0.6416,808,403,1128,709,0,2
11469,382.3,571,person,0.6312,328,559,551,714,0,2
11469,382.3,613,traffic light,0.715,1018,1,1192,73,0,2
11470,382.333,611,car,0.7636,521,141,600,214,1,2
11470,382.333,614,cell phone,0.5333,805,401,1127,707,0,2
11470,382.333,571,person,0.6363,325,559,547,715,0,2
11470,382.333,613,traffic light,0.7205,1017,1,1192,73,0,2
11471,382.367,611,car,0.7587,520,141,600,214,1,2
11471,382.367,614,cell phone,0.5402,805,401,1127,709,0,2
11471,382.367,571,person,0.6838,322,559,546,714,0,2
11471,382.367,613,traffic light,0.701,1018,1,1190,72,0,2
11472,382.4,611,car,0.7364,520,141,599,214,1,2
11472,382.4,614,cell phone,0.603,803,400,1127,707,0,2
11472,382.4,571,person,0.6895,319,558,544,714,0,2
11472,382.4,613,traffic light,0.6602,1021,1,1187,70,0,2
11473,382.433,611,car,0.7562,518,141,598,214,1,2
11473,382.433,614,cell phone,0.7151,801,398,1127,706,0,2
11473,382.433,571,person,0.6834,315,558,542,714,0,2
11473,382.433,613,traffic light,0.5967,1027,0,1185,64,0,2
11474,382.467,611,car,0.7626,518,139,598,214,1,2
11474,382.467,614,cell phone,0.5691,800,397,1127,706,0,2
11474,382.467,571,person,0.6838,313,558,539,714,0,2
11474,382.467,613,traffic light,0.5631,1027,0,1177,61,0,2
11475,382.5,611,car,0.7623,517,139,598,214,1,2
11475,382.5,614,cell phone,0.5343,798,394,1127,705,0,2
11475,382.5,571,person,0.7244,311,558,538,714,0,2
11475,382.5,613,traffic light,0.594,1026,1,1175,59,0,2
11476,382.533,611,car,0.7627,515,138,597,214,1,2
11476,382.533,614,cell phone,0.713,795,391,1129,706,0,2
11476,382.533,571,person,0.7266,310,557,538,714,0,2
11476,382.533,613,traffic light,0.6495,1022,1,1174,59,0,2
11477,382.567,611,car,0.7792,515,138,597,214,1,2
11477,382.567,614,cell phone,0.6681,794,389,1130,707,0,2
11477,382.567,571,person,0.7437,309,557,537,714,0,2
11477,382.567,613,traffic light,0.5662,1019,1,1174,59,0,2
11478,382.6,611,car,0.7883,515,139,595,214,1,2
11478,382.6,614,cell phone,0.7135,798,390,1134,707,0,2
11478,382.6,571,person,0.7292,307,557,538,714,0,2
11478,382.6,613,traffic light,0.6041,1015,1,1176,62,0,2
11479,382.633,611,car,0.7648,514,141,594,214,1,2
11479,382.633,614,cell phone,0.4637,800,391,1137,707,0,2
11479,382.633,571,person,0.7347,309,555,539,714,0,2
11479,382.633,613,traffic light,0.7578,1006,1,1179,66,0,2
11480,382.667,611,car,0.7849,514,141,593,214,1,2
11480,382.667,614,cell phone,0.4335,800,389,1141,709,0,2
11480,382.667,571,person,0.7298,309,555,541,714,0,2
11480,382.667,613,traffic light,0.5885,1001,0,1181,69,0,2
11481,382.7,611,car,0.809,514,141,593,214,1,2
11481,382.7,614,cell phone,0.4565,798,386,1142,707,0,2
11481,382.7,571,person,0.7331,311,555,542,714,0,2
11481,382.7,613,traffic light,0.4266,997,0,1183,71,0,2
11482,382.733,611,car,0.7941,513,141,593,214,1,2
11482,382.733,614,cell phone,0.5332,798,392,1136,707,0,2
11482,382.733,571,person,0.7184,312,557,542,714,0,2
11482,382.733,613,traffic light,0.6153,994,0,1181,71,0,2
11483,382.767,611,car,0.802,512,141,592,215,1,2
11483,382.767,614,cell phone,0.6667,799,397,1134,706,0,2
11483,382.767,571,person,0.7102,313,557,542,714,0,2
11483,382.767,613,traffic light,0.6158,992,0,1178,71,0,2
11484,382.8,611,car,0.7962,512,139,591,214,1,2
11484,382.8,614,cell phone,0.7013,799,399,1133,705,0,2
11484,382.8,571,person,0.7085,313,557,542,714,0,2
11484,382.8,613,traffic light,0.7514,991,0,1177,71,0,2
11485,382.833,611,car,0.8247,512,141,590,213,1,2
11485,382.833,614,cell phone,0.6414,797,395,1135,706,0,2
11485,382.833,571,person,0.7265,312,555,542,714,0,2
11485,382.833,613,traffic light,0.6176,992,0,1177,71,0,2
11486,382.867,611,car,0.8281,512,139,590,211,1,2
11486,382.867,614,cell phone,0.423,795,395,1135,706,0,2
11486,382.867,571,person,0.7412,311,555,542,714,0,2
11486,382.867,613,traffic light,0.5352,992,0,1178,71,0,2
11487,382.9,611,car,0.8289,512,139,589,210,1,2
11487,382.9,614,cell phone,0.4282,797,397,1137,706,0,2
11487,382.9,571,person,0.7604,311,554,542,714,0,2
11487,382.9,613,traffic light,0.5785,994,1,1179,71,0,2
11488,382.933,611,car,0.8181,512,139,589,209,1,2
11488,382.933,614,cell phone,0.479,797,397,1137,707,0,2
11488,382.933,571,person,0.7559,312,553,544,714,0,2
11488,382.933,613,traffic light,0.4745,999,1,1181,70,0,2
11489,382.967,611,car,0.8152,511,138,589,209,1,2
11489,382.967,614,cell phone,0.5132,795,397,1136,707,0,2
11489,382.967,571,person,0.7651,312,553,544,714,0,2
11489,382.967,613,traffic light,0.3298,1000,1,1181,70,0,2
11490,383.0,611,car,0.815,511,138,587,209,1,2
11490,383.0,614,cell phone,0.6276,795,397,1135,706,0,2
11490,383.0,571,person,0.7237,312,552,545,714,0,2
11490,383.0,613,traffic light,0.663,999,1,1181,71,0,2
11491,383.033,611,car,0.8133,510,137,587,209,1,2
11491,383.033,614,cell phone,0.5529,795,395,1136,706,0,2
11491,383.033,571,person,0.7319,312,552,545,714,0,2
11491,383.033,613,traffic light,0.5843,999,1,1182,72,0,2
11492,383.067,611,car,0.8091,510,137,587,209,1,2
11492,383.067,614,cell phone,0.5205,795,395,1136,706,0,2
11492,383.067,571,person,0.722,313,552,545,714,0,2
11492,383.067,613,traffic light,0.5148,998,1,1181,72,0,2
11493,383.1,611,car,0.8034,509,137,587,209,1,2
11493,383.1,614,cell phone,0.653,794,394,1137,706,0,2
11493,383.1,571,person,0.6962,312,552,544,714,0,2
11493,383.1,613,traffic light,0.5178,997,1,1178,72,0,2
11494,383.133,611,car,0.814,509,136,586,209,1,2
11494,383.133,614,cell phone,0.6832,794,393,1136,704,0,2
11494,383.133,571,person,0.712,311,551,543,714,0,2
11494,383.133,613,traffic light,0.4955,995,1,1177,71,0,2
11495,383.167,611,car,0.8139,509,137,586,209,1,2
11495,383.167,614,cell phone,0.671,793,391,1138,705,0,2
11495,383.167,571,person,0.7035,311,551,543,714,0,2
11495,383.167,613,traffic light,0.6188,993,1,1177,72,0,2
11495,383.167,616,traffic light,0.3482,991,0,1265,74,0,2
11496,383.2,611,car,0.8201,507,137,586,209,1,2
11496,383.2,614,cell phone,0.5798,792,392,1138,706,0,2
11496,383.2,571,person,0.6927,311,551,543,714,0,2
11496,383.2,613,traffic light,0.6042,992,1,1177,73,0,2
11496,383.2,616,traffic light,0.3187,990,1,1263,74,0,2
11497,383.233,611,car,0.8234,507,137,586,209,1,2
11497,383.233,614,cell phone,0.5389,790,393,1136,707,0,2
11497,383.233,571,person,0.6999,311,550,544,714,0,2
11497,383.233,613,traffic light,0.6939,990,1,1178,74,0,2
11498,383.267,611,car,0.8232,507,137,586,209,1,2
11498,383.267,614,cell phone,0.5483,789,392,1136,707,0,2
11498,383.267,571,person,0.6581,312,550,544,714,0,2
11498,383.267,613,traffic light,0.6573,990,1,1178,74,0,2
11499,383.3,611,car,0.8214,506,137,585,209,1,2
11499,383.3,571,person,0.6715,313,550,544,714,0,2
11499,383.3,613,traffic light,0.712,987,0,1178,75,0,2
11500,383.333,611,car,0.8239,506,136,585,209,1,2
11500,383.333,571,person,0.6038,312,550,544,714,0,2
11500,383.333,613,traffic light,0.6457,987,1,1177,77,0,2
11501,383.367,611,car,0.8224,506,136,585,208,1,2
11501,383.367,571,person,0.6487,312,549,544,714,0,2
11501,383.367,613,traffic light,0.4266,986,1,1177,77,0,2
11501,383.367,616,traffic light,0.4082,984,1,1263,77,0,2
11502,383.4,611,car,0.7951,506,135,585,207,1,2
11502,383.4,571,person,0.6222,311,547,543,714,0,2
11502,383.4,613,traffic light,0.5313,989,1,1173,73,0,2
11503,383.433,611,car,0.8031,506,134,585,206,1,2
11503,383.433,571,person,0.6589,306,544,542,713,0,2
11504,383.467,611,car,0.8095,506,134,584,205,1,2
11504,383.467,619,traffic light,0.3625,711,77,746,113,0,2
11505,383.5,611,car,0.8214,506,134,584,203,1,2
11505,383.5,614,person,0.6076,507,384,928,714,0,2
11506,383.533,611,car,0.8375,506,133,584,203,1,2
11507,383.567,611,car,0.8343,506,133,584,203,1,2
11508,383.6,611,car,0.8188,506,133,584,202,1,2
11508,383.6,614,person,0.6273,439,377,917,715,0,2
11509,383.633,611,car,0.7963,505,131,584,202,1,2
11509,383.633,614,person,0.7378,416,386,920,715,0,2
11510,383.667,611,car,0.8009,505,131,584,202,1,2
11510,383.667,614,person,0.7091,400,392,926,715,0,2
11511,383.7,611,car,0.7519,505,131,584,202,1,2
11511,383.7,614,person,0.6951,386,393,934,714,0,2
11512,383.733,611,car,0.7282,506,131,584,201,1,2
11512,383.733,614,person,0.6038,376,393,944,715,0,2
11513,383.767,611,car,0.7513,506,131,584,201,1,2
11513,383.767,614,person,0.6241,369,395,952,715,0,2
11514,383.8,611,car,0.78,506,130,585,201,1,2
11515,383.833,611,car,0.7674,505,129,585,201,1,2
11516,383.867,611,car,0.7602,505,128,585,200,1,2
11516,383.867,614,person,0.6499,383,409,959,714,0,2
11517,383.9,611,car,0.7799,504,128,585,200,1,2
11518,383.933,611,car,0.7933,504,127,586,200,1,2
11519,383.967,611,car,0.792,505,127,586,200,1,2
11520,384.0,611,car,0.7576,505,126,586,199,1,2
11520,384.0,614,person,0.6396,378,408,981,715,0,2
11521,384.033,611,car,0.7204,504,125,586,198,1,2
11522,384.067,611,car,0.7315,504,123,586,198,1,2
11523,384.1,611,car,0.7256,504,123,586,198,1,2
11524,384.133,611,car,0.7391,504,122,587,198,1,2
11525,384.167,611,car,0.7356,504,121,587,197,1,2
11526,384.2,611,car,0.7036,504,121,587,197,1,2
11526,384.2,622,cell phone,0.4365,802,374,1137,701,0,2
11527,384.233,611,car,0.7733,504,120,587,195,1,2
11527,384.233,622,cell phone,0.4661,805,374,1135,696,0,2
11528,384.267,611,car,0.7463,505,120,587,195,1,2
11528,384.267,622,cell phone,0.4635,803,374,1133,695,0,2
11529,384.3,611,car,0.7582,506,120,586,194,1,2
11529,384.3,622,cell phone,0.5542,806,373,1127,685,0,2
11530,384.333,611,car,0.7394,506,120,587,193,1,2
11530,384.333,622,cell phone,0.4918,806,373,1127,685,0,2
11531,384.367,611,car,0.7169,507,120,587,193,1,2
11531,384.367,622,cell phone,0.3918,808,373,1121,677,0,2
11532,384.4,611,car,0.7341,507,120,587,192,1,2
11532,384.4,622,cell phone,0.4012,805,371,1121,677,0,2
11533,384.433,611,car,0.7478,507,119,589,193,1,2
11533,384.433,622,cell phone,0.5234,803,370,1120,673,0,2
11534,384.467,611,car,0.7345,507,119,587,192,1,2
11534,384.467,622,cell phone,0.483,802,369,1121,674,0,2
11535,384.5,611,car,0.7082,509,119,589,191,1,2
11535,384.5,622,cell phone,0.4632,795,369,1119,678,0,2
11536,384.533,611,car,0.704,509,118,590,192,1,2
11537,384.567,611,car,0.747,509,117,592,193,1,2
11537,384.567,622,cell phone,0.4436,795,371,1106,665,0,2
11538,384.6,611,car,0.7433,507,117,592,193,1,2
11538,384.6,622,cell phone,0.5363,794,373,1107,667,0,2
11539,384.633,611,car,0.7077,509,117,592,192,1,2
11539,384.633,622,cell phone,0.5164,794,371,1113,670,0,2
11540,384.667,611,car,0.6816,509,117,592,192,1,2
11540,384.667,622,cell phone,0.3667,794,370,1115,670,0,2
11541,384.7,611,car,0.6473,509,115,593,191,1,2
11541,384.7,622,cell phone,0.3353,785,369,1127,686,0,2
11542,384.733,611,car,0.6188,510,115,594,192,1,2
11542,384.733,622,cell phone,0.3818,784,367,1134,690,0,2
11543,384.767,611,car,0.6268,514,125,591,192,1,2
11543,384.767,622,cell phone,0.4607,784,366,1136,691,0,2
11544,384.8,611,car,0.6983,519,134,587,192,1,2
11544,384.8,622,cell phone,0.4104,784,366,1138,694,0,2
11545,384.833,611,car,0.7141,521,138,586,193,1,2
11546,384.867,611,car,0.7045,521,139,587,193,1,2
11547,384.9,611,car,0.6769,519,136,591,194,1,2
11547,384.9,622,cell phone,0.3152,785,365,1141,695,0,2
11548,384.933,611,car,0.621,514,129,597,195,1,2
11548,384.933,622,cell phone,0.3139,783,363,1138,694,0,2
11549,384.967,611,car,0.6464,515,130,597,195,1,2
11549,384.967,622,cell phone,0.3582,785,365,1138,691,0,2
11550,385.0,611,car,0.6368,513,123,602,197,1,2
11550,385.0,622,cell phone,0.4266,786,365,1137,689,0,2
11551,385.033,611,car,0.6947,511,120,605,197,1,2
11551,385.033,622,cell phone,0.3675,782,363,1138,694,0,2
11552,385.067,611,car,0.7159,511,118,607,197,1,2
11552,385.067,622,cell phone,0.3977,782,363,1139,695,0,2
11553,385.1,611,car,0.7353,511,118,607,198,1,2
11553,385.1,622,cell phone,0.4636,783,363,1138,693,0,2
11554,385.133,611,car,0.7851,512,117,608,199,1,2
11554,385.133,622,cell phone,0.3458,783,363,1137,691,0,2
11555,385.167,611,car,0.7723,513,117,608,199,1,2
11555,385.167,622,cell phone,0.3884,784,363,1137,690,0,2
11556,385.2,611,car,0.7199,513,117,609,199,1,2
11556,385.2,622,cell phone,0.3025,784,363,1139,693,0,2
11557,385.233,611,car,0.7782,515,118,609,199,1,2
11557,385.233,622,cell phone,0.3596,786,363,1141,693,0,2
11558,385.267,611,car,0.7774,515,119,608,199,1,2
11558,385.267,622,cell phone,0.3341,789,365,1143,694,0,2
11559,385.3,611,car,0.7397,517,120,609,200,1,2
11559,385.3,622,cell phone,0.4582,790,366,1144,694,0,2
11560,385.333,611,car,0.7587,518,120,610,200,1,2
11560,385.333,622,cell phone,0.4523,794,367,1143,689,0,2
11561,385.367,611,car,0.7266,519,121,611,201,1,2
11562,385.4,611,car,0.7301,520,122,613,202,1,2
11563,385.433,611,car,0.7047,521,122,614,203,1,2
11564,385.467,611,car,0.7076,521,122,614,203,1,2
11565,385.5,611,car,0.7284,522,123,615,205,1,2
11566,385.533,611,car,0.7547,522,122,616,205,1,2
11569,385.633,611,car,0.7489,526,126,618,207,1,2
11570,385.667,611,car,0.7764,527,127,619,208,1,2
11571,385.7,611,car,0.7975,528,128,621,210,1,2
11572,385.733,611,car,0.7976,528,129,622,213,1,2
11573,385.767,611,car,0.844,528,129,623,214,1,2
11574,385.8,611,car,0.8215,528,130,623,215,1,2
11575,385.833,611,car,0.8434,529,130,623,216,1,2
11576,385.867,611,car,0.8414,529,130,624,216,1,2
11577,385.9,611,car,0.7473,529,130,625,217,1,2
11578,385.933,611,car,0.7492,530,131,625,217,1,2
11579,385.967,611,car,0.7835,531,131,625,217,1,2
11580,386.0,611,car,0.8423,533,131,626,218,1,2
11581,386.033,611,car,0.8254,534,133,627,218,1,2
11582,386.067,611,car,0.8047,534,134,627,219,1,2
11582,386.067,624,car,0.6614,623,112,665,146,1,2
11583,386.1,611,car,0.8199,534,134,629,219,1,2
11583,386.1,624,car,0.6383,623,113,665,146,1,2
11584,386.133,611,car,0.7977,535,133,629,219,1,2
11584,386.133,624,car,0.6208,623,114,665,147,1,2
11585,386.167,611,car,0.7971,535,133,629,219,1,2
11585,386.167,624,car,0.6086,622,114,666,149,1,2
11586,386.2,611,car,0.8083,535,133,630,219,1,2
11586,386.2,624,car,0.6173,622,114,666,150,1,2
11587,386.233,611,car,0.8353,535,131,631,219,1,2
11588,386.267,611,car,0.8518,535,131,631,219,1,2
11589,386.3,611,car,0.8444,536,131,632,219,1,2
11590,386.333,611,car,0.8379,536,131,632,219,1,2
11591,386.367,611,car,0.7913,537,131,633,219,1,2
11592,386.4,611,car,0.8048,538,130,633,218,1,2
11593,386.433,611,car,0.7735,538,129,634,218,1,2
11594,386.467,611,car,0.7651,539,129,634,217,1,2
11595,386.5,611,car,0.7667,539,129,635,218,1,2
11596,386.533,611,car,0.7692,541,129,637,218,1,2
11597,386.567,611,car,0.8114,542,129,638,218,1,2
11598,386.6,611,car,0.8055,543,129,639,218,1,2
11599,386.633,611,car,0.7977,543,128,640,218,1,2
11600,386.667,611,car,0.7979,543,128,641,218,1,2
11601,386.7,611,car,0.7391,544,128,642,218,1,2
11602,386.733,611,car,0.7932,544,127,643,218,1,2
11603,386.767,611,car,0.711,544,127,643,219,1,2
11603,386.767,626,person,0.6029,344,471,1018,714,0,2
11604,386.8,611,car,0.6665,544,127,645,219,1,2
11609,386.967,611,car,0.7665,545,126,648,221,1,2
11610,387.0,611,car,0.8171,546,126,649,221,1,2
11611,387.033,611,car,0.819,547,127,650,222,1,2
11612,387.067,611,car,0.8186,547,128,651,222,1,2
11613,387.1,611,car,0.7231,549,128,653,223,1,2
11614,387.133,611,car,0.8309,550,129,655,225,1,2
11614,387.133,624,car,0.6449,627,110,682,154,1,2
11615,387.167,611,car,0.8137,550,129,656,226,1,2
11615,387.167,631,cell phone,0.5494,840,385,1151,672,0,2
11616,387.2,611,car,0.6413,551,133,656,229,1,2
11616,387.2,631,cell phone,0.6359,840,389,1154,679,0,2
11617,387.233,611,car,0.6342,551,134,657,230,1,2
11617,387.233,631,cell phone,0.7138,842,392,1157,682,0,2
11617,387.233,632,traffic light,0.3878,1024,1,1200,69,0,2
11618,387.267,631,cell phone,0.6635,838,391,1159,688,0,2
11619,387.3,631,cell phone,0.4567,840,392,1160,688,0,2
11619,387.3,611,car,0.6412,561,152,650,231,1,2
11619,387.3,632,traffic light,0.3107,1021,1,1205,72,0,2
11620,387.333,631,cell phone,0.4688,841,394,1157,686,0,2
11621,387.367,631,cell phone,0.6143,840,394,1157,685,0,2
11621,387.367,611,car,0.603,562,155,651,232,1,2
11622,387.4,631,cell phone,0.6004,838,394,1157,687,0,2
11623,387.433,631,cell phone,0.644,835,394,1154,687,0,2
11623,387.433,611,car,0.6214,565,163,650,234,1,2
11624,387.467,631,cell phone,0.4122,835,395,1155,686,0,2
11624,387.467,611,car,0.6072,565,165,651,234,1,2
11626,387.533,611,car,0.7203,550,142,667,237,1,2
11627,387.567,611,car,0.7744,547,136,671,238,1,2
11628,387.6,611,car,0.7848,547,135,673,238,1,2
11628,387.6,632,traffic light,0.3001,1023,1,1223,79,0,2
11629,387.633,611,car,0.813,547,134,674,239,1,2
11629,387.633,632,traffic light,0.3565,1027,1,1224,79,0,2
11629,387.633,631,cell phone,0.4878,840,399,1169,697,0,2
11630,387.667,611,car,0.8301,549,134,673,239,1,2
11630,387.667,631,cell phone,0.4771,840,399,1169,699,0,2
11631,387.7,611,car,0.8165,550,134,673,240,1,2
11631,387.7,631,cell phone,0.4248,845,399,1170,696,0,2
11632,387.733,611,car,0.8172,550,135,673,240,1,2
11632,387.733,631,cell phone,0.3695,846,399,1173,695,0,2
11633,387.767,611,car,0.8178,551,135,673,240,1,2
11633,387.767,631,cell phone,0.5028,845,398,1174,697,0,2
11634,387.8,611,car,0.7918,552,135,674,241,1,2
11634,387.8,631,cell phone,0.4901,847,400,1170,694,0,2
11635,387.833,611,car,0.8352,552,136,675,242,1,2
11635,387.833,631,cell phone,0.5138,848,401,1170,694,0,2
11636,387.867,611,car,0.833,552,136,675,242,1,2
11636,387.867,631,cell phone,0.4917,848,401,1170,695,0,2
11637,387.9,611,car,0.8367,553,136,675,242,1,2
11637,387.9,631,cell phone,0.4847,847,401,1170,697,0,2
11638,387.933,611,car,0.7857,554,137,677,243,1,2
11638,387.933,631,cell phone,0.4201,849,402,1174,698,0,2
11639,387.967,611,car,0.7996,555,137,677,243,1,2
11639,387.967,631,cell phone,0.3494,849,402,1175,699,0,2
11640,388.0,611,car,0.8114,555,137,677,243,1,2
11641,388.033,611,car,0.7201,555,137,678,245,1,2
11642,388.067,611,car,0.7181,555,138,678,247,1,2
11643,388.1,611,car,0.7802,555,137,679,247,1,2
11644,388.133,611,car,0.8391,555,137,680,248,1,2
11645,388.167,611,car,0.8364,557,137,680,248,1,2
11646,388.2,611,car,0.8477,557,138,680,249,1,2
11647,388.233,611,car,0.8581,557,138,680,249,1,2
11648,388.267,611,car,0.8754,557,138,680,250,1,2
11648,388.267,632,traffic light,0.3395,1039,1,1233,81,0,2
11649,388.3,611,car,0.8639,557,138,681,250,1,2
11650,388.333,611,car,0.8664,557,138,681,250,1,2
11651,388.367,611,car,0.8675,557,138,681,251,1,2
11651,388.367,634,car,0.7103,259,171,361,211,0,2
11652,388.4,611,car,0.8715,555,138,682,253,0,2
11652,388.4,634,car,0.7317,263,170,363,210,0,2
11653,388.433,611,car,0.8743,554,138,682,254,0,2
11653,388.433,634,car,0.6354,269,169,371,210,0,2
11654,388.467,611,car,0.8732,554,138,682,254,0,2
11654,388.467,634,car,0.7046,272,168,375,210,0,2
11655,388.5,611,car,0.8706,554,139,682,255,0,2
11655,388.5,634,car,0.7062,283,170,373,205,0,2
11656,388.533,611,car,0.8664,554,139,683,257,0,2
11656,388.533,634,car,0.6661,290,169,377,203,0,2
11657,388.567,611,car,0.8651,553,141,683,258,0,2
11658,388.6,611,car,0.8524,553,141,683,258,0,2
11659,388.633,611,car,0.8626,552,141,685,259,0,2
11659,388.633,634,car,0.6337,297,167,393,205,0,2
11660,388.667,611,car,0.8618,552,142,685,261,0,2
11660,388.667,634,car,0.6286,297,167,400,208,0,2
11661,388.7,611,car,0.7903,552,142,685,262,0,2
11661,388.7,634,car,0.6607,291,167,437,226,1,2
11662,388.733,611,car,0.8405,551,143,685,263,0,2
11662,388.733,634,car,0.6379,289,167,449,232,1,2
11663,388.767,611,car,0.8344,550,143,685,264,0,2
11664,388.8,611,car,0.7885,550,144,685,265,0,2
11664,388.8,634,car,0.7212,288,166,455,237,1,2
11665,388.833,611,car,0.8009,549,145,683,266,0,2
11666,388.867,611,car,0.8352,547,144,683,266,0,2
11667,388.9,611,car,0.8508,546,144,683,267,0,2
11667,388.9,639,person,0.6505,343,501,541,713,0,2
11668,388.933,611,car,0.81,544,144,683,267,0,2
11669,388.967,611,car,0.8181,543,143,683,269,0,2
11670,389.0,611,car,0.8618,542,144,683,271,0,2
11671,389.033,611,car,0.8476,539,144,682,272,0,2
11672,389.067,611,car,0.86,538,144,681,272,0,2
11672,389.067,639,person,0.6287,341,509,531,713,0,2
11673,389.1,611,car,0.8474,536,145,680,273,0,2
11673,389.1,639,person,0.6442,338,513,526,713,0,2
11674,389.133,611,car,0.8768,535,146,678,273,0,2
11674,389.133,632,traffic light,0.3458,1019,1,1202,77,0,2
11675,389.167,611,car,0.8727,534,146,677,274,0,2
11676,389.2,611,car,0.8656,533,146,677,275,0,2
11677,389.233,611,car,0.8667,531,146,675,275,0,2
11677,389.233,634,car,0.745,350,158,496,223,1,2
11677,389.233,632,traffic light,0.3794,1021,1,1197,74,0,2
11678,389.267,611,car,0.8585,530,146,674,275,0,2
11678,389.267,634,car,0.7273,352,157,494,222,1,2
11678,389.267,632,traffic light,0.35,1021,1,1195,73,0,2
11679,389.3,611,car,0.8273,529,147,674,277,0,2
11679,389.3,634,car,0.7796,358,157,495,222,1,2
11679,389.3,632,traffic light,0.3077,1023,1,1195,72,0,2
11680,389.333,611,car,0.8109,527,147,674,278,0,2
11680,389.333,634,car,0.6584,362,157,498,224,1,2
11681,389.367,611,car,0.8371,526,146,673,279,0,2
11681,389.367,634,car,0.6578,365,155,498,225,1,2
11682,389.4,611,car,0.8711,525,147,673,280,0,2
11682,389.4,634,car,0.6792,384,155,487,206,1,2
11683,389.433,611,car,0.8779,523,147,673,281,0,2
11683,389.433,634,car,0.6266,395,154,486,197,1,2
11683,389.433,632,traffic light,0.4201,1015,1,1191,73,0,2
11684,389.467,611,car,0.8906,522,147,673,282,0,2
11684,389.467,634,car,0.6743,399,154,488,195,1,2
11684,389.467,640,cell phone,0.5846,809,409,1144,691,0,2
11684,389.467,632,traffic light,0.3567,1011,1,1191,74,0,2
11685,389.5,611,car,0.9012,522,147,673,282,0,2
11685,389.5,640,cell phone,0.5178,809,410,1147,695,0,2
11686,389.533,611,car,0.897,522,149,672,283,0,2
11686,389.533,640,cell phone,0.5115,803,410,1142,694,0,2
11686,389.533,641,truck,0.3628,609,127,672,187,1,2
11686,389.533,632,traffic light,0.3166,1006,1,1187,75,0,2
11687,389.567,611,car,0.9003,522,149,672,283,0,2
11687,389.567,640,cell phone,0.4695,799,409,1137,694,0,2
11687,389.567,641,truck,0.3505,609,127,671,187,1,2
11687,389.567,632,traffic light,0.342,1005,1,1185,74,0,2
11687,389.567,634,car,0.6181,415,154,502,193,1,2
11688,389.6,611,car,0.8926,521,150,672,285,0,2
11688,389.6,640,cell phone,0.3178,793,409,1135,695,0,2
11688,389.6,641,truck,0.3243,608,127,671,186,1,2
11688,389.6,632,traffic light,0.3736,1023,1,1218,75,0,2
11688,389.6,634,car,0.6753,419,153,510,193,1,2
11689,389.633,611,car,0.8659,521,150,672,285,0,2
11689,389.633,641,truck,0.3426,607,127,671,187,1,2
11689,389.633,632,traffic light,0.3418,1025,1,1235,79,0,2
11689,389.633,634,car,0.6467,427,153,520,193,1,2
11690,389.667,611,car,0.8781,520,150,672,286,0,2
11690,389.667,641,truck,0.3695,606,127,671,189,1,2
11691,389.7,611,car,0.8605,518,150,671,287,0,2
11691,389.7,641,truck,0.368,605,126,672,190,1,2
11691,389.7,634,car,0.6461,432,153,530,197,1,2
11692,389.733,611,car,0.8352,518,151,671,288,0,2
11692,389.733,641,truck,0.4077,605,127,672,191,1,2
11692,389.733,634,car,0.6317,439,153,534,194,1,2
11692,389.733,640,cell phone,0.4951,792,409,1135,696,0,2
11692,389.733,632,traffic light,0.3459,1019,1,1231,77,0,2
11693,389.767,611,car,0.8544,517,151,671,288,0,2
11693,389.767,641,truck,0.388,603,127,672,191,1,2
11693,389.767,634,car,0.6842,439,153,537,195,1,2
11693,389.767,640,cell phone,0.5902,797,409,1137,694,0,2
11693,389.767,632,traffic light,0.394,1023,1,1240,75,0,2
11694,389.8,611,car,0.8747,515,151,671,289,0,2
11694,389.8,641,truck,0.3839,602,126,672,193,1,2
11694,389.8,634,car,0.7294,439,152,541,197,1,2
11694,389.8,640,cell phone,0.5658,799,409,1139,694,0,2
11694,389.8,632,traffic light,0.4424,1022,1,1251,78,0,2
11694,389.8,642,traffic light,0.3744,999,1,1190,75,0,2
11695,389.833,611,car,0.8738,514,151,671,290,0,2
11695,389.833,641,truck,0.3675,601,126,672,193,1,2
11695,389.833,634,car,0.7258,443,152,545,198,1,2
11695,389.833,640,cell phone,0.4525,797,410,1141,698,0,2
11695,389.833,632,traffic light,0.3082,1024,1,1253,77,0,2
11696,389.867,611,car,0.8761,514,151,671,290,0,2
11696,389.867,641,truck,0.3619,601,126,672,194,1,2
11696,389.867,634,car,0.7298,447,152,547,197,1,2
11696,389.867,640,cell phone,0.42,795,409,1143,701,0,2
11696,389.867,632,traffic light,0.3375,1023,1,1258,77,0,2
11697,389.9,611,car,0.8806,513,151,672,291,0,2
11697,389.9,641,truck,0.356,601,126,672,194,1,2
11697,389.9,634,car,0.6921,449,151,549,197,1,2
11697,389.9,640,cell phone,0.5239,797,409,1139,697,0,2
11697,389.9,642,traffic light,0.4256,1007,1,1191,73,0,2
11698,389.933,611,car,0.8782,513,150,672,291,0,2
11698,389.933,641,truck,0.3184,601,126,672,194,1,2
11698,389.933,640,cell phone,0.5449,792,408,1138,701,0,2
11698,389.933,632,traffic light,0.341,1016,1,1243,73,0,2
11699,389.967,611,car,0.89,513,150,672,291,0,2
11699,389.967,641,truck,0.3454,600,126,672,194,1,2
11699,389.967,640,cell phone,0.6865,789,408,1138,704,0,2
11699,389.967,634,car,0.6591,458,150,553,194,1,2
11699,389.967,642,traffic light,0.3602,1010,1,1193,72,0,2
11700,390.0,611,car,0.879,513,150,673,293,0,2
11700,390.0,642,traffic light,0.3426,1014,0,1198,72,0,2
11701,390.033,611,car,0.8986,514,149,673,291,0,2
11701,390.033,642,traffic light,0.3348,1015,0,1199,72,0,2
11701,390.033,641,truck,0.3909,600,125,672,194,1,2
11702,390.067,611,car,0.896,514,147,674,290,0,2
11702,390.067,642,traffic light,0.3168,1015,0,1199,73,0,2
11702,390.067,641,truck,0.3573,600,125,671,192,1,2
11703,390.1,611,car,0.8736,515,147,674,289,0,2
11704,390.133,611,car,0.8824,515,146,675,290,0,2
11704,390.133,642,traffic light,0.3217,1021,0,1183,64,0,2
11705,390.167,611,car,0.869,514,145,675,289,0,2
11706,390.2,611,car,0.888,515,144,677,288,0,2
11706,390.2,641,bus,0.3068,600,118,670,185,1,2
11707,390.233,611,car,0.8786,515,142,678,287,0,2
11707,390.233,641,bus,0.3593,600,118,670,184,1,2
11708,390.267,611,car,0.879,514,139,679,287,0,2
11708,390.267,641,bus,0.3584,599,117,671,184,1,2
11709,390.3,611,car,0.8723,513,137,680,286,0,2
11709,390.3,641,bus,0.3557,600,115,670,179,1,2
11710,390.333,611,car,0.8574,513,136,680,286,0,2
11710,390.333,641,bus,0.3701,600,114,670,179,1,2
11711,390.367,611,car,0.8547,514,136,679,285,0,2
11711,390.367,641,bus,0.3303,600,113,671,178,1,2
11712,390.4,611,car,0.8533,513,135,680,285,0,2
11712,390.4,641,bus,0.4371,602,112,669,173,1,2
11713,390.433,611,car,0.8517,513,134,680,285,0,2
11713,390.433,641,bus,0.415,602,111,667,169,1,2
11714,390.467,611,car,0.8022,513,134,680,285,0,2
11714,390.467,641,bus,0.3685,601,110,669,169,1,2
11715,390.5,611,car,0.7512,513,133,680,285,0,2
11715,390.5,641,bus,0.3358,601,109,667,167,1,2
11715,390.5,640,cell phone,0.3284,791,390,1151,704,0,2
11716,390.533,611,car,0.8675,514,133,680,282,0,2
11716,390.533,641,bus,0.3948,599,109,670,169,1,2
11717,390.567,611,car,0.8825,514,131,680,282,0,2
11717,390.567,641,bus,0.3666,599,107,671,169,1,2
11717,390.567,640,cell phone,0.3041,797,385,1152,702,0,2
11718,390.6,611,car,0.8613,515,133,680,281,0,2
11718,390.6,641,bus,0.3535,599,107,672,169,1,2
11718,390.6,640,cell phone,0.6046,802,384,1153,701,0,2
11719,390.633,611,car,0.8541,514,131,680,282,0,2
11719,390.633,641,bus,0.327,598,106,672,170,1,2
11719,390.633,640,cell phone,0.6192,807,384,1154,701,0,2
11720,390.667,611,car,0.8436,513,131,681,283,0,2
11720,390.667,640,cell phone,0.6806,809,383,1152,699,0,2
11721,390.7,611,car,0.7973,513,130,682,283,0,2
11721,390.7,640,cell phone,0.6509,811,383,1151,698,0,2
11722,390.733,611,car,0.7826,512,130,682,285,0,2
11722,390.733,640,cell phone,0.6465,814,382,1153,699,0,2
11723,390.767,611,car,0.801,512,129,682,285,0,2
11723,390.767,640,cell phone,0.6461,817,381,1155,699,0,2
11723,390.767,643,person,0.6112,344,512,541,712,0,2
11724,390.8,611,car,0.7783,511,129,682,285,0,2
11724,390.8,640,cell phone,0.6407,819,379,1155,699,0,2
11724,390.8,643,person,0.6282,344,511,542,712,0,2
11725,390.833,611,car,0.8337,511,129,682,286,0,2
11725,390.833,640,cell phone,0.6974,819,379,1154,698,0,2
11726,390.867,611,car,0.8538,510,129,682,286,0,2
11726,390.867,640,cell phone,0.7099,821,379,1152,697,0,2
11727,390.9,611,car,0.8673,510,129,681,286,0,2
11727,390.9,640,cell phone,0.7023,819,379,1151,699,0,2
11728,390.933,611,car,0.8544,509,129,681,286,0,2
11728,390.933,640,cell phone,0.7085,819,379,1146,699,0,2
11729,390.967,611,car,0.8708,509,128,681,287,0,2
11729,390.967,640,cell phone,0.6787,818,379,1143,698,0,2
11730,391.0,611,car,0.8837,507,128,681,287,0,2
11730,391.0,640,cell phone,0.7118,818,379,1139,698,0,2
11731,391.033,611,car,0.8734,506,128,680,287,0,2
11731,391.033,640,cell phone,0.6958,819,379,1138,698,0,2
11732,391.067,611,car,0.853,506,128,680,286,0,2
11732,391.067,640,cell phone,0.7112,819,379,1136,697,0,2
11732,391.067,645,car,0.6524,659,112,718,147,1,2
11732,391.067,643,person,0.6104,342,509,542,713,0,2
11733,391.1,611,car,0.808,505,127,680,286,0,2
11733,391.1,640,cell phone,0.7308,822,379,1135,694,0,2
11733,391.1,645,car,0.6382,661,110,719,146,1,2
11733,391.1,643,person,0.6157,343,510,542,713,0,2
11734,391.133,611,car,0.7789,505,126,680,287,0,2
11734,391.133,640,cell phone,0.7112,821,379,1136,697,0,2
11734,391.133,645,car,0.7226,664,109,722,145,1,2
11735,391.167,611,car,0.7664,505,126,680,286,0,2
11735,391.167,640,cell phone,0.6318,819,378,1136,699,0,2
11735,391.167,645,car,0.7614,666,110,723,145,1,2
11736,391.2,611,car,0.7967,505,126,679,283,0,2
11736,391.2,640,cell phone,0.6836,818,378,1135,702,0,2
11736,391.2,645,car,0.6529,669,109,727,145,1,2
11737,391.233,611,car,0.8395,505,125,678,282,0,2
11737,391.233,640,cell phone,0.6755,818,377,1134,701,0,2
11737,391.233,643,person,0.6065,341,505,545,713,0,2
11738,391.267,611,car,0.8478,504,125,678,282,0,2
11738,391.267,640,cell phone,0.6123,817,377,1131,701,0,2
11738,391.267,643,person,0.6007,341,505,544,713,0,2
11739,391.3,611,car,0.8663,503,125,678,282,0,2
11739,391.3,640,cell phone,0.6074,817,377,1131,701,0,2
11739,391.3,643,person,0.6085,341,506,542,713,0,2
11740,391.333,611,car,0.8816,502,123,678,282,0,2
11740,391.333,640,cell phone,0.5173,817,377,1130,701,0,2
11740,391.333,645,car,0.6217,675,105,735,142,1,2
11741,391.367,611,car,0.878,501,123,678,283,0,2
11741,391.367,640,cell phone,0.3676,816,377,1131,703,0,2
11741,391.367,645,car,0.6401,677,105,738,142,0,2
11742,391.4,611,car,0.8744,501,122,678,283,0,2
11742,391.4,640,cell phone,0.4469,814,377,1130,703,0,2
11742,391.4,645,car,0.6361,677,104,743,142,0,2
11743,391.433,611,car,0.8603,499,122,678,283,0,2
11743,391.433,640,cell phone,0.5112,815,376,1131,703,0,2
11743,391.433,645,car,0.6996,680,104,747,142,0,2
11744,391.467,611,car,0.8696,499,122,678,283,0,2
11744,391.467,640,cell phone,0.4831,816,376,1134,703,0,2
11744,391.467,645,car,0.6502,683,104,749,141,0,2
11745,391.5,611,car,0.8733,499,122,678,283,0,2
11745,391.5,640,cell phone,0.5286,817,376,1135,703,0,2
11746,391.533,-1,car,0.8771,683,69,882,239,1,2
11746,391.533,-1,car,0.8705,0,131,127,272,0,2
11746,391.533,-1,person,0.8267,211,287,1086,717,0,2
11746,391.533,-1,car,0.8073,969,94,1101,158,0,2
11747,391.567,646,car,0.8808,685,66,887,240,1,2
11747,391.567,647,car,0.888,0,133,122,275,0,2
11747,391.567,648,person,0.8309,209,285,1088,717,0,2
11747,391.567,649,car,0.7638,982,95,1110,158,0,2
11747,391.567,640,cell phone,0.3743,875,371,1186,689,0,2
11748,391.6,646,car,0.8586,686,66,889,240,1,2
11748,391.6,647,car,0.8693,0,134,115,274,0,2
11748,391.6,648,person,0.83,209,283,1088,717,0,2
11748,391.6,649,car,0.6237,986,96,1112,158,0,2
11749,391.633,646,car,0.849,687,63,893,240,1,2
11749,391.633,647,car,0.8356,0,139,101,264,0,2
11749,391.633,648,person,0.848,214,285,1091,717,0,2
11749,391.633,649,car,0.7773,1011,97,1130,157,0,2
11749,391.633,650,stop sign,0.4374,659,19,690,50,0,2
11750,391.667,646,car,0.8515,688,62,896,239,1,2
11750,391.667,647,car,0.7844,0,146,85,257,0,2
11750,391.667,648,person,0.8752,217,283,1098,718,0,2
11750,391.667,650,stop sign,0.5491,661,18,693,50,0,2
11750,391.667,640,cell phone,0.4781,893,367,1209,695,0,2
11751,391.7,646,car,0.8698,691,62,897,239,1,2
11751,391.7,647,car,0.7487,0,153,73,257,0,2
11751,391.7,648,person,0.8779,218,283,1101,718,0,2
11751,391.7,650,stop sign,0.4077,659,17,694,51,0,2
11751,391.7,640,cell phone,0.3437,897,367,1211,696,0,2
11752,391.733,646,car,0.8735,696,62,898,235,1,2
11752,391.733,648,person,0.8986,222,280,1109,718,0,2
11752,391.733,649,car,0.744,1024,96,1168,168,0,2
11753,391.767,646,car,0.8901,699,59,902,234,1,2
11753,391.767,648,person,0.8228,223,274,1114,717,0,2
11753,391.767,640,cell phone,0.398,913,366,1225,693,0,2
11754,391.8,646,car,0.8922,703,59,904,232,1,2
11754,391.8,648,person,0.7996,224,270,1119,715,0,2
11755,391.833,646,car,0.9005,709,59,907,231,1,2
11755,391.833,648,person,0.8214,239,270,1136,717,0,2
11755,391.833,649,car,0.61,1071,99,1194,161,0,2
11756,391.867,646,car,0.9198,713,58,913,232,1,2
11756,391.867,648,person,0.8067,243,270,1137,715,0,2
11757,391.9,646,car,0.9106,719,58,919,231,1,2
11757,391.9,648,person,0.8138,247,269,1138,717,0,2
11757,391.9,649,car,0.694,1091,99,1218,162,0,2
11758,391.933,646,car,0.8958,726,58,926,233,0,2
11758,391.933,648,person,0.8297,256,271,1137,714,0,2
11758,391.933,649,car,0.6841,1110,103,1235,166,0,2
11759,391.967,646,car,0.9023,736,58,935,233,0,2
11759,391.967,648,person,0.8469,267,270,1150,715,0,2
11760,392.0,646,car,0.9017,743,59,943,233,0,2
11760,392.0,648,person,0.861,280,272,1157,715,0,2
11760,392.0,649,car,0.6931,1142,110,1269,174,0,2
11761,392.033,646,car,0.8473,753,61,953,237,0,2
11761,392.033,648,person,0.8831,287,271,1161,714,0,2
11761,392.033,649,car,0.8631,1165,113,1280,173,0,2
11761,392.033,640,cell phone,0.3615,976,376,1280,701,0,2
11762,392.067,646,car,0.8912,766,62,966,238,0,2
11762,392.067,648,person,0.8847,309,272,1183,715,0,2
11762,392.067,640,cell phone,0.5445,981,378,1280,704,0,2
11763,392.1,646,car,0.9072,776,63,975,239,0,2
11763,392.1,648,person,0.8885,315,275,1182,714,0,2
11764,392.133,646,car,0.8905,790,66,987,241,0,2
11764,392.133,648,person,0.8753,334,277,1198,714,0,2
11765,392.167,646,car,0.9087,805,69,1002,243,0,2
11765,392.167,648,person,0.8717,354,278,1216,714,0,2
11766,392.2,646,car,0.8811,816,71,1013,246,0,2
11766,392.2,648,person,0.8722,367,279,1227,714,0,2
11767,392.233,646,car,0.8825,830,74,1026,249,0,2
11767,392.233,648,person,0.8902,384,280,1246,714,0,2
11768,392.267,646,car,0.8788,843,78,1041,254,0,2
11768,392.267,648,person,0.8506,399,285,1257,714,0,2
11769,392.3,646,car,0.8419,853,80,1051,257,0,2
11769,392.3,648,person,0.8279,407,285,1265,713,0,2
11770,392.333,646,car,0.8786,865,81,1064,261,0,2
11770,392.333,648,person,0.8809,411,283,1273,712,0,2
11771,392.367,646,car,0.8298,879,85,1078,264,0,2
11771,392.367,648,person,0.8254,417,283,1280,713,0,2
11772,392.4,646,car,0.8638,887,87,1085,266,0,2
11772,392.4,648,person,0.8717,418,280,1280,713,0,2
11773,392.433,646,car,0.9123,897,90,1095,270,0,2
11773,392.433,648,person,0.8873,423,281,1280,712,0,2
11774,392.467,646,car,0.8788,909,93,1102,269,0,2
11774,392.467,648,person,0.9155,433,286,1280,712,0,2
11775,392.5,646,car,0.8649,915,94,1109,270,0,2
11775,392.5,648,person,0.8823,441,291,1280,712,0,2
11776,392.533,646,car,0.8636,923,95,1115,271,0,2
11776,392.533,648,person,0.8794,447,294,1280,711,0,2
11777,392.567,646,car,0.8742,929,96,1122,272,0,2
11777,392.567,648,person,0.8886,450,294,1280,711,0,2
11778,392.6,646,car,0.8758,935,96,1128,273,0,2
11778,392.6,648,person,0.8707,453,294,1280,711,0,2
11779,392.633,646,car,0.8759,939,97,1130,272,0,2
11779,392.633,648,person,0.8752,454,294,1280,711,0,2
11780,392.667,646,car,0.871,945,97,1135,271,0,2
11780,392.667,648,person,0.8988,456,296,1280,712,0,2
11781,392.7,646,car,0.8694,949,96,1138,272,0,2
11781,392.7,648,person,0.8964,456,296,1280,712,0,2
11782,392.733,646,car,0.8691,953,97,1142,272,0,2
11782,392.733,648,person,0.8952,455,291,1280,712,0,2
11783,392.767,646,car,0.8795,958,97,1145,271,0,2
11783,392.767,648,person,0.903,455,289,1280,712,0,2
11784,392.8,646,car,0.8592,961,98,1146,270,0,2
11784,392.8,648,person,0.9052,454,289,1280,712,0,2
11785,392.833,646,car,0.8418,965,98,1147,267,0,2
11785,392.833,648,person,0.914,454,289,1280,712,0,2
11786,392.867,646,car,0.8478,968,98,1150,266,0,2
11786,392.867,648,person,0.9098,455,289,1280,712,0,2
11787,392.9,646,car,0.8341,971,98,1152,266,0,2
11787,392.9,648,person,0.9062,455,287,1280,712,0,2
11788,392.933,646,car,0.8548,974,98,1153,265,0,2
11788,392.933,648,person,0.9105,453,288,1280,714,0,2
11789,392.967,646,car,0.7947,977,98,1155,264,0,2
11789,392.967,648,person,0.9083,451,288,1280,715,0,2
11790,393.0,646,car,0.8016,979,98,1157,264,0,2
11790,393.0,648,person,0.897,451,288,1280,717,0,2
11791,393.033,646,car,0.8146,982,98,1157,262,0,2
11791,393.033,648,person,0.8909,453,289,1280,717,0,2
11792,393.067,646,car,0.8261,985,99,1158,261,0,2
11792,393.067,648,person,0.8969,456,290,1280,715,0,2
11793,393.1,646,car,0.8051,987,99,1159,259,0,2
11793,393.1,648,person,0.9104,457,290,1280,715,0,2
11794,393.133,646,car,0.8267,990,99,1159,257,0,2
11794,393.133,648,person,0.9024,458,290,1280,714,0,2
11794,393.133,659,stop sign,0.3621,840,24,874,61,0,2
11795,393.167,646,car,0.8114,993,99,1159,255,0,2
11795,393.167,648,person,0.9102,458,289,1280,714,0,2
11795,393.167,659,stop sign,0.3089,839,23,874,61,0,2
11796,393.2,646,car,0.8116,994,99,1160,254,0,2
11796,393.2,648,person,0.9202,456,288,1280,714,0,2
11796,393.2,659,stop sign,0.3148,838,23,874,61,0,2
11797,393.233,646,car,0.8469,997,99,1161,254,0,2
11797,393.233,648,person,0.9251,455,287,1280,714,0,2
11797,393.233,659,stop sign,0.3048,837,23,873,61,0,2
11798,393.267,646,car,0.862,999,99,1162,253,0,2
11798,393.267,648,person,0.9236,453,286,1280,714,0,2
11798,393.267,659,stop sign,0.4249,837,23,871,59,0,2
11799,393.3,646,car,0.8522,1001,99,1163,251,0,2
11799,393.3,648,person,0.9255,450,285,1280,714,0,2
11799,393.3,659,stop sign,0.4304,835,23,870,59,0,2
11800,393.333,646,car,0.8392,1005,99,1166,249,0,2
11800,393.333,648,person,0.922,447,286,1278,714,0,2
11800,393.333,659,stop sign,0.3379,833,22,869,59,0,2
11801,393.367,646,car,0.8544,1008,99,1167,247,0,2
11801,393.367,648,person,0.9175,445,285,1274,713,0,2
11801,393.367,659,stop sign,0.3076,832,21,867,58,0,2
11802,393.4,646,car,0.8504,1010,99,1167,246,0,2
11802,393.4,648,person,0.9163,440,285,1272,712,0,2
11803,393.433,646,car,0.8324,1013,98,1169,243,0,2
11803,393.433,648,person,0.919,433,285,1272,714,0,2
11804,393.467,646,car,0.8042,1016,97,1171,241,0,2
11804,393.467,648,person,0.9159,430,285,1267,713,0,2
11805,393.5,646,car,0.8291,1019,97,1173,239,0,2
11805,393.5,648,person,0.9155,426,286,1264,712,0,2
11806,393.533,646,car,0.8276,1022,95,1174,235,0,2
11806,393.533,648,person,0.9134,425,288,1261,712,0,2
11807,393.567,646,car,0.8603,1024,94,1175,233,0,2
11807,393.567,648,person,0.9021,429,293,1259,712,0,2
11807,393.567,661,car,0.7283,366,62,451,103,0,2
11808,393.6,646,car,0.8466,1026,94,1177,231,0,2
11808,393.6,648,person,0.8933,429,295,1263,714,0,2
11808,393.6,661,car,0.749,361,62,448,104,0,2
11809,393.633,646,car,0.8511,1031,93,1177,226,0,2
11809,393.633,648,person,0.9021,432,298,1263,714,0,2
11810,393.667,646,car,0.826,1033,90,1179,223,0,2
11810,393.667,648,person,0.8951,433,298,1266,714,0,2
11810,393.667,661,car,0.7548,350,64,440,106,0,2
11811,393.7,646,car,0.841,1035,89,1181,222,0,2
11811,393.7,648,person,0.8917,432,298,1269,715,0,2
11811,393.7,661,car,0.7651,345,64,437,109,0,2
11812,393.733,646,car,0.8727,1038,87,1182,217,0,2
11812,393.733,648,person,0.8776,435,298,1271,714,0,2
11812,393.733,661,car,0.6907,341,66,432,110,0,2
11813,393.767,646,car,0.8708,1040,86,1183,215,0,2
11813,393.767,648,person,0.8891,437,297,1275,714,0,2
11813,393.767,661,car,0.6685,335,67,424,111,0,2
11814,393.8,646,car,0.8677,1041,85,1184,213,0,2
11814,393.8,648,person,0.8809,446,304,1271,714,0,2
11814,393.8,661,car,0.6733,333,69,419,112,0,2
11814,393.8,662,car,0.6081,1235,115,1280,151,0,2
11815,393.833,646,car,0.8589,1043,83,1185,210,0,2
11815,393.833,648,person,0.8232,453,306,1273,714,0,2
11815,393.833,661,car,0.6982,328,70,416,113,0,2
11815,393.833,662,car,0.6211,1231,111,1274,146,0,2
11816,393.867,646,car,0.8541,1046,81,1186,207,0,2
11816,393.867,648,person,0.7906,470,317,1272,714,0,2
11816,393.867,661,car,0.694,328,72,414,114,0,2
11816,393.867,662,car,0.6776,1225,105,1271,141,0,2
11817,393.9,646,car,0.8701,1046,79,1186,206,0,2
11817,393.9,648,person,0.7982,482,326,1269,715,0,2
11817,393.9,661,car,0.6564,329,73,411,115,0,2
11817,393.9,662,car,0.7085,1221,103,1267,139,0,2
11818,393.933,646,car,0.8669,1048,77,1186,202,0,2
11818,393.933,648,person,0.7702,503,345,1256,714,0,2
11818,393.933,661,car,0.6567,328,74,407,117,0,2
11819,393.967,646,car,0.8575,1049,73,1187,199,0,2
11819,393.967,648,person,0.813,514,349,1259,715,0,2
11819,393.967,662,car,0.7406,1210,94,1259,130,0,2
11820,394.0,646,car,0.8425,1049,71,1187,195,0,2
11820,394.0,648,person,0.8259,512,344,1267,715,0,2
11820,394.0,662,car,0.6538,1203,90,1256,128,0,2
11821,394.033,646,car,0.8574,1050,67,1186,191,0,2
11821,394.033,648,person,0.8044,527,357,1259,717,0,2
11821,394.033,662,car,0.672,1194,85,1251,123,0,2
11822,394.067,646,car,0.852,1050,63,1185,184,0,2
11822,394.067,648,person,0.7154,543,361,1265,717,0,2
11822,394.067,662,car,0.7275,1186,79,1241,115,0,2
11823,394.1,646,car,0.8492,1050,59,1184,181,0,2
11823,394.1,648,person,0.6998,553,362,1271,715,0,2
11823,394.1,662,car,0.705,1179,73,1235,111,0,2
11824,394.133,646,car,0.8215,1047,53,1181,175,0,2
11824,394.133,648,person,0.7296,553,362,1265,713,0,2
11824,394.133,662,car,0.7059,1170,65,1226,103,0,2
11825,394.167,646,car,0.8118,1043,46,1173,163,0,2
11825,394.167,648,person,0.7084,531,352,1263,714,0,2
11825,394.167,662,car,0.6775,1155,55,1214,94,0,2
11826,394.2,646,car,0.8467,1039,40,1167,157,0,2
11826,394.2,648,person,0.6306,518,345,1259,714,0,2
11827,394.233,646,car,0.7503,1030,32,1157,146,0,2
11827,394.233,648,person,0.7186,498,338,1248,713,0,2
11828,394.267,646,car,0.8086,1016,23,1142,136,0,2
11829,394.3,646,car,0.8198,1006,17,1130,128,0,2
11830,394.333,646,car,0.879,986,10,1109,119,0,2
11830,394.333,648,person,0.7244,421,301,1233,712,0,2
11831,394.367,646,car,0.8882,961,3,1080,110,0,2
11831,394.367,648,person,0.7698,376,279,1219,712,0,2
11832,394.4,646,car,0.8768,942,0,1059,105,0,2
11832,394.4,648,person,0.7897,353,270,1210,713,0,2
11833,394.433,646,car,0.8704,917,0,1027,96,0,2
11833,394.433,648,person,0.8107,311,257,1179,712,0,2
11834,394.467,646,car,0.8889,887,0,991,89,0,2
11834,394.467,648,person,0.7988,278,242,1168,712,0,2
11835,394.5,646,car,0.8333,865,0,965,83,0,2
11835,394.5,648,person,0.8478,259,234,1163,713,0,2
11836,394.533,646,car,0.8695,835,0,930,80,0,2
11836,394.533,648,person,0.8747,238,214,1182,713,0,2
11837,394.567,646,car,0.8844,801,0,894,77,0,2
11837,394.567,648,person,0.8858,208,199,1181,712,0,2
11838,394.6,646,car,0.8666,778,0,870,73,0,2
11838,394.6,648,person,0.8302,195,186,1195,712,0,2
11838,394.6,668,cell phone,0.434,981,289,1275,606,0,2
11839,394.633,646,car,0.8756,747,0,838,71,0,2
11839,394.633,648,person,0.6379,178,178,1197,711,0,2
11839,394.633,668,cell phone,0.5716,978,286,1237,560,0,2
11840,394.667,646,car,0.8774,715,0,803,67,0,2
11840,394.667,668,cell phone,0.6539,936,281,1218,581,0,2
11841,394.7,646,car,0.8724,693,0,782,67,0,2
11841,394.7,668,cell phone,0.4666,906,278,1216,606,0,2
11841,394.7,648,person,0.6367,145,166,1191,710,0,2
11842,394.733,646,car,0.8801,663,0,752,66,0,2
11842,394.733,668,cell phone,0.4818,880,271,1193,602,0,2
11842,394.733,648,person,0.6013,130,160,1193,709,0,2
11843,394.767,646,car,0.8655,632,0,721,65,0,2
11844,394.8,646,car,0.8821,611,0,701,64,0,2
11845,394.833,646,car,0.8673,584,0,673,64,0,2
11846,394.867,646,car,0.8741,554,0,645,63,1,2
11847,394.9,646,car,0.8686,535,0,625,63,1,2
11848,394.933,646,car,0.8478,509,0,601,64,1,2
11849,394.967,646,car,0.8665,479,0,574,65,1,2
11850,395.0,646,car,0.8708,458,0,555,66,1,2
11851,395.033,646,car,0.8577,433,0,533,69,0,2
11851,395.033,648,car,0.6542,81,138,1191,697,0,2
11852,395.067,646,car,0.8717,407,0,509,71,0,2
11853,395.1,646,car,0.8538,389,1,493,72,0,2
11853,395.1,670,car,0.6286,261,0,350,27,0,2
11854,395.133,646,car,0.8667,365,1,472,77,0,2
11854,395.133,670,car,0.6434,230,0,328,31,0,2
11855,395.167,646,car,0.8873,339,1,453,80,0,2
11855,395.167,670,car,0.7527,190,1,303,38,0,2
11856,395.2,646,car,0.8548,322,0,438,82,0,2
11856,395.2,670,car,0.805,165,2,285,42,0,2
11857,395.233,646,car,0.9038,302,0,419,85,0,2
11857,395.233,670,car,0.7868,134,5,261,47,0,2
11858,395.267,646,car,0.873,279,1,400,88,0,2
11858,395.267,670,car,0.7998,104,10,231,54,0,2
11859,395.3,646,car,0.8905,264,1,387,90,0,2
11859,395.3,670,car,0.8631,83,14,213,58,0,2
11860,395.333,646,car,0.8617,246,2,369,94,0,2
11860,395.333,670,car,0.7318,61,19,186,64,0,2
11861,395.367,646,car,0.8387,223,5,350,99,0,2
11861,395.367,670,car,0.6226,33,27,159,72,0,2
11862,395.4,646,car,0.8636,210,7,336,103,0,2
11862,395.4,670,car,0.7385,15,32,141,78,0,2
11863,395.433,646,car,0.8471,192,10,317,107,0,2
11863,395.433,670,car,0.7618,0,39,117,87,0,2
11864,395.467,646,car,0.8678,174,14,299,113,0,2
11864,395.467,670,car,0.7497,0,47,93,94,0,2
11865,395.5,646,car,0.8529,159,16,287,117,0,2
11865,395.5,670,car,0.6045,0,53,79,98,0,2
11866,395.533,646,car,0.8659,142,21,270,122,0,2
11867,395.567,646,car,0.8544,125,26,251,129,0,2
11868,395.6,646,car,0.8751,112,30,239,134,0,2
11869,395.633,646,car,0.8756,97,35,223,139,0,2
11870,395.667,646,car,0.818,80,40,208,146,0,2
11871,395.7,646,car,0.8367,70,45,195,151,0,2
11872,395.733,646,car,0.8554,56,51,181,157,0,2
11873,395.767,646,car,0.6274,40,57,166,165,0,2
11874,395.8,646,car,0.8137,29,62,154,169,0,2
11875,395.833,646,car,0.6934,15,67,138,174,0,2
11876,395.867,646,car,0.66,1,73,122,177,0,2
11877,395.9,646,car,0.7728,0,78,111,177,0,2
11878,395.933,646,car,0.6927,0,85,101,179,0,2
11885,396.167,-1,car,0.6725,544,0,603,23,0,2
11887,396.233,-1,car,0.628,533,0,595,26,0,2
11891,396.367,-1,car,0.6066,509,1,573,33,0,2
11891,396.367,-1,person,0.6025,185,405,794,712,0,2
11893,396.433,-1,car,0.693,503,0,567,33,0,2
11895,396.5,-1,car,0.6019,491,0,563,35,0,2
11896,396.533,678,car,0.7207,486,0,560,37,0,2
11897,396.567,678,car,0.8502,481,0,558,38,0,2
11898,396.6,678,car,0.7279,478,0,555,39,0,2
11899,396.633,678,car,0.7041,473,0,552,40,0,2
11900,396.667,678,car,0.8027,469,0,550,40,0,2
11901,396.7,678,car,0.8041,466,1,546,41,0,2
11902,396.733,678,car,0.7399,462,1,542,41,0,2
11903,396.767,678,car,0.7716,456,1,538,42,0,2
11904,396.8,678,car,0.8285,453,1,535,42,0,2
11906,396.867,678,car,0.8165,439,1,527,46,0,2
11907,396.9,678,car,0.8531,433,1,523,47,0,2
11908,396.933,678,car,0.8384,424,1,518,48,0,2
11909,396.967,678,car,0.849,416,1,511,50,0,2
11909,396.967,680,person,0.6322,315,351,1134,711,0,2
11910,397.0,678,car,0.8462,410,2,506,50,0,2
11911,397.033,678,car,0.827,401,2,499,53,0,2
11912,397.067,678,car,0.883,391,3,491,56,0,2
11913,397.1,678,car,0.8637,382,5,486,58,0,2
11914,397.133,678,car,0.8702,370,5,480,63,0,2
11915,397.167,678,car,0.823,358,7,467,65,0,2
11916,397.2,678,car,0.7659,351,9,459,66,0,2
11917,397.233,678,car,0.6583,341,13,446,69,0,2
11918,397.267,681,car,0.7513,165,240,322,448,0,2
11919,397.3,681,car,0.7497,165,241,322,448,0,2
11919,397.3,678,car,0.6474,312,16,427,78,0,2
11920,397.333,678,car,0.6305,302,19,416,81,0,2
11924,397.467,680,person,0.7703,154,161,1280,711,0,2
11925,397.5,680,person,0.834,159,150,1280,711,0,2
11927,397.567,680,person,0.8681,174,149,1280,710,0,2
11928,397.6,680,person,0.8165,187,151,1280,709,0,2
11932,397.733,680,person,0.6357,194,158,1280,706,0,2
11933,397.767,680,person,0.6955,195,162,1280,706,0,2
11934,397.8,680,person,0.7795,200,169,1280,706,0,2
11935,397.833,680,person,0.8831,211,186,1269,707,0,2
11936,397.867,680,person,0.7753,206,182,1269,707,0,2
11937,397.9,680,person,0.8749,213,192,1255,707,0,2
11938,397.933,680,person,0.8238,208,202,1230,709,0,2
11939,397.967,680,person,0.8086,211,203,1232,710,0,2
11941,398.033,680,person,0.6338,209,231,1176,710,0,2
11942,398.067,680,person,0.6612,208,243,1152,711,0,2
11944,398.133,680,person,0.6284,248,259,1174,711,0,2
11946,398.2,680,person,0.612,259,265,1190,712,0,2
11969,398.967,-1,cell phone,0.4527,818,301,1168,702,0,2
11970,399.0,683,cell phone,0.4305,823,301,1171,701,0,2
11971,399.033,683,cell phone,0.568,830,301,1165,683,0,2
11972,399.067,683,cell phone,0.472,829,301,1166,688,0,2
11973,399.1,683,cell phone,0.3331,826,301,1163,688,0,2
11978,399.267,683,cell phone,0.3408,855,305,1157,651,0,2
11979,399.3,683,cell phone,0.3182,858,305,1158,649,0,2
11980,399.333,683,cell phone,0.3321,859,305,1160,648,0,2
11997,399.9,-1,person,0.6578,216,381,1026,711,0,2
11998,399.933,684,person,0.6447,215,381,1026,711,0,2
12020,400.667,-1,person,0.6315,224,400,435,712,0,2
12022,400.733,-1,person,0.6604,221,400,431,713,0,2
12023,400.767,686,person,0.6311,221,402,429,713,0,2
12024,400.8,686,person,0.6408,221,406,426,713,0,2
12025,400.833,686,person,0.611,218,411,421,712,0,2
12029,400.967,686,person,0.6227,221,406,426,713,0,2
12030,401.0,686,person,0.649,222,408,427,712,0,2
12031,401.033,686,person,0.6566,225,408,430,712,0,2
12072,402.4,-1,car,0.6277,649,30,690,59,0,2
12075,402.5,-1,car,0.61,650,31,696,63,0,2
12076,402.533,688,car,0.6332,650,31,697,63,0,2
12080,402.667,688,car,0.6151,655,30,704,65,0,2
12084,402.8,688,car,0.6144,659,31,715,71,0,2
12085,402.833,688,car,0.6362,662,32,719,73,0,2
12086,402.867,688,car,0.6755,662,32,721,74,0,2
12087,402.9,688,car,0.6242,663,33,723,77,0,2
12088,402.933,688,car,0.62,666,33,727,77,0,2
12089,402.967,688,car,0.6565,667,33,730,78,0,2
12090,403.0,688,car,0.6491,667,33,733,79,0,2
12092,403.067,688,car,0.6197,671,32,742,83,0,2
12093,403.1,688,truck,0.4179,672,32,746,86,0,2
12096,403.2,688,car,0.713,678,34,757,90,0,2
12097,403.233,688,car,0.723,680,34,763,94,0,2
12098,403.267,688,car,0.6224,683,35,770,97,0,2
12099,403.3,688,car,0.6134,686,35,777,101,0,2
12101,403.367,688,car,0.6286,693,38,791,107,0,2
12102,403.4,688,car,0.6446,698,39,798,110,0,2
12103,403.433,-1,person,0.6324,230,417,430,712,0,2
12104,403.467,688,car,0.683,718,42,826,120,0,2
12105,403.5,688,car,0.6717,726,45,835,125,0,2
12106,403.533,688,car,0.674,734,46,847,130,0,2
12108,403.6,688,car,0.7839,750,49,872,141,0,2
12109,403.633,688,car,0.7482,759,49,889,147,0,2
12110,403.667,688,car,0.7495,757,49,901,155,0,2
12111,403.7,688,car,0.6913,775,50,923,162,0,2
12112,403.733,688,car,0.8323,774,51,936,171,0,2
12113,403.767,688,car,0.8769,778,51,960,184,0,2
12114,403.8,688,car,0.8842,784,54,981,194,0,2
12115,403.833,688,car,0.863,795,55,1014,207,0,2
12116,403.867,688,car,0.9097,811,57,1053,224,0,2
12117,403.9,688,car,0.8445,826,59,1081,232,0,2
12118,403.933,688,car,0.8272,855,64,1121,238,0,2
12119,403.967,688,car,0.8225,896,71,1186,251,0,2
12120,404.0,688,car,0.8117,911,74,1223,263,0,2
12120,404.0,692,car,0.6302,661,66,719,109,0,2
12121,404.033,688,car,0.7913,926,83,1247,273,0,2
12121,404.033,692,car,0.7362,662,66,723,112,0,2
12122,404.067,688,car,0.6753,950,97,1263,280,0,2
12122,404.067,692,car,0.7169,661,67,729,117,0,2
12123,404.1,688,car,0.6489,970,110,1271,282,0,2
12125,404.167,-1,person,0.6052,255,453,435,717,0,2
12126,404.2,692,car,0.6686,675,75,744,126,0,2
12127,404.233,694,cell phone,0.3431,840,359,1119,687,0,2
12127,404.233,692,car,0.6556,680,78,750,128,0,2
12128,404.267,694,cell phone,0.3795,845,358,1114,673,0,2
12128,404.267,692,car,0.7668,681,78,755,131,0,2
12129,404.3,692,car,0.8041,683,79,761,134,0,2
12129,404.3,696,car,0.6119,649,80,686,111,1,2
12130,404.333,692,car,0.829,687,79,769,137,0,2
12130,404.333,696,car,0.6357,650,81,689,113,1,2
12131,404.367,692,car,0.8456,691,80,778,142,0,2
12131,404.367,696,car,0.6031,650,83,691,118,1,2
12132,404.4,692,car,0.8392,695,81,784,145,0,2
12133,404.433,692,car,0.8818,698,85,792,150,0,2
12133,404.433,696,car,0.6465,655,87,698,123,1,2
12134,404.467,692,car,0.8099,705,87,803,155,0,2
12134,404.467,698,person,0.6398,205,377,1003,714,0,2
12135,404.5,692,car,0.8387,711,88,813,159,0,2
12135,404.5,696,car,0.612,658,89,706,129,1,2
12136,404.533,692,car,0.8423,718,91,827,168,0,2
12137,404.567,692,car,0.8344,726,94,842,175,0,2
12137,404.567,699,car,0.6259,633,88,673,119,1,2
12138,404.6,692,car,0.8333,729,95,851,181,0,2
12138,404.6,699,car,0.6321,631,88,672,120,1,2
12139,404.633,692,car,0.8198,736,97,866,187,0,2
12140,404.667,692,car,0.8622,746,101,882,193,0,2
12140,404.667,696,car,0.7029,670,97,726,143,1,2
12141,404.7,692,car,0.8674,754,104,896,200,0,2
12141,404.7,696,car,0.6731,672,97,729,145,1,2
12141,404.7,699,car,0.6357,640,93,688,128,1,2
12142,404.733,692,car,0.8575,761,106,922,215,0,2
12142,404.733,696,car,0.789,674,98,733,146,1,2
12142,404.733,699,car,0.647,642,93,690,129,1,2
12143,404.767,692,car,0.8542,771,110,952,231,0,2
12143,404.767,696,car,0.7125,679,99,737,147,1,2
12143,404.767,699,car,0.6035,645,94,693,131,1,2
12143,404.767,702,car,0.7217,727,105,801,167,0,2
12144,404.8,692,car,0.8738,781,110,974,240,0,2
12144,404.8,696,car,0.6856,683,101,744,150,1,2
12144,404.8,702,car,0.6222,734,106,809,170,0,2
12145,404.833,692,car,0.8719,793,113,1005,254,0,2
12145,404.833,696,car,0.8066,688,99,754,153,1,2
12145,404.833,702,car,0.8085,743,107,826,176,0,2
12146,404.867,692,car,0.8624,810,117,1046,271,0,2
12146,404.867,696,car,0.6115,691,102,759,157,1,2
12146,404.867,702,car,0.8608,753,110,842,183,0,2
12147,404.9,692,car,0.8886,827,119,1075,280,0,2
12147,404.9,696,car,0.741,694,103,765,160,1,2
12147,404.9,702,car,0.8797,759,110,857,189,0,2
12147,404.9,699,car,0.6625,653,97,703,137,1,2
12148,404.933,692,car,0.9176,856,125,1117,291,0,2
12148,404.933,696,car,0.7643,698,105,771,162,0,2
12148,404.933,702,car,0.8684,769,112,877,198,0,2
12148,404.933,699,car,0.729,654,97,707,139,1,2
12149,404.967,692,car,0.9144,898,133,1167,297,0,2
12149,404.967,696,car,0.7365,704,106,783,168,0,2
12149,404.967,702,car,0.8979,782,117,895,203,0,2
12149,404.967,699,car,0.7602,656,97,713,142,1,2
12150,405.0,692,car,0.8687,929,139,1210,304,0,2
12150,405.0,696,car,0.7536,707,106,791,171,0,2
12150,405.0,702,car,0.8856,791,118,911,210,0,2
12150,405.0,699,car,0.7622,658,96,717,143,1,2
12151,405.033,692,car,0.8674,960,149,1230,299,0,2
12151,405.033,696,car,0.8019,718,109,807,177,0,2
12151,405.033,702,car,0.9022,803,120,936,219,0,2
12151,405.033,699,car,0.7415,661,97,721,145,1,2
12152,405.067,692,car,0.8553,987,162,1251,306,0,2
12152,405.067,696,car,0.8294,722,110,816,183,0,2
12152,405.067,702,car,0.8598,815,122,963,231,0,2
12152,405.067,699,car,0.8021,663,97,726,147,1,2
12153,405.1,692,car,0.8247,1013,175,1261,306,0,2
12153,405.1,696,car,0.8576,728,111,826,186,0,2
12153,405.1,702,car,0.8294,825,125,984,239,0,2
12153,405.1,699,car,0.8111,664,98,729,150,1,2
12154,405.133,696,car,0.7736,734,113,838,191,0,2
12154,405.133,702,car,0.8595,842,129,1019,254,0,2
12154,405.133,699,car,0.7407,669,99,735,152,1,2
12155,405.167,696,car,0.7473,752,117,859,197,0,2
12155,405.167,702,car,0.8734,863,135,1059,271,0,2
12155,405.167,699,car,0.8045,673,101,742,155,1,2
12156,405.2,696,car,0.8307,752,118,867,202,0,2
12156,405.2,702,car,0.8822,878,139,1090,283,0,2
12156,405.2,699,car,0.7767,678,103,746,158,1,2
12157,405.233,696,car,0.7416,760,121,883,210,0,2
12157,405.233,702,car,0.9002,906,146,1134,296,0,2
12157,405.233,699,car,0.7783,681,105,753,161,1,2
12158,405.267,696,car,0.8421,769,122,906,218,0,2
12158,405.267,702,car,0.8519,949,154,1186,304,0,2
12158,405.267,699,car,0.8095,687,105,763,165,1,2
12158,405.267,704,car,0.6346,645,94,712,146,1,2
12158,405.267,705,person,0.6245,263,440,434,711,0,2
12159,405.3,696,car,0.8527,777,123,926,225,0,2
12159,405.3,702,car,0.8531,973,161,1223,312,0,2
12159,405.3,699,car,0.82,691,105,770,167,1,2
12160,405.333,696,car,0.845,791,123,952,233,0,2
12160,405.333,702,car,0.7898,999,173,1241,313,0,2
12160,405.333,699,car,0.8405,698,105,781,169,1,2
12160,405.333,704,car,0.6451,656,94,725,147,1,2
12161,405.367,696,car,0.8818,803,125,987,247,0,2
12161,405.367,702,car,0.7698,1033,186,1259,314,0,2
12161,405.367,699,car,0.8645,705,105,793,173,0,2
12162,405.4,696,car,0.8158,816,126,1014,256,0,2
12162,405.4,699,car,0.8098,710,105,801,174,0,2
12163,405.433,696,car,0.8856,833,127,1054,270,0,2
12163,405.433,699,car,0.8593,718,105,815,177,0,2
12163,405.433,708,traffic light,0.3648,1069,0,1219,75,0,2
12164,405.467,696,car,0.8913,858,131,1103,287,0,2
12164,405.467,699,car,0.8484,728,105,829,181,0,2
12164,405.467,708,traffic light,0.4093,1099,0,1247,73,0,2
12165,405.5,696,car,0.8961,881,135,1139,297,0,2
12165,405.5,699,car,0.8398,734,104,841,184,0,2
12165,405.5,704,car,0.6384,687,89,767,152,0,2
12166,405.533,696,car,0.8692,920,142,1189,304,0,2
12166,405.533,699,car,0.8552,745,105,858,189,0,2
12167,405.567,696,car,0.8691,953,152,1231,314,0,2
12167,405.567,699,car,0.8516,758,106,875,193,0,2
12167,405.567,704,truck,0.4142,696,87,785,157,0,2
12168,405.6,696,car,0.8534,970,160,1250,319,0,2
12168,405.6,699,car,0.6478,775,109,895,199,0,2
12169,405.633,696,car,0.7818,999,171,1263,320,0,2
12169,405.633,699,car,0.857,779,110,910,205,0,2
12169,405.633,708,traffic light,0.4369,1123,1,1267,72,0,2
12170,405.667,699,car,0.8144,791,111,929,211,0,2
12170,405.667,708,traffic light,0.4459,1122,0,1272,73,0,2
12171,405.7,699,car,0.8562,798,111,946,217,0,2
12171,405.7,708,traffic light,0.5018,1121,0,1273,74,0,2
12172,405.733,699,car,0.8599,807,112,970,227,0,2
12172,405.733,708,traffic light,0.4177,1117,0,1277,79,0,2
12173,405.767,699,car,0.8618,819,115,1000,241,0,2
12173,405.767,704,truck,0.4419,742,86,857,178,0,2
12174,405.8,699,car,0.8568,829,115,1023,251,0,2
12174,405.8,704,truck,0.4058,746,85,864,181,0,2
12175,405.833,699,car,0.8777,842,119,1056,267,0,2
12175,405.833,704,truck,0.4749,757,86,878,184,0,2
12176,405.867,699,car,0.9104,862,122,1093,281,0,2
12176,405.867,704,truck,0.5354,757,86,885,189,0,2
12177,405.9,699,car,0.894,878,125,1122,291,0,2
12177,405.9,704,truck,0.4024,767,86,897,192,0,2
12178,405.933,699,car,0.8928,902,129,1168,307,0,2
12178,405.933,704,truck,0.5954,767,85,907,199,0,2
12179,405.967,699,car,0.8703,934,136,1226,327,0,2
12179,405.967,704,truck,0.4571,770,85,920,206,0,2
12180,406.0,699,car,0.8632,950,141,1254,336,0,2
12180,406.0,704,truck,0.4917,773,86,934,213,0,2
12181,406.033,699,car,0.8735,969,147,1271,339,0,2
12181,406.033,704,truck,0.5425,781,86,951,219,0,2
12182,406.067,699,car,0.8167,998,161,1280,343,0,2
12182,406.067,704,truck,0.5619,789,86,976,231,0,2
12183,406.1,699,car,0.8454,1025,175,1280,342,0,2
12183,406.1,704,truck,0.5282,795,86,995,239,0,2
12184,406.133,699,car,0.649,1077,208,1280,337,0,2
12184,406.133,704,truck,0.4751,806,86,1025,251,0,2
12185,406.167,704,truck,0.6429,819,86,1062,267,0,2
12186,406.2,704,truck,0.5259,827,86,1088,279,0,2
12187,406.233,704,truck,0.6898,843,87,1131,296,0,2
12188,406.267,704,truck,0.6083,866,88,1185,315,0,2
12189,406.3,704,car,0.7059,889,89,1221,319,0,2
12190,406.333,-1,traffic light,0.3229,1082,1,1279,87,0,2
12191,406.367,704,car,0.6122,921,96,1262,330,0,2
12192,406.4,704,car,0.6731,926,95,1279,338,0,2
12193,406.433,712,traffic light,0.4188,1080,1,1275,86,0,2
12194,406.467,704,car,0.6491,975,109,1280,339,0,2
12196,406.533,712,traffic light,0.334,1071,0,1264,85,0,2
12217,407.233,-1,traffic light,0.3365,1051,9,1221,89,0,2
12237,407.9,-1,traffic light,0.3614,1038,5,1205,78,0,2
12239,407.967,-1,traffic light,0.3435,1027,2,1202,77,0,2
12240,408.0,715,traffic light,0.4513,1023,3,1209,82,0,2
12242,408.067,715,traffic light,0.4219,990,2,1200,91,0,2
12244,408.133,715,traffic light,0.6009,995,1,1208,93,0,2
12245,408.167,715,traffic light,0.3313,1017,9,1203,90,0,2
12246,408.2,715,traffic light,0.5417,1016,3,1205,86,0,2
12247,408.233,715,traffic light,0.3609,1030,8,1202,83,0,2
12250,408.333,715,traffic light,0.397,1029,6,1208,85,0,2
12251,408.367,715,traffic light,0.3047,1032,8,1208,86,0,2
12252,408.4,715,traffic light,0.3218,1038,14,1205,88,0,2
12280,409.333,-1,traffic light,0.3774,1045,0,1207,64,0,2
12282,409.4,-1,traffic light,0.5405,1048,0,1208,67,0,2
12293,409.767,-1,car,0.6464,567,115,594,134,1,2
12294,409.8,719,car,0.642,567,114,594,134,1,2
12304,410.133,-1,traffic light,0.3489,1040,0,1200,62,0,2
12305,410.167,720,traffic light,0.5461,1033,0,1191,61,0,2
12306,410.2,720,traffic light,0.3248,1035,0,1186,58,0,2
12308,410.267,720,traffic light,0.3188,1030,0,1185,59,0,2
12319,410.633,720,traffic light,0.5666,1023,0,1187,63,0,2
12340,411.333,-1,car,0.6762,455,101,504,143,1,2
12341,411.367,721,car,0.6629,450,101,502,145,1,2
12343,411.433,721,car,0.6747,442,101,496,149,1,2
12344,411.467,721,car,0.7262,435,102,494,153,1,2
12345,411.5,721,car,0.7054,430,99,491,154,1,2
12346,411.533,721,car,0.7549,423,98,490,158,1,2
12347,411.567,721,car,0.7742,415,98,486,161,1,2
12348,411.6,721,car,0.7951,409,101,481,163,1,2
12349,411.633,721,car,0.7396,400,101,478,169,1,2
12350,411.667,721,car,0.8139,390,101,472,174,1,2
12351,411.7,721,car,0.7718,382,102,466,177,1,2
12352,411.733,721,car,0.8055,368,103,459,183,1,2
12353,411.767,721,car,0.744,350,105,451,193,1,2
12354,411.8,721,car,0.7272,336,107,445,201,1,2
12355,411.833,721,car,0.7966,314,109,434,211,1,2
12356,411.867,721,car,0.7257,286,111,423,226,1,2
12357,411.9,721,car,0.7685,256,112,406,235,0,2
12358,411.933,721,car,0.8738,229,115,393,250,0,2
12359,411.967,721,car,0.8256,197,120,379,270,0,2
12360,412.0,721,car,0.7595,179,123,362,271,0,2
12361,412.033,721,car,0.6667,162,130,342,275,0,2
12362,412.067,-1,car,0.6097,538,98,571,118,1,2
12364,412.133,-1,car,0.6039,537,98,570,119,1,2
12366,412.2,-1,car,0.6682,536,98,569,119,1,2
12370,412.333,-1,person,0.6217,278,445,919,714,0,2
12372,412.4,-1,person,0.6374,285,443,919,715,0,2
12373,412.433,727,person,0.6376,285,442,922,715,0,2
12376,412.533,-1,car,0.6465,441,99,470,118,1,2
12376,412.533,-1,car,0.6022,520,99,557,120,1,2
12383,412.767,-1,car,0.6236,507,97,544,121,1,2
12383,412.767,-1,car,0.6054,438,102,466,123,1,2
12384,412.8,-1,person,0.6149,283,462,427,714,0,2
12386,412.867,-1,car,0.6709,434,104,465,126,1,2
12386,412.867,-1,car,0.6117,503,98,542,121,1,2
12387,412.9,733,car,0.6453,434,105,465,126,1,2
12387,412.9,734,car,0.61,502,98,541,121,1,2
12391,413.033,727,person,0.6022,279,426,957,714,0,2
12392,413.067,733,car,0.6687,422,104,462,131,1,2
12393,413.1,733,car,0.6223,421,104,462,133,1,2
12394,413.133,733,car,0.6337,419,105,462,134,1,2
12395,413.167,733,car,0.6803,416,105,459,136,1,2
12395,413.167,727,person,0.6111,266,419,959,715,0,2
12396,413.2,733,car,0.7319,414,105,459,137,1,2
12396,413.2,727,person,0.6227,265,418,960,715,0,2
12397,413.233,733,car,0.7057,411,105,458,138,1,2
12397,413.233,727,person,0.689,267,418,959,715,0,2
12397,413.233,734,car,0.6374,483,95,528,122,1,2
12398,413.267,733,car,0.7039,408,104,457,139,1,2
12398,413.267,727,person,0.7168,266,410,970,714,0,2
12398,413.267,734,car,0.6176,482,94,528,122,1,2
12399,413.3,733,car,0.7421,405,104,458,143,1,2
12399,413.3,727,person,0.7062,264,406,976,714,0,2
12399,413.3,734,car,0.6508,480,94,527,122,1,2
12400,413.333,733,car,0.7468,403,104,457,144,1,2
12400,413.333,727,person,0.6646,262,398,984,714,0,2
12400,413.333,734,car,0.6582,479,93,526,121,1,2
12401,413.367,733,car,0.742,400,103,456,145,1,2
12401,413.367,727,person,0.6487,263,389,1002,714,0,2
12401,413.367,734,car,0.6679,478,91,523,120,1,2
12402,413.4,733,car,0.75,395,103,454,146,1,2
12402,413.4,727,person,0.6534,265,385,1013,713,0,2
12402,413.4,734,car,0.6309,478,91,522,120,1,2
12403,413.433,733,car,0.7501,391,103,454,150,1,2
12403,413.433,727,person,0.6719,269,385,1014,714,0,2
12403,413.433,734,car,0.6515,477,90,521,120,1,2
12404,413.467,733,car,0.8335,386,103,451,154,1,2
12404,413.467,727,person,0.6211,272,385,1019,714,0,2
12404,413.467,734,car,0.6442,477,90,521,120,1,2
12405,413.5,733,car,0.8643,382,104,449,157,1,2
12405,413.5,734,car,0.6152,475,90,519,119,1,2
12406,413.533,733,car,0.8498,375,104,447,161,1,2
12406,413.533,727,person,0.6396,275,385,1021,713,0,2
12407,413.567,733,car,0.7648,368,106,443,166,1,2
12408,413.6,733,car,0.7676,361,107,439,169,1,2
12409,413.633,733,car,0.7888,352,109,435,176,1,2
12410,413.667,733,car,0.7164,341,110,430,182,1,2
12410,413.667,727,person,0.6264,281,393,1009,714,0,2
12411,413.7,733,car,0.6588,330,112,425,189,0,2
12411,413.7,727,person,0.6665,282,394,1006,715,0,2
12412,413.733,733,car,0.7902,315,113,419,198,0,2
12412,413.733,727,person,0.7012,281,394,1001,715,0,2
12413,413.767,733,car,0.7312,295,117,410,209,0,2
12413,413.767,727,person,0.7288,285,395,998,714,0,2
12413,413.767,734,car,0.6144,469,89,514,121,1,2
12414,413.8,727,person,0.681,289,398,997,714,0,2
12414,413.8,734,car,0.6413,469,89,514,121,1,2
12415,413.833,727,person,0.7055,296,398,1003,714,0,2
12415,413.833,734,car,0.6288,469,90,514,121,1,2
12415,413.833,733,car,0.8118,257,121,391,229,0,2
12416,413.867,727,person,0.6996,299,394,1013,714,0,2
12416,413.867,734,car,0.6558,470,90,514,121,1,2
12416,413.867,736,person,0.6782,303,519,435,718,0,2
12416,413.867,733,car,0.8219,237,126,383,241,0,2
12417,413.9,727,person,0.6901,303,393,1018,714,0,2
12417,413.9,734,car,0.646,471,89,515,121,1,2
12417,413.9,736,person,0.6263,304,519,435,718,0,2
12417,413.9,733,car,0.7738,224,127,376,249,0,2
12418,413.933,727,person,0.7128,306,393,1019,714,0,2
12418,413.933,734,car,0.6201,472,89,514,119,1,2
12418,413.933,736,person,0.6324,305,519,438,718,0,2
12419,413.967,727,person,0.7202,304,391,1021,713,0,2
12419,413.967,734,car,0.6187,473,87,517,118,1,2
12419,413.967,736,person,0.6332,305,519,438,718,0,2
12420,414.0,727,person,0.7738,302,390,1019,713,0,2
12420,414.0,734,car,0.668,473,86,518,117,1,2
12420,414.0,736,person,0.6332,304,518,437,718,0,2
12421,414.033,727,person,0.8287,297,385,1021,712,0,2
12421,414.033,734,car,0.6662,473,83,518,115,1,2
12422,414.067,727,person,0.8577,291,382,1022,712,0,2
12422,414.067,734,car,0.687,473,82,518,115,1,2
12423,414.1,727,person,0.8762,287,381,1019,712,0,2
12423,414.1,734,car,0.7008,473,81,519,115,1,2
12424,414.133,727,person,0.8393,283,379,1017,712,0,2
12424,414.133,734,car,0.7033,472,81,518,114,1,2
12425,414.167,727,person,0.8802,280,379,1013,712,0,2
12425,414.167,734,car,0.7207,472,81,517,114,1,2
12426,414.2,727,person,0.8254,278,379,1008,713,0,2
12426,414.2,734,car,0.7223,471,81,515,113,1,2
12427,414.233,727,person,0.668,277,381,1005,713,0,2
12427,414.233,734,car,0.7274,471,81,514,113,1,2
12428,414.267,727,person,0.7012,278,382,1000,714,0,2
12428,414.267,734,car,0.6676,471,80,513,112,1,2
12429,414.3,727,person,0.6524,279,382,999,714,0,2
12429,414.3,734,car,0.6836,470,80,513,112,1,2
12430,414.333,727,person,0.6878,280,383,997,714,0,2
12430,414.333,734,car,0.6924,470,80,512,112,1,2
12430,414.333,738,car,0.6578,1011,126,1074,162,0,2
12431,414.367,727,person,0.6918,280,382,997,714,0,2
12431,414.367,734,car,0.6633,467,79,510,112,1,2
12432,414.4,727,person,0.643,279,381,997,714,0,2
12432,414.4,734,car,0.6391,466,79,509,111,1,2
12433,414.433,727,person,0.7588,280,379,997,714,0,2
12433,414.433,734,car,0.6592,465,79,507,111,1,2
12434,414.467,727,person,0.813,280,377,999,713,0,2
12434,414.467,734,car,0.6812,464,78,506,110,1,2
12435,414.5,727,person,0.843,279,375,1001,713,0,2
12435,414.5,734,car,0.6713,464,78,505,109,1,2
12436,414.533,727,person,0.8112,274,373,1002,713,0,2
12436,414.533,734,car,0.6969,463,77,504,109,1,2
12437,414.567,727,person,0.81,270,370,1002,714,0,2
12437,414.567,734,car,0.6341,462,75,502,107,1,2
12438,414.6,727,person,0.813,267,369,1001,714,0,2
12438,414.6,734,car,0.6391,461,75,501,106,1,2
12439,414.633,727,person,0.8206,263,369,999,715,0,2
12439,414.633,734,car,0.6407,458,73,499,104,1,2
12440,414.667,727,person,0.8464,257,367,991,714,0,2
12441,414.7,727,person,0.8584,253,367,986,713,0,2
12441,414.7,734,car,0.6106,456,72,496,103,1,2
12442,414.733,727,person,0.8607,247,365,982,713,0,2
12442,414.733,734,car,0.6821,455,72,495,102,1,2
12443,414.767,727,person,0.8492,242,361,979,713,0,2
12443,414.767,734,car,0.7069,454,71,494,102,1,2
12444,414.8,727,person,0.8307,240,360,979,713,0,2
12444,414.8,734,car,0.7151,453,71,493,102,1,2
12444,414.8,739,car,0.6616,1224,174,1280,221,0,2
12445,414.833,727,person,0.8406,240,359,979,713,0,2
12445,414.833,734,car,0.7162,451,72,490,102,1,2
12446,414.867,727,person,0.8621,241,359,976,712,0,2
12446,414.867,734,car,0.7019,450,72,489,102,1,2
12447,414.9,727,person,0.8297,243,359,976,712,0,2
12447,414.9,734,car,0.6665,449,72,489,102,1,2
12448,414.933,727,person,0.7883,247,361,974,712,0,2
12448,414.933,734,car,0.6374,449,73,488,103,1,2
12449,414.967,727,person,0.7449,249,365,967,713,0,2
12450,415.0,727,person,0.752,251,367,963,713,0,2
12451,415.033,727,person,0.72,256,368,963,713,0,2
12452,415.067,727,person,0.6972,261,368,966,713,0,2
12453,415.1,727,person,0.7259,264,368,968,713,0,2
12454,415.133,727,person,0.7274,267,366,977,713,0,2
12455,415.167,727,person,0.6757,275,365,989,713,0,2
12456,415.2,727,person,0.6708,279,365,995,713,0,2
12457,415.233,727,person,0.6556,280,363,1002,713,0,2
12458,415.267,727,person,0.6824,267,361,993,713,0,2
12459,415.3,727,person,0.6247,267,358,999,713,0,2
12460,415.333,727,person,0.6423,265,357,1002,713,0,2
12461,415.367,727,person,0.6897,267,355,1009,712,0,2
12462,415.4,727,person,0.6825,263,354,1007,712,0,2
12462,415.4,734,car,0.6072,439,74,478,104,1,2
12463,415.433,727,person,0.6417,255,354,998,712,0,2
12463,415.433,734,car,0.6013,438,74,477,104,1,2
12464,415.467,727,person,0.7378,245,354,985,711,0,2
12465,415.5,727,person,0.7416,240,355,976,711,0,2
12466,415.533,727,person,0.7937,241,360,967,711,0,2
12467,415.567,727,person,0.848,243,363,965,711,0,2
12468,415.6,727,person,0.8443,246,365,965,711,0,2
12469,415.633,727,person,0.7312,248,365,968,711,0,2
12470,415.667,727,person,0.7532,249,363,974,712,0,2
12470,415.667,734,car,0.6121,438,73,478,104,1,2
12471,415.7,727,person,0.8294,246,361,975,712,0,2
12471,415.7,734,car,0.6456,438,72,479,104,1,2
12472,415.733,727,person,0.7078,256,359,992,712,0,2
12472,415.733,734,car,0.6605,438,72,478,104,1,2
12473,415.767,727,person,0.6948,264,360,1002,712,0,2
12473,415.767,734,car,0.694,438,72,478,103,1,2
12474,415.8,727,person,0.7225,263,361,1001,712,0,2
12474,415.8,734,car,0.6975,439,71,478,103,1,2
12475,415.833,727,person,0.6936,265,361,1005,712,0,2
12475,415.833,734,car,0.6997,439,71,479,102,1,2
12476,415.867,727,person,0.7078,265,362,1006,713,0,2
12476,415.867,734,car,0.6953,439,70,480,102,1,2
12477,415.9,727,person,0.7919,264,362,1005,713,0,2
12477,415.9,734,car,0.6942,440,70,480,102,1,2
12478,415.933,727,person,0.7387,261,360,1007,712,0,2
12478,415.933,734,car,0.6757,441,69,481,102,1,2
12479,415.967,727,person,0.795,254,355,1008,712,0,2
12479,415.967,734,car,0.6576,442,67,483,102,1,2
12480,416.0,727,person,0.7787,251,352,1014,713,0,2
12480,416.0,734,car,0.6729,443,66,485,101,1,2
12481,416.033,727,person,0.8125,248,352,1009,713,0,2
12481,416.033,734,car,0.666,443,64,486,99,1,2
12482,416.067,727,person,0.8004,250,355,1006,713,0,2
12482,416.067,734,car,0.6773,446,65,487,99,1,2
12483,416.1,727,person,0.7997,253,358,1003,713,0,2
12483,416.1,734,car,0.7104,448,66,487,98,1,2
12484,416.133,727,person,0.7282,256,359,1003,713,0,2
12484,416.133,734,car,0.7197,449,65,489,98,1,2
12485,416.167,727,person,0.6655,259,359,1008,713,0,2
12485,416.167,734,car,0.755,451,65,493,99,1,2
12486,416.2,727,person,0.6028,269,360,1016,713,0,2
12486,416.2,734,car,0.696,453,65,494,99,1,2
12487,416.233,734,car,0.7053,455,65,495,101,1,2
12488,416.267,734,car,0.6723,458,65,498,99,1,2
12489,416.3,734,car,0.6708,461,65,499,98,1,2
12491,416.367,727,person,0.6689,274,368,1008,713,0,2
12491,416.367,734,car,0.6717,466,65,504,98,1,2
12492,416.4,727,person,0.6775,271,367,1007,713,0,2
12492,416.4,734,car,0.6717,469,65,506,98,1,2
12493,416.433,727,person,0.7469,273,368,1008,713,0,2
12493,416.433,734,car,0.6196,471,65,509,98,1,2
12494,416.467,727,person,0.7433,272,367,1011,713,0,2
12494,416.467,734,car,0.6523,472,65,512,98,1,2
12495,416.5,727,person,0.7574,271,367,1011,713,0,2
12496,416.533,727,person,0.7382,271,368,1010,713,0,2
12497,416.567,727,person,0.7216,275,375,1003,713,0,2
12498,416.6,727,person,0.6994,275,378,1000,714,0,2
12498,416.6,734,car,0.6446,482,69,522,102,1,2
12499,416.633,727,person,0.605,279,385,992,714,0,2
12510,417.0,727,person,0.6394,288,418,939,714,0,2
12511,417.033,727,person,0.62,288,421,937,714,0,2
12513,417.1,727,person,0.6375,293,423,947,714,0,2
12515,417.167,727,person,0.6131,283,421,949,714,0,2
12523,417.433,727,person,0.6329,286,423,955,714,0,2
12527,417.567,727,person,0.6112,280,422,963,713,0,2
12533,417.767,-1,bench,0.4155,830,114,883,152,0,2
12534,417.8,743,bench,0.5127,827,113,896,160,0,2
12536,417.867,-1,bench,0.3794,873,117,938,162,0,2
12540,418.0,-1,bench,0.4213,930,128,1029,193,0,2
12542,418.067,727,person,0.6516,223,350,1057,712,0,2
12543,418.1,727,person,0.6436,224,345,1061,712,0,2
12544,418.133,727,person,0.7489,223,339,1063,712,0,2
12545,418.167,727,person,0.6521,223,336,1063,712,0,2
12546,418.2,727,person,0.6558,225,337,1056,712,0,2
12547,418.233,727,person,0.6122,225,339,1048,712,0,2
12548,418.267,727,person,0.6904,225,335,1048,712,0,2
12549,418.3,727,person,0.719,226,338,1040,712,0,2
12550,418.333,727,person,0.6932,229,336,1043,712,0,2
12551,418.367,727,person,0.6399,232,338,1038,712,0,2
12552,418.4,727,person,0.6295,233,339,1035,712,0,2
12553,418.433,727,person,0.6913,235,341,1033,712,0,2
12554,418.467,727,person,0.6919,239,343,1030,712,0,2
12555,418.5,727,person,0.6819,241,345,1030,712,0,2
12556,418.533,727,person,0.6079,241,344,1030,712,0,2
12557,418.567,727,person,0.6484,239,338,1037,712,0,2
12558,418.6,727,person,0.6402,241,337,1039,712,0,2
12559,418.633,727,person,0.6251,246,339,1037,712,0,2
12560,418.667,727,person,0.792,250,344,1029,712,0,2
12561,418.7,727,person,0.7768,249,341,1035,713,0,2
12562,418.733,727,person,0.7089,255,342,1037,712,0,2
12563,418.767,727,person,0.6755,261,342,1042,711,0,2
12564,418.8,727,person,0.7489,264,343,1045,712,0,2
12565,418.833,727,person,0.789,270,345,1046,711,0,2
12566,418.867,727,person,0.7573,273,347,1049,712,0,2
12567,418.9,727,person,0.6532,279,352,1046,712,0,2
12568,418.933,727,person,0.709,281,355,1043,712,0,2
12569,418.967,727,person,0.7122,280,358,1040,713,0,2
12570,419.0,727,person,0.6606,277,357,1039,713,0,2
12572,419.067,727,person,0.6683,250,329,1067,713,0,2
12573,419.1,727,person,0.6933,261,342,1050,713,0,2
12574,419.133,727,person,0.7089,263,345,1045,712,0,2
12575,419.167,727,person,0.6761,263,346,1043,712,0,2
12576,419.2,727,person,0.7248,263,347,1042,712,0,2
12577,419.233,727,person,0.7225,264,350,1040,712,0,2
12578,419.267,727,person,0.7344,262,350,1040,713,0,2
12579,419.3,727,person,0.7284,258,347,1042,713,0,2
12580,419.333,727,person,0.7816,262,349,1041,712,0,2
12581,419.367,727,person,0.7987,257,345,1046,713,0,2
12582,419.4,727,person,0.7833,254,341,1051,713,0,2
12583,419.433,727,person,0.7979,262,347,1046,712,0,2
12584,419.467,727,person,0.7284,269,353,1040,712,0,2
12585,419.5,727,person,0.622,266,352,1042,712,0,2
12586,419.533,727,person,0.6736,266,351,1043,712,0,2
12587,419.567,727,person,0.6324,265,351,1043,713,0,2
12588,419.6,727,person,0.661,265,353,1040,713,0,2
12589,419.633,727,person,0.672,263,353,1038,713,0,2
12590,419.667,727,person,0.6708,259,351,1039,713,0,2
12591,419.7,727,person,0.6031,257,350,1040,713,0,2
12592,419.733,727,person,0.6179,262,353,1037,713,0,2
12593,419.767,727,person,0.6431,265,358,1032,712,0,2
12595,419.833,727,person,0.6365,262,357,1032,713,0,2
12596,419.867,727,person,0.7148,262,358,1030,713,0,2
12597,419.9,727,person,0.6674,258,355,1031,713,0,2
12599,419.967,727,person,0.6308,248,345,1041,713,0,2
12600,420.0,727,person,0.6259,249,345,1040,713,0,2
12601,420.033,727,person,0.6191,251,349,1035,713,0,2
12604,420.133,-1,person,0.6217,246,421,419,711,0,2
12607,420.233,-1,car,0.6124,546,85,589,126,1,2
12608,420.267,751,car,0.6683,546,85,589,127,1,2
12609,420.3,751,car,0.6629,545,85,589,127,1,2
12612,420.4,727,person,0.6044,258,387,974,713,0,2
12613,420.433,727,person,0.7009,251,390,976,713,0,2
12614,420.467,727,person,0.65,247,391,978,713,0,2
12615,420.5,751,car,0.6082,545,89,585,129,1,2
12616,420.533,727,person,0.6429,241,390,984,714,0,2
12617,420.567,727,person,0.6459,235,389,986,714,0,2
12622,420.733,727,person,0.7059,213,386,982,714,0,2
12623,420.767,727,person,0.6935,198,382,986,714,0,2
12625,420.833,727,person,0.7007,197,384,987,714,0,2
12626,420.867,727,person,0.6565,201,385,994,714,0,2
12627,420.9,727,person,0.7172,198,379,1007,714,0,2
12628,420.933,727,person,0.6762,201,377,1013,714,0,2
12629,420.967,727,person,0.7639,194,367,1027,714,0,2
12630,421.0,727,person,0.7161,193,361,1035,714,0,2
12631,421.033,727,person,0.7323,195,355,1043,714,0,2
12632,421.067,727,person,0.7097,206,359,1041,713,0,2
12633,421.1,727,person,0.7319,207,358,1042,713,0,2
12634,421.133,727,person,0.7698,210,358,1042,713,0,2
12635,421.167,727,person,0.7531,214,358,1041,713,0,2
12636,421.2,727,person,0.7675,216,357,1040,712,0,2
12637,421.233,727,person,0.7012,216,354,1043,713,0,2
12638,421.267,727,person,0.6589,216,353,1045,713,0,2
12639,421.3,727,person,0.6509,224,358,1039,713,0,2
12641,421.367,727,person,0.618,229,362,1033,712,0,2
12642,421.4,727,person,0.6264,231,363,1031,712,0,2
12643,421.433,727,person,0.6858,224,359,1034,713,0,2
12644,421.467,727,person,0.6842,217,352,1041,713,0,2
12645,421.5,727,person,0.6786,216,349,1043,713,0,2
12646,421.533,727,person,0.6393,214,346,1043,713,0,2
12647,421.567,727,person,0.6247,218,350,1038,714,0,2
12648,421.6,727,person,0.6453,219,350,1038,714,0,2
12649,421.633,727,person,0.6429,219,350,1037,714,0,2
12650,421.667,727,person,0.6071,218,347,1039,714,0,2
12651,421.7,727,person,0.6067,219,347,1038,714,0,2
12652,421.733,727,person,0.6918,221,351,1031,713,0,2
12653,421.767,727,person,0.6986,223,354,1025,713,0,2
12654,421.8,727,person,0.6437,225,357,1022,713,0,2
12654,421.8,753,car,0.6349,533,103,576,139,1,2
12655,421.833,727,person,0.6714,226,358,1023,713,0,2
12655,421.833,753,car,0.6349,531,104,575,139,1,2
12656,421.867,727,person,0.6795,226,353,1029,713,0,2
12656,421.867,753,car,0.6405,531,104,575,141,1,2
12657,421.9,727,person,0.6736,226,352,1030,713,0,2
12657,421.9,753,car,0.6281,531,104,575,141,1,2
12658,421.933,727,person,0.6845,226,351,1031,713,0,2
12658,421.933,753,car,0.625,531,104,575,141,1,2
12659,421.967,727,person,0.7204,239,360,1024,712,0,2
12660,422.0,727,person,0.7401,243,362,1023,712,0,2
12661,422.033,727,person,0.745,248,365,1024,712,0,2
12662,422.067,727,person,0.6938,243,359,1033,713,0,2
12663,422.1,727,person,0.6701,242,355,1039,713,0,2
12664,422.133,727,person,0.6224,243,354,1042,714,0,2
12670,422.333,727,car,0.6259,206,286,1179,711,0,2
12671,422.367,727,car,0.605,209,280,1211,711,0,2
12673,422.433,-1,person,0.6278,1215,105,1237,160,0,2
12674,422.467,-1,person,0.6568,1232,106,1261,166,0,2
12675,422.5,-1,person,0.6306,1243,106,1270,167,0,2
12676,422.533,727,person,0.6375,240,349,1081,712,0,2
12677,422.567,727,person,0.7293,242,354,1067,712,0,2
12678,422.6,727,person,0.7128,245,355,1064,712,0,2
12679,422.633,727,person,0.741,246,355,1062,711,0,2
12679,422.633,760,car,0.6082,793,87,865,130,0,2
12680,422.667,727,person,0.6813,247,355,1062,712,0,2
12681,422.7,727,person,0.6376,249,358,1058,712,0,2
12682,422.733,727,person,0.6671,248,357,1058,713,0,2
12682,422.733,760,car,0.6454,810,89,883,134,0,2
12683,422.767,727,person,0.6107,253,361,1053,713,0,2
12684,422.8,727,person,0.601,255,363,1048,713,0,2
12685,422.833,727,person,0.6454,256,365,1045,713,0,2
12685,422.833,763,car,0.6399,552,94,597,134,1,2
12685,422.833,760,car,0.6328,825,90,902,136,0,2
12686,422.867,727,person,0.6561,250,360,1047,713,0,2
12686,422.867,763,car,0.6883,553,94,597,133,1,2
12686,422.867,764,car,0.6464,1082,117,1154,167,0,2
12686,422.867,760,car,0.6328,831,91,907,138,0,2
12687,422.9,727,person,0.6352,249,359,1047,713,0,2
12687,422.9,763,car,0.6705,553,94,597,131,1,2
12687,422.9,760,car,0.6462,837,91,915,139,0,2
12688,422.933,727,person,0.6322,246,354,1051,713,0,2
12688,422.933,763,car,0.7013,553,94,597,131,1,2
12688,422.933,760,car,0.7842,840,91,923,142,0,2
12689,422.967,727,person,0.6835,242,350,1055,712,0,2
12689,422.967,763,car,0.7192,553,94,597,131,1,2
12689,422.967,760,car,0.7817,848,91,933,143,0,2
12690,423.0,727,person,0.6927,243,349,1055,712,0,2
12690,423.0,763,car,0.7124,553,94,597,131,1,2
12690,423.0,760,car,0.7629,851,91,938,144,0,2
12691,423.033,727,person,0.7413,242,347,1055,712,0,2
12691,423.033,763,car,0.6789,553,94,597,130,1,2
12691,423.033,760,car,0.7162,857,91,946,146,0,2
12692,423.067,727,person,0.7653,243,350,1049,712,0,2
12692,423.067,763,car,0.6789,553,94,595,130,1,2
12692,423.067,760,car,0.7829,864,91,954,146,0,2
12693,423.1,727,person,0.7465,243,351,1045,712,0,2
12693,423.1,763,car,0.6809,552,94,597,130,1,2
12693,423.1,760,car,0.6719,869,93,961,149,0,2
12693,423.1,768,traffic light,0.3954,1062,0,1214,55,0,2
12694,423.133,727,person,0.6958,239,352,1038,712,0,2
12694,423.133,763,car,0.7089,551,94,597,133,1,2
12694,423.133,760,car,0.773,877,94,973,152,0,2
12695,423.167,727,person,0.6558,231,353,1031,713,0,2
12695,423.167,763,car,0.6767,550,94,597,133,1,2
12695,423.167,760,car,0.7641,882,94,983,154,0,2
12696,423.2,727,person,0.7085,226,353,1025,713,0,2
12696,423.2,763,car,0.6887,550,94,597,134,1,2
12696,423.2,760,car,0.8205,887,94,989,157,0,2
12697,423.233,727,person,0.7038,224,353,1022,713,0,2
12697,423.233,763,car,0.6872,549,94,595,134,1,2
12698,423.267,727,person,0.7155,225,354,1018,712,0,2
12698,423.267,763,car,0.6988,547,94,595,134,1,2
12698,423.267,760,car,0.7331,903,97,1008,161,0,2
12699,423.3,727,person,0.7343,227,355,1016,712,0,2
12699,423.3,763,car,0.6832,547,94,595,135,1,2
12699,423.3,760,car,0.6463,907,98,1015,162,0,2
12699,423.3,768,traffic light,0.4271,1034,0,1216,65,0,2
12700,423.333,727,person,0.7509,226,352,1021,713,0,2
12700,423.333,763,car,0.653,547,94,594,134,1,2
12700,423.333,760,car,0.7186,915,99,1027,167,0,2
12700,423.333,768,traffic light,0.3765,1030,0,1217,69,0,2
12701,423.367,727,person,0.7839,229,351,1022,713,0,2
12701,423.367,763,car,0.6366,546,94,593,134,1,2
12701,423.367,760,car,0.7011,925,101,1040,169,0,2
12701,423.367,768,traffic light,0.3825,1027,0,1218,71,0,2
12702,423.4,727,person,0.7629,230,350,1024,713,0,2
12702,423.4,763,car,0.654,545,94,592,134,1,2
12702,423.4,760,car,0.7762,930,102,1049,171,0,2
12703,423.433,727,person,0.7765,235,352,1022,712,0,2
12703,423.433,760,car,0.7425,939,102,1062,175,0,2
12704,423.467,727,person,0.6878,234,351,1021,712,0,2
12704,423.467,760,car,0.6693,950,103,1077,177,0,2
12704,423.467,763,car,0.7063,545,94,590,131,1,2
12705,423.5,727,person,0.7489,234,351,1021,712,0,2
12705,423.5,760,car,0.674,959,105,1088,181,0,2
12705,423.5,763,car,0.7168,544,94,590,130,1,2
12706,423.533,727,person,0.6717,232,351,1019,712,0,2
12706,423.533,760,car,0.6578,970,106,1104,183,0,2
12706,423.533,763,car,0.689,544,94,589,130,1,2
12707,423.567,727,person,0.6663,232,352,1019,712,0,2
12707,423.567,760,car,0.6567,981,106,1122,189,0,2
12707,423.567,763,car,0.6752,544,94,590,130,1,2
12708,423.6,727,person,0.6953,232,352,1018,712,0,2
12708,423.6,760,car,0.7348,990,107,1136,191,0,2
12708,423.6,763,car,0.6491,543,94,590,131,1,2
12709,423.633,727,person,0.7672,231,353,1015,712,0,2
12709,423.633,760,car,0.64,1002,110,1153,195,0,2
12709,423.633,763,car,0.6577,543,94,590,131,1,2
12710,423.667,727,person,0.7838,227,358,1002,712,0,2
12710,423.667,760,car,0.7175,1016,111,1174,200,0,2
12710,423.667,763,car,0.6891,542,94,589,131,1,2
12711,423.7,727,person,0.7497,222,360,994,713,0,2
12711,423.7,760,car,0.7835,1026,112,1190,205,0,2
12711,423.7,763,car,0.6925,541,94,589,131,1,2
12712,423.733,727,person,0.7688,223,365,989,713,0,2
12712,423.733,760,car,0.6054,1041,113,1211,209,0,2
12712,423.733,763,car,0.6799,542,94,587,131,1,2
12713,423.767,727,person,0.7258,218,367,984,713,0,2
12713,423.767,760,car,0.7202,1058,114,1238,215,0,2
12713,423.767,763,car,0.6976,542,94,587,130,1,2
12714,423.8,727,person,0.7039,214,366,985,713,0,2
12714,423.8,760,car,0.7359,1071,117,1256,219,0,2
12714,423.8,763,car,0.6993,542,94,587,130,1,2
12715,423.833,727,person,0.6793,208,361,990,713,0,2
12715,423.833,760,truck,0.3974,1083,119,1278,229,0,2
12715,423.833,763,car,0.6935,541,93,587,130,1,2
12716,423.867,727,person,0.6593,199,353,999,713,0,2
12716,423.867,760,car,0.7086,1096,123,1280,235,0,2
12716,423.867,763,car,0.7066,542,93,589,130,1,2
12717,423.9,727,person,0.6466,199,352,1002,713,0,2
12717,423.9,760,car,0.7383,1104,127,1280,241,0,2
12717,423.9,763,car,0.701,541,91,589,130,1,2
12718,423.933,727,person,0.6344,198,349,1008,712,0,2
12718,423.933,760,car,0.7264,1121,130,1280,240,0,2
12718,423.933,763,car,0.7043,541,93,589,130,1,2
12719,423.967,727,person,0.6733,202,351,1008,712,0,2
12719,423.967,760,car,0.6832,1145,136,1280,233,0,2
12719,423.967,763,car,0.7061,541,93,587,130,1,2
12720,424.0,727,person,0.7333,207,353,1008,712,0,2
12720,424.0,760,car,0.7065,1160,142,1280,231,0,2
12720,424.0,763,car,0.7212,541,93,587,130,1,2
12721,424.033,727,person,0.6777,214,355,1010,712,0,2
12721,424.033,760,car,0.7319,1181,155,1280,237,0,2
12721,424.033,763,car,0.7388,541,93,587,130,1,2
12722,424.067,727,person,0.6811,218,354,1016,712,0,2
12722,424.067,763,car,0.73,541,93,587,130,1,2
12723,424.1,727,person,0.6404,219,353,1022,712,0,2
12723,424.1,763,car,0.7627,541,93,586,130,1,2
12724,424.133,763,car,0.7295,541,91,586,130,1,2
12725,424.167,763,car,0.6254,541,91,587,129,1,2
12725,424.167,727,person,0.7153,226,350,1031,712,0,2
12726,424.2,763,car,0.6173,541,91,587,129,1,2
12726,424.2,727,person,0.7076,230,349,1035,712,0,2
12727,424.233,727,person,0.7079,231,346,1041,712,0,2
12728,424.267,727,person,0.749,230,341,1047,711,0,2
12729,424.3,727,person,0.7609,239,346,1043,711,0,2
12730,424.333,727,person,0.71,239,346,1045,711,0,2
12731,424.367,727,person,0.7201,233,343,1046,711,0,2
12732,424.4,727,person,0.7467,231,342,1043,711,0,2
12733,424.433,727,person,0.7864,229,342,1040,711,0,2
12734,424.467,727,person,0.7898,231,344,1037,711,0,2
12735,424.5,727,person,0.7543,231,345,1035,711,0,2
12736,424.533,727,person,0.7774,232,345,1034,712,0,2
12737,424.567,727,person,0.8111,232,343,1039,711,0,2
12738,424.6,727,person,0.8174,233,342,1041,712,0,2
12739,424.633,727,person,0.8026,229,334,1050,712,0,2
12740,424.667,727,person,0.8036,225,329,1056,712,0,2
12741,424.7,727,person,0.8049,223,326,1061,712,0,2
12741,424.7,773,truck,0.385,728,63,777,97,0,2
12742,424.733,727,person,0.819,221,319,1069,711,0,2
12742,424.733,773,truck,0.3453,728,62,779,97,0,2
12743,424.767,727,person,0.8176,223,318,1071,711,0,2
12744,424.8,727,person,0.8364,226,318,1072,712,0,2
12745,424.833,727,person,0.8536,229,318,1071,712,0,2
12745,424.833,773,car,0.6429,735,59,790,96,0,2
12746,424.867,727,person,0.8775,227,314,1074,712,0,2
12747,424.9,727,person,0.8653,229,313,1073,712,0,2
12748,424.933,727,person,0.8654,227,313,1070,712,0,2
12748,424.933,773,truck,0.4031,744,56,802,95,0,2
12749,424.967,727,person,0.8219,224,311,1069,712,0,2
12750,425.0,727,person,0.8189,223,311,1067,712,0,2
12751,425.033,727,person,0.8382,221,310,1066,712,0,2
12752,425.067,727,person,0.8438,221,310,1066,712,0,2
12753,425.1,727,person,0.8455,222,312,1062,712,0,2
12754,425.133,727,person,0.86,221,314,1055,712,0,2
12755,425.167,727,person,0.8303,221,317,1049,713,0,2
12756,425.2,727,person,0.8115,223,318,1048,713,0,2
12757,425.233,727,person,0.8482,227,317,1049,713,0,2
12758,425.267,727,person,0.8827,235,315,1056,712,0,2
12758,425.267,763,car,0.62,539,81,587,119,1,2
12759,425.3,727,person,0.8508,240,318,1054,713,0,2
12760,425.333,727,person,0.8392,254,322,1054,713,0,2
12761,425.367,727,person,0.801,266,327,1057,713,0,2
12761,425.367,774,car,0.6667,541,83,589,122,1,2
12762,425.4,727,person,0.8219,273,326,1064,712,0,2
12762,425.4,774,car,0.6588,541,83,589,122,1,2
12763,425.433,727,person,0.7271,277,321,1073,712,0,2
12764,425.467,727,person,0.7226,281,321,1078,712,0,2
12765,425.5,727,person,0.7172,282,319,1080,712,0,2
12765,425.5,774,car,0.6536,541,86,587,123,1,2
12766,425.533,727,person,0.8246,280,317,1082,712,0,2
12767,425.567,727,person,0.7939,275,315,1080,712,0,2
12767,425.567,776,car,0.7256,201,264,1280,712,0,2
12768,425.6,727,person,0.811,272,314,1078,712,0,2
12769,425.633,727,person,0.8712,263,311,1075,712,0,2
12770,425.667,727,person,0.8581,264,322,1055,713,0,2
12771,425.7,727,person,0.8473,265,331,1038,713,0,2
12772,425.733,727,person,0.8323,265,341,1021,713,0,2
12773,425.767,727,person,0.83,264,350,1003,713,0,2
12774,425.8,727,person,0.6807,265,358,993,713,0,2
12774,425.8,774,car,0.6479,530,87,577,126,1,2
12775,425.833,774,car,0.6233,528,87,575,126,1,2
12776,425.867,774,car,0.6062,526,87,573,126,1,2
12777,425.9,774,car,0.6388,523,87,570,126,1,2
12778,425.933,774,car,0.6898,522,87,569,125,1,2
12779,425.967,774,car,0.6554,520,86,568,125,1,2
12780,426.0,774,car,0.7124,519,85,567,125,1,2
12781,426.033,774,car,0.7179,517,83,566,125,1,2
12782,426.067,774,car,0.6731,515,83,565,125,1,2
12783,426.1,774,car,0.7171,514,83,563,125,1,2
12784,426.133,774,car,0.7038,512,82,561,123,1,2
12785,426.167,774,car,0.6688,510,82,559,123,1,2
12786,426.2,774,car,0.7019,509,83,557,123,1,2
12786,426.2,779,car,0.6611,967,79,1078,152,0,2
12787,426.233,774,car,0.7653,506,82,555,123,1,2
12787,426.233,727,person,0.6848,267,355,1005,713,0,2
12788,426.267,774,car,0.7989,504,82,553,123,1,2
12788,426.267,727,person,0.6582,264,354,1008,713,0,2
12789,426.3,774,car,0.81,503,82,552,123,1,2
12789,426.3,727,person,0.6944,263,355,1008,713,0,2
12790,426.333,774,car,0.8004,502,82,551,123,1,2
12790,426.333,727,person,0.6457,256,349,1014,713,0,2
12790,426.333,779,car,0.6198,947,85,1034,143,0,2
12791,426.367,774,car,0.7687,499,82,549,123,1,2
12791,426.367,727,person,0.6168,254,346,1018,713,0,2
12791,426.367,785,truck,0.4691,906,58,1005,129,0,2
12792,426.4,774,car,0.7539,497,82,547,123,1,2
12792,426.4,785,truck,0.4513,911,56,1011,129,0,2
12792,426.4,779,car,0.7167,952,85,1038,143,0,2
12793,426.433,774,car,0.7484,496,81,546,123,1,2
12793,426.433,785,truck,0.5431,919,55,1025,131,0,2
12793,426.433,779,car,0.6658,968,86,1053,144,0,2
12793,426.433,727,person,0.621,249,341,1024,713,0,2
12794,426.467,774,car,0.7348,495,80,545,122,1,2
12794,426.467,785,car,0.604,929,55,1039,133,0,2
12794,426.467,779,car,0.7517,987,88,1075,147,0,2
12794,426.467,727,person,0.6875,249,338,1026,712,0,2
12795,426.5,774,car,0.7174,494,80,544,122,1,2
12795,426.5,785,truck,0.3535,936,55,1048,134,0,2
12795,426.5,779,car,0.734,1001,89,1095,152,0,2
12795,426.5,727,person,0.7755,251,339,1024,712,0,2
12796,426.533,774,car,0.6377,493,79,544,121,1,2
12796,426.533,785,truck,0.446,945,54,1061,136,0,2
12796,426.533,779,car,0.7913,1015,89,1114,155,0,2
12796,426.533,727,person,0.8083,249,337,1024,712,0,2
12797,426.567,774,car,0.6933,493,79,543,120,1,2
12797,426.567,785,truck,0.378,957,54,1075,137,0,2
12797,426.567,779,car,0.7943,1033,89,1136,157,0,2
12797,426.567,727,person,0.8201,253,338,1024,711,0,2
12798,426.6,774,car,0.6878,493,78,543,120,1,2
12798,426.6,785,truck,0.4149,966,53,1087,136,0,2
12798,426.6,779,car,0.7675,1042,89,1152,161,0,2
12798,426.6,727,person,0.8142,255,338,1024,711,0,2
12798,426.6,790,potted plant,0.4264,864,93,963,167,0,2
12799,426.633,774,car,0.7171,493,77,542,118,1,2
12799,426.633,785,truck,0.3859,979,53,1102,137,0,2
12799,426.633,779,car,0.7849,1058,89,1175,165,0,2
12799,426.633,727,person,0.8133,253,335,1026,711,0,2
12800,426.667,774,car,0.7185,491,74,542,117,1,2
12800,426.667,785,truck,0.3449,991,51,1119,138,0,2
12800,426.667,779,car,0.7822,1075,90,1198,169,0,2
12800,426.667,727,person,0.7483,253,331,1032,711,0,2
12801,426.7,774,car,0.7428,490,73,542,115,1,2
12801,426.7,785,truck,0.3955,1000,51,1131,139,0,2
12801,426.7,779,car,0.8125,1090,91,1213,169,0,2
12801,426.7,727,person,0.6998,253,328,1039,711,0,2
12801,426.7,791,car,0.6618,1189,99,1280,186,0,2
12802,426.733,774,car,0.7292,490,73,541,114,1,2
12802,426.733,785,truck,0.359,1013,51,1150,143,0,2
12802,426.733,779,car,0.7904,1105,94,1240,178,0,2
12802,426.733,727,person,0.7519,249,322,1046,711,0,2
12802,426.733,791,car,0.6886,1202,110,1280,193,0,2
12803,426.767,774,car,0.7028,489,72,541,114,1,2
12803,426.767,779,car,0.8189,1123,96,1267,186,0,2
12803,426.767,727,person,0.8384,249,319,1049,711,0,2
12804,426.8,774,car,0.6916,489,71,541,113,1,2
12804,426.8,779,car,0.85,1135,98,1280,189,0,2
12804,426.8,727,person,0.8005,251,319,1050,711,0,2
12805,426.833,774,car,0.7134,490,71,538,111,1,2
12805,426.833,779,car,0.8305,1147,99,1280,192,0,2
12805,426.833,727,person,0.845,254,318,1054,711,0,2
12806,426.867,774,car,0.6656,489,71,538,111,1,2
12806,426.867,779,car,0.7382,1162,104,1280,192,0,2
12806,426.867,727,person,0.8577,258,317,1055,711,0,2
12806,426.867,785,car,0.622,1072,56,1219,151,0,2
12807,426.9,774,car,0.7354,489,70,538,111,1,2
12807,426.9,727,person,0.854,259,317,1057,711,0,2
12807,426.9,785,car,0.6716,1083,56,1233,150,0,2
12808,426.933,774,car,0.7155,488,69,538,110,1,2
12808,426.933,727,person,0.8623,261,313,1063,711,0,2
12808,426.933,785,car,0.7672,1096,56,1257,155,0,2
12809,426.967,774,car,0.6923,487,66,538,110,1,2
12809,426.967,727,person,0.8965,261,309,1069,711,0,2
12809,426.967,785,car,0.66,1098,57,1277,167,0,2
12810,427.0,774,car,0.6515,487,66,538,109,1,2
12810,427.0,727,person,0.8973,259,304,1074,712,0,2
12810,427.0,785,truck,0.4134,1102,59,1280,176,0,2
12811,427.033,774,car,0.6767,487,65,538,109,1,2
12811,427.033,727,person,0.8963,255,296,1081,712,0,2
12811,427.033,785,truck,0.3859,1110,62,1280,182,0,2
12812,427.067,774,car,0.6861,486,65,537,109,1,2
12812,427.067,727,person,0.8955,255,294,1082,712,0,2
12813,427.1,774,car,0.6385,486,64,537,109,1,2
12813,427.1,727,person,0.8997,257,294,1080,712,0,2
12814,427.133,774,car,0.6282,486,65,537,109,1,2
12814,427.133,727,person,0.8919,263,297,1077,712,0,2
12815,427.167,727,person,0.9021,273,302,1071,712,0,2
12815,427.167,790,potted plant,0.5431,903,94,990,161,0,2
12816,427.2,727,person,0.8968,280,306,1067,711,0,2
12817,427.233,727,person,0.897,286,307,1067,712,0,2
12818,427.267,727,person,0.9023,290,307,1069,712,0,2
12819,427.3,727,person,0.9009,291,306,1072,712,0,2
12820,427.333,727,person,0.883,290,302,1077,712,0,2
12820,427.333,774,car,0.6041,493,67,539,106,1,2
12821,427.367,727,person,0.8873,289,297,1082,712,0,2
12822,427.4,727,person,0.8918,288,291,1088,712,0,2
12823,427.433,727,person,0.8859,286,287,1093,712,0,2
12824,427.467,727,person,0.8834,286,288,1089,712,0,2
12825,427.5,727,person,0.8811,290,294,1081,712,0,2
12826,427.533,727,person,0.8592,290,301,1070,712,0,2
12827,427.567,727,person,0.8863,285,305,1056,712,0,2
12828,427.6,727,person,0.8978,279,306,1047,712,0,2
12829,427.633,727,person,0.8848,274,309,1039,712,0,2
12830,427.667,727,person,0.8545,267,307,1034,712,0,2
12830,427.667,774,car,0.6259,489,64,538,105,1,2
12831,427.7,727,person,0.8341,265,306,1031,712,0,2
12831,427.7,774,car,0.6192,489,64,538,105,1,2
12832,427.733,727,person,0.8057,259,304,1030,712,0,2
12833,427.767,727,person,0.7673,256,302,1031,712,0,2
12834,427.8,727,person,0.7711,256,302,1030,712,0,2
12835,427.833,727,person,0.7708,257,303,1029,712,0,2
12836,427.867,727,person,0.7762,258,303,1027,713,0,2
12837,427.9,727,person,0.7881,258,304,1026,713,0,2
12837,427.9,774,car,0.6027,482,66,531,106,1,2
12838,427.933,727,person,0.8064,258,303,1025,713,0,2
12838,427.933,774,car,0.6132,481,66,530,106,1,2
12839,427.967,727,person,0.813,256,303,1023,713,0,2
12840,428.0,727,person,0.8125,257,305,1021,712,0,2
12840,428.0,774,car,0.6211,479,66,528,107,1,2
12841,428.033,727,person,0.8443,257,305,1018,712,0,2
12841,428.033,774,car,0.6147,478,66,527,107,1,2
12842,428.067,727,person,0.8295,256,304,1018,712,0,2
12842,428.067,774,car,0.6343,477,66,526,109,1,2
12843,428.1,727,person,0.8228,255,302,1018,712,0,2
12843,428.1,774,car,0.6469,475,66,526,109,1,2
12844,428.133,727,person,0.8715,253,301,1018,712,0,2
12844,428.133,774,car,0.6237,474,66,525,109,1,2
12845,428.167,727,person,0.8886,251,302,1014,712,0,2
12846,428.2,727,person,0.895,251,303,1011,712,0,2
12847,428.233,727,person,0.8948,250,303,1011,712,0,2
12848,428.267,727,person,0.8875,251,304,1009,712,0,2
12849,428.3,727,person,0.8876,251,304,1008,712,0,2
12850,428.333,727,person,0.9017,253,303,1009,712,0,2
12851,428.367,727,person,0.8969,254,302,1013,713,0,2
12852,428.4,727,person,0.8968,255,301,1015,713,0,2
12853,428.433,727,person,0.8991,257,302,1016,713,0,2
12854,428.467,727,person,0.8966,258,301,1019,713,0,2
12855,428.5,727,person,0.8902,258,299,1021,713,0,2
12856,428.533,727,person,0.9036,258,299,1021,713,0,2
12857,428.567,727,person,0.9006,258,301,1019,713,0,2
12857,428.567,799,car,0.6222,400,70,433,96,0,2
12858,428.6,727,person,0.8976,257,299,1021,713,0,2
12859,428.633,727,person,0.8975,256,299,1018,713,0,2
12860,428.667,727,person,0.8974,255,301,1014,712,0,2
12861,428.7,727,person,0.8909,254,302,1010,712,0,2
12862,428.733,727,person,0.8914,254,303,1008,712,0,2
12863,428.767,727,person,0.9006,254,304,1007,712,0,2
12864,428.8,727,person,0.8995,255,305,1007,712,0,2
12865,428.833,727,person,0.8803,256,305,1008,712,0,2
12866,428.867,727,person,0.8627,256,305,1010,713,0,2
12866,428.867,799,car,0.6347,400,74,437,103,0,2
12867,428.9,727,person,0.8893,256,305,1011,713,0,2
12867,428.9,799,car,0.6552,400,77,435,104,0,2
12868,428.933,727,person,0.8916,255,305,1011,713,0,2
12868,428.933,799,car,0.6485,400,78,434,104,0,2
12869,428.967,727,person,0.8912,254,305,1011,713,0,2
12869,428.967,799,car,0.6317,400,80,434,106,0,2
12870,429.0,727,person,0.886,253,305,1011,713,0,2
12870,429.0,799,car,0.6665,399,81,434,107,0,2
12871,429.033,727,person,0.9087,250,303,1011,713,0,2
12871,429.033,799,car,0.6754,399,82,434,109,0,2
12872,429.067,727,person,0.8961,249,303,1010,712,0,2
12872,429.067,799,car,0.6398,398,82,434,110,0,2
12873,429.1,727,person,0.8954,249,302,1010,712,0,2
12873,429.1,799,car,0.6537,398,83,434,111,0,2
12873,429.1,800,car,0.6044,114,243,1274,714,0,2
12874,429.133,727,person,0.9009,249,303,1009,712,0,2
12874,429.133,799,car,0.6454,395,83,434,112,0,2
12874,429.133,800,car,0.6093,109,242,1277,717,0,2
12875,429.167,727,person,0.8976,249,304,1008,712,0,2
12875,429.167,799,car,0.654,392,81,437,114,0,2
12876,429.2,727,person,0.895,249,304,1008,712,0,2
12876,429.2,799,car,0.7141,391,80,437,114,0,2
12877,429.233,727,person,0.8902,249,304,1009,712,0,2
12877,429.233,799,car,0.7661,389,80,435,115,0,2
12878,429.267,727,person,0.8958,248,303,1010,712,0,2
12878,429.267,799,car,0.7969,385,79,437,118,0,2
12879,429.3,727,person,0.897,249,304,1010,712,0,2
12879,429.3,799,car,0.7895,383,78,435,119,0,2
12880,429.333,727,person,0.875,248,303,1011,712,0,2
12880,429.333,799,car,0.7581,381,78,435,120,0,2
12881,429.367,727,person,0.8341,250,306,1009,712,0,2
12881,429.367,799,car,0.6963,378,78,435,122,0,2
12882,429.4,727,person,0.8842,249,309,1007,712,0,2
12882,429.4,799,car,0.717,376,79,435,125,0,2
12883,429.433,727,person,0.8887,250,312,1003,712,0,2
12883,429.433,799,car,0.7602,373,78,435,127,0,2
12884,429.467,727,person,0.8382,253,315,999,712,0,2
12884,429.467,799,car,0.7689,369,79,433,129,0,2
12885,429.5,727,person,0.8318,254,319,997,712,0,2
12885,429.5,799,car,0.7908,366,79,433,133,0,2
12885,429.5,800,car,0.6052,97,250,1249,715,0,2
12886,429.533,727,person,0.8471,256,322,994,712,0,2
12886,429.533,799,car,0.828,362,80,433,136,0,2
12887,429.567,727,person,0.7875,263,328,994,712,0,2
12887,429.567,799,car,0.8413,359,81,432,141,0,2
12888,429.6,727,person,0.7499,267,334,992,712,0,2
12888,429.6,799,car,0.8399,355,83,431,144,0,2
12889,429.633,727,person,0.6926,275,339,995,712,0,2
12889,429.633,799,car,0.696,350,83,429,147,0,2
12890,429.667,727,person,0.7227,280,344,999,712,0,2
12890,429.667,799,car,0.8306,344,86,426,152,0,2
12891,429.7,727,person,0.7825,283,345,1007,712,0,2
12891,429.7,799,car,0.8326,339,87,425,155,0,2
12891,429.7,801,car,0.6489,432,77,469,102,0,2
12892,429.733,727,person,0.7416,283,341,1021,712,0,2
12892,429.733,799,car,0.8799,333,88,422,159,0,2
12893,429.767,727,person,0.8041,278,328,1043,712,0,2
12893,429.767,799,car,0.8663,322,89,419,167,0,2
12893,429.767,801,car,0.6414,434,78,471,103,0,2
12894,429.8,727,person,0.7641,272,319,1059,712,0,2
12894,429.8,799,car,0.8464,313,89,417,173,0,2
12894,429.8,801,car,0.6139,434,77,472,103,0,2
12895,429.833,727,person,0.7122,264,309,1074,712,0,2
12895,429.833,799,car,0.8525,301,90,413,178,0,2
12895,429.833,802,car,0.6046,504,77,550,117,1,2
12896,429.867,727,person,0.7714,256,303,1078,713,0,2
12896,429.867,799,car,0.8749,286,91,407,187,0,2
12896,429.867,802,car,0.6277,504,75,551,117,1,2
12896,429.867,801,car,0.6254,432,75,474,105,0,2
12897,429.9,727,person,0.8294,251,302,1077,713,0,2
12897,429.9,799,car,0.8848,274,93,403,194,0,2
12897,429.9,802,car,0.6519,504,74,553,117,1,2
12897,429.9,801,car,0.6532,431,75,475,106,0,2
12898,429.933,727,person,0.83,249,303,1070,713,0,2
12898,429.933,799,car,0.8451,255,95,395,205,0,2
12898,429.933,802,car,0.6499,503,72,555,117,1,2
12898,429.933,801,car,0.659,430,75,475,107,1,2
12899,429.967,727,person,0.7926,249,306,1062,713,0,2
12899,429.967,799,car,0.8627,227,96,384,217,0,2
12899,429.967,801,car,0.6507,430,75,475,109,1,2
12900,430.0,727,person,0.8359,246,303,1064,713,0,2
12900,430.0,799,car,0.8582,211,97,377,225,0,2
12900,430.0,801,car,0.6039,429,75,475,109,1,2
12901,430.033,727,person,0.8161,248,305,1059,713,0,2
12901,430.033,799,car,0.826,197,101,369,233,0,2
12902,430.067,727,person,0.8468,248,305,1059,713,0,2
12902,430.067,799,car,0.8062,177,103,359,241,0,2
12903,430.1,727,person,0.8632,246,302,1064,713,0,2
12903,430.1,799,car,0.7782,170,105,344,239,0,2
12904,430.133,727,person,0.8576,247,302,1064,713,0,2
12905,430.167,727,person,0.8601,249,304,1062,713,0,2
12905,430.167,801,car,0.687,421,73,474,113,0,2
12906,430.2,727,person,0.8711,250,306,1058,713,0,2
12906,430.2,801,car,0.7247,418,73,473,114,0,2
12907,430.233,727,person,0.7668,253,315,1047,713,0,2
12907,430.233,801,car,0.7534,417,73,471,115,0,2
12907,430.233,806,truck,0.5493,710,88,810,154,0,2
12908,430.267,727,person,0.6168,254,323,1040,713,0,2
12908,430.267,801,car,0.7978,415,75,469,118,0,2
12909,430.3,801,car,0.8027,413,75,466,119,0,2
12909,430.3,806,motorcycle,0.4789,722,94,825,161,0,2
12910,430.333,801,car,0.7746,409,75,465,121,0,2
12910,430.333,806,motorcycle,0.5035,727,90,841,165,0,2
12911,430.367,801,car,0.8107,407,77,464,122,0,2
12911,430.367,806,motorcycle,0.6608,737,96,850,170,0,2
12911,430.367,808,car,0.6302,459,71,497,96,1,2
12911,430.367,727,person,0.6231,257,337,1024,712,0,2
12912,430.4,801,car,0.8139,405,77,463,125,0,2
12912,430.4,806,motorcycle,0.6711,746,101,857,174,0,2
12912,430.4,727,person,0.6867,254,339,1023,712,0,2
12912,430.4,800,car,0.6021,131,250,1280,714,0,2
12913,430.433,801,car,0.8023,399,77,461,127,0,2
12913,430.433,806,motorcycle,0.4858,758,103,872,178,0,2
12913,430.433,727,person,0.7239,248,341,1023,712,0,2
12914,430.467,801,car,0.7627,394,77,458,129,0,2
12914,430.467,806,motorcycle,0.5245,771,106,890,184,0,2
12914,430.467,727,person,0.736,243,342,1022,712,0,2
12915,430.5,801,car,0.7495,391,77,456,131,0,2
12915,430.5,806,motorcycle,0.3556,781,111,901,189,0,2
12915,430.5,727,person,0.752,239,341,1023,712,0,2
12916,430.533,801,car,0.8211,386,78,455,134,0,2
12916,430.533,806,motorcycle,0.6025,797,112,923,194,0,2
12916,430.533,727,person,0.7233,237,342,1023,712,0,2
12916,430.533,802,car,0.605,517,79,559,114,1,2
12917,430.567,801,car,0.7972,382,79,451,138,0,2
12917,430.567,806,motorcycle,0.5937,810,113,950,203,0,2
12917,430.567,727,person,0.7414,234,342,1024,712,0,2
12917,430.567,802,car,0.6407,517,77,561,114,1,2
12918,430.6,801,car,0.7907,377,79,450,141,0,2
12918,430.6,806,motorcycle,0.7605,819,111,973,210,0,2
12918,430.6,727,person,0.7077,234,344,1024,712,0,2
12918,430.6,802,car,0.6525,517,77,562,114,1,2
12918,430.6,808,car,0.6011,457,74,498,102,1,2
12919,430.633,801,car,0.8482,370,79,449,144,0,2
12919,430.633,806,motorcycle,0.5739,832,112,997,218,0,2
12919,430.633,727,person,0.7195,234,346,1023,712,0,2
12919,430.633,802,car,0.6219,518,78,562,114,1,2
12919,430.633,808,car,0.6186,457,74,498,103,1,2
12920,430.667,801,car,0.8491,363,80,446,149,0,2
12920,430.667,806,motorcycle,0.3951,856,121,1026,232,0,2
12920,430.667,727,person,0.7495,232,346,1024,712,0,2
12920,430.667,802,car,0.6387,519,79,562,113,1,2
12920,430.667,808,car,0.64,456,73,499,103,1,2
12921,430.7,801,car,0.8436,359,80,442,151,0,2
12921,430.7,806,motorcycle,0.6325,871,127,1042,240,0,2
12921,430.7,727,person,0.7518,230,346,1026,712,0,2
12921,430.7,802,car,0.6509,518,77,565,113,1,2
12921,430.7,808,car,0.614,456,73,498,103,1,2
12922,430.733,801,car,0.85,350,80,439,157,0,2
12922,430.733,727,person,0.6173,229,345,1027,712,0,2
12922,430.733,802,car,0.7582,518,74,566,113,1,2
12922,430.733,808,car,0.6208,456,74,497,103,1,2
12923,430.767,801,car,0.7975,341,81,435,160,0,2
12923,430.767,727,person,0.6765,229,346,1030,712,0,2
12923,430.767,802,car,0.7185,519,75,567,113,1,2
12923,430.767,808,car,0.6562,457,75,497,104,1,2
12924,430.8,801,car,0.7957,333,81,433,166,0,2
12924,430.8,727,person,0.6833,230,349,1030,712,0,2
12924,430.8,802,car,0.7147,519,75,567,114,1,2
12925,430.833,801,car,0.8512,322,83,429,173,0,2
12925,430.833,727,person,0.6832,233,352,1030,713,0,2
12925,430.833,802,car,0.7071,519,75,568,114,1,2
12925,430.833,808,car,0.6389,454,72,499,106,1,2
12926,430.867,801,car,0.8782,309,85,424,181,0,2
12926,430.867,802,car,0.6782,520,75,569,115,1,2
12926,430.867,808,car,0.6559,453,72,501,107,1,2
12927,430.9,801,car,0.8855,299,86,419,186,0,2
12927,430.9,802,car,0.6947,520,75,570,115,1,2
12927,430.9,808,car,0.6156,453,71,501,107,1,2
12928,430.933,801,car,0.8027,282,87,413,195,0,2
12928,430.933,802,car,0.6391,522,78,570,115,1,2
12929,430.967,801,car,0.8379,262,89,402,206,0,2
12929,430.967,802,car,0.6266,523,78,570,115,1,2
12929,430.967,727,person,0.6459,238,354,1029,712,0,2
