frame,video_seconds,track_id,class,confidence,x1,y1,x2,y2,in_watch_region,segment
18,0.6,-1,person,0.6772,218,376,525,713,0,0
20,0.667,-1,person,0.6207,214,375,528,713,0,0
21,0.7,2,person,0.6533,209,374,526,713,0,0
22,0.733,2,person,0.702,207,374,522,713,0,0
23,0.767,2,person,0.755,205,373,521,713,0,0
24,0.8,2,person,0.6844,202,371,519,713,0,0
30,1.0,2,person,0.6369,151,378,455,713,0,0
32,1.067,2,person,0.6003,150,377,445,713,0,0
42,1.4,-1,car,0.6546,187,273,1280,713,0,0
43,1.433,3,car,0.6365,168,258,1280,713,0,0
45,1.5,3,car,0.6549,147,247,1280,715,0,0
46,1.533,3,car,0.6597,128,248,1280,715,0,0
47,1.567,3,car,0.6499,125,250,1278,715,0,0
47,1.567,5,person,0.7888,208,354,1015,712,0,0
48,1.6,5,person,0.6523,215,355,1022,713,0,0
49,1.633,5,person,0.7785,224,355,1030,712,0,0
50,1.667,5,person,0.7729,229,355,1033,713,0,0
51,1.7,5,person,0.8467,233,354,1039,713,0,0
52,1.733,5,person,0.8467,238,354,1043,712,0,0
53,1.767,5,person,0.8308,241,354,1046,712,0,0
54,1.8,5,person,0.8228,242,352,1048,712,0,0
55,1.833,5,person,0.8489,243,353,1048,712,0,0
56,1.867,5,person,0.8215,245,353,1045,712,0,0
57,1.9,5,person,0.8038,246,355,1039,712,0,0
58,1.933,5,person,0.754,247,358,1034,712,0,0
58,1.933,6,person,0.6491,253,394,434,712,0,0
59,1.967,5,person,0.7432,248,359,1032,712,0,0
59,1.967,6,person,0.6111,253,394,433,712,0,0
60,2.0,5,person,0.8012,248,359,1030,712,0,0
61,2.033,5,person,0.8064,247,359,1027,712,0,0
62,2.067,5,person,0.7866,247,359,1025,712,0,0
63,2.1,5,person,0.8087,248,360,1023,712,0,0
64,2.133,5,person,0.8248,249,361,1022,712,0,0
65,2.167,5,person,0.8548,249,361,1019,712,0,0
66,2.2,5,person,0.8457,248,360,1019,712,0,0
67,2.233,5,person,0.8241,243,359,1019,713,0,0
68,2.267,5,person,0.83,242,358,1019,713,0,0
69,2.3,5,person,0.8116,248,359,1021,713,0,0
70,2.333,5,person,0.8113,249,359,1021,713,0,0
71,2.367,5,person,0.8136,250,359,1021,713,0,0
72,2.4,5,person,0.8285,251,358,1024,712,0,0
73,2.433,5,person,0.7965,253,357,1026,713,0,0
74,2.467,5,person,0.7759,253,357,1025,712,0,0
75,2.5,5,person,0.8276,254,358,1025,712,0,0
76,2.533,5,person,0.7925,255,358,1024,712,0,0
77,2.567,5,person,0.7835,256,359,1024,712,0,0
78,2.6,5,person,0.7905,254,355,1027,713,0,0
79,2.633,5,person,0.758,255,354,1031,713,0,0
80,2.667,5,person,0.7864,255,354,1030,712,0,0
81,2.7,5,person,0.8077,256,354,1031,712,0,0
82,2.733,5,person,0.8274,256,353,1033,712,0,0
83,2.767,5,person,0.8286,255,353,1032,713,0,0
84,2.8,5,person,0.8234,256,353,1033,712,0,0
85,2.833,5,person,0.8313,254,353,1033,713,0,0
86,2.867,5,person,0.8471,253,351,1035,713,0,0
86,2.867,7,car,0.6657,475,104,504,128,1,0
87,2.9,5,person,0.8137,253,349,1038,713,0,0
87,2.9,7,car,0.724,474,104,503,128,1,0
88,2.933,5,person,0.778,255,350,1039,712,0,0
88,2.933,7,car,0.6981,472,103,503,129,1,0
89,2.967,5,person,0.7926,255,351,1037,713,0,0
89,2.967,7,car,0.6974,471,103,503,130,1,0
90,3.0,5,person,0.7823,255,350,1039,713,0,0
90,3.0,7,car,0.7025,469,103,502,130,1,0
91,3.033,5,person,0.6752,257,347,1043,712,0,0
91,3.033,7,car,0.7521,466,103,502,133,1,0
92,3.067,5,person,0.7338,258,347,1045,712,0,0
92,3.067,7,car,0.7311,465,103,502,134,1,0
93,3.1,5,person,0.6922,258,347,1046,712,0,0
93,3.1,7,car,0.6971,463,103,499,134,1,0
94,3.133,5,person,0.7286,258,349,1045,713,0,0
94,3.133,7,car,0.7455,459,104,498,135,1,0
95,3.167,5,person,0.7091,257,347,1045,713,0,0
95,3.167,7,car,0.7752,457,104,497,136,1,0
96,3.2,5,person,0.7213,257,349,1041,713,0,0
96,3.2,7,car,0.8102,453,104,495,138,1,0
97,3.233,5,person,0.7766,256,350,1039,713,0,0
97,3.233,7,car,0.7629,448,105,491,141,1,0
98,3.267,5,person,0.7438,255,350,1037,713,0,0
98,3.267,7,car,0.7179,445,105,490,142,1,0
99,3.3,5,person,0.7478,253,349,1038,713,0,0
99,3.3,7,car,0.72,441,105,488,144,1,0
100,3.333,5,person,0.7856,250,347,1039,713,0,0
100,3.333,7,car,0.6791,434,106,485,146,1,0
101,3.367,5,person,0.8048,247,345,1041,714,0,0
101,3.367,7,car,0.7265,431,106,483,149,1,0
102,3.4,5,person,0.8312,245,342,1042,714,0,0
102,3.4,7,car,0.7474,424,106,481,152,1,0
103,3.433,5,person,0.7965,247,343,1041,713,0,0
103,3.433,7,car,0.7678,416,107,478,157,1,0
104,3.467,5,person,0.76,247,344,1039,713,0,0
104,3.467,7,car,0.7833,410,107,475,160,1,0
105,3.5,5,person,0.7927,248,345,1035,713,0,0
105,3.5,7,car,0.724,403,109,470,162,1,0
106,3.533,5,person,0.7764,245,339,1042,713,0,0
106,3.533,7,car,0.8159,393,110,466,168,1,0
107,3.567,5,person,0.7689,248,345,1034,713,0,0
107,3.567,7,car,0.8093,385,110,463,173,1,0
108,3.6,5,person,0.775,250,347,1031,713,0,0
108,3.6,7,car,0.8571,374,112,458,178,1,0
109,3.633,5,person,0.7107,247,342,1038,714,0,0
109,3.633,7,car,0.7861,358,114,448,186,1,0
110,3.667,5,person,0.6883,251,346,1032,713,0,0
110,3.667,7,car,0.8197,349,115,445,192,1,0
111,3.7,5,person,0.6694,249,343,1037,713,0,0
111,3.7,7,car,0.8657,331,117,438,201,1,0
112,3.733,5,person,0.7333,253,346,1031,713,0,0
112,3.733,7,car,0.8704,310,119,430,214,1,0
113,3.767,5,person,0.7432,251,349,1027,713,0,0
113,3.767,7,car,0.8069,293,122,423,223,1,0
114,3.8,5,person,0.7039,243,339,1037,713,0,0
114,3.8,7,car,0.7905,264,126,410,237,1,0
115,3.833,5,person,0.703,247,342,1033,712,0,0
115,3.833,7,car,0.7808,233,129,398,254,0,0
116,3.867,5,person,0.7558,246,341,1035,712,0,0
116,3.867,7,car,0.817,211,133,386,264,0,0
117,3.9,5,person,0.7647,246,339,1037,712,0,0
118,3.933,5,person,0.8297,247,341,1035,712,0,0
119,3.967,5,person,0.8182,246,339,1037,712,0,0
120,4.0,5,person,0.838,234,327,1049,713,0,0
121,4.033,5,person,0.7941,243,334,1041,713,0,0
122,4.067,5,person,0.7875,248,337,1039,713,0,0
123,4.1,5,person,0.8037,254,342,1034,713,0,0
124,4.133,5,person,0.8244,249,337,1041,714,0,0
125,4.167,5,person,0.8247,253,341,1035,713,0,0
126,4.2,5,person,0.8507,250,338,1037,713,0,0
127,4.233,5,person,0.8287,237,326,1047,714,0,0
128,4.267,5,person,0.8275,232,321,1048,714,0,0
129,4.3,5,person,0.8565,225,317,1047,714,0,0
130,4.333,5,person,0.8502,217,312,1045,714,0,0
131,4.367,5,person,0.8562,219,317,1033,713,0,0
132,4.4,5,person,0.8821,218,318,1025,712,0,0
133,4.433,5,person,0.8479,218,321,1017,712,0,0
134,4.467,5,person,0.8139,216,320,1016,712,0,0
135,4.5,5,person,0.797,214,319,1015,713,0,0
136,4.533,5,person,0.7483,222,313,1038,714,0,0
137,4.567,5,person,0.7381,217,312,1033,714,0,0
138,4.6,5,person,0.801,207,314,1017,714,0,0
139,4.633,5,person,0.792,202,314,1008,714,0,0
140,4.667,5,person,0.8346,201,314,1003,714,0,0
141,4.7,5,person,0.7661,219,335,985,714,0,0
142,4.733,5,person,0.759,229,344,978,713,0,0
143,4.767,5,person,0.7352,233,346,981,713,0,0
144,4.8,5,person,0.6516,241,351,982,712,0,0
145,4.833,5,person,0.6215,241,354,982,711,0,0
3358,111.933,-1,person,0.629,194,502,330,714,0,1
6545,218.167,1,car,0.816,531,126,648,232,1,2
6546,218.2,1,car,0.8052,529,126,646,233,1,2
6547,218.233,1,car,0.7893,528,127,645,233,1,2
6548,218.267,1,car,0.7852,527,127,643,234,1,2
6549,218.3,1,car,0.7789,523,128,641,234,1,2
6550,218.333,1,car,0.7734,522,128,639,235,1,2
6551,218.367,1,car,0.762,521,128,638,235,1,2
6552,218.4,1,car,0.7771,520,128,638,235,1,2
6553,218.433,1,car,0.7846,518,128,637,235,1,2
6554,218.467,1,car,0.7934,518,127,635,235,1,2
6555,218.5,1,car,0.8048,517,128,634,235,1,2
6556,218.533,1,car,0.8271,515,128,634,237,1,2
6557,218.567,1,car,0.8449,515,128,633,237,1,2
6558,218.6,1,car,0.8511,514,128,632,237,1,2
6558,218.6,4,person,0.6519,314,374,1030,714,0,2
6559,218.633,1,car,0.8429,513,128,631,237,1,2
6559,218.633,4,person,0.6715,319,377,1026,714,0,2
6560,218.667,1,car,0.8395,513,128,630,235,1,2
6560,218.667,4,person,0.6594,322,379,1025,714,0,2
6561,218.7,1,car,0.8122,512,128,629,235,1,2
6561,218.7,4,person,0.6765,321,381,1022,714,0,2
6562,218.733,1,car,0.8251,511,129,627,235,1,2
6562,218.733,4,person,0.619,318,377,1027,714,0,2
6563,218.767,1,car,0.809,510,129,626,235,1,2
6564,218.8,1,car,0.8164,509,129,625,237,1,2
6564,218.8,4,person,0.6898,313,384,1013,715,0,2
6565,218.833,1,car,0.8351,507,129,624,237,1,2
6565,218.833,4,person,0.6462,313,390,1003,714,0,2
6566,218.867,1,car,0.8215,506,130,623,237,1,2
6566,218.867,4,person,0.6251,310,391,1001,715,0,2
6567,218.9,1,car,0.8601,505,130,622,238,1,2
6567,218.9,4,person,0.6192,302,385,1006,715,0,2
6568,218.933,1,car,0.8565,504,130,621,238,1,2
6568,218.933,4,person,0.6154,295,383,1008,715,0,2
6569,218.967,1,car,0.8537,504,129,621,237,1,2
6569,218.967,4,person,0.6553,291,383,1006,715,0,2
6570,219.0,1,car,0.8524,503,129,619,237,1,2
6570,219.0,4,person,0.6786,297,387,1003,715,0,2
6571,219.033,1,car,0.8209,501,129,618,237,1,2
6571,219.033,4,person,0.6016,298,383,1015,715,0,2
6572,219.067,1,car,0.8198,501,129,617,237,1,2
6573,219.1,1,car,0.8265,499,129,617,237,1,2
6574,219.133,1,car,0.7974,499,129,616,235,1,2
6575,219.167,1,car,0.8053,499,129,615,235,1,2
6576,219.2,1,car,0.8055,501,129,614,233,1,2
6577,219.233,1,car,0.8084,499,128,614,233,1,2
6578,219.267,1,car,0.807,501,128,613,232,1,2
6579,219.3,1,car,0.8073,501,127,613,231,1,2
6580,219.333,1,car,0.7799,501,126,613,229,1,2
6581,219.367,1,car,0.8265,501,123,613,226,1,2
6582,219.4,1,car,0.8273,502,122,613,224,1,2
6582,219.4,4,person,0.7752,293,366,1043,714,0,2
6583,219.433,1,car,0.8622,502,121,613,223,1,2
6583,219.433,4,person,0.7927,296,366,1046,714,0,2
6584,219.467,1,car,0.8582,502,121,614,222,1,2
6584,219.467,4,person,0.7906,297,366,1047,714,0,2
6585,219.5,1,car,0.8689,502,118,614,221,1,2
6585,219.5,4,person,0.8039,299,363,1053,714,0,2
6586,219.533,1,car,0.8519,502,115,615,219,1,2
6586,219.533,4,person,0.7533,304,362,1061,713,0,2
6587,219.567,1,car,0.8548,502,114,615,218,1,2
6587,219.567,4,person,0.7382,306,360,1067,713,0,2
6588,219.6,1,car,0.85,502,113,615,217,1,2
6588,219.6,4,person,0.7244,310,361,1070,713,0,2
6589,219.633,1,car,0.8278,502,112,615,217,1,2
6589,219.633,4,person,0.6935,314,362,1075,713,0,2
6590,219.667,1,car,0.8244,502,112,615,216,1,2
6590,219.667,4,person,0.7217,313,362,1074,713,0,2
6591,219.7,1,car,0.8359,503,112,615,215,1,2
6591,219.7,4,person,0.7253,310,361,1074,713,0,2
6592,219.733,1,car,0.8379,502,112,615,215,1,2
6592,219.733,4,person,0.751,306,360,1071,713,0,2
6593,219.767,1,car,0.8295,502,111,614,215,1,2
6593,219.767,4,person,0.779,305,360,1070,713,0,2
6594,219.8,1,car,0.803,501,111,614,214,1,2
6594,219.8,4,person,0.7687,304,359,1069,713,0,2
6595,219.833,1,car,0.7973,499,110,613,214,1,2
6595,219.833,4,person,0.7693,299,358,1065,713,0,2
6596,219.867,1,car,0.7863,498,110,613,214,1,2
6596,219.867,4,person,0.7881,295,357,1062,713,0,2
6597,219.9,1,car,0.7293,498,110,611,214,1,2
6597,219.9,4,person,0.7525,294,358,1059,713,0,2
6598,219.933,1,car,0.7556,497,110,609,213,1,2
6598,219.933,4,person,0.7054,297,359,1058,713,0,2
6599,219.967,1,car,0.7557,497,110,608,213,1,2
6599,219.967,4,person,0.6907,296,358,1057,713,0,2
6600,220.0,1,car,0.7496,496,110,608,213,1,2
6600,220.0,4,person,0.7198,297,362,1050,713,0,2
6601,220.033,1,car,0.7548,496,111,606,210,1,2
6601,220.033,4,person,0.6577,295,360,1053,713,0,2
6602,220.067,1,car,0.7216,496,111,605,210,1,2
6602,220.067,4,person,0.6901,273,337,1073,713,0,2
6603,220.1,1,car,0.6989,496,111,605,210,1,2
6603,220.1,4,person,0.691,265,329,1079,714,0,2
6604,220.133,1,car,0.696,495,111,603,209,1,2
6604,220.133,4,person,0.6445,263,325,1080,714,0,2
6605,220.167,1,car,0.7315,494,111,603,210,1,2
6605,220.167,4,person,0.6242,263,323,1077,714,0,2
6606,220.2,1,car,0.7598,493,111,603,211,1,2
6606,220.2,4,person,0.6159,293,357,1040,713,0,2
6607,220.233,1,car,0.773,491,112,603,213,1,2
6607,220.233,4,person,0.6336,301,367,1029,713,0,2
6608,220.267,1,car,0.7631,491,112,603,213,1,2
6608,220.267,4,person,0.6567,302,370,1026,713,0,2
6608,220.267,5,car,0.6191,173,229,1279,710,0,2
6609,220.3,1,car,0.7803,491,112,603,213,1,2
6609,220.3,4,person,0.6499,275,341,1055,713,0,2
6610,220.333,1,car,0.7783,491,113,602,213,1,2
6610,220.333,4,person,0.6733,289,357,1037,713,0,2
6610,220.333,5,car,0.609,152,229,1259,711,0,2
6611,220.367,1,car,0.7652,491,113,602,213,1,2
6611,220.367,4,person,0.672,295,363,1031,713,0,2
6611,220.367,5,car,0.6042,141,226,1255,711,0,2
6612,220.4,1,car,0.7607,491,114,602,213,1,2
6612,220.4,4,person,0.7082,297,367,1029,713,0,2
6612,220.4,5,car,0.6094,136,227,1250,711,0,2
6613,220.433,1,car,0.7438,491,114,602,213,1,2
6613,220.433,4,person,0.7008,301,368,1031,713,0,2
6613,220.433,5,car,0.612,117,233,1222,709,0,2
6614,220.467,1,car,0.7467,491,114,602,213,1,2
6614,220.467,4,person,0.7099,303,368,1034,713,0,2
6615,220.5,1,car,0.7478,491,113,602,213,1,2
6615,220.5,4,person,0.7141,304,362,1045,712,0,2
6615,220.5,5,car,0.6015,106,238,1209,709,0,2
6616,220.533,1,car,0.7432,491,113,602,211,1,2
6616,220.533,4,person,0.7116,290,341,1072,713,0,2
6617,220.567,1,car,0.742,493,113,602,211,1,2
6617,220.567,4,person,0.7074,288,335,1078,714,0,2
6618,220.6,1,car,0.747,493,113,603,211,1,2
6618,220.6,4,person,0.694,291,331,1081,714,0,2
6619,220.633,1,car,0.7487,493,112,603,211,1,2
6619,220.633,4,person,0.6987,312,350,1065,713,0,2
6619,220.633,5,car,0.6024,94,240,1211,711,0,2
6620,220.667,1,car,0.7592,494,112,605,210,1,2
6620,220.667,4,person,0.7303,317,353,1063,712,0,2
6621,220.7,1,car,0.7367,494,111,605,210,1,2
6621,220.7,4,person,0.6833,299,331,1085,713,0,2
6622,220.733,1,car,0.7783,494,110,605,209,1,2
6622,220.733,4,person,0.7359,295,323,1090,713,0,2
6623,220.767,1,car,0.7586,495,110,606,208,1,2
6623,220.767,4,person,0.726,295,320,1090,713,0,2
6624,220.8,1,car,0.7633,495,109,606,207,1,2
6624,220.8,4,person,0.7133,295,319,1090,713,0,2
6625,220.833,1,car,0.7464,496,109,606,206,1,2
6625,220.833,4,person,0.718,306,331,1074,713,0,2
6626,220.867,1,car,0.7269,496,109,606,206,1,2
6626,220.867,4,person,0.7054,312,338,1066,713,0,2
6627,220.9,1,car,0.7353,496,107,606,205,1,2
6627,220.9,4,person,0.6389,321,345,1063,713,0,2
6628,220.933,1,car,0.7756,495,107,606,205,1,2
6628,220.933,4,person,0.685,309,328,1079,713,0,2
6629,220.967,1,car,0.7853,495,107,606,205,1,2
6629,220.967,4,person,0.7026,303,321,1082,713,0,2
6630,221.0,1,car,0.8083,494,107,606,206,1,2
6630,221.0,4,person,0.7823,303,322,1079,713,0,2
6631,221.033,1,car,0.82,493,106,605,206,1,2
6631,221.033,4,person,0.7779,299,319,1078,713,0,2
6631,221.033,5,car,0.6045,77,239,1218,711,0,2
6632,221.067,1,car,0.8025,493,106,605,206,1,2
6632,221.067,4,person,0.7795,298,318,1077,713,0,2
6632,221.067,5,car,0.6423,67,239,1227,711,0,2
6633,221.1,1,car,0.8159,491,106,603,206,1,2
6633,221.1,4,person,0.7737,303,323,1069,713,0,2
6633,221.1,5,car,0.6839,61,239,1232,710,0,2
6634,221.133,1,car,0.8162,490,106,602,206,1,2
6634,221.133,4,person,0.7489,315,339,1054,713,0,2
6634,221.133,5,car,0.6747,54,238,1240,710,0,2
6635,221.167,1,car,0.7762,489,105,602,205,1,2
6635,221.167,4,person,0.7351,319,345,1050,713,0,2
6635,221.167,5,car,0.6629,48,238,1245,710,0,2
6636,221.2,1,car,0.7678,487,105,601,206,1,2
6636,221.2,4,person,0.7305,318,345,1054,713,0,2
6636,221.2,5,car,0.6155,48,237,1255,711,0,2
6637,221.233,1,car,0.8011,486,104,600,206,1,2
6637,221.233,4,person,0.732,312,343,1057,713,0,2
6637,221.233,5,car,0.616,48,235,1261,711,0,2
6638,221.267,1,car,0.8192,486,104,600,206,1,2
6638,221.267,4,person,0.7316,298,329,1071,714,0,2
6638,221.267,5,car,0.6153,49,235,1266,711,0,2
6639,221.3,1,car,0.8119,485,105,599,206,1,2
6639,221.3,4,person,0.7279,290,323,1074,714,0,2
6639,221.3,5,car,0.6098,59,234,1275,711,0,2
6640,221.333,1,car,0.8321,485,105,598,206,1,2
6640,221.333,4,person,0.7598,285,326,1063,715,0,2
6641,221.367,1,car,0.8339,483,105,597,206,1,2
6641,221.367,4,person,0.7794,282,327,1056,715,0,2
6641,221.367,5,car,0.6021,61,238,1271,711,0,2
6642,221.4,1,car,0.8368,483,106,597,207,1,2
6642,221.4,4,person,0.7165,280,326,1053,715,0,2
6643,221.433,1,car,0.8124,483,106,595,206,1,2
6643,221.433,4,person,0.7325,297,345,1033,714,0,2
6644,221.467,1,car,0.8202,483,107,595,207,1,2
6644,221.467,4,person,0.7404,304,352,1026,714,0,2
6645,221.5,1,car,0.7803,482,107,595,207,1,2
6645,221.5,4,person,0.7793,306,357,1022,714,0,2
6646,221.533,1,car,0.8038,483,107,595,207,1,2
6646,221.533,4,person,0.8013,297,349,1031,714,0,2
6647,221.567,1,car,0.7851,483,107,595,206,1,2
6647,221.567,4,person,0.7983,305,357,1024,714,0,2
6648,221.6,1,car,0.7741,483,107,595,206,1,2
6648,221.6,4,person,0.8046,298,349,1032,714,0,2
6649,221.633,1,car,0.7614,483,107,594,203,1,2
6649,221.633,4,person,0.8106,305,357,1025,713,0,2
6650,221.667,1,car,0.7589,483,107,594,205,1,2
6650,221.667,4,person,0.7982,305,358,1023,713,0,2
6651,221.7,1,car,0.8006,482,109,594,206,1,2
6651,221.7,4,person,0.7686,291,345,1035,714,0,2
6652,221.733,1,car,0.8008,481,109,594,208,1,2
6652,221.733,4,person,0.7657,298,354,1027,714,0,2
6653,221.767,1,car,0.7804,480,110,594,209,1,2
6653,221.767,4,person,0.724,299,358,1023,714,0,2
6654,221.8,1,car,0.7543,479,109,595,210,1,2
6654,221.8,4,person,0.7044,298,360,1019,714,0,2
6655,221.833,1,car,0.7157,478,109,594,211,1,2
6655,221.833,4,person,0.7199,297,361,1017,714,0,2
6656,221.867,1,car,0.725,478,109,594,211,1,2
6656,221.867,4,person,0.6999,295,360,1019,714,0,2
6657,221.9,1,car,0.7778,477,110,593,211,1,2
6657,221.9,4,person,0.7108,295,360,1021,714,0,2
6658,221.933,1,car,0.762,477,110,593,213,1,2
6658,221.933,4,person,0.6872,295,361,1022,714,0,2
6659,221.967,1,car,0.7516,477,110,593,213,1,2
6659,221.967,4,person,0.7087,295,361,1023,714,0,2
6660,222.0,1,car,0.7436,475,110,592,213,1,2
6660,222.0,4,person,0.6843,295,360,1026,714,0,2
6661,222.033,1,car,0.7444,475,110,592,214,1,2
6661,222.033,4,person,0.6982,298,362,1027,714,0,2
6661,222.033,10,car,0.6674,291,128,331,155,0,2
6662,222.067,1,car,0.7316,475,110,592,214,1,2
6662,222.067,4,person,0.6929,301,362,1030,714,0,2
6662,222.067,10,car,0.7623,286,128,329,158,0,2
6663,222.1,1,car,0.7422,475,111,592,214,1,2
6663,222.1,4,person,0.7192,301,363,1029,713,0,2
6663,222.1,10,car,0.6333,280,129,323,160,0,2
6664,222.133,1,car,0.7187,477,112,591,214,1,2
6664,222.133,4,person,0.7133,301,363,1030,713,0,2
6664,222.133,10,car,0.6958,272,129,317,161,0,2
6665,222.167,1,car,0.695,477,112,591,214,1,2
6665,222.167,4,person,0.7199,298,363,1029,714,0,2
6665,222.167,10,car,0.6254,266,130,312,162,0,2
6666,222.2,1,car,0.709,475,111,590,213,1,2
6666,222.2,4,person,0.7365,296,363,1029,714,0,2
6666,222.2,10,car,0.6591,257,131,306,166,0,2
6667,222.233,1,car,0.6816,474,111,590,214,1,2
6667,222.233,4,person,0.7793,294,362,1029,714,0,2
6668,222.267,1,car,0.6553,473,111,589,214,1,2
6668,222.267,4,person,0.789,291,362,1027,714,0,2
6669,222.3,1,car,0.6342,475,114,587,214,1,2
6669,222.3,4,person,0.7813,291,362,1027,714,0,2
6670,222.333,1,car,0.6227,479,122,584,214,1,2
6670,222.333,4,person,0.7403,291,362,1029,714,0,2
6671,222.367,1,car,0.6421,475,117,587,214,1,2
6671,222.367,4,person,0.6833,293,363,1029,714,0,2
6672,222.4,1,car,0.7148,474,115,587,214,1,2
6672,222.4,4,person,0.6801,291,362,1031,714,0,2
6673,222.433,1,car,0.7253,473,115,587,215,1,2
6673,222.433,4,person,0.6635,279,346,1050,715,0,2
6674,222.467,1,car,0.734,472,114,587,216,1,2
6674,222.467,4,person,0.6724,273,341,1054,715,0,2
6675,222.5,1,car,0.7532,471,114,587,216,1,2
6675,222.5,4,person,0.6709,271,338,1055,717,0,2
6676,222.533,1,car,0.7291,471,114,586,216,1,2
6676,222.533,4,person,0.6862,280,351,1037,715,0,2
6677,222.567,1,car,0.7225,471,114,586,215,1,2
6677,222.567,4,person,0.7347,282,357,1030,714,0,2
6678,222.6,1,car,0.7261,471,114,586,215,1,2
6678,222.6,4,person,0.7706,278,354,1029,714,0,2
6679,222.633,1,car,0.7355,470,115,585,216,1,2
6679,222.633,4,person,0.7457,271,349,1032,714,0,2
6680,222.667,1,car,0.7489,470,115,584,216,1,2
6680,222.667,4,person,0.7443,267,347,1033,715,0,2
6681,222.7,1,car,0.7763,470,115,584,216,1,2
6681,222.7,4,person,0.7646,272,352,1029,715,0,2
6682,222.733,1,car,0.7731,469,115,584,217,1,2
6682,222.733,4,person,0.7395,279,358,1025,714,0,2
6683,222.767,1,car,0.766,470,115,583,217,1,2
6683,222.767,4,person,0.7185,281,360,1024,714,0,2
6684,222.8,1,car,0.7609,470,117,583,217,1,2
6684,222.8,4,person,0.6811,286,360,1029,714,0,2
6685,222.833,1,car,0.7299,470,117,583,217,1,2
6686,222.867,1,car,0.7143,470,117,583,217,1,2
6686,222.867,4,person,0.6523,298,361,1040,713,0,2
6687,222.9,1,car,0.733,470,115,584,217,1,2
6687,222.9,4,person,0.6281,289,362,1031,714,0,2
6688,222.933,1,car,0.7646,471,114,585,216,1,2
6688,222.933,4,person,0.6508,287,363,1030,714,0,2
6689,222.967,1,car,0.7682,472,115,585,216,1,2
6689,222.967,4,person,0.6359,286,362,1032,714,0,2
6690,223.0,1,car,0.7509,472,115,585,215,1,2
6690,223.0,4,person,0.6736,291,365,1039,714,0,2
6690,223.0,12,car,0.6817,232,149,271,175,0,2
6691,223.033,1,car,0.721,473,114,585,215,1,2
6691,223.033,4,person,0.6905,291,365,1042,713,0,2
6692,223.067,1,car,0.6441,473,114,585,213,1,2
6692,223.067,4,person,0.7304,291,363,1046,713,0,2
6693,223.1,1,car,0.6347,474,113,585,211,1,2
6693,223.1,4,person,0.7688,287,360,1051,713,0,2
6694,223.133,1,car,0.6149,474,112,585,210,1,2
6694,223.133,4,person,0.7716,282,358,1054,712,0,2
6695,223.167,4,person,0.7656,280,357,1055,713,0,2
6696,223.2,4,person,0.7412,280,358,1057,713,0,2
6696,223.2,1,car,0.6007,475,112,586,209,1,2
6697,223.233,4,person,0.7238,275,355,1058,713,0,2
6697,223.233,1,car,0.6759,475,111,586,209,1,2
6698,223.267,4,person,0.7437,271,354,1057,713,0,2
6698,223.267,1,car,0.6549,475,111,587,209,1,2
6699,223.3,4,person,0.7195,269,354,1056,713,0,2
6699,223.3,1,car,0.6334,475,110,587,209,1,2
6700,223.333,4,person,0.7087,269,354,1056,713,0,2
6701,223.367,4,person,0.7064,271,355,1058,713,0,2
6702,223.4,4,person,0.723,277,354,1069,713,0,2
6702,223.4,1,car,0.6257,478,109,590,209,1,2
6703,223.433,4,person,0.7577,271,354,1064,713,0,2
6703,223.433,1,car,0.7225,480,107,591,207,1,2
6704,223.467,4,person,0.791,269,353,1064,713,0,2
6704,223.467,1,car,0.7579,481,107,592,206,1,2
6705,223.5,4,person,0.7546,267,345,1074,713,0,2
6705,223.5,1,car,0.7924,482,106,593,206,1,2
6706,223.533,4,person,0.6866,261,328,1101,713,0,2
6706,223.533,1,car,0.795,485,106,594,205,1,2
6707,223.567,4,person,0.7625,274,336,1094,713,0,2
6707,223.567,1,car,0.7391,486,105,595,203,1,2
6708,223.6,4,person,0.7515,270,323,1109,713,0,2
6708,223.6,1,car,0.6681,487,104,598,202,1,2
6709,223.633,4,person,0.797,266,317,1113,713,0,2
6709,223.633,1,car,0.689,488,103,599,202,1,2
6710,223.667,4,person,0.8032,266,313,1113,713,0,2
6710,223.667,1,car,0.6653,489,103,600,201,1,2
6711,223.7,4,person,0.8269,265,312,1112,714,0,2
6711,223.7,1,car,0.6741,490,103,600,202,1,2
6712,223.733,4,person,0.8029,266,311,1109,714,0,2
6712,223.733,1,car,0.6362,491,103,601,201,1,2
6713,223.767,4,person,0.7832,270,310,1107,714,0,2
6713,223.767,1,car,0.6501,493,103,601,200,1,2
6714,223.8,4,person,0.7636,274,312,1104,714,0,2
6714,223.8,1,car,0.6442,494,102,601,198,1,2
6715,223.833,4,person,0.7946,275,313,1101,714,0,2
6715,223.833,1,car,0.6215,496,102,601,195,1,2
6716,223.867,4,person,0.8102,277,315,1093,713,0,2
6716,223.867,1,car,0.6339,496,101,601,194,1,2
6717,223.9,4,person,0.824,279,317,1091,713,0,2
6717,223.9,1,car,0.6912,496,101,601,194,1,2
6718,223.933,4,person,0.8328,285,319,1090,713,0,2
6718,223.933,1,car,0.7202,495,99,602,194,1,2
6719,223.967,4,person,0.831,293,323,1088,713,0,2
6719,223.967,1,car,0.7233,495,99,602,194,1,2
6720,224.0,4,person,0.8199,296,320,1094,713,0,2
6720,224.0,1,car,0.6919,495,99,601,193,1,2
6721,224.033,4,person,0.8439,299,320,1095,713,0,2
6721,224.033,1,car,0.7447,494,99,602,195,1,2
6722,224.067,4,person,0.8281,306,323,1090,713,0,2
6722,224.067,1,car,0.7704,491,98,603,198,1,2
6723,224.1,4,person,0.8214,307,323,1088,713,0,2
6723,224.1,1,car,0.8052,491,98,601,195,1,2
6724,224.133,4,person,0.869,307,323,1085,713,0,2
6724,224.133,1,car,0.7975,490,97,600,194,1,2
6725,224.167,4,person,0.8608,311,326,1080,713,0,2
6725,224.167,1,car,0.7969,490,97,600,193,1,2
6726,224.2,4,person,0.8852,309,325,1080,713,0,2
6726,224.2,1,car,0.7416,489,96,599,192,1,2
6727,224.233,4,person,0.8855,307,325,1078,713,0,2
6727,224.233,1,car,0.7196,488,95,598,192,1,2
6728,224.267,4,person,0.8828,309,327,1075,713,0,2
6728,224.267,1,car,0.6969,488,95,597,192,1,2
6729,224.3,4,person,0.8873,307,327,1073,713,0,2
6729,224.3,1,car,0.6417,487,94,597,191,1,2
6730,224.333,4,person,0.9005,305,327,1071,713,0,2
6730,224.333,1,car,0.7436,487,94,595,191,1,2
6731,224.367,4,person,0.892,306,329,1069,713,0,2
6731,224.367,1,car,0.7803,486,94,595,190,1,2
6732,224.4,4,person,0.8969,305,331,1065,713,0,2
6732,224.4,1,car,0.7819,486,94,594,190,1,2
6733,224.433,4,person,0.8783,312,337,1061,712,0,2
6733,224.433,1,car,0.7729,486,94,594,190,1,2
6734,224.467,4,person,0.8741,312,338,1059,712,0,2
6734,224.467,1,car,0.7818,486,94,594,190,1,2
6735,224.5,4,person,0.8517,313,338,1061,712,0,2
6735,224.5,1,car,0.8029,485,94,593,190,1,2
6736,224.533,4,person,0.8407,313,338,1062,711,0,2
6736,224.533,1,car,0.8038,483,94,593,190,1,2
6737,224.567,4,person,0.8458,313,339,1063,712,0,2
6737,224.567,1,car,0.8386,483,93,592,190,1,2
6738,224.6,4,person,0.8744,311,338,1063,711,0,2
6738,224.6,1,car,0.8399,483,93,591,189,1,2
6739,224.633,4,person,0.8843,312,339,1062,711,0,2
6739,224.633,1,car,0.8275,483,94,591,189,1,2
6740,224.667,4,person,0.8865,312,341,1062,711,0,2
6740,224.667,1,car,0.8269,483,93,591,189,1,2
6741,224.7,4,person,0.8844,311,341,1063,711,0,2
6741,224.7,1,car,0.7562,482,94,590,189,1,2
6742,224.733,4,person,0.8783,310,341,1064,711,0,2
6742,224.733,1,car,0.7046,481,94,590,189,1,2
6743,224.767,4,person,0.8947,307,342,1063,712,0,2
6743,224.767,1,car,0.7385,481,94,589,189,1,2
6744,224.8,4,person,0.8881,304,341,1063,712,0,2
6744,224.8,1,car,0.7103,480,94,589,189,1,2
6745,224.833,4,person,0.8907,302,339,1063,712,0,2
6745,224.833,1,car,0.7088,479,94,589,190,1,2
6746,224.867,4,person,0.8851,301,339,1063,712,0,2
6746,224.867,1,car,0.6517,479,94,589,190,1,2
6747,224.9,4,person,0.8878,298,339,1061,712,0,2
6747,224.9,1,car,0.6562,479,94,587,190,1,2
6748,224.933,4,person,0.8657,298,341,1059,712,0,2
6748,224.933,1,car,0.671,479,94,589,191,1,2
6749,224.967,4,person,0.8614,299,341,1061,712,0,2
6750,225.0,4,person,0.8651,303,343,1061,712,0,2
6750,225.0,1,car,0.6965,481,96,589,191,1,2
6751,225.033,4,person,0.8664,307,346,1058,712,0,2
6751,225.033,1,car,0.7027,482,96,591,193,1,2
6752,225.067,4,person,0.8742,311,349,1057,712,0,2
6752,225.067,1,car,0.7366,482,97,592,194,1,2
6753,225.1,4,person,0.853,315,352,1057,712,0,2
6753,225.1,1,car,0.8054,483,98,592,194,1,2
6754,225.133,4,person,0.8416,318,351,1061,712,0,2
6754,225.133,1,car,0.8,483,99,593,197,1,2
6754,225.133,13,car,0.6432,40,247,1278,711,0,2
6755,225.167,4,person,0.8427,318,351,1062,712,0,2
6755,225.167,1,car,0.7766,485,101,593,197,1,2
6755,225.167,13,car,0.6152,33,249,1264,711,0,2
6756,225.2,4,person,0.828,319,351,1064,712,0,2
6756,225.2,1,car,0.7746,486,102,594,198,1,2
6757,225.233,4,person,0.8407,319,350,1065,712,0,2
6757,225.233,1,car,0.7332,486,103,594,199,1,2
6758,225.267,4,person,0.8578,318,349,1066,712,0,2
6758,225.267,1,car,0.6937,487,103,594,199,1,2
6759,225.3,4,person,0.8515,307,337,1079,713,0,2
6759,225.3,1,car,0.6143,487,104,594,199,1,2
6760,225.333,4,person,0.8453,309,338,1077,713,0,2
6760,225.333,1,car,0.6393,487,104,594,199,1,2
6761,225.367,4,person,0.8415,310,339,1075,713,0,2
6761,225.367,1,car,0.6893,487,104,594,199,1,2
6762,225.4,4,person,0.8636,311,343,1069,712,0,2
6762,225.4,1,car,0.7203,486,104,594,200,1,2
6763,225.433,4,person,0.8811,313,349,1062,712,0,2
6763,225.433,1,car,0.7601,486,105,593,200,1,2
6763,225.433,13,car,0.6038,45,247,1280,711,0,2
6764,225.467,4,person,0.8731,311,351,1057,713,0,2
6764,225.467,1,car,0.7484,485,106,593,201,1,2
6765,225.5,4,person,0.8253,311,352,1056,713,0,2
6765,225.5,1,car,0.6332,483,106,593,202,1,2
6766,225.533,4,person,0.7876,312,357,1051,713,0,2
6767,225.567,4,person,0.7908,309,359,1046,713,0,2
6768,225.6,4,person,0.8196,307,361,1041,713,0,2
6769,225.633,4,person,0.8163,306,362,1039,713,0,2
6770,225.667,4,person,0.8107,305,362,1039,713,0,2
6771,225.7,4,person,0.7779,307,361,1047,713,0,2
6772,225.733,4,person,0.7713,306,360,1050,713,0,2
6773,225.767,4,person,0.7534,304,359,1053,713,0,2
6774,225.8,4,person,0.7793,299,358,1051,713,0,2
6775,225.833,4,person,0.7846,296,357,1051,713,0,2
6775,225.833,1,car,0.6174,481,109,589,205,1,2
6776,225.867,4,person,0.8016,293,358,1048,713,0,2
6777,225.9,4,person,0.8159,289,360,1041,713,0,2
6778,225.933,4,person,0.8002,287,362,1034,713,0,2
6779,225.967,4,person,0.763,286,365,1031,713,0,2
6780,226.0,4,person,0.6995,288,367,1030,713,0,2
6781,226.033,4,person,0.6137,289,368,1029,713,0,2
6783,226.1,4,person,0.6623,298,369,1035,713,0,2
6784,226.133,4,person,0.685,302,370,1038,713,0,2
6785,226.167,4,person,0.7314,299,371,1037,713,0,2
6786,226.2,4,person,0.7325,294,369,1038,713,0,2
6787,226.233,4,person,0.7343,295,368,1041,713,0,2
6788,226.267,4,person,0.7152,295,367,1043,713,0,2
6789,226.3,4,person,0.7061,296,367,1046,713,0,2
6790,226.333,4,person,0.6871,297,368,1045,713,0,2
6791,226.367,4,person,0.6854,297,369,1043,713,0,2
6792,226.4,4,person,0.6705,296,369,1042,713,0,2
6793,226.433,4,person,0.6341,294,367,1043,713,0,2
6794,226.467,4,person,0.6112,294,368,1043,713,0,2
6795,226.5,4,person,0.6368,294,369,1042,713,0,2
6796,226.533,4,person,0.6164,296,370,1041,714,0,2
6797,226.567,4,person,0.6004,298,373,1040,714,0,2
6798,226.6,4,person,0.656,299,375,1038,714,0,2
6799,226.633,4,person,0.72,298,376,1034,713,0,2
6800,226.667,4,person,0.6974,296,376,1033,713,0,2
6801,226.7,4,person,0.6888,293,374,1035,713,0,2
6802,226.733,4,person,0.7068,291,371,1037,713,0,2
6803,226.767,4,person,0.6799,291,371,1038,713,0,2
6804,226.8,4,person,0.6391,290,368,1042,714,0,2
6805,226.833,4,person,0.6852,291,368,1045,713,0,2
6806,226.867,4,person,0.7176,290,365,1048,713,0,2
6807,226.9,4,person,0.7351,290,359,1061,713,0,2
6807,226.9,14,car,0.631,49,248,1277,711,0,2
6808,226.933,4,person,0.7362,291,359,1062,713,0,2
6809,226.967,4,person,0.7344,291,359,1061,713,0,2
6810,227.0,4,person,0.719,293,362,1055,713,0,2
6811,227.033,4,person,0.6943,291,365,1051,713,0,2
6812,227.067,4,person,0.6932,288,361,1053,713,0,2
6813,227.1,4,person,0.7151,278,359,1048,713,0,2
6814,227.133,4,person,0.7905,271,357,1046,713,0,2
6815,227.167,4,person,0.8145,267,355,1043,713,0,2
6815,227.167,16,car,0.6558,167,159,336,282,0,2
6816,227.2,4,person,0.7808,266,355,1040,713,0,2
6816,227.2,16,car,0.6987,168,157,338,281,0,2
6817,227.233,4,person,0.7938,269,359,1037,713,0,2
6817,227.233,16,car,0.8,169,154,342,280,0,2
6818,227.267,4,person,0.7848,271,360,1035,713,0,2
6818,227.267,16,car,0.8068,169,154,343,280,0,2
6818,227.267,17,car,0.6395,483,109,584,200,1,2
6819,227.3,4,person,0.7759,273,361,1034,713,0,2
6819,227.3,16,car,0.767,171,154,343,279,0,2
6820,227.333,4,person,0.7589,280,363,1037,713,0,2
6820,227.333,16,car,0.8336,174,154,345,277,0,2
6821,227.367,4,person,0.6914,282,363,1039,713,0,2
6821,227.367,16,car,0.828,174,152,347,277,0,2
6822,227.4,4,person,0.7261,285,363,1040,713,0,2
6822,227.4,16,car,0.7612,169,152,354,282,0,2
6823,227.433,4,person,0.7163,287,365,1040,713,0,2
6823,227.433,16,car,0.8406,167,150,358,286,0,2
6824,227.467,4,person,0.7586,289,365,1041,713,0,2
6824,227.467,16,car,0.8262,166,149,362,288,0,2
6825,227.5,4,person,0.7296,290,362,1047,714,0,2
6825,227.5,16,car,0.8064,166,149,365,289,0,2
6826,227.533,4,person,0.7248,288,362,1047,714,0,2
6826,227.533,16,car,0.72,166,149,365,289,0,2
6827,227.567,4,person,0.6886,283,362,1042,714,0,2
6827,227.567,16,car,0.7673,167,147,366,287,0,2
6828,227.6,4,person,0.6817,280,362,1040,714,0,2
6828,227.6,16,car,0.7638,168,143,369,286,0,2
6829,227.633,4,person,0.7035,278,362,1039,714,0,2
6829,227.633,16,car,0.7621,169,141,373,283,0,2
6829,227.633,17,car,0.6153,490,129,570,200,1,2
6830,227.667,4,person,0.6944,277,362,1039,714,0,2
6830,227.667,16,car,0.8036,174,139,373,279,0,2
6831,227.7,4,person,0.6874,274,362,1035,714,0,2
6831,227.7,16,car,0.7815,182,139,373,273,0,2
6832,227.733,4,person,0.7131,281,365,1037,714,0,2
6832,227.733,16,car,0.7898,187,139,376,270,0,2
6832,227.733,17,car,0.6238,480,113,578,201,1,2
6833,227.767,4,person,0.6929,286,366,1039,714,0,2
6833,227.767,16,car,0.7898,191,138,377,267,0,2
6833,227.767,17,car,0.6539,479,111,579,201,1,2
6834,227.8,4,person,0.6853,287,366,1040,714,0,2
6834,227.8,16,car,0.7667,200,141,377,262,0,2
6834,227.8,17,car,0.6414,478,111,581,201,1,2
6835,227.833,4,person,0.7011,294,367,1045,714,0,2
6835,227.833,16,car,0.7962,205,139,379,257,0,2
6835,227.833,17,car,0.6671,478,111,581,201,1,2
6836,227.867,4,person,0.6907,295,367,1048,713,0,2
6836,227.867,16,car,0.7889,209,139,381,255,0,2
6836,227.867,17,car,0.6463,479,111,581,201,1,2
6837,227.9,4,person,0.7706,296,366,1051,713,0,2
6837,227.9,16,car,0.8321,213,138,384,253,0,2
6837,227.9,17,car,0.6297,480,111,581,201,1,2
6838,227.933,4,person,0.7907,297,362,1055,713,0,2
6838,227.933,16,car,0.8183,216,136,387,251,0,2
6838,227.933,17,car,0.6799,480,110,581,201,1,2
6839,227.967,4,person,0.7933,297,362,1055,713,0,2
6839,227.967,16,car,0.7617,217,135,391,250,0,2
6839,227.967,17,car,0.6395,481,110,582,201,1,2
6840,228.0,4,person,0.7985,302,362,1061,714,0,2
6840,228.0,16,car,0.7608,222,135,393,248,0,2
6840,228.0,17,car,0.6025,481,110,583,201,1,2
6841,228.033,4,person,0.7958,303,361,1062,714,0,2
6841,228.033,16,car,0.7464,227,134,395,243,0,2
6841,228.033,17,car,0.7325,482,110,583,201,1,2
6842,228.067,4,person,0.7873,306,360,1066,714,0,2
6842,228.067,16,car,0.8031,231,135,398,243,0,2
6842,228.067,17,car,0.7187,483,110,584,201,1,2
6843,228.1,4,person,0.8099,310,361,1067,714,0,2
6843,228.1,16,car,0.8338,235,134,400,241,0,2
6843,228.1,17,car,0.6095,485,110,585,201,1,2
6844,228.133,4,person,0.8064,311,360,1070,714,0,2
6844,228.133,16,car,0.825,242,134,402,237,0,2
6845,228.167,4,person,0.806,309,359,1071,714,0,2
6845,228.167,16,car,0.7914,247,133,405,234,0,2
6846,228.2,4,person,0.7879,307,357,1072,714,0,2
6846,228.2,16,car,0.7996,254,134,406,231,0,2
6847,228.233,4,person,0.7745,310,359,1069,714,0,2
6847,228.233,16,car,0.753,263,134,408,226,0,2
6848,228.267,4,person,0.7714,311,360,1069,714,0,2
6848,228.267,16,car,0.7392,264,134,414,229,0,2
6849,228.3,4,person,0.731,310,363,1064,714,0,2
6849,228.3,16,car,0.7974,264,134,417,232,1,2
6849,228.3,17,car,0.6311,488,113,585,201,1,2
6850,228.333,4,person,0.7656,306,366,1056,714,0,2
6850,228.333,16,car,0.7828,266,131,419,231,1,2
6850,228.333,17,car,0.663,488,114,585,201,1,2
6851,228.367,4,person,0.7774,304,367,1049,714,0,2
6851,228.367,16,car,0.7757,271,131,419,229,1,2
6851,228.367,17,car,0.6309,488,114,585,202,1,2
6852,228.4,4,person,0.7508,301,367,1047,714,0,2
6852,228.4,16,car,0.8039,273,131,423,229,1,2
6852,228.4,17,car,0.635,488,115,585,202,1,2
6853,228.433,4,person,0.7105,299,368,1043,714,0,2
6853,228.433,16,car,0.767,278,133,425,230,1,2
6853,228.433,17,car,0.6832,488,115,585,202,1,2
6854,228.467,4,person,0.7078,301,369,1043,714,0,2
6854,228.467,16,car,0.7826,281,133,425,227,1,2
6854,228.467,17,car,0.6555,487,115,585,202,1,2
6855,228.5,4,person,0.704,299,369,1042,714,0,2
6855,228.5,16,car,0.7967,286,134,426,226,1,2
6855,228.5,17,car,0.7099,487,114,585,202,1,2
6856,228.533,4,person,0.72,298,369,1041,714,0,2
6856,228.533,16,car,0.7951,289,134,425,224,1,2
6856,228.533,17,car,0.7317,486,115,584,202,1,2
6857,228.567,4,person,0.7296,297,369,1041,715,0,2
6857,228.567,16,car,0.8088,291,133,426,223,1,2
6857,228.567,17,car,0.7398,486,115,584,202,1,2
6858,228.6,4,person,0.7359,295,369,1039,715,0,2
6858,228.6,16,car,0.8181,295,133,429,222,1,2
6858,228.6,17,car,0.7041,485,115,583,202,1,2
6859,228.633,4,person,0.6876,296,371,1037,715,0,2
6859,228.633,16,car,0.8384,296,131,430,221,1,2
6859,228.633,17,car,0.7661,485,117,582,203,1,2
6860,228.667,4,person,0.6187,297,371,1041,715,0,2
6860,228.667,16,car,0.8429,299,131,431,219,1,2
6860,228.667,17,car,0.7308,482,117,582,205,1,2
6861,228.7,4,person,0.6344,302,376,1039,715,0,2
6861,228.7,16,car,0.7354,301,134,427,221,1,2
6861,228.7,17,car,0.7641,482,118,581,206,1,2
6862,228.733,4,person,0.648,304,378,1037,715,0,2
6862,228.733,16,car,0.8197,305,134,431,219,1,2
6862,228.733,17,car,0.8031,481,118,581,206,1,2
6863,228.767,4,person,0.6592,304,379,1037,715,0,2
6863,228.767,16,car,0.8241,307,134,432,218,1,2
6863,228.767,17,car,0.8104,481,118,581,206,1,2
6864,228.8,4,person,0.6236,304,379,1039,715,0,2
6864,228.8,16,car,0.8462,310,134,433,218,1,2
6864,228.8,17,car,0.8074,480,118,579,206,1,2
6865,228.833,4,person,0.6444,305,376,1049,717,0,2
6865,228.833,16,car,0.8566,313,134,434,217,1,2
6865,228.833,17,car,0.7704,479,118,579,206,1,2
6866,228.867,4,person,0.6589,306,374,1058,715,0,2
6866,228.867,16,car,0.8388,315,134,433,216,1,2
6866,228.867,17,car,0.7266,479,118,578,206,1,2
6867,228.9,16,car,0.8296,318,134,433,214,1,2
6867,228.9,17,car,0.7093,478,118,578,206,1,2
6868,228.933,16,car,0.7322,321,134,433,211,1,2
6868,228.933,17,car,0.7275,477,117,577,206,1,2
6869,228.967,16,car,0.7153,321,134,432,213,1,2
6869,228.967,17,car,0.7442,475,117,577,206,1,2
6870,229.0,16,car,0.7533,321,133,431,211,1,2
6870,229.0,17,car,0.8301,474,118,576,207,1,2
6870,229.0,4,person,0.6364,298,368,1061,714,0,2
6871,229.033,16,car,0.7235,323,133,430,209,1,2
6871,229.033,17,car,0.8544,473,119,574,208,1,2
6872,229.067,16,car,0.7338,325,133,430,208,1,2
6872,229.067,17,car,0.8535,472,119,573,208,1,2
6873,229.1,16,car,0.7175,328,131,431,207,1,2
6873,229.1,17,car,0.8381,471,119,571,209,1,2
6874,229.133,16,car,0.7968,330,130,433,205,1,2
6874,229.133,17,car,0.7841,469,119,570,209,1,2
6875,229.167,16,car,0.8152,333,130,433,203,1,2
6875,229.167,17,car,0.7885,469,119,569,209,1,2
6876,229.2,16,car,0.8279,334,130,435,203,1,2
6876,229.2,17,car,0.7616,466,118,569,209,1,2
6877,229.233,16,car,0.8077,334,129,437,203,1,2
6877,229.233,17,car,0.7587,465,117,568,209,1,2
6877,229.233,18,person,0.6264,279,488,411,703,0,2
6878,229.267,16,car,0.8098,335,128,437,203,1,2
6878,229.267,17,car,0.7677,465,117,568,208,1,2
6878,229.267,18,person,0.6392,279,488,411,703,0,2
6879,229.3,16,car,0.7214,337,128,437,201,1,2
6879,229.3,18,person,0.6071,279,488,413,703,0,2
6880,229.333,16,car,0.7302,339,127,438,199,1,2
6880,229.333,17,car,0.6156,463,115,567,208,1,2
6881,229.367,16,car,0.7352,342,126,438,197,1,2
6881,229.367,18,person,0.618,273,486,411,709,0,2
6882,229.4,16,car,0.7836,344,125,438,194,1,2
6883,229.433,16,car,0.7812,347,123,439,192,1,2
6884,229.467,16,car,0.7857,349,122,439,190,1,2
6885,229.5,16,car,0.7821,350,122,440,190,1,2
6885,229.5,4,person,0.6013,285,373,1051,713,0,2
6886,229.533,16,car,0.7738,353,121,440,185,1,2
6886,229.533,4,person,0.6034,288,370,1073,713,0,2
6887,229.567,16,car,0.7992,355,121,439,184,1,2
6887,229.567,4,person,0.6003,295,341,1166,714,0,2
6888,229.6,16,car,0.774,355,120,438,183,1,2
6889,229.633,16,car,0.7229,357,117,438,179,1,2
6889,229.633,4,car,0.6157,149,269,1207,712,0,2
6890,229.667,16,car,0.6563,358,115,437,178,1,2
6890,229.667,17,car,0.6727,461,104,565,195,1,2
6891,229.7,16,car,0.6253,360,114,438,176,1,2
6891,229.7,17,car,0.6448,459,102,565,195,1,2
6892,229.733,16,car,0.6291,366,112,442,173,1,2
6892,229.733,17,car,0.6805,458,101,565,195,1,2
6893,229.767,16,car,0.6536,366,111,442,173,1,2
6893,229.767,17,car,0.6904,461,99,563,191,1,2
6894,229.8,16,car,0.7286,367,110,443,170,1,2
6894,229.8,17,car,0.7728,458,99,563,192,1,2
6895,229.833,16,car,0.761,368,110,442,168,1,2
6895,229.833,17,car,0.6794,457,98,563,192,1,2
6896,229.867,16,car,0.736,370,109,442,167,1,2
6896,229.867,17,car,0.7112,455,98,563,193,1,2
6897,229.9,16,car,0.8298,373,107,447,166,1,2
6897,229.9,17,car,0.7396,454,98,561,193,1,2
6898,229.933,16,car,0.8456,374,106,449,166,1,2
6898,229.933,17,car,0.7035,453,97,561,192,1,2
6899,229.967,16,car,0.8735,374,105,450,166,1,2
6899,229.967,17,car,0.7181,453,96,560,192,1,2
6900,230.0,16,car,0.8605,374,105,450,165,1,2
6900,230.0,17,car,0.7187,451,97,559,192,1,2
6901,230.033,16,car,0.8385,374,104,449,163,1,2
6901,230.033,17,car,0.6709,448,96,558,193,1,2
6902,230.067,16,car,0.8096,374,104,448,162,1,2
6902,230.067,17,car,0.7592,445,96,555,194,1,2
6903,230.1,16,car,0.7852,373,105,445,162,1,2
6903,230.1,17,car,0.6392,442,95,552,193,1,2
6904,230.133,16,car,0.7985,371,104,443,162,1,2
6904,230.133,17,car,0.6369,440,95,550,192,1,2
6904,230.133,4,person,0.606,237,351,1077,711,0,2
6905,230.167,16,car,0.792,371,104,442,161,1,2
6905,230.167,17,car,0.6669,439,94,549,192,1,2
6905,230.167,4,person,0.6045,241,353,1067,711,0,2
6906,230.2,16,car,0.7919,371,104,440,160,1,2
6906,230.2,17,car,0.6025,437,95,546,191,1,2
6906,230.2,4,person,0.7667,241,351,1063,712,0,2
6907,230.233,16,car,0.8209,371,103,439,158,0,2
6907,230.233,17,car,0.6052,434,95,543,191,1,2
6907,230.233,4,person,0.6743,237,346,1059,712,0,2
6908,230.267,16,car,0.8004,371,102,438,158,0,2
6908,230.267,4,person,0.7202,238,344,1061,712,0,2
6909,230.3,16,car,0.8053,373,102,437,157,0,2
6909,230.3,4,person,0.6692,234,339,1059,712,0,2
6909,230.3,17,car,0.7172,430,94,542,192,1,2
6910,230.333,16,car,0.8065,373,102,435,155,0,2
6910,230.333,4,person,0.6581,234,338,1057,712,0,2
6910,230.333,17,car,0.7674,427,94,539,192,1,2
6911,230.367,16,car,0.8022,371,102,434,155,0,2
6911,230.367,4,person,0.6179,234,337,1054,712,0,2
6911,230.367,17,car,0.8225,424,94,538,193,1,2
6912,230.4,16,car,0.7715,371,101,433,154,0,2
6912,230.4,4,person,0.6637,231,331,1055,712,0,2
6912,230.4,17,car,0.8308,422,94,536,194,1,2
6913,230.433,16,car,0.748,371,101,432,154,0,2
6913,230.433,4,person,0.7053,231,327,1056,711,0,2
6913,230.433,17,car,0.8507,419,94,535,194,1,2
6914,230.467,16,car,0.7551,371,101,431,153,0,2
6914,230.467,4,person,0.6565,237,333,1046,711,0,2
6914,230.467,17,car,0.8167,418,94,534,194,1,2
6915,230.5,16,car,0.7773,373,99,431,153,0,2
6915,230.5,4,person,0.6657,241,336,1040,711,0,2
6915,230.5,17,car,0.8073,415,94,531,197,1,2
6916,230.533,16,car,0.7747,373,102,429,152,0,2
6916,230.533,4,person,0.6347,246,336,1043,711,0,2
6916,230.533,17,car,0.7304,413,94,530,197,1,2
6917,230.567,16,car,0.7303,373,102,426,152,0,2
6917,230.567,4,person,0.615,251,337,1043,711,0,2
6917,230.567,17,car,0.7171,410,94,529,198,1,2
6918,230.6,16,car,0.7039,373,102,424,150,0,2
6918,230.6,4,person,0.7655,257,341,1042,711,0,2
6918,230.6,17,car,0.726,409,94,528,198,1,2
6919,230.633,16,car,0.7674,373,102,422,149,0,2
6919,230.633,4,person,0.6012,454,347,1175,711,0,2
6919,230.633,17,car,0.7052,407,95,527,198,1,2
6920,230.667,16,car,0.7767,373,102,421,149,0,2
6920,230.667,4,person,0.6419,541,349,1217,710,0,2
6920,230.667,17,car,0.7377,406,95,525,198,1,2
6921,230.7,16,car,0.8054,373,102,419,147,0,2
6921,230.7,17,car,0.7036,403,94,523,199,1,2
6922,230.733,16,car,0.792,373,102,418,146,0,2
6922,230.733,17,car,0.7594,400,94,521,199,1,2
6922,230.733,4,person,0.6405,376,339,1081,711,0,2
6923,230.767,16,car,0.7786,373,102,417,146,0,2
6923,230.767,17,car,0.6893,399,94,520,199,1,2
6923,230.767,4,person,0.6368,333,333,1057,712,0,2
6924,230.8,16,car,0.765,371,101,418,147,0,2
6924,230.8,17,car,0.7167,397,94,519,200,1,2
6924,230.8,4,person,0.635,321,333,1051,712,0,2
6925,230.833,16,car,0.6171,373,101,417,146,0,2
6925,230.833,17,car,0.7803,393,94,515,201,1,2
6926,230.867,17,car,0.6916,390,94,514,201,1,2
6928,230.933,4,person,0.6508,309,327,1055,711,0,2
6928,230.933,17,car,0.6005,383,94,511,205,1,2
6929,230.967,17,car,0.7159,381,94,511,205,1,2
6930,231.0,17,car,0.7,378,94,509,206,1,2
6931,231.033,17,car,0.77,377,94,509,206,1,2
6932,231.067,17,car,0.7532,376,94,507,207,1,2
6933,231.1,17,car,0.7686,373,94,506,208,1,2
6933,231.1,4,person,0.633,291,331,1041,711,0,2
6934,231.133,17,car,0.7993,370,94,504,210,1,2
6935,231.167,17,car,0.7706,368,95,502,210,1,2
6936,231.2,17,car,0.682,365,94,499,211,1,2
6936,231.2,4,person,0.6141,281,333,1041,711,0,2
6937,231.233,17,car,0.7116,363,95,498,213,1,2
6937,231.233,4,person,0.6177,279,334,1046,711,0,2
6938,231.267,17,car,0.7158,361,95,497,214,1,2
6938,231.267,4,person,0.6653,279,336,1048,711,0,2
6939,231.3,17,car,0.6341,359,96,493,213,1,2
6939,231.3,4,person,0.63,277,335,1055,711,0,2
6940,231.333,17,car,0.6398,355,96,490,213,1,2
6941,231.367,17,car,0.6117,354,96,490,214,1,2
6942,231.4,17,car,0.7433,351,97,488,216,1,2
6943,231.433,17,car,0.7758,349,97,487,217,1,2
6944,231.467,17,car,0.7469,346,98,486,218,1,2
6944,231.467,4,person,0.6247,275,334,1063,711,0,2
6945,231.5,17,car,0.834,345,99,485,219,1,2
6946,231.533,17,car,0.8349,343,99,483,221,1,2
6947,231.567,17,car,0.8472,341,99,483,222,1,2
6947,231.567,4,person,0.6082,525,342,1227,711,0,2
6948,231.6,17,car,0.8021,336,99,480,223,1,2
6948,231.6,4,person,0.6937,581,343,1229,711,0,2
6949,231.633,17,car,0.8064,333,99,478,224,1,2
6949,231.633,4,person,0.7101,608,343,1213,710,0,2
6950,231.667,17,car,0.7946,329,99,477,225,1,2
6950,231.667,4,person,0.6565,629,344,1195,710,0,2
6951,231.7,17,car,0.7442,326,99,474,226,1,2
6952,231.733,17,car,0.68,322,101,473,230,1,2
6952,231.733,4,person,0.6031,649,349,1179,710,0,2
6953,231.767,17,car,0.7589,320,102,470,230,1,2
6953,231.767,21,car,0.6798,1,289,43,401,0,2
6953,231.767,4,person,0.6261,661,350,1165,710,0,2
6954,231.8,17,car,0.7445,317,104,469,234,1,2
6954,231.8,4,person,0.6606,671,352,1151,710,0,2
6955,231.833,17,car,0.7398,312,104,466,235,1,2
6955,231.833,4,person,0.6716,680,352,1141,710,0,2
6956,231.867,17,car,0.7809,310,105,463,237,1,2
6956,231.867,4,person,0.6463,687,352,1133,710,0,2
6957,231.9,17,car,0.7151,306,105,463,239,1,2
6957,231.9,4,person,0.6713,693,351,1126,710,0,2
6958,231.933,17,car,0.7782,304,109,458,241,1,2
6958,231.933,4,person,0.6924,697,351,1118,711,0,2
6959,231.967,17,car,0.7913,302,112,454,243,1,2
6959,231.967,4,person,0.7043,701,352,1110,711,0,2
6960,232.0,17,car,0.8081,299,115,453,247,1,2
6960,232.0,4,person,0.6749,704,354,1102,711,0,2
6961,232.033,17,car,0.8447,297,120,450,250,1,2
6962,232.067,17,car,0.8583,296,121,449,253,0,2
6963,232.1,17,car,0.823,294,123,448,256,0,2
6964,232.133,17,car,0.8569,291,126,447,259,0,2
6965,232.167,17,car,0.8502,291,128,446,259,0,2
6966,232.2,17,car,0.8455,289,129,446,262,0,2
6966,232.2,4,person,0.6061,466,362,904,712,0,2
6967,232.233,17,car,0.7744,288,129,445,262,0,2
6967,232.233,4,person,0.6867,438,367,911,713,0,2
6968,232.267,17,car,0.7736,286,130,445,263,0,2
6968,232.267,4,person,0.7035,416,369,918,713,0,2
6969,232.3,17,car,0.6282,287,129,447,262,0,2
6969,232.3,4,person,0.718,401,374,927,713,0,2
6970,232.333,17,car,0.6946,283,130,448,265,0,2
6970,232.333,4,person,0.7225,391,371,941,713,0,2
6971,232.367,17,car,0.7841,279,131,443,266,0,2
6971,232.367,4,person,0.7019,384,371,953,713,0,2
6972,232.4,17,car,0.7708,279,134,440,264,0,2
6972,232.4,4,person,0.627,382,375,963,712,0,2
6973,232.433,17,car,0.8448,278,130,447,264,0,2
6973,232.433,4,person,0.6635,375,378,968,712,0,2
6974,232.467,17,car,0.7784,274,130,447,265,0,2
6974,232.467,4,person,0.6933,369,381,973,712,0,2
6975,232.5,17,car,0.7777,267,136,437,266,0,2
6975,232.5,4,person,0.6772,362,384,975,713,0,2
6976,232.533,17,car,0.8199,258,137,432,270,0,2
6977,232.567,17,car,0.7942,257,137,435,271,0,2
6977,232.567,22,car,0.705,0,233,125,408,0,2
6978,232.6,17,car,0.834,254,136,441,274,0,2
6978,232.6,22,car,0.7549,1,234,120,401,0,2
6979,232.633,17,car,0.7829,249,136,442,277,0,2
6979,232.633,22,car,0.7744,2,231,119,395,0,2
6980,232.667,17,car,0.7928,246,136,442,279,0,2
6980,232.667,22,car,0.7983,5,231,119,390,0,2
6980,232.667,4,person,0.648,355,383,984,713,0,2
6981,232.7,17,car,0.744,239,135,443,282,0,2
6981,232.7,22,car,0.7993,8,227,119,381,0,2
6981,232.7,4,person,0.6077,350,376,1002,712,0,2
6982,232.733,17,car,0.8341,234,135,445,285,0,2
6982,232.733,22,car,0.8525,9,225,120,377,0,2
6982,232.733,24,car,0.6424,402,127,447,163,1,2
6983,232.767,17,car,0.8348,233,136,445,286,0,2
6983,232.767,22,car,0.8439,9,223,120,374,0,2
6983,232.767,24,car,0.6498,401,127,446,163,1,2
6984,232.8,17,car,0.8313,230,137,443,288,0,2
6984,232.8,22,car,0.8432,9,225,119,373,0,2
6984,232.8,24,car,0.7041,401,127,443,161,1,2
6985,232.833,17,car,0.6953,225,138,443,291,0,2
6985,232.833,22,car,0.7659,10,227,117,368,0,2
6985,232.833,24,car,0.724,401,128,442,161,1,2
6985,232.833,4,person,0.6797,346,382,1002,712,0,2
6986,232.867,17,car,0.7181,222,138,445,295,0,2
6986,232.867,22,car,0.7569,10,230,114,366,0,2
6986,232.867,24,car,0.711,400,128,441,161,1,2
6986,232.867,4,person,0.6229,342,383,1006,712,0,2
6987,232.9,17,car,0.8604,218,139,443,298,0,2
6987,232.9,22,car,0.689,9,235,110,363,0,2
6987,232.9,24,car,0.7005,401,129,441,160,1,2
6988,232.933,17,car,0.8574,213,141,441,302,0,2
6988,232.933,22,car,0.7582,6,238,103,361,0,2
6988,232.933,24,car,0.7,402,130,442,160,1,2
6989,232.967,17,car,0.8031,209,142,439,303,0,2
6989,232.967,22,car,0.7367,3,239,99,360,0,2
6989,232.967,24,car,0.6577,403,131,442,160,1,2
6990,233.0,17,car,0.652,205,142,439,305,0,2
6990,233.0,24,car,0.64,403,131,443,161,1,2
6991,233.033,17,car,0.7555,201,144,433,307,0,2
6991,233.033,24,car,0.6288,403,133,443,161,1,2
6992,233.067,17,car,0.7263,198,145,431,309,0,2
6992,233.067,24,car,0.6575,403,131,445,161,1,2
6993,233.1,24,car,0.6751,403,133,445,161,1,2
6994,233.133,24,car,0.6811,403,131,445,161,1,2
6994,233.133,17,car,0.6475,197,146,417,298,0,2
6995,233.167,24,car,0.6793,402,131,446,162,1,2
6995,233.167,17,car,0.6555,197,146,414,295,0,2
6996,233.2,24,car,0.6902,401,130,447,162,1,2
6996,233.2,17,car,0.8327,193,147,413,295,0,2
6997,233.233,24,car,0.7045,400,130,446,163,1,2
6997,233.233,17,car,0.78,183,149,415,305,0,2
6998,233.267,24,car,0.7001,399,131,446,163,1,2
6998,233.267,17,car,0.8207,178,149,416,309,0,2
6999,233.3,24,car,0.6751,400,133,445,165,1,2
6999,233.3,17,car,0.783,175,150,414,311,0,2
7000,233.333,24,car,0.6328,400,134,445,165,1,2
7000,233.333,17,car,0.7941,168,151,415,318,0,2
7001,233.367,24,car,0.6637,400,134,445,166,1,2
7001,233.367,17,car,0.8094,167,152,413,319,0,2
7002,233.4,17,car,0.796,162,154,413,325,0,2
7003,233.433,17,car,0.7891,163,154,409,322,0,2
7003,233.433,4,person,0.6449,341,419,961,713,0,2
7003,233.433,24,car,0.6091,399,134,445,167,1,2
7004,233.467,17,car,0.7627,160,155,409,327,0,2
7004,233.467,24,car,0.6444,399,135,445,167,1,2
7005,233.5,17,car,0.7597,163,157,403,322,0,2
7005,233.5,24,car,0.6531,398,135,445,167,1,2
7006,233.533,17,car,0.6863,165,158,398,319,0,2
7006,233.533,24,car,0.611,400,135,446,167,1,2
7007,233.567,24,car,0.6055,400,136,446,167,1,2
7008,233.6,24,car,0.6373,401,136,447,167,1,2
7009,233.633,24,car,0.6746,401,136,447,168,1,2
7010,233.667,24,car,0.6797,400,137,447,169,1,2
7011,233.7,24,car,0.6663,400,137,447,170,1,2
7012,233.733,24,car,0.6465,400,138,447,170,1,2
7012,233.733,17,car,0.6991,178,171,374,306,0,2
7013,233.767,24,car,0.6477,401,139,447,171,1,2
7013,233.767,17,car,0.7663,181,175,370,306,0,2
7014,233.8,24,car,0.6802,402,141,447,171,1,2
7014,233.8,17,car,0.7394,178,178,367,310,0,2
7015,233.833,24,car,0.6706,402,141,447,171,1,2
7015,233.833,17,car,0.6006,177,181,360,307,0,2
7016,233.867,24,car,0.6748,403,142,447,171,1,2
7017,233.9,24,car,0.6936,403,142,447,171,1,2
7018,233.933,24,car,0.7008,403,142,447,171,1,2
7018,233.933,25,person,0.6687,767,433,978,711,0,2
7019,233.967,24,car,0.7056,402,142,446,171,1,2
7019,233.967,25,person,0.6656,768,434,979,711,0,2
7020,234.0,24,car,0.7081,403,142,446,171,1,2
7020,234.0,25,person,0.6408,769,432,982,711,0,2
7021,234.033,24,car,0.7136,403,143,446,171,1,2
7022,234.067,24,car,0.71,403,143,446,171,1,2
7023,234.1,24,car,0.7049,403,143,446,173,1,2
7024,234.133,24,car,0.6677,405,144,446,173,1,2
7025,234.167,24,car,0.6381,405,144,446,173,1,2
7026,234.2,24,car,0.6351,403,144,447,174,1,2
7027,234.233,24,car,0.6568,403,144,447,174,1,2
7028,234.267,24,car,0.6551,403,144,446,174,1,2
7028,234.267,4,person,0.6504,344,427,978,715,0,2
7029,234.3,24,car,0.6173,403,145,446,175,1,2
7030,234.333,24,car,0.6457,403,144,447,175,1,2
7031,234.367,24,car,0.6494,403,144,447,176,1,2
7032,234.4,24,car,0.6658,403,145,447,176,1,2
7033,234.433,24,car,0.6722,403,145,447,176,1,2
7034,234.467,24,car,0.6577,403,145,446,176,1,2
7035,234.5,24,car,0.6664,403,145,446,176,1,2
7035,234.5,4,person,0.6425,336,430,981,717,0,2
7036,234.533,24,car,0.6602,403,145,446,175,1,2
7036,234.533,25,person,0.6023,773,439,979,711,0,2
7037,234.567,24,car,0.6632,405,145,446,175,1,2
7037,234.567,25,person,0.6325,773,437,981,711,0,2
7037,234.567,4,person,0.6021,326,429,982,717,0,2
7038,234.6,24,car,0.6765,405,145,446,174,1,2
7038,234.6,25,person,0.6186,773,433,984,711,0,2
7039,234.633,24,car,0.6539,405,145,446,174,1,2
7040,234.667,24,car,0.6086,405,145,446,174,1,2
7041,234.7,24,car,0.6297,405,145,446,174,1,2
7042,234.733,24,car,0.6175,405,145,446,174,1,2
7042,234.733,4,person,0.6317,329,432,985,718,0,2
7042,234.733,25,person,0.6057,777,435,986,711,0,2
7043,234.767,24,car,0.624,405,145,447,175,1,2
7043,234.767,4,person,0.6519,329,434,986,717,0,2
7044,234.8,24,car,0.6431,403,145,446,175,1,2
7044,234.8,4,person,0.7138,334,440,979,715,0,2
7045,234.833,24,car,0.6296,403,145,445,175,1,2
7045,234.833,4,person,0.6761,335,443,975,715,0,2
7046,234.867,24,car,0.6496,403,145,445,175,1,2
7046,234.867,4,person,0.6541,336,445,975,715,0,2
7047,234.9,24,car,0.644,405,145,446,175,1,2
7047,234.9,4,person,0.6254,336,443,981,715,0,2
7048,234.933,24,car,0.6301,406,146,446,175,1,2
7049,234.967,24,car,0.6243,407,146,446,175,1,2
7059,235.3,-1,car,0.69,194,192,291,250,0,2
7060,235.333,26,car,0.6982,194,193,291,250,0,2
7061,235.367,26,car,0.6518,193,192,293,250,0,2
7062,235.4,26,car,0.7294,192,191,293,251,0,2
7062,235.4,27,car,0.6112,0,322,49,457,0,2
7063,235.433,26,car,0.7062,197,191,294,248,0,2
7064,235.467,26,car,0.6858,197,192,295,250,0,2
7064,235.467,27,car,0.6023,0,341,39,455,0,2
7065,235.5,26,car,0.6055,197,192,296,251,0,2
7066,235.533,26,car,0.6271,200,193,294,249,0,2
7070,235.667,26,car,0.6057,199,192,294,248,0,2
7077,235.9,-1,bus,0.682,402,98,522,184,1,2
7084,236.133,26,car,0.6622,213,186,304,241,0,2
7085,236.167,26,car,0.6406,214,186,305,241,0,2
7089,236.3,-1,person,0.6107,341,406,1134,719,0,2
7090,236.333,29,person,0.6276,344,406,1139,719,0,2
7091,236.367,29,person,0.6371,347,409,1136,719,0,2
7092,236.4,29,person,0.6174,350,411,1133,719,0,2
7093,236.433,29,person,0.6126,354,416,1126,718,0,2
7094,236.467,29,person,0.6166,349,411,1130,718,0,2
7095,236.5,29,person,0.6396,337,403,1141,718,0,2
7097,236.567,29,person,0.6132,309,382,1161,718,0,2
7103,236.767,29,person,0.6083,317,382,1165,717,0,2
7127,237.567,29,person,0.6022,360,416,1143,719,0,2
7131,237.7,29,person,0.6042,355,417,1143,719,0,2
7132,237.733,29,person,0.6717,355,421,1143,719,0,2
7133,237.767,29,person,0.6625,351,419,1147,719,0,2
7134,237.8,29,person,0.674,345,413,1159,719,0,2
7135,237.833,29,person,0.6931,353,417,1160,719,0,2
7136,237.867,29,person,0.7031,359,421,1160,719,0,2
7137,237.9,29,person,0.6861,325,394,1184,719,0,2
7138,237.933,29,person,0.6264,307,378,1199,719,0,2
7139,237.967,29,person,0.6316,346,405,1173,719,0,2
7140,238.0,29,person,0.6925,314,378,1198,719,0,2
7141,238.033,29,person,0.6794,346,401,1174,719,0,2
7142,238.067,29,person,0.6681,358,410,1165,719,0,2
7143,238.1,29,person,0.653,354,407,1174,719,0,2
7144,238.133,29,person,0.6611,342,395,1192,719,0,2
7145,238.167,29,person,0.6828,339,391,1202,719,0,2
7146,238.2,29,person,0.6781,335,386,1208,719,0,2
7147,238.233,29,person,0.6922,331,386,1202,719,0,2
7148,238.267,29,person,0.7489,323,385,1195,719,0,2
7149,238.3,29,person,0.7372,319,385,1189,719,0,2
7150,238.333,29,person,0.7594,319,389,1176,719,0,2
7151,238.367,29,person,0.7414,319,390,1169,719,0,2
7152,238.4,29,person,0.7412,313,386,1170,719,0,2
7153,238.433,29,person,0.7433,307,379,1177,719,0,2
7154,238.467,29,person,0.7483,303,374,1182,719,0,2
7155,238.5,29,person,0.7391,301,369,1185,719,0,2
7156,238.533,29,person,0.7212,309,374,1179,719,0,2
7157,238.567,29,person,0.7467,317,378,1174,719,0,2
7158,238.6,29,person,0.7121,323,381,1171,719,0,2
7159,238.633,29,person,0.7094,320,379,1165,719,0,2
7160,238.667,29,person,0.709,310,369,1174,719,0,2
7161,238.7,29,person,0.7149,315,371,1169,719,0,2
7162,238.733,29,person,0.7166,323,376,1166,719,0,2
7163,238.767,29,person,0.7566,327,376,1166,719,0,2
7164,238.8,29,person,0.7219,329,378,1162,719,0,2
7165,238.833,29,person,0.6285,318,367,1174,719,0,2
7176,239.2,-1,person,0.6042,330,410,519,713,0,2
7177,239.233,30,person,0.659,333,410,520,713,0,2
7178,239.267,30,person,0.6579,334,410,522,713,0,2
7179,239.3,30,person,0.6936,337,411,525,713,0,2
7180,239.333,30,person,0.6816,339,413,526,712,0,2
7181,239.367,30,person,0.6774,341,414,526,712,0,2
7182,239.4,30,person,0.649,343,415,527,712,0,2
7183,239.433,30,person,0.6639,344,416,528,712,0,2
7184,239.467,30,person,0.6404,345,417,528,712,0,2
7186,239.533,30,person,0.6306,349,422,529,712,0,2
7187,239.567,30,person,0.6151,350,423,529,712,0,2
7188,239.6,30,person,0.6738,351,424,530,712,0,2
7189,239.633,30,person,0.6192,353,425,530,712,0,2
7190,239.667,30,person,0.62,355,426,531,712,0,2
7238,241.267,-1,car,0.6035,0,377,95,439,0,2
7241,241.367,-1,car,0.6298,3,375,106,437,0,2
7248,241.6,-1,car,0.612,38,361,104,422,0,2
7260,242.0,-1,person,0.6023,343,493,497,714,0,2
7261,242.033,34,person,0.6123,344,493,497,714,0,2
7266,242.2,34,person,0.6075,345,498,494,713,0,2
7267,242.233,-1,car,0.6537,641,159,677,187,1,2
7268,242.267,35,car,0.6168,641,160,677,187,1,2
7269,242.3,35,car,0.6342,641,160,678,189,1,2
7270,242.333,34,person,0.6317,346,505,491,714,0,2
7271,242.367,34,person,0.6354,346,506,491,714,0,2
7272,242.4,34,person,0.6084,346,510,489,714,0,2
7275,242.5,35,car,0.6169,641,163,683,197,1,2
7276,242.533,35,car,0.6033,641,163,685,198,1,2
7277,242.567,35,car,0.6413,642,163,685,198,1,2
7278,242.6,35,car,0.6703,643,163,686,199,1,2
7279,242.633,35,car,0.6138,645,165,686,199,1,2
7279,242.633,34,person,0.6254,338,518,480,718,0,2
7280,242.667,35,car,0.6414,646,166,687,199,1,2
7280,242.667,34,person,0.6557,338,519,478,715,0,2
7281,242.7,35,car,0.6437,647,166,688,199,1,2
7281,242.7,34,person,0.629,337,518,481,718,0,2
7282,242.733,35,car,0.6757,648,165,690,200,1,2
7282,242.733,34,person,0.6148,337,517,481,718,0,2
7283,242.767,35,car,0.6998,648,165,693,200,1,2
7283,242.767,34,person,0.6113,336,514,482,718,0,2
7284,242.8,35,car,0.6704,649,166,693,201,1,2
7284,242.8,34,person,0.6134,335,512,483,718,0,2
7285,242.833,35,car,0.7087,650,165,695,201,1,2
7285,242.833,34,person,0.6444,334,511,483,718,0,2
7286,242.867,35,car,0.702,651,165,697,201,1,2
7286,242.867,34,person,0.6563,333,511,483,718,0,2
7287,242.9,35,car,0.7547,651,163,698,202,1,2
7287,242.9,34,person,0.6211,331,511,481,718,0,2
7288,242.933,35,car,0.7519,653,163,699,202,1,2
7289,242.967,35,car,0.7473,653,163,701,203,1,2
7289,242.967,34,person,0.653,329,512,478,718,0,2
7290,243.0,35,car,0.7406,654,163,701,203,1,2
7290,243.0,34,person,0.6298,328,513,477,718,0,2
7291,243.033,35,car,0.7331,655,165,703,205,1,2
7291,243.033,34,person,0.6256,327,513,475,718,0,2
7292,243.067,35,car,0.7511,656,165,704,205,1,2
7292,243.067,34,person,0.6319,327,513,474,718,0,2
7293,243.1,35,car,0.7436,657,165,705,206,1,2
7293,243.1,34,person,0.6194,326,514,473,718,0,2
7294,243.133,35,car,0.7738,657,165,707,206,1,2
7294,243.133,34,person,0.64,325,515,472,718,0,2
7295,243.167,35,car,0.7598,658,163,709,206,1,2
7295,243.167,34,person,0.6444,325,517,471,718,0,2
7296,243.2,35,car,0.7225,661,166,710,206,1,2
7296,243.2,34,person,0.6496,323,517,470,718,0,2
7297,243.233,35,car,0.7232,662,166,711,207,1,2
7297,243.233,34,person,0.6502,323,517,470,718,0,2
7298,243.267,35,car,0.751,663,166,712,207,1,2
7298,243.267,34,person,0.6338,323,517,470,718,0,2
7299,243.3,35,car,0.8084,663,166,714,208,1,2
7299,243.3,34,person,0.6168,325,517,471,718,0,2
7300,243.333,35,car,0.8225,664,166,717,209,1,2
7301,243.367,35,car,0.824,665,165,718,209,1,2
7302,243.4,35,car,0.7861,666,165,720,209,1,2
7303,243.433,35,car,0.7501,667,165,721,209,1,2
7304,243.467,35,car,0.7599,669,165,723,209,1,2
7305,243.5,35,car,0.7186,671,163,726,210,1,2
7305,243.5,34,person,0.6744,320,515,467,718,0,2
7306,243.533,35,car,0.7191,673,163,729,211,1,2
7306,243.533,34,person,0.6278,318,514,466,718,0,2
7307,243.567,35,car,0.7519,674,163,731,211,1,2
7307,243.567,34,person,0.6712,317,514,466,718,0,2
7308,243.6,35,car,0.8151,677,165,734,213,1,2
7308,243.6,34,person,0.6783,317,513,466,718,0,2
7309,243.633,35,car,0.8432,678,166,737,215,1,2
7309,243.633,34,person,0.6183,318,514,466,718,0,2
7310,243.667,35,car,0.8174,679,165,739,216,1,2
7311,243.7,35,car,0.7736,681,165,743,217,1,2
7312,243.733,35,car,0.815,686,163,747,216,1,2
7313,243.767,35,car,0.8527,689,163,750,216,1,2
7313,243.767,34,person,0.6323,325,510,475,717,0,2
7314,243.8,35,car,0.8648,694,165,754,216,1,2
7314,243.8,34,person,0.6202,325,506,479,717,0,2
7315,243.833,35,car,0.7742,699,163,762,217,1,2
7315,243.833,34,person,0.6172,327,505,481,717,0,2
7316,243.867,35,car,0.8552,704,163,768,218,1,2
7316,243.867,34,person,0.6083,329,503,486,717,0,2
7317,243.9,35,car,0.7973,712,163,777,218,1,2
7317,243.9,34,person,0.6828,337,502,493,714,0,2
7318,243.933,35,car,0.8084,725,163,791,219,1,2
7318,243.933,34,person,0.6871,346,496,506,717,0,2
7319,243.967,35,car,0.8696,734,163,801,221,1,2
7319,243.967,34,person,0.6215,355,498,513,715,0,2
7320,244.0,35,car,0.8273,752,163,819,219,1,2
7320,244.0,34,person,0.6533,370,495,528,714,0,2
7321,244.033,35,car,0.8417,774,161,843,221,0,2
7322,244.067,35,car,0.8344,790,161,862,222,0,2
7323,244.1,35,car,0.8339,815,160,888,223,0,2
7324,244.133,35,car,0.8599,845,160,920,224,0,2
7325,244.167,35,car,0.8638,867,161,944,225,0,2
7326,244.2,35,car,0.8231,898,162,977,227,0,2
7327,244.233,35,car,0.8664,931,162,1014,231,0,2
7328,244.267,35,car,0.8524,955,163,1040,234,0,2
7329,244.3,35,car,0.838,987,165,1073,237,0,2
7330,244.333,35,car,0.8334,1019,167,1111,242,0,2
7330,244.333,37,person,0.7101,615,457,810,712,0,2
7331,244.367,35,car,0.8492,1041,168,1135,246,0,2
7332,244.4,35,car,0.8302,1066,170,1163,250,0,2
7333,244.433,35,car,0.833,1090,170,1192,255,0,2
7333,244.433,37,person,0.7315,667,456,865,712,0,2
7334,244.467,35,car,0.8501,1106,171,1211,259,0,2
7334,244.467,37,person,0.6742,678,454,878,712,0,2
7335,244.5,35,car,0.8592,1126,174,1234,264,0,2
7335,244.5,37,person,0.6054,689,453,890,712,0,2
7336,244.533,35,car,0.837,1144,175,1257,270,0,2
7337,244.567,35,car,0.8439,1159,178,1273,274,0,2
7338,244.6,35,car,0.8294,1171,179,1280,278,0,2
7339,244.633,35,car,0.8212,1179,182,1280,280,0,2
7340,244.667,35,car,0.7732,1186,184,1280,280,0,2
7340,244.667,37,person,0.6149,720,457,922,712,0,2
7341,244.7,35,car,0.695,1194,186,1280,285,0,2
7342,244.733,35,car,0.6844,1198,187,1280,289,0,2
7343,244.767,35,car,0.6818,1202,191,1280,291,0,2
7344,244.8,35,car,0.736,1207,194,1280,295,0,2
7345,244.833,35,car,0.7001,1209,195,1280,298,0,2
7345,244.833,38,car,0.6007,5,6,1277,712,0,2
7346,244.867,35,car,0.6953,1210,197,1280,301,0,2
7347,244.9,35,car,0.7059,1211,198,1280,302,0,2
7348,244.933,35,car,0.7295,1209,197,1280,304,0,2
7348,244.933,37,person,0.6152,704,453,914,712,0,2
7348,244.933,38,car,0.6111,3,3,1279,712,0,2
7349,244.967,35,car,0.7633,1207,197,1280,305,0,2
7349,244.967,37,person,0.6137,694,451,909,712,0,2
7350,245.0,35,car,0.7765,1203,195,1280,303,0,2
7350,245.0,37,person,0.6335,778,441,1050,712,0,2
7351,245.033,35,car,0.7415,1198,192,1280,303,0,2
7351,245.033,37,person,0.8214,778,422,1112,714,0,2
7352,245.067,35,car,0.8034,1193,191,1280,303,0,2
7352,245.067,37,person,0.8657,763,408,1149,715,0,2
7353,245.1,35,car,0.8809,1186,187,1280,303,0,2
7353,245.1,37,person,0.7867,742,403,1163,714,0,2
7354,245.133,35,car,0.8721,1181,186,1278,304,0,2
7354,245.133,37,person,0.8502,721,399,1176,714,0,2
7355,245.167,35,car,0.8965,1175,185,1274,304,0,2
7355,245.167,37,person,0.8413,705,394,1191,715,0,2
7356,245.2,35,car,0.8989,1169,185,1272,306,0,2
7356,245.2,37,person,0.6447,690,391,1202,717,0,2
7357,245.233,35,car,0.8861,1162,184,1270,306,0,2
7358,245.267,35,car,0.8798,1159,184,1270,307,0,2
7358,245.267,37,person,0.6048,679,389,1209,717,0,2
7359,245.3,35,car,0.8836,1154,183,1269,309,0,2
7360,245.333,35,car,0.8729,1147,182,1271,314,0,2
7361,245.367,35,car,0.8717,1142,179,1271,318,0,2
7362,245.4,35,car,0.8719,1138,179,1271,319,0,2
7363,245.433,35,car,0.8703,1134,178,1272,320,0,2
7364,245.467,35,car,0.8638,1131,177,1273,322,0,2
7365,245.5,35,car,0.8713,1127,175,1273,323,0,2
7366,245.533,35,car,0.8624,1122,174,1273,325,0,2
7367,245.567,35,car,0.8685,1119,173,1272,326,0,2
7368,245.6,35,car,0.8789,1115,173,1272,328,0,2
7369,245.633,35,car,0.8806,1113,171,1273,329,0,2
7370,245.667,35,car,0.8788,1111,171,1274,330,0,2
7371,245.7,35,car,0.8755,1107,171,1274,334,0,2
7372,245.733,35,car,0.8841,1102,170,1278,341,0,2
7373,245.767,35,car,0.8863,1101,170,1279,343,0,2
7373,245.767,41,car,0.6118,983,157,1024,174,0,2
7374,245.8,35,car,0.8858,1101,171,1279,345,0,2
7375,245.833,35,car,0.8971,1101,173,1280,347,0,2
7376,245.867,35,car,0.8934,1102,174,1280,351,0,2
7377,245.9,35,car,0.8895,1102,175,1280,354,0,2
7378,245.933,35,car,0.898,1104,176,1280,354,0,2
7379,245.967,35,car,0.8879,1106,178,1280,354,0,2
7380,246.0,35,car,0.8716,1109,179,1280,354,0,2
7381,246.033,35,car,0.834,1112,178,1280,353,0,2
7382,246.067,35,car,0.8133,1117,183,1280,353,0,2
7383,246.1,35,car,0.8673,1123,189,1280,353,0,2
7384,246.133,35,car,0.8201,1135,193,1280,355,0,2
7385,246.167,35,car,0.8398,1143,197,1280,357,0,2
7386,246.2,35,car,0.7856,1158,200,1280,357,0,2
7387,246.233,44,car,0.8168,7,179,181,293,0,2
7388,246.267,44,car,0.7883,14,176,192,293,0,2
7389,246.3,44,car,0.8523,29,166,217,287,0,2
7390,246.333,44,car,0.8325,45,154,243,280,0,2
7391,246.367,44,car,0.81,63,149,269,275,0,2
7391,246.367,47,car,0.6438,1209,123,1280,213,0,2
7392,246.4,44,car,0.8087,91,137,307,267,0,2
7393,246.433,44,car,0.8548,121,127,352,262,0,2
7394,246.467,44,car,0.8801,154,119,395,257,0,2
7395,246.5,44,car,0.883,192,111,443,250,0,2
7396,246.533,44,car,0.9014,225,104,485,246,1,2
7397,246.567,44,car,0.905,243,99,510,242,1,2
7398,246.6,44,car,0.887,265,94,542,241,1,2
7399,246.633,44,car,0.8965,283,88,571,240,1,2
7400,246.667,44,car,0.8887,298,85,591,239,1,2
7401,246.7,44,car,0.8794,339,82,643,239,1,2
7402,246.733,44,car,0.849,377,79,683,233,1,2
7403,246.767,44,car,0.8353,400,78,717,234,1,2
7404,246.8,44,car,0.8272,423,75,754,237,1,2
7405,246.833,44,car,0.7736,451,74,797,240,1,2
7406,246.867,44,car,0.7719,464,73,832,248,1,2
7407,246.9,44,car,0.8134,483,74,866,255,0,2
7408,246.933,44,car,0.769,503,73,893,257,0,2
7409,246.967,44,car,0.7912,522,72,898,249,1,2
7410,247.0,44,car,0.7295,541,72,909,247,1,2
7411,247.033,44,car,0.6534,558,73,927,251,1,2
7411,247.033,50,car,0.7236,0,110,51,155,0,2
7412,247.067,44,car,0.7441,574,74,937,254,0,2
7412,247.067,50,car,0.7903,0,111,53,157,0,2
7413,247.1,50,car,0.8269,0,111,55,160,0,2
7414,247.133,50,car,0.7991,1,111,58,162,0,2
7415,247.167,50,car,0.7672,1,112,61,163,0,2
7416,247.2,50,car,0.7288,2,113,64,168,0,2
7417,247.233,50,car,0.7597,2,114,67,171,0,2
7417,247.233,52,car,0.6632,998,112,1190,319,0,2
7418,247.267,50,car,0.7785,3,117,70,173,0,2
7418,247.267,52,car,0.6766,1003,111,1201,322,0,2
7419,247.3,50,car,0.7582,5,118,73,177,0,2
7419,247.3,52,car,0.6933,1016,110,1223,328,0,2
7420,247.333,50,car,0.8173,6,119,77,179,0,2
7421,247.367,50,car,0.8139,7,121,79,182,0,2
7421,247.367,52,car,0.6112,1025,112,1243,341,0,2
7422,247.4,50,car,0.8496,9,123,82,184,0,2
7422,247.4,52,car,0.6553,1027,117,1251,346,0,2
7423,247.433,50,car,0.8297,10,125,85,185,0,2
7423,247.433,52,car,0.7269,1035,120,1246,330,0,2
7423,247.433,54,car,0.6311,0,240,67,429,0,2
7424,247.467,50,car,0.8081,11,126,87,186,0,2
7424,247.467,52,car,0.7871,1040,123,1246,325,0,2
7425,247.5,50,car,0.7977,11,127,89,189,0,2
7425,247.5,52,car,0.8188,1042,126,1250,325,0,2
7426,247.533,50,car,0.8369,13,127,93,190,0,2
7426,247.533,52,car,0.803,1056,130,1263,326,0,2
7426,247.533,54,car,0.6197,0,287,46,423,0,2
7427,247.567,50,car,0.846,13,127,95,191,0,2
7428,247.6,50,car,0.8439,14,128,99,192,0,2
7428,247.6,52,car,0.7499,1086,139,1280,330,0,2
7429,247.633,50,car,0.8571,16,128,106,195,0,2
7429,247.633,52,car,0.7835,1104,144,1280,335,0,2
7430,247.667,50,car,0.8699,18,128,111,198,0,2
7430,247.667,52,car,0.7837,1122,149,1280,329,0,2
7431,247.7,50,car,0.8933,22,130,118,200,0,2
7431,247.7,52,car,0.7834,1147,155,1280,318,0,2
7432,247.733,50,car,0.8657,26,133,125,203,0,2
7432,247.733,52,car,0.7484,1171,166,1280,320,0,2
7433,247.767,50,car,0.8587,32,135,130,205,0,2
7433,247.767,52,car,0.7104,1189,171,1280,318,0,2
7434,247.8,50,car,0.8861,35,138,138,209,0,2
7435,247.833,50,car,0.8782,41,142,147,215,0,2
7436,247.867,50,car,0.8597,45,143,154,218,0,2
7437,247.9,50,car,0.8116,49,146,163,224,0,2
7438,247.933,50,car,0.8551,55,149,174,229,0,2
7439,247.967,50,car,0.87,58,151,179,231,0,2
7440,248.0,50,car,0.8792,65,154,189,234,0,2
7441,248.033,50,car,0.849,70,158,198,239,0,2
7442,248.067,50,car,0.8643,74,159,205,241,0,2
7443,248.1,50,car,0.8935,79,160,214,245,0,2
7444,248.133,50,car,0.8747,85,162,224,248,0,2
7445,248.167,50,car,0.8697,88,163,231,250,0,2
7446,248.2,50,car,0.8768,93,163,242,253,0,2
7447,248.233,50,car,0.8536,98,163,254,255,0,2
7448,248.267,50,car,0.8776,102,163,261,256,0,2
7449,248.3,50,car,0.8703,106,161,273,258,0,2
7450,248.333,50,car,0.8635,114,161,287,259,0,2
7451,248.367,50,car,0.8402,118,160,297,261,0,2
7452,248.4,50,car,0.8538,122,158,312,263,0,2
7453,248.433,50,car,0.8615,129,157,326,264,0,2
7454,248.467,50,car,0.877,135,154,338,265,0,2
7454,248.467,57,car,0.6134,5,3,1277,711,0,2
7455,248.5,50,car,0.8622,143,155,350,266,0,2
7455,248.5,57,car,0.6283,6,3,1277,711,0,2
7456,248.533,50,car,0.8825,152,154,367,269,0,2
7457,248.567,50,car,0.8941,159,154,382,270,0,2
7458,248.6,50,car,0.8923,170,153,401,272,0,2
7459,248.633,50,car,0.8947,181,151,424,274,0,2
7460,248.667,50,car,0.9069,190,150,439,275,0,2
7461,248.7,50,car,0.9185,201,149,461,277,0,2
7462,248.733,50,car,0.9054,215,146,486,278,0,2
7463,248.767,50,car,0.9198,225,145,504,280,0,2
7464,248.8,50,car,0.923,239,143,531,282,0,2
7465,248.833,50,car,0.915,256,142,561,286,0,2
7466,248.867,50,car,0.9093,270,142,583,287,0,2
7467,248.9,50,car,0.927,286,141,613,290,0,2
7468,248.933,50,car,0.9198,306,139,647,294,0,2
7469,248.967,50,car,0.917,322,139,671,295,0,2
7470,249.0,50,car,0.9366,345,139,702,296,0,2
7471,249.033,50,car,0.896,368,138,738,299,0,2
7472,249.067,50,car,0.9014,379,137,760,302,0,2
7473,249.1,50,car,0.859,400,135,797,305,0,2
7474,249.133,50,car,0.8444,432,134,839,307,0,2
7475,249.167,50,car,0.8512,459,134,867,304,0,2
7476,249.2,50,car,0.8618,485,134,898,304,0,2
7477,249.233,50,car,0.8166,498,135,922,307,0,2
7478,249.267,50,car,0.8063,504,136,931,310,0,2
7479,249.3,50,car,0.8494,503,138,933,315,0,2
7480,249.333,50,car,0.8459,494,141,919,319,0,2
7481,249.367,50,car,0.784,494,144,903,320,0,2
7481,249.367,58,person,0.6003,832,384,1275,711,0,2
7482,249.4,50,car,0.6194,489,144,880,318,0,2
7483,249.433,-1,car,0.7192,1229,113,1279,162,0,2
7483,249.433,-1,car,0.6643,825,163,1007,306,0,2
7484,249.467,59,car,0.6419,1216,110,1271,162,0,2
7484,249.467,60,car,0.8003,807,154,999,305,0,2
7484,249.467,50,car,0.6047,483,155,810,307,0,2
7485,249.5,60,car,0.8003,776,145,969,296,0,2
7486,249.533,60,car,0.8352,739,141,933,289,0,2
7487,249.567,60,car,0.8044,711,138,919,295,0,2
7487,249.567,59,car,0.7228,1229,117,1280,178,0,2
7488,249.6,60,car,0.8681,674,135,902,302,0,2
7489,249.633,60,car,0.9077,643,131,888,306,0,2
7490,249.667,60,car,0.9059,621,130,880,310,0,2
7490,249.667,64,car,0.7759,1136,102,1202,159,0,2
7491,249.7,60,car,0.8696,602,128,867,304,0,2
7492,249.733,60,car,0.8637,607,125,871,294,0,2
7493,249.767,60,car,0.8737,609,122,875,288,0,2
7493,249.767,67,car,0.7405,1053,91,1117,146,0,2
7494,249.8,60,car,0.8654,611,119,878,281,0,2
7494,249.8,67,car,0.8214,1027,90,1090,144,0,2
7495,249.833,60,car,0.8939,614,115,880,273,0,2
7495,249.833,67,car,0.7825,999,88,1059,139,0,2
7496,249.867,60,car,0.8965,615,112,883,267,0,2
7496,249.867,67,car,0.7919,982,87,1041,136,0,2
7496,249.867,69,car,0.7887,1216,185,1277,272,0,2
7497,249.9,60,car,0.88,617,107,886,262,0,2
7497,249.9,67,car,0.8314,960,82,1019,133,0,2
7497,249.9,69,car,0.8273,1203,175,1270,269,0,2
7498,249.933,60,car,0.8975,621,103,886,254,0,2
7498,249.933,67,car,0.767,937,79,997,128,0,2
7498,249.933,69,car,0.8436,1191,159,1265,263,0,2
7498,249.933,58,person,0.6685,528,378,1031,718,0,2
7499,249.967,60,car,0.91,625,102,885,248,1,2
7499,249.967,67,car,0.7686,925,77,983,126,0,2
7499,249.967,69,car,0.8536,1183,149,1262,258,0,2
7499,249.967,58,person,0.6618,498,375,1038,718,0,2
7500,250.0,60,car,0.8437,631,96,886,239,1,2
7500,250.0,67,car,0.8057,907,74,965,122,0,2
7500,250.0,69,car,0.8203,1174,142,1257,254,0,2
7501,250.033,60,car,0.878,640,91,885,227,1,2
7501,250.033,67,car,0.7229,890,70,947,117,0,2
7501,250.033,69,car,0.8411,1165,133,1253,247,0,2
7501,250.033,58,person,0.6485,446,374,1015,717,0,2
7502,250.067,60,car,0.9061,645,88,885,222,1,2
7502,250.067,67,car,0.7326,881,67,937,113,0,2
7502,250.067,69,car,0.8562,1159,128,1250,242,0,2
7502,250.067,58,person,0.6305,417,367,1019,715,0,2
7503,250.1,60,car,0.886,651,85,883,214,1,2
7503,250.1,69,car,0.8227,1151,121,1248,237,0,2
7503,250.1,58,person,0.7267,395,366,1021,715,0,2
7504,250.133,60,car,0.8904,658,80,883,205,1,2
7504,250.133,69,car,0.8107,1144,114,1246,230,0,2
7504,250.133,58,person,0.6705,370,365,1018,715,0,2
7504,250.133,67,car,0.6413,841,61,898,105,0,2
7505,250.167,60,car,0.8777,663,77,886,201,1,2
7505,250.167,69,car,0.7665,1138,111,1246,226,0,2
7505,250.167,58,person,0.6672,350,363,1019,715,0,2
7505,250.167,67,car,0.6048,841,58,897,103,0,2
7506,250.2,60,car,0.9077,669,73,886,194,0,2
7506,250.2,69,car,0.8065,1134,110,1245,222,0,2
7507,250.233,60,car,0.8742,675,69,887,189,0,2
7507,250.233,69,car,0.7712,1128,106,1245,219,0,2
7508,250.267,60,car,0.8538,680,66,888,185,0,2
7508,250.267,69,car,0.7662,1123,104,1247,217,0,2
7508,250.267,58,person,0.648,326,361,1014,714,0,2
7509,250.3,60,car,0.833,685,62,890,181,0,2
7509,250.3,69,car,0.7876,1119,104,1247,215,0,2
7509,250.3,58,person,0.7349,312,354,1025,713,0,2
7510,250.333,60,car,0.8764,694,63,887,176,0,2
7510,250.333,69,car,0.7895,1115,104,1247,214,0,2
7510,250.333,58,person,0.617,303,352,1033,713,0,2
7511,250.367,60,car,0.8865,701,63,885,173,0,2
7511,250.367,69,car,0.7464,1112,104,1248,214,0,2
7511,250.367,58,person,0.6044,293,345,1043,713,0,2
7512,250.4,60,car,0.8729,707,64,883,170,0,2
7512,250.4,69,car,0.7518,1109,106,1249,215,0,2
7513,250.433,60,car,0.8214,711,59,886,167,0,2
7513,250.433,69,car,0.7384,1105,107,1251,216,0,2
7513,250.433,58,person,0.6097,285,345,1041,711,0,2
7514,250.467,60,car,0.8579,715,59,885,166,0,2
7514,250.467,69,car,0.7423,1102,109,1253,217,0,2
7515,250.5,60,car,0.8421,719,56,886,163,0,2
7515,250.5,69,car,0.7682,1098,110,1256,219,0,2
7515,250.5,58,person,0.6054,280,349,1034,711,0,2
7516,250.533,60,car,0.8518,723,54,887,161,0,2
7516,250.533,69,car,0.7488,1096,111,1256,219,0,2
7517,250.567,60,car,0.8238,727,54,886,159,0,2
7517,250.567,69,car,0.7561,1095,112,1258,219,0,2
7518,250.6,60,car,0.835,736,55,882,154,0,2
7518,250.6,69,car,0.7605,1095,113,1259,219,0,2
7519,250.633,60,car,0.8776,744,59,878,150,0,2
7519,250.633,69,car,0.7326,1094,112,1263,219,0,2
7520,250.667,60,car,0.8615,749,59,877,147,0,2
7520,250.667,69,car,0.7308,1091,112,1263,218,0,2
7521,250.7,60,car,0.8931,754,58,874,142,0,2
7521,250.7,69,car,0.6935,1094,114,1262,216,0,2
7521,250.7,58,person,0.6115,282,336,1071,713,0,2
7522,250.733,60,car,0.8615,760,57,875,138,0,2
7522,250.733,69,car,0.741,1096,115,1262,214,0,2
7522,250.733,73,car,0.689,742,46,800,86,0,2
7522,250.733,74,car,0.625,912,39,985,71,0,2
7523,250.767,60,car,0.8651,762,56,874,136,0,2
7523,250.767,69,car,0.7073,1096,115,1262,213,0,2
7523,250.767,73,car,0.7036,739,46,799,86,0,2
7523,250.767,74,car,0.6239,912,39,984,70,0,2
7524,250.8,60,car,0.808,765,54,875,134,0,2
7524,250.8,69,car,0.6861,1101,114,1269,211,0,2
7524,250.8,73,car,0.6691,736,45,795,85,0,2
7524,250.8,74,car,0.6359,909,38,983,69,0,2
7525,250.833,60,car,0.784,768,51,878,131,0,2
7525,250.833,69,car,0.7054,1102,114,1270,210,0,2
7525,250.833,73,car,0.6506,733,43,791,82,0,2
7525,250.833,74,car,0.6214,907,37,979,67,0,2
7525,250.833,58,person,0.6327,286,331,1090,712,0,2
7526,250.867,60,car,0.7915,771,49,880,130,0,2
7526,250.867,69,car,0.6842,1103,117,1267,209,0,2
7526,250.867,73,car,0.6874,730,43,790,83,0,2
7526,250.867,74,car,0.6573,906,35,978,67,0,2
7526,250.867,58,person,0.6467,285,331,1095,712,0,2
7527,250.9,60,car,0.8513,773,49,881,130,0,2
7527,250.9,69,car,0.7028,1107,119,1271,209,0,2
7527,250.9,73,car,0.6949,728,42,789,82,0,2
7527,250.9,74,car,0.6448,904,34,979,67,0,2
7527,250.9,58,person,0.6799,282,327,1104,712,0,2
7528,250.933,60,car,0.8874,775,47,882,128,0,2
7528,250.933,69,car,0.6488,1111,121,1273,210,0,2
7528,250.933,73,car,0.6092,727,41,787,80,0,2
7528,250.933,58,person,0.7552,283,325,1111,712,0,2
7529,250.967,60,car,0.8747,777,46,882,127,0,2
7529,250.967,69,car,0.6087,1112,121,1275,211,0,2
7529,250.967,58,person,0.779,286,327,1111,713,0,2
7529,250.967,74,car,0.6134,902,32,978,65,0,2
7530,251.0,60,car,0.8716,779,46,881,125,0,2
7530,251.0,69,car,0.7248,1115,125,1277,213,0,2
7530,251.0,58,person,0.7648,289,328,1111,713,0,2
7530,251.0,74,car,0.7234,899,31,977,64,0,2
7531,251.033,60,car,0.8067,782,45,881,122,0,2
7531,251.033,69,car,0.6936,1119,127,1278,214,0,2
7531,251.033,58,person,0.7893,289,329,1111,713,0,2
7531,251.033,74,car,0.7503,898,30,976,63,0,2
7532,251.067,60,car,0.8082,783,43,880,120,0,2
7532,251.067,69,car,0.6809,1121,127,1278,213,0,2
7532,251.067,58,person,0.7792,282,321,1119,713,0,2
7532,251.067,74,car,0.6577,898,29,974,62,0,2
7532,251.067,73,car,0.6476,707,38,767,75,0,2
7533,251.1,60,car,0.8058,783,42,879,118,0,2
7533,251.1,69,car,0.6004,1125,129,1278,213,0,2
7533,251.1,58,person,0.6046,282,323,1113,712,0,2
7533,251.1,73,car,0.6353,703,35,763,74,0,2
7534,251.133,60,car,0.8206,783,41,878,115,0,2
7534,251.133,69,car,0.7013,1128,130,1279,213,0,2
7534,251.133,73,car,0.6102,699,33,759,72,0,2
7534,251.133,74,car,0.6432,897,27,974,61,0,2
7535,251.167,60,car,0.8204,783,40,878,114,0,2
7535,251.167,69,car,0.7155,1130,131,1279,213,0,2
7535,251.167,73,car,0.649,696,32,755,71,0,2
7535,251.167,74,car,0.6239,896,26,974,59,0,2
7535,251.167,58,person,0.666,286,326,1107,712,0,2
7536,251.2,60,car,0.7773,783,38,875,111,0,2
7536,251.2,69,car,0.6325,1131,130,1280,213,0,2
7536,251.2,73,car,0.6841,693,31,753,70,0,2
7536,251.2,58,person,0.7125,294,327,1111,712,0,2
7537,251.233,60,car,0.7364,782,37,874,110,0,2
7537,251.233,73,car,0.6636,688,30,749,70,0,2
7537,251.233,58,person,0.6835,304,333,1111,713,0,2
7538,251.267,60,car,0.7163,783,35,873,107,0,2
7538,251.267,73,car,0.6492,685,30,746,70,0,2
7538,251.267,58,person,0.637,313,337,1111,713,0,2
7538,251.267,69,car,0.6304,1135,134,1280,216,0,2
7539,251.3,60,car,0.7895,781,35,871,107,0,2
7539,251.3,73,car,0.6079,681,29,744,69,0,2
7539,251.3,69,car,0.7032,1137,136,1280,216,0,2
7539,251.3,74,car,0.6557,891,23,969,56,0,2
7540,251.333,60,car,0.8156,778,35,869,106,0,2
7540,251.333,73,car,0.7565,677,29,739,69,0,2
7540,251.333,69,car,0.7344,1138,136,1280,217,0,2
7540,251.333,74,car,0.7315,890,23,967,56,0,2
7541,251.367,60,car,0.8155,777,35,867,105,0,2
7541,251.367,73,car,0.714,674,27,736,67,0,2
7541,251.367,69,car,0.7319,1141,137,1280,217,0,2
7541,251.367,74,car,0.7344,889,23,966,55,0,2
7542,251.4,60,car,0.8194,775,34,864,104,0,2
7542,251.4,73,car,0.7153,670,27,731,67,0,2
7542,251.4,69,car,0.7152,1143,138,1280,216,0,2
7542,251.4,74,car,0.7228,888,22,966,55,0,2
7543,251.433,60,car,0.8257,770,33,862,103,0,2
7543,251.433,73,car,0.6453,665,29,727,67,0,2
7543,251.433,69,car,0.7295,1144,138,1280,216,0,2
7543,251.433,74,car,0.7185,887,22,965,55,0,2
7544,251.467,60,car,0.8197,769,33,861,103,0,2
7544,251.467,73,car,0.6941,662,29,723,69,0,2
7544,251.467,69,car,0.7252,1145,138,1280,216,0,2
7544,251.467,74,car,0.6955,886,22,963,55,0,2
7545,251.5,60,car,0.811,766,33,857,103,0,2
7545,251.5,73,car,0.6854,658,30,720,70,0,2
7545,251.5,69,car,0.7504,1144,139,1280,219,0,2
7545,251.5,74,car,0.6402,883,22,963,56,0,2
7546,251.533,60,car,0.8218,762,33,854,103,0,2
7546,251.533,73,car,0.7056,654,31,715,70,0,2
7546,251.533,69,car,0.7606,1144,142,1280,222,0,2
7546,251.533,74,car,0.6096,881,23,965,58,0,2
7547,251.567,60,car,0.8265,761,34,851,103,0,2
7547,251.567,73,car,0.7199,651,32,712,70,0,2
7547,251.567,69,car,0.7843,1144,143,1280,223,0,2
7547,251.567,76,car,0.6011,715,32,779,62,0,2
7548,251.6,60,car,0.8379,758,37,848,103,0,2
7548,251.6,73,car,0.7022,647,32,706,71,0,2
7548,251.6,69,car,0.7927,1144,144,1280,224,0,2
7549,251.633,60,car,0.8174,754,35,845,103,0,2
7549,251.633,73,car,0.6609,643,34,701,71,0,2
7549,251.633,69,car,0.7741,1144,144,1280,224,0,2
7550,251.667,60,car,0.7194,753,38,841,102,0,2
7550,251.667,73,car,0.7114,640,34,697,71,0,2
7550,251.667,69,car,0.7876,1143,145,1280,225,0,2
7551,251.7,60,car,0.7664,750,39,838,103,0,2
7551,251.7,73,car,0.6777,634,35,693,72,0,2
7551,251.7,69,car,0.7798,1144,146,1280,226,0,2
7551,251.7,74,car,0.6309,875,26,960,62,0,2
7552,251.733,60,car,0.8251,746,40,834,103,0,2
7552,251.733,73,car,0.6955,630,37,689,73,0,2
7552,251.733,69,car,0.8096,1143,146,1280,229,0,2
7552,251.733,74,car,0.6577,874,26,959,63,0,2
7553,251.767,60,car,0.8273,744,41,831,103,0,2
7553,251.767,73,car,0.6912,627,38,686,74,0,2
7553,251.767,69,car,0.8186,1142,147,1280,230,0,2
7553,251.767,74,car,0.6526,873,26,958,64,0,2
7554,251.8,60,car,0.8251,739,41,829,103,0,2
7554,251.8,73,car,0.6563,624,38,681,74,0,2
7554,251.8,69,car,0.8168,1142,147,1280,230,0,2
7554,251.8,74,car,0.6966,873,27,957,64,0,2
7555,251.833,60,car,0.8152,736,42,823,102,0,2
7555,251.833,73,car,0.6404,617,39,677,75,0,2
7555,251.833,69,car,0.8119,1144,147,1280,229,0,2
7555,251.833,74,car,0.7342,872,29,955,64,0,2
7556,251.867,60,car,0.7924,731,42,821,103,0,2
7556,251.867,73,car,0.6574,614,39,673,75,0,2
7556,251.867,69,car,0.8107,1145,147,1280,227,0,2
7556,251.867,74,car,0.7556,872,29,954,64,0,2
7557,251.9,60,car,0.8506,728,43,817,103,0,2
7557,251.9,73,car,0.7226,609,40,667,77,0,2
7557,251.9,69,car,0.7846,1146,149,1279,226,0,2
7557,251.9,74,car,0.7545,871,29,952,64,0,2
7557,251.9,58,person,0.6423,355,368,1088,717,0,2
7558,251.933,60,car,0.8068,725,43,813,103,0,2
7558,251.933,73,car,0.6584,603,42,662,78,0,2
7558,251.933,69,car,0.7597,1149,149,1278,225,0,2
7558,251.933,74,car,0.7394,869,30,951,65,0,2
7558,251.933,58,person,0.6909,345,370,1058,715,0,2
7559,251.967,60,car,0.727,720,45,809,103,0,2
7559,251.967,73,car,0.7048,599,43,658,79,0,2
7559,251.967,69,car,0.7394,1149,149,1278,224,0,2
7559,251.967,74,car,0.723,866,30,950,66,0,2
7559,251.967,58,person,0.7289,342,373,1042,714,0,2
7560,252.0,60,car,0.7793,714,45,803,103,0,2
7560,252.0,73,car,0.7446,595,46,653,80,1,2
7560,252.0,69,car,0.747,1150,150,1277,224,0,2
7560,252.0,74,car,0.7033,863,31,949,69,0,2
7561,252.033,60,car,0.834,709,45,799,103,0,2
7561,252.033,73,car,0.6923,589,46,647,81,1,2
7561,252.033,69,car,0.7496,1150,151,1277,225,0,2
7561,252.033,74,car,0.6903,861,31,949,70,0,2
7562,252.067,60,car,0.7919,704,45,794,104,0,2
7562,252.067,73,car,0.7055,584,46,643,82,1,2
7562,252.067,69,car,0.7185,1150,151,1278,225,0,2
7562,252.067,74,car,0.7137,859,31,946,70,0,2
7563,252.1,60,car,0.7875,698,45,790,104,0,2
7563,252.1,73,car,0.7031,579,47,638,82,1,2
7563,252.1,69,car,0.7156,1150,151,1278,225,0,2
7563,252.1,74,car,0.6767,857,31,945,70,0,2
7564,252.133,60,car,0.774,694,45,785,103,0,2
7564,252.133,73,car,0.7127,574,47,632,82,1,2
7564,252.133,69,car,0.747,1150,151,1279,226,0,2
7564,252.133,74,car,0.6874,857,31,944,70,0,2
7565,252.167,60,car,0.7573,690,43,783,103,0,2
7565,252.167,73,car,0.6854,569,47,627,82,1,2
7565,252.167,69,car,0.7381,1150,151,1280,227,0,2
7565,252.167,74,car,0.6735,856,31,943,70,0,2
7566,252.2,60,car,0.6257,686,43,778,102,0,2
7566,252.2,73,car,0.7071,566,48,624,82,1,2
7566,252.2,69,car,0.7316,1152,153,1280,227,0,2
7566,252.2,74,car,0.668,854,31,942,70,0,2
7567,252.233,60,car,0.6537,681,43,771,101,0,2
7567,252.233,73,car,0.6656,561,47,618,82,1,2
7567,252.233,69,car,0.6898,1155,154,1279,227,0,2
7567,252.233,74,car,0.6918,854,30,942,69,0,2
7568,252.267,60,car,0.6965,678,43,768,99,0,2
7568,252.267,73,car,0.6476,557,47,614,82,1,2
7568,252.267,69,car,0.6154,1157,157,1279,227,0,2
7568,252.267,74,car,0.6984,854,30,941,69,0,2
7568,252.267,58,person,0.7399,294,378,969,712,0,2
7569,252.3,60,car,0.8051,674,43,765,99,0,2
7569,252.3,73,car,0.6353,551,47,609,82,1,2
7569,252.3,69,car,0.627,1160,158,1279,226,0,2
7569,252.3,74,car,0.7371,854,30,941,69,0,2
7569,252.3,58,person,0.8149,279,365,971,712,0,2
7570,252.333,60,car,0.7716,670,43,760,99,0,2
7570,252.333,73,car,0.6679,546,47,605,82,1,2
7570,252.333,74,car,0.72,854,30,941,67,0,2
7570,252.333,58,person,0.8245,259,346,982,712,0,2
7571,252.367,60,car,0.7249,667,43,758,99,0,2
7571,252.367,73,car,0.7088,543,47,601,82,1,2
7571,252.367,74,car,0.7117,854,30,941,67,0,2
7571,252.367,58,person,0.857,250,334,987,713,0,2
7572,252.4,60,car,0.8178,663,45,750,98,0,2
7572,252.4,73,car,0.7353,538,47,595,82,1,2
7572,252.4,74,car,0.7116,853,30,939,67,0,2
7572,252.4,58,person,0.8168,239,321,991,712,0,2
7573,252.433,60,car,0.7412,659,46,745,97,0,2
7573,252.433,73,car,0.7407,534,48,592,82,1,2
7573,252.433,74,car,0.7133,853,29,939,67,0,2
7573,252.433,58,person,0.7554,223,313,989,712,0,2
7574,252.467,60,car,0.6667,656,46,742,97,0,2
7574,252.467,73,car,0.753,530,47,589,82,1,2
7574,252.467,74,car,0.7386,851,29,941,67,0,2
7574,252.467,58,person,0.7611,215,305,991,713,0,2
7575,252.5,60,car,0.7727,650,45,737,97,0,2
7575,252.5,73,car,0.7111,526,48,583,82,1,2
7575,252.5,74,car,0.7551,850,27,941,67,0,2
7575,252.5,58,person,0.7346,205,295,995,714,0,2
7575,252.5,76,car,0.6179,717,40,770,67,0,2
7575,252.5,69,car,0.6281,1174,165,1279,225,0,2
7576,252.533,60,car,0.8138,645,45,733,96,0,2
7576,252.533,73,car,0.6932,520,48,577,82,1,2
7576,252.533,74,car,0.6989,850,26,942,66,0,2
7576,252.533,58,person,0.7948,194,283,1000,714,0,2
7576,252.533,76,car,0.6266,717,40,768,66,0,2
7577,252.567,60,car,0.8281,641,45,729,96,0,2
7577,252.567,73,car,0.7087,517,48,575,82,1,2
7577,252.567,74,car,0.7222,849,25,943,66,0,2
7577,252.567,58,person,0.7793,187,275,1002,714,0,2
7577,252.567,76,car,0.6118,715,40,766,66,0,2
7578,252.6,60,car,0.7924,635,42,726,95,0,2
7578,252.6,73,car,0.694,512,47,570,82,1,2
7578,252.6,74,car,0.7282,848,24,944,66,0,2
7578,252.6,58,person,0.6352,181,266,1005,714,0,2
7578,252.6,76,car,0.6787,712,38,767,66,0,2
7579,252.633,60,car,0.8058,631,42,721,95,0,2
7579,252.633,73,car,0.7073,506,47,565,82,1,2
7579,252.633,74,car,0.737,848,23,944,65,0,2
7579,252.633,58,person,0.6276,174,258,1007,714,0,2
7579,252.633,76,car,0.7032,710,37,767,66,0,2
7580,252.667,60,car,0.7784,627,42,717,94,0,2
7580,252.667,73,car,0.6799,503,47,560,82,1,2
7580,252.667,74,car,0.7153,848,23,944,65,0,2
7580,252.667,58,person,0.6578,173,253,1006,713,0,2
7580,252.667,76,car,0.7198,707,35,766,66,0,2
7581,252.7,60,car,0.777,623,41,712,94,0,2
7581,252.7,73,car,0.6744,498,47,555,82,1,2
7581,252.7,74,car,0.7116,848,22,945,65,0,2
7581,252.7,58,person,0.6747,167,246,1007,713,0,2
7581,252.7,76,car,0.7412,705,35,765,66,0,2
7582,252.733,60,car,0.7991,617,40,707,93,0,2
7582,252.733,73,car,0.6416,494,47,551,82,1,2
7582,252.733,74,car,0.7187,848,22,945,65,0,2
7582,252.733,76,car,0.7281,701,34,763,66,0,2
7583,252.767,60,car,0.7938,614,40,704,93,0,2
7583,252.767,73,car,0.6442,489,47,547,82,1,2
7583,252.767,74,car,0.7357,849,22,946,65,0,2
7583,252.767,76,car,0.7297,699,34,762,66,0,2
7584,252.8,60,car,0.8383,610,40,701,93,0,2
7584,252.8,73,car,0.6355,485,47,543,83,1,2
7584,252.8,74,car,0.733,849,22,947,64,0,2
7584,252.8,76,car,0.7231,697,33,763,66,0,2
7585,252.833,60,car,0.7744,605,41,695,93,0,2
7585,252.833,74,car,0.6969,849,22,949,64,0,2
7585,252.833,76,car,0.6618,695,33,763,67,0,2
7585,252.833,58,person,0.6861,198,231,1064,713,0,2
7586,252.867,60,car,0.7836,600,41,690,93,1,2
7586,252.867,74,car,0.6497,850,22,949,65,0,2
7586,252.867,76,car,0.6474,693,33,763,67,0,2
7586,252.867,73,car,0.6062,478,47,534,81,1,2
7587,252.9,60,car,0.8454,595,41,686,93,1,2
7587,252.9,76,car,0.668,688,33,762,69,0,2
7587,252.9,73,car,0.6361,472,48,528,81,1,2
7588,252.933,60,car,0.7705,590,42,680,94,1,2
7588,252.933,76,car,0.7026,685,33,762,70,0,2
7588,252.933,73,car,0.6368,467,49,525,83,1,2
7588,252.933,74,car,0.6077,853,23,952,66,0,2
7589,252.967,60,car,0.7443,585,42,678,94,1,2
7589,252.967,76,car,0.7378,682,34,762,71,0,2
7589,252.967,73,car,0.6511,464,49,520,83,1,2
7589,252.967,74,car,0.6534,853,23,953,66,0,2
7590,253.0,60,car,0.7171,582,45,671,95,1,2
7590,253.0,76,car,0.6812,682,35,762,71,0,2
7590,253.0,73,car,0.601,461,51,514,83,1,2
7590,253.0,74,car,0.6729,853,23,954,67,0,2
7591,253.033,60,car,0.7898,577,46,666,96,1,2
7591,253.033,76,car,0.735,682,37,765,73,0,2
7591,253.033,74,car,0.739,853,23,957,70,0,2
7592,253.067,60,car,0.7456,573,47,663,97,1,2
7592,253.067,76,car,0.7218,682,39,766,74,0,2
7592,253.067,74,car,0.7565,853,24,958,71,0,2
7592,253.067,77,car,0.662,1017,47,1083,73,0,2
7593,253.1,60,car,0.7354,568,47,658,98,1,2
7593,253.1,76,car,0.7232,682,39,769,77,0,2
7593,253.1,74,car,0.7279,855,25,958,71,0,2
7593,253.1,77,car,0.6029,1019,49,1086,75,0,2
7594,253.133,60,car,0.7619,562,49,653,99,1,2
7594,253.133,76,car,0.723,681,39,771,78,0,2
7594,253.133,74,car,0.7477,855,26,960,73,0,2
7595,253.167,60,car,0.7088,559,49,649,101,1,2
7595,253.167,76,car,0.7427,681,39,774,78,0,2
7595,253.167,74,car,0.7696,856,26,961,73,0,2
7595,253.167,73,car,0.6073,441,57,494,88,0,2
7595,253.167,77,car,0.6479,1024,50,1093,78,0,2
7596,253.2,60,car,0.7183,552,49,645,101,1,2
7596,253.2,76,car,0.7024,681,39,775,79,0,2
7596,253.2,74,car,0.7669,858,27,963,74,0,2
7596,253.2,77,car,0.664,1026,50,1096,79,0,2
7597,253.233,60,car,0.782,546,49,638,101,1,2
7597,253.233,76,car,0.6773,681,39,777,79,0,2
7597,253.233,74,car,0.653,858,26,967,74,0,2
7597,253.233,77,car,0.6227,1030,51,1098,79,0,2
7597,253.233,73,car,0.6114,430,58,485,91,0,2
7598,253.267,60,car,0.8001,543,49,635,102,1,2
7598,253.267,76,car,0.734,681,38,778,79,0,2
7598,253.267,74,car,0.6704,859,26,969,75,0,2
7598,253.267,77,car,0.6405,1032,51,1101,79,0,2
7599,253.3,60,car,0.7954,536,49,630,102,1,2
7599,253.3,76,car,0.7689,681,38,779,79,0,2
7599,253.3,74,car,0.6309,861,26,973,75,0,2
7599,253.3,77,car,0.6387,1034,51,1103,80,0,2
7600,253.333,60,car,0.802,531,49,624,102,1,2
7600,253.333,76,car,0.7707,680,37,781,79,0,2
7600,253.333,74,car,0.6101,862,26,975,77,0,2
7600,253.333,77,car,0.6947,1038,51,1107,80,0,2
7600,253.333,58,person,0.6039,398,379,1070,713,0,2
7601,253.367,60,car,0.7815,528,49,619,101,1,2
7601,253.367,76,car,0.7933,680,37,782,79,0,2
7601,253.367,74,car,0.6413,863,25,978,77,0,2
7601,253.367,77,car,0.7053,1038,50,1110,80,0,2
7601,253.367,58,person,0.6529,376,383,1088,713,0,2
7602,253.4,60,car,0.7453,522,49,614,99,1,2
7602,253.4,76,car,0.7805,682,38,783,79,0,2
7602,253.4,74,car,0.7098,865,24,982,77,0,2
7602,253.4,77,car,0.6403,1041,51,1113,81,0,2
7603,253.433,60,car,0.7695,518,49,608,99,1,2
7603,253.433,76,car,0.7949,683,37,785,79,0,2
7603,253.433,74,car,0.6133,866,24,986,77,0,2
7603,253.433,77,car,0.684,1045,51,1117,81,0,2
7604,253.467,60,car,0.8037,513,49,605,99,1,2
7604,253.467,76,car,0.814,683,37,789,79,0,2
7604,253.467,74,car,0.6838,869,23,990,77,0,2
7604,253.467,77,car,0.6807,1047,51,1119,81,0,2
7605,253.5,60,car,0.7848,509,49,599,99,1,2
7605,253.5,76,car,0.8142,686,37,790,79,0,2
7605,253.5,74,car,0.6351,871,23,992,77,0,2
7605,253.5,77,car,0.7334,1050,51,1123,82,0,2
7606,253.533,60,car,0.835,503,48,593,99,1,2
7606,253.533,76,car,0.8177,687,35,792,79,0,2
7606,253.533,74,car,0.6654,875,24,994,77,0,2
7606,253.533,77,car,0.7425,1056,51,1128,82,0,2
7606,253.533,58,person,0.6102,335,365,1112,714,0,2
7607,253.567,60,car,0.843,498,48,590,99,1,2
7607,253.567,76,car,0.8321,687,34,795,79,0,2
7607,253.567,74,car,0.7334,877,23,999,78,0,2
7607,253.567,77,car,0.7478,1058,51,1133,83,0,2
7607,253.567,58,person,0.6528,322,362,1119,714,0,2
7608,253.6,60,car,0.8053,495,48,585,98,1,2
7608,253.6,76,car,0.8328,688,33,799,79,0,2
7608,253.6,74,car,0.7638,879,23,1002,78,0,2
7608,253.6,77,car,0.7087,1063,53,1137,83,0,2
7609,253.633,60,car,0.8586,488,47,581,98,1,2
7609,253.633,76,car,0.8213,690,32,801,78,0,2
7609,253.633,74,car,0.7278,883,22,1008,78,0,2
7609,253.633,77,car,0.6903,1067,53,1143,85,0,2
7610,253.667,60,car,0.8576,486,47,577,98,1,2
7610,253.667,76,car,0.8164,691,32,803,78,0,2
7610,253.667,74,car,0.7157,886,22,1011,78,0,2
7610,253.667,77,car,0.7331,1072,54,1147,86,0,2
7611,253.7,60,car,0.8385,481,47,573,98,1,2
7611,253.7,76,car,0.7957,695,32,808,79,0,2
7611,253.7,74,car,0.77,890,23,1017,79,0,2
7611,253.7,77,car,0.7005,1078,55,1154,87,0,2
7612,253.733,60,car,0.8405,477,48,568,98,1,2
7612,253.733,76,car,0.8323,697,31,815,79,0,2
7612,253.733,74,car,0.8034,895,23,1025,80,0,2
7612,253.733,77,car,0.6557,1083,55,1161,88,0,2
7613,253.767,60,car,0.8378,473,47,565,98,1,2
7613,253.767,76,car,0.8452,699,31,818,80,0,2
7613,253.767,74,car,0.7028,898,23,1029,80,0,2
7613,253.767,77,car,0.7132,1088,56,1167,89,0,2
7614,253.8,60,car,0.8218,470,47,561,98,1,2
7614,253.8,76,car,0.8469,703,31,823,80,0,2
7614,253.8,77,car,0.6969,1095,57,1173,91,0,2
7615,253.833,60,car,0.7946,466,48,558,99,1,2
7615,253.833,76,car,0.7938,707,31,829,81,0,2
7615,253.833,77,car,0.6661,1102,58,1183,94,0,2
7616,253.867,60,car,0.8251,464,48,555,99,1,2
7616,253.867,76,car,0.8177,712,32,833,82,0,2
7616,253.867,77,car,0.7352,1106,59,1189,95,0,2
7617,253.9,60,car,0.817,461,48,552,101,1,2
7617,253.9,76,car,0.8347,717,32,839,83,0,2
7617,253.9,77,car,0.6592,1114,61,1197,97,0,2
7618,253.933,60,car,0.8016,456,49,549,101,1,2
7618,253.933,76,car,0.8466,723,34,846,85,0,2
7618,253.933,77,car,0.6894,1125,63,1207,99,0,2
7618,253.933,74,car,0.6452,926,26,1069,90,0,2
7619,253.967,60,car,0.7833,454,49,546,102,1,2
7619,253.967,76,car,0.8615,728,35,849,86,0,2
7619,253.967,77,car,0.7647,1131,65,1215,102,0,2
7619,253.967,74,car,0.6278,930,26,1077,93,0,2
7620,254.0,60,car,0.7452,453,50,545,103,1,2
7620,254.0,76,car,0.8618,734,37,857,87,0,2
7620,254.0,77,car,0.712,1142,69,1224,105,0,2
7621,254.033,60,car,0.8021,451,51,543,103,1,2
7621,254.033,76,car,0.8127,739,39,865,89,0,2
7621,254.033,77,car,0.7281,1152,71,1238,110,0,2
7622,254.067,60,car,0.786,450,53,541,104,1,2
7622,254.067,76,car,0.8493,745,41,872,91,0,2
7622,254.067,77,car,0.7743,1160,73,1246,112,0,2
7623,254.1,60,car,0.8564,448,53,541,105,1,2
7623,254.1,76,car,0.8749,753,42,881,93,0,2
7623,254.1,77,car,0.7721,1170,78,1259,118,0,2
7624,254.133,60,car,0.734,448,55,538,107,1,2
7624,254.133,76,car,0.879,761,46,891,97,0,2
7624,254.133,77,car,0.7641,1183,80,1273,122,0,2
7625,254.167,60,car,0.7916,448,57,537,107,1,2
7625,254.167,76,car,0.8672,767,47,901,99,0,2
7625,254.167,77,car,0.7847,1191,83,1280,126,0,2
7626,254.2,60,car,0.7783,447,58,537,109,1,2
7626,254.2,76,car,0.8633,774,47,913,102,0,2
7626,254.2,77,car,0.6221,1201,87,1280,127,0,2
7626,254.2,74,truck,0.6253,1002,45,1158,115,0,2
7627,254.233,60,car,0.7759,447,59,536,110,1,2
7627,254.233,76,car,0.8313,782,50,927,106,0,2
7627,254.233,77,car,0.7198,1211,93,1280,131,0,2
7628,254.267,60,car,0.7474,447,59,536,111,1,2
7628,254.267,76,car,0.8443,789,50,935,109,0,2
7628,254.267,77,car,0.7281,1218,95,1280,135,0,2
7629,254.3,60,car,0.7824,447,61,536,112,1,2
7629,254.3,76,car,0.8285,798,54,947,112,0,2
7629,254.3,77,car,0.7025,1232,103,1280,138,0,2
7630,254.333,60,car,0.7949,446,62,536,113,1,2
7630,254.333,76,car,0.8541,809,56,962,117,0,2
7631,254.367,60,car,0.7782,446,62,536,113,1,2
7631,254.367,76,car,0.8648,817,58,973,119,0,2
7632,254.4,60,car,0.79,447,63,536,114,1,2
7632,254.4,76,car,0.8424,827,61,986,122,0,2
7633,254.433,60,car,0.7678,449,64,537,115,1,2
7633,254.433,76,car,0.9078,838,63,1005,128,0,2
7634,254.467,60,car,0.7578,449,65,538,117,1,2
7634,254.467,76,car,0.8927,846,64,1018,133,0,2
7634,254.467,79,car,0.6817,389,66,433,98,0,2
7635,254.5,60,car,0.7842,451,66,539,118,1,2
7635,254.5,76,car,0.884,859,67,1033,136,0,2
7635,254.5,79,car,0.6232,393,69,435,98,0,2
7636,254.533,60,car,0.8307,453,66,541,118,1,2
7636,254.533,76,car,0.8749,874,71,1051,141,0,2
7636,254.533,79,car,0.6957,398,70,438,98,0,2
7637,254.567,60,car,0.816,454,67,542,119,1,2
7637,254.567,76,car,0.8774,883,74,1065,146,0,2
7637,254.567,79,car,0.7622,400,70,440,98,0,2
7637,254.567,74,car,0.6815,1121,75,1280,165,0,2
7638,254.6,60,car,0.8394,455,67,543,119,1,2
7638,254.6,76,car,0.8996,897,77,1082,150,0,2
7638,254.6,79,car,0.7252,405,70,446,99,0,2
7638,254.6,74,car,0.7647,1138,82,1280,170,0,2
7639,254.633,60,car,0.836,456,67,544,119,1,2
7639,254.633,76,car,0.8737,914,80,1103,154,0,2
7639,254.633,79,car,0.6587,408,70,450,99,0,2
7639,254.633,74,car,0.8181,1154,87,1280,176,0,2
7640,254.667,60,car,0.7101,458,69,545,120,1,2
7640,254.667,76,car,0.8698,926,83,1118,159,0,2
7640,254.667,79,car,0.6244,411,70,453,99,0,2
7640,254.667,74,car,0.7717,1168,90,1280,177,0,2
7641,254.7,60,car,0.7627,461,70,547,121,1,2
7641,254.7,76,car,0.8889,938,86,1141,167,0,2
7641,254.7,79,car,0.6441,415,70,457,99,0,2
7641,254.7,74,car,0.8097,1182,95,1280,185,0,2
7642,254.733,60,car,0.839,462,70,550,122,1,2
7642,254.733,76,car,0.8742,953,90,1163,174,0,2
7642,254.733,79,car,0.6791,421,70,461,99,0,2
7643,254.767,60,car,0.8536,463,70,550,122,1,2
7643,254.767,76,car,0.8783,965,93,1181,179,0,2
7643,254.767,79,car,0.6567,424,71,463,99,0,2
7643,254.767,80,car,0.7911,1246,126,1280,192,0,2
7644,254.8,60,car,0.8024,464,72,549,122,1,2
7644,254.8,76,car,0.8729,981,97,1199,185,0,2
7644,254.8,79,car,0.6296,426,71,466,99,0,2
7645,254.833,60,car,0.8058,464,72,549,123,1,2
7645,254.833,76,car,0.8692,995,103,1226,195,0,2
7645,254.833,79,car,0.6134,431,71,469,99,0,2
7646,254.867,60,car,0.749,465,73,547,125,1,2
7646,254.867,76,car,0.8727,1006,105,1242,202,0,2
7647,254.9,60,car,0.7499,466,75,547,126,1,2
7647,254.9,76,car,0.8713,1022,110,1267,210,0,2
7648,254.933,60,car,0.7316,469,79,546,127,1,2
7648,254.933,76,car,0.8851,1037,117,1280,222,0,2
7649,254.967,60,car,0.6865,471,82,545,128,1,2
7649,254.967,76,car,0.8597,1047,121,1280,229,0,2
7650,255.0,60,car,0.6357,469,79,549,129,1,2
7650,255.0,76,car,0.8447,1066,127,1280,229,0,2
7651,255.033,60,car,0.6658,467,78,552,130,1,2
7651,255.033,76,car,0.8204,1083,134,1280,232,0,2
7652,255.067,60,car,0.6955,467,78,553,131,1,2
7652,255.067,76,car,0.8373,1096,139,1280,237,0,2
7653,255.1,60,car,0.6775,470,79,553,131,1,2
7653,255.1,76,car,0.8482,1110,146,1280,243,0,2
7654,255.133,60,car,0.7282,474,82,553,133,1,2
7654,255.133,76,car,0.8074,1131,161,1280,254,0,2
7655,255.167,60,car,0.6788,474,81,555,131,1,2
7655,255.167,76,car,0.7003,1151,171,1280,259,0,2
7656,255.2,60,car,0.725,479,81,558,131,1,2
7657,255.233,60,car,0.7285,482,81,559,130,1,2
7658,255.267,60,car,0.6629,485,81,559,129,1,2
7659,255.3,60,car,0.674,486,80,561,128,1,2
7660,255.333,60,car,0.6548,488,78,566,127,1,2
7661,255.367,60,car,0.6786,490,77,568,126,1,2
7662,255.4,60,car,0.6908,494,73,574,125,1,2
7663,255.433,60,car,0.7837,497,70,578,123,1,2
7664,255.467,60,car,0.7739,501,69,581,122,1,2
7665,255.5,60,car,0.778,505,66,583,120,1,2
7666,255.533,60,car,0.8067,511,66,587,118,1,2
7667,255.567,60,car,0.7986,517,65,590,115,1,2
7667,255.567,82,person,0.603,419,384,1091,715,0,2
7668,255.6,60,car,0.7545,521,63,594,113,1,2
7668,255.6,82,person,0.7399,411,370,1110,714,0,2
7669,255.633,60,car,0.8407,527,59,600,111,1,2
7669,255.633,82,person,0.7339,397,351,1134,714,0,2
7670,255.667,60,car,0.7818,533,59,603,109,1,2
7670,255.667,82,person,0.7597,397,350,1131,714,0,2
7671,255.7,60,car,0.7231,536,56,609,107,1,2
7671,255.7,82,person,0.729,395,347,1134,714,0,2
7672,255.733,60,car,0.7849,543,54,615,104,1,2
7672,255.733,82,person,0.7364,401,351,1127,713,0,2
7673,255.767,60,car,0.8419,546,50,619,103,1,2
7673,255.767,82,person,0.7529,402,344,1136,713,0,2
7674,255.8,60,car,0.8307,553,48,625,101,1,2
7674,255.8,82,person,0.7479,401,336,1145,712,0,2
7675,255.833,60,car,0.7773,559,47,631,98,1,2
7675,255.833,82,person,0.806,399,328,1152,713,0,2
7676,255.867,60,car,0.7366,563,46,633,97,1,2
7676,255.867,82,person,0.8049,400,323,1155,713,0,2
7677,255.9,60,car,0.7719,569,45,639,95,1,2
7677,255.9,82,person,0.7778,402,321,1155,713,0,2
7678,255.933,60,car,0.82,575,42,643,94,1,2
7678,255.933,82,person,0.7705,405,318,1155,713,0,2
7679,255.967,60,car,0.8154,578,41,648,93,1,2
7679,255.967,82,person,0.7283,411,326,1143,712,0,2
7680,256.0,60,car,0.7959,584,40,651,91,1,2
7680,256.0,82,person,0.6693,397,317,1139,711,0,2
7681,256.033,60,car,0.734,590,40,656,90,1,2
7681,256.033,82,person,0.696,370,310,1126,712,0,2
7682,256.067,60,car,0.7836,593,40,659,90,1,2
7682,256.067,82,person,0.6954,357,314,1109,712,0,2
7683,256.1,60,car,0.8039,598,39,664,89,1,2
7684,256.133,60,car,0.7858,602,38,670,89,1,2
7685,256.167,60,car,0.7964,606,37,674,89,1,2
7686,256.2,60,car,0.7629,611,35,679,89,0,2
7686,256.2,82,person,0.69,305,298,1089,711,0,2
7687,256.233,60,car,0.7752,618,35,685,88,0,2
7687,256.233,82,person,0.7697,296,298,1083,711,0,2
7688,256.267,60,car,0.7438,623,35,689,88,0,2
7688,256.267,82,person,0.8032,293,299,1082,710,0,2
7689,256.3,60,car,0.732,629,34,695,88,0,2
7689,256.3,82,person,0.8272,295,302,1083,710,0,2
7690,256.333,60,car,0.7982,637,34,701,87,0,2
7690,256.333,82,person,0.7983,294,301,1088,710,0,2
7691,256.367,60,car,0.7769,641,34,705,87,0,2
7691,256.367,82,person,0.7946,295,302,1089,710,0,2
7692,256.4,60,car,0.8158,647,33,712,86,0,2
7692,256.4,82,person,0.7964,294,301,1094,710,0,2
7693,256.433,60,car,0.823,655,33,719,85,0,2
7693,256.433,82,person,0.7768,297,305,1091,710,0,2
7694,256.467,60,car,0.8113,659,32,723,85,0,2
7694,256.467,82,person,0.7873,296,304,1093,711,0,2
7695,256.5,60,car,0.7452,665,31,729,83,0,2
7695,256.5,82,person,0.7609,293,301,1098,711,0,2
7696,256.533,60,car,0.7873,673,30,737,82,0,2
7696,256.533,82,person,0.7706,290,301,1097,711,0,2
7697,256.567,60,car,0.6831,679,30,743,82,0,2
7697,256.567,82,person,0.7926,287,299,1098,711,0,2
7698,256.6,60,car,0.7744,687,31,750,82,0,2
7698,256.6,82,person,0.7638,282,297,1098,711,0,2
7699,256.633,60,car,0.7309,694,30,757,82,0,2
7699,256.633,82,person,0.7229,296,312,1091,712,0,2
7700,256.667,60,car,0.7177,699,30,762,82,0,2
7700,256.667,82,person,0.7205,301,319,1088,712,0,2
7701,256.7,60,car,0.7606,706,31,769,82,0,2
7701,256.7,82,person,0.7327,306,330,1079,713,0,2
7702,256.733,60,car,0.8297,715,32,777,82,0,2
7702,256.733,82,person,0.7854,291,320,1083,712,0,2
7703,256.767,60,car,0.8125,722,33,784,83,0,2
7703,256.767,82,person,0.8078,287,318,1085,712,0,2
7704,256.8,60,car,0.8039,730,34,792,85,0,2
7704,256.8,82,person,0.809,286,318,1086,711,0,2
7705,256.833,60,car,0.7407,739,35,801,86,0,2
7705,256.833,82,person,0.7685,287,319,1086,711,0,2
7706,256.867,60,car,0.8071,745,35,808,87,0,2
7706,256.867,82,person,0.8023,288,320,1087,711,0,2
7707,256.9,60,car,0.7062,755,38,816,87,0,2
7707,256.9,82,person,0.8386,288,319,1089,712,0,2
7708,256.933,60,car,0.7678,766,38,827,89,0,2
7708,256.933,82,person,0.8257,277,306,1102,712,0,2
7709,256.967,60,car,0.735,771,39,833,89,0,2
7709,256.967,82,person,0.8253,274,303,1103,712,0,2
7710,257.0,60,car,0.8095,779,39,843,90,0,2
7710,257.0,82,person,0.8504,274,303,1102,712,0,2
7711,257.033,60,car,0.8552,790,42,850,91,0,2
7711,257.033,82,person,0.8703,277,306,1097,713,0,2
7712,257.067,60,car,0.8178,797,42,857,93,0,2
7712,257.067,82,person,0.8683,275,306,1096,713,0,2
7713,257.1,60,car,0.8149,806,46,866,94,0,2
7713,257.1,82,person,0.8662,277,309,1093,713,0,2
7714,257.133,60,car,0.7825,817,48,875,95,0,2
7714,257.133,82,person,0.8646,277,310,1090,713,0,2
7715,257.167,60,car,0.8339,824,48,882,95,0,2
7715,257.167,82,person,0.8583,274,309,1090,713,0,2
7716,257.2,60,car,0.7489,833,49,891,96,0,2
7716,257.2,82,person,0.8463,274,310,1088,712,0,2
7717,257.233,60,car,0.8023,843,49,903,97,0,2
7717,257.233,82,person,0.807,269,304,1091,712,0,2
7718,257.267,60,car,0.8187,851,50,911,98,0,2
7718,257.267,82,person,0.7959,267,304,1091,712,0,2
7719,257.3,60,car,0.7927,861,50,922,99,0,2
7719,257.3,82,person,0.7609,270,305,1090,712,0,2
7720,257.333,60,car,0.761,872,53,935,102,0,2
7720,257.333,82,person,0.7855,272,307,1088,712,0,2
7721,257.367,60,car,0.7623,880,53,943,104,0,2
7721,257.367,82,person,0.788,270,305,1090,712,0,2
7722,257.4,60,car,0.7878,891,56,954,105,0,2
7722,257.4,82,person,0.7909,271,306,1090,712,0,2
7723,257.433,60,car,0.7319,904,58,965,107,0,2
7723,257.433,82,person,0.7896,267,302,1093,712,0,2
7724,257.467,60,car,0.6862,912,59,974,109,0,2
7724,257.467,82,person,0.8092,271,305,1088,712,0,2
7725,257.5,60,car,0.7115,923,63,985,111,0,2
7725,257.5,82,person,0.7952,275,311,1081,712,0,2
7726,257.533,60,car,0.7072,935,64,998,114,0,2
7726,257.533,82,person,0.7728,274,309,1082,712,0,2
7727,257.567,60,car,0.7137,943,66,1007,117,0,2
7727,257.567,82,person,0.7545,270,299,1093,712,0,2
7728,257.6,60,car,0.7559,954,69,1019,119,0,2
7728,257.6,82,person,0.7285,274,299,1093,711,0,2
7729,257.633,60,car,0.7785,968,71,1033,122,0,2
7729,257.633,82,person,0.6725,281,302,1093,711,0,2
7730,257.667,60,car,0.7654,976,72,1042,125,0,2
7730,257.667,82,person,0.6833,286,304,1091,711,0,2
7731,257.7,60,car,0.7761,991,77,1054,127,0,2
7731,257.7,82,person,0.6112,288,304,1091,710,0,2
7732,257.733,60,car,0.8441,1005,80,1069,129,0,2
7732,257.733,82,person,0.6286,293,310,1086,710,0,2
7733,257.767,60,car,0.8512,1014,81,1079,131,0,2
7733,257.767,82,person,0.651,296,313,1081,710,0,2
7734,257.8,60,car,0.7863,1025,83,1091,135,0,2
7734,257.8,82,person,0.6265,289,309,1082,710,0,2
7735,257.833,60,car,0.8213,1039,87,1106,139,0,2
7735,257.833,82,person,0.6189,285,306,1082,711,0,2
7736,257.867,60,car,0.8085,1049,88,1118,142,0,2
7737,257.9,60,car,0.8071,1062,91,1133,145,0,2
7738,257.933,60,car,0.7721,1077,96,1145,150,0,2
7738,257.933,82,person,0.6382,297,322,1066,711,0,2
7739,257.967,60,car,0.7808,1086,98,1155,152,0,2
7739,257.967,82,person,0.6686,290,320,1065,712,0,2
7740,258.0,60,car,0.8097,1098,101,1169,155,0,2
7740,258.0,82,person,0.643,291,323,1061,713,0,2
7741,258.033,60,car,0.7724,1113,104,1185,160,0,2
7741,258.033,82,person,0.6205,301,334,1055,712,0,2
7742,258.067,60,car,0.7794,1122,105,1195,162,0,2
7743,258.1,60,car,0.7366,1137,110,1209,166,0,2
7743,258.1,82,person,0.7335,302,339,1049,713,0,2
7744,258.133,60,car,0.7451,1152,113,1225,169,0,2
7744,258.133,82,person,0.704,296,338,1050,713,0,2
7745,258.167,60,car,0.7221,1162,115,1237,173,0,2
7745,258.167,82,person,0.6812,291,337,1051,713,0,2
7746,258.2,60,car,0.8062,1176,118,1253,177,0,2
7746,258.2,82,person,0.7095,294,342,1049,713,0,2
7747,258.233,60,car,0.6294,1192,123,1269,182,0,2
7747,258.233,82,person,0.7385,295,344,1049,713,0,2
7748,258.267,60,car,0.6233,1207,133,1275,185,0,2
7748,258.267,82,person,0.7098,295,343,1051,713,0,2
7749,258.3,82,person,0.6535,295,341,1058,713,0,2
7750,258.333,82,person,0.6852,296,341,1062,713,0,2
7751,258.367,82,person,0.6458,297,341,1065,713,0,2
7752,258.4,82,person,0.7036,299,342,1065,713,0,2
7753,258.433,82,person,0.753,299,342,1066,713,0,2
7754,258.467,82,person,0.755,296,337,1071,713,0,2
7755,258.5,82,person,0.7842,290,330,1077,713,0,2
7756,258.533,82,person,0.821,290,330,1077,713,0,2
7757,258.567,82,person,0.8019,291,330,1074,712,0,2
7758,258.6,82,person,0.7794,295,335,1072,713,0,2
7759,258.633,82,person,0.7606,301,338,1071,713,0,2
7760,258.667,82,person,0.6838,310,346,1065,712,0,2
7761,258.7,82,person,0.6723,307,342,1072,713,0,2
7762,258.733,82,person,0.6694,307,342,1073,713,0,2
7763,258.767,82,person,0.6784,307,342,1074,713,0,2
7764,258.8,82,person,0.7316,307,344,1072,713,0,2
7765,258.833,82,person,0.7369,307,346,1069,713,0,2
7766,258.867,82,person,0.7471,307,347,1067,713,0,2
7767,258.9,82,person,0.732,306,347,1069,713,0,2
7768,258.933,82,person,0.7055,305,346,1070,712,0,2
7769,258.967,82,person,0.6577,304,345,1072,712,0,2
7770,259.0,82,person,0.7015,304,345,1073,712,0,2
7771,259.033,82,person,0.7124,303,345,1072,712,0,2
7772,259.067,82,person,0.7545,305,349,1069,712,0,2
7773,259.1,82,person,0.8223,290,336,1079,713,0,2
7774,259.133,82,person,0.8587,283,330,1082,713,0,2
7775,259.167,82,person,0.8548,283,331,1079,714,0,2
7776,259.2,82,person,0.796,278,329,1077,714,0,2
7777,259.233,82,person,0.7734,273,328,1073,714,0,2
7778,259.267,82,person,0.7125,274,334,1062,713,0,2
7779,259.3,82,person,0.7839,270,336,1055,714,0,2
7780,259.333,82,person,0.8393,271,336,1053,714,0,2
7781,259.367,82,person,0.8362,275,337,1054,714,0,2
7782,259.4,82,person,0.7468,287,347,1045,713,0,2
7783,259.433,82,person,0.7894,303,359,1041,714,0,2
7784,259.467,82,person,0.7625,315,368,1037,714,0,2
7785,259.5,82,person,0.8109,318,368,1041,714,0,2
7786,259.533,82,person,0.8293,310,362,1048,714,0,2
7787,259.567,82,person,0.7929,302,354,1057,714,0,2
7788,259.6,82,person,0.8062,287,349,1057,714,0,2
7789,259.633,82,person,0.7938,280,351,1047,714,0,2
7790,259.667,82,person,0.7771,277,352,1043,714,0,2
7791,259.7,82,person,0.7582,226,339,1026,714,0,2
7792,259.733,82,person,0.6982,248,347,1032,713,0,2
7793,259.767,82,person,0.749,255,349,1039,712,0,2
7794,259.8,82,person,0.7318,254,347,1041,711,0,2
7795,259.833,82,person,0.8151,246,342,1045,712,0,2
7796,259.867,82,person,0.8004,238,342,1035,712,0,2
7797,259.9,82,person,0.7647,217,343,1014,712,0,2
7799,259.967,82,person,0.7358,159,326,987,714,0,2
7800,260.0,82,person,0.7217,137,337,945,715,0,2
7801,260.033,82,person,0.6726,109,346,897,715,0,2
7804,260.133,82,person,0.6961,42,370,783,715,0,2
7805,260.167,82,person,0.8226,23,374,760,714,0,2
7806,260.2,82,person,0.8103,17,379,743,714,0,2
7807,260.233,82,person,0.7222,14,387,729,715,0,2
7808,260.267,82,person,0.7146,13,393,722,715,0,2
7816,260.533,-1,truck,0.6171,3,3,1275,707,0,2
7817,260.567,85,truck,0.6186,3,2,1277,707,0,2
7820,260.667,-1,bus,0.6115,0,114,117,214,0,2
7822,260.733,82,person,0.6401,24,399,734,717,0,2
7824,260.8,82,person,0.6089,38,385,787,718,0,2
7825,260.833,82,person,0.682,55,378,824,718,0,2
7826,260.867,82,person,0.6111,73,378,843,717,0,2
7827,260.9,82,person,0.7855,101,373,886,717,0,2
7828,260.933,82,person,0.7143,128,368,922,717,0,2
7829,260.967,82,person,0.7634,147,362,951,717,0,2
7830,261.0,82,person,0.7816,170,360,976,718,0,2
7831,261.033,82,person,0.731,186,354,999,717,0,2
7832,261.067,82,person,0.8054,199,352,1015,717,0,2
7833,261.1,82,person,0.6913,214,344,1038,715,0,2
7834,261.133,82,person,0.792,231,345,1046,714,0,2
7835,261.167,82,person,0.8127,243,347,1050,714,0,2
7836,261.2,82,person,0.8012,254,347,1057,714,0,2
7837,261.233,82,person,0.7798,262,347,1063,714,0,2
7838,261.267,82,person,0.7127,266,346,1067,714,0,2
7838,261.267,89,bus,0.6077,358,54,483,138,0,2
7839,261.3,82,person,0.8105,274,344,1075,714,0,2
7839,261.3,90,car,0.6978,491,87,555,126,1,2
7840,261.333,82,person,0.7993,288,351,1073,714,0,2
7840,261.333,90,car,0.6037,503,87,565,125,1,2
7841,261.367,82,person,0.802,293,351,1075,714,0,2
7841,261.367,90,car,0.7388,511,87,574,126,1,2
7842,261.4,82,person,0.8083,301,358,1071,714,0,2
7842,261.4,90,car,0.6922,520,88,585,127,1,2
7843,261.433,82,person,0.8154,304,360,1067,714,0,2
7843,261.433,90,car,0.6652,529,88,594,127,1,2
7843,261.433,89,truck,0.6153,393,53,519,137,1,2
7844,261.467,82,person,0.8256,298,354,1074,715,0,2
7844,261.467,90,car,0.6865,533,87,601,128,1,2
7844,261.467,89,truck,0.6023,398,53,523,137,1,2
7845,261.5,82,person,0.7996,302,359,1067,715,0,2
7845,261.5,90,car,0.6633,539,88,609,128,1,2
7846,261.533,82,person,0.8117,290,352,1071,715,0,2
7847,261.567,82,person,0.8318,286,350,1070,715,0,2
7847,261.567,90,car,0.6851,553,89,623,128,1,2
7848,261.6,82,person,0.7919,289,355,1058,715,0,2
7848,261.6,90,car,0.6712,558,89,631,129,1,2
7848,261.6,89,bus,0.7097,406,54,535,141,1,2
7849,261.633,82,person,0.7784,289,360,1049,714,0,2
7849,261.633,90,car,0.7323,562,89,641,131,1,2
7849,261.633,89,bus,0.6294,407,55,536,142,1,2
7850,261.667,82,person,0.7352,290,362,1045,714,0,2
7850,261.667,90,car,0.7403,565,89,647,134,1,2
7851,261.7,82,person,0.7507,283,357,1050,715,0,2
7851,261.7,90,car,0.7502,570,91,654,134,1,2
7852,261.733,82,person,0.7554,278,352,1054,715,0,2
7852,261.733,90,car,0.6693,577,91,663,136,1,2
7852,261.733,89,bus,0.7018,411,56,544,145,1,2
7853,261.767,82,person,0.7729,273,346,1061,717,0,2
7853,261.767,90,car,0.7273,579,91,669,136,1,2
7854,261.8,82,person,0.7566,275,350,1055,717,0,2
7854,261.8,90,car,0.6438,594,93,681,137,1,2
7854,261.8,89,bus,0.7157,411,57,545,146,1,2
7855,261.833,82,person,0.7708,275,350,1056,717,0,2
7855,261.833,90,car,0.6309,597,94,688,139,1,2
7855,261.833,89,bus,0.79,411,58,545,147,1,2
7856,261.867,82,person,0.77,277,350,1054,717,0,2
7856,261.867,90,car,0.7178,599,94,694,142,1,2
7856,261.867,89,bus,0.8034,411,59,545,147,1,2
7857,261.9,82,person,0.6696,277,352,1047,715,0,2
7857,261.9,89,bus,0.7799,413,61,546,149,1,2
7858,261.933,82,person,0.6282,285,363,1033,715,0,2
7858,261.933,89,bus,0.7601,413,61,549,151,1,2
7858,261.933,90,car,0.6408,611,94,711,143,1,2
7859,261.967,89,bus,0.6137,414,61,551,151,1,2
7859,261.967,90,car,0.6662,614,95,717,145,1,2
7860,262.0,90,car,0.6832,619,95,727,147,1,2
7861,262.033,89,bus,0.6479,418,63,555,153,1,2
7862,262.067,90,car,0.616,634,95,744,149,1,2
7864,262.133,90,car,0.7551,653,97,765,151,1,2
7865,262.167,90,car,0.7191,658,97,773,152,1,2
7867,262.233,90,car,0.6803,674,98,793,153,0,2
7868,262.267,90,car,0.6761,678,97,800,154,0,2
7869,262.3,90,car,0.6846,687,97,815,154,0,2
7869,262.3,89,bus,0.7159,429,62,573,158,1,2
7870,262.333,89,bus,0.6511,432,62,575,158,1,2
7871,262.367,89,bus,0.6208,433,62,577,158,1,2
7872,262.4,89,bus,0.616,435,62,579,159,1,2
7872,262.4,90,car,0.6948,712,97,850,159,0,2
7874,262.467,90,car,0.7317,729,98,871,161,0,2
7875,262.5,90,car,0.661,737,98,886,163,0,2
7875,262.5,89,truck,0.6445,438,63,583,160,1,2
7876,262.533,90,car,0.6763,747,97,902,166,0,2
7876,262.533,89,truck,0.6271,440,62,586,160,1,2
7877,262.567,90,car,0.6259,754,98,912,167,0,2
7877,262.567,89,truck,0.6454,442,62,587,160,1,2
7878,262.6,90,car,0.6061,766,98,926,168,0,2
7878,262.6,89,truck,0.6499,442,62,590,160,1,2
7879,262.633,90,car,0.6539,778,98,942,170,0,2
7879,262.633,89,truck,0.6446,443,62,591,161,1,2
7880,262.667,90,car,0.7442,785,98,955,171,0,2
7880,262.667,89,truck,0.619,443,61,591,161,1,2
7881,262.7,90,car,0.7145,794,98,970,174,0,2
7881,262.7,89,truck,0.6051,445,59,593,160,1,2
7882,262.733,89,truck,0.6061,446,59,594,161,1,2
7884,262.8,90,car,0.8621,824,99,1016,182,0,2
7885,262.833,90,car,0.7347,839,101,1034,184,0,2
7886,262.867,90,car,0.7304,848,101,1048,186,0,2
7887,262.9,90,car,0.7787,859,101,1069,190,0,2
7888,262.933,90,car,0.8076,873,99,1094,194,0,2
7889,262.967,90,car,0.814,882,101,1109,198,0,2
7890,263.0,90,car,0.786,896,99,1133,201,0,2
7891,263.033,90,car,0.8245,914,102,1158,206,0,2
7892,263.067,90,car,0.8316,927,103,1176,209,0,2
7893,263.1,90,car,0.7584,946,104,1202,214,0,2
7894,263.133,90,car,0.8494,965,104,1234,219,0,2
7894,263.133,89,bus,0.684,453,55,613,163,1,2
7895,263.167,90,car,0.8938,979,104,1256,223,0,2
7895,263.167,89,bus,0.6795,455,55,615,163,1,2
7896,263.2,90,car,0.7905,994,104,1280,227,0,2
7896,263.2,89,bus,0.739,457,54,617,163,1,2
7897,263.233,90,car,0.6724,1007,104,1280,233,0,2
7897,263.233,89,bus,0.6003,459,54,618,163,1,2
7898,263.267,90,car,0.7527,1016,103,1280,235,0,2
7899,263.3,90,car,0.8151,1043,103,1280,226,0,2
7899,263.3,89,bus,0.6,462,53,623,165,1,2
7900,263.333,90,car,0.8491,1064,104,1280,225,0,2
7901,263.367,90,car,0.8633,1079,109,1280,229,0,2
7901,263.367,94,person,0.6006,771,435,971,712,0,2
7902,263.4,90,car,0.7443,1106,121,1280,233,0,2
7902,263.4,94,person,0.6077,769,437,968,712,0,2
7903,263.433,90,car,0.7234,1136,136,1280,239,0,2
7903,263.433,94,person,0.6378,768,437,967,712,0,2
7904,263.467,94,person,0.6271,767,437,965,712,0,2
7904,263.467,89,bus,0.637,470,50,638,167,1,2
7905,263.5,94,person,0.6327,767,437,965,712,0,2
7905,263.5,89,bus,0.6571,470,49,640,167,1,2
7906,263.533,89,bus,0.768,471,48,641,167,1,2
7907,263.567,89,bus,0.6864,472,48,642,167,1,2
7908,263.6,89,bus,0.7689,472,48,643,167,1,2
7909,263.633,89,bus,0.7368,472,47,647,168,1,2
7910,263.667,89,bus,0.6805,472,47,647,168,1,2
7911,263.7,89,bus,0.762,473,47,649,169,1,2
7911,263.7,95,person,0.6571,249,399,1005,715,0,2
7912,263.733,89,bus,0.8216,473,47,650,170,1,2
7912,263.733,95,person,0.6144,257,405,1000,715,0,2
7913,263.767,89,bus,0.8451,473,47,651,170,1,2
7914,263.8,89,bus,0.8354,474,47,654,170,1,2
7914,263.8,95,person,0.6023,258,405,999,715,0,2
7915,263.833,89,bus,0.8269,477,47,655,171,1,2
7915,263.833,95,person,0.6173,263,410,992,715,0,2
7916,263.867,89,bus,0.8339,478,47,656,171,1,2
7916,263.867,95,person,0.6101,262,409,993,715,0,2
7917,263.9,89,bus,0.8395,478,47,657,173,1,2
7918,263.933,89,bus,0.8431,478,46,659,173,1,2
7919,263.967,89,bus,0.8474,479,45,662,173,1,2
7920,264.0,89,bus,0.8445,481,45,663,173,1,2
7921,264.033,89,bus,0.8401,483,43,666,173,1,2
7922,264.067,89,bus,0.863,485,43,669,173,1,2
7923,264.1,89,bus,0.8435,487,43,671,174,1,2
7924,264.133,89,bus,0.8455,488,43,672,174,1,2
7925,264.167,89,bus,0.8527,489,43,674,175,1,2
7926,264.2,89,bus,0.8126,490,43,675,175,1,2
7927,264.233,89,bus,0.7491,491,43,678,175,1,2
7927,264.233,95,person,0.6126,271,418,979,714,0,2
7928,264.267,89,bus,0.7771,493,43,679,175,1,2
7928,264.267,95,person,0.6029,272,419,981,714,0,2
7929,264.3,89,bus,0.8285,494,42,681,176,1,2
7929,264.3,95,person,0.6007,270,416,985,714,0,2
7930,264.333,89,bus,0.8502,495,42,683,176,1,2
7931,264.367,89,bus,0.8755,497,42,687,177,1,2
7932,264.4,89,bus,0.8939,499,42,690,177,1,2
7933,264.433,89,bus,0.8746,502,41,694,178,1,2
7934,264.467,89,bus,0.8441,505,40,697,177,1,2
7935,264.5,89,bus,0.7935,507,40,699,177,1,2
7936,264.533,89,bus,0.7715,511,39,703,177,1,2
7937,264.567,89,bus,0.7897,512,39,704,177,1,2
7938,264.6,89,bus,0.8047,514,37,707,177,1,2
7938,264.6,95,person,0.6567,257,397,1014,715,0,2
7939,264.633,89,bus,0.6996,514,35,711,178,1,2
7939,264.633,95,person,0.6333,266,406,998,714,0,2
7940,264.667,89,bus,0.6705,517,35,712,177,1,2
7940,264.667,95,person,0.6672,272,410,994,714,0,2
7941,264.7,89,bus,0.8649,519,33,715,177,1,2
7941,264.7,95,person,0.7016,273,407,1002,714,0,2
7942,264.733,89,bus,0.8183,520,32,719,176,1,2
7942,264.733,95,person,0.6615,272,405,1006,714,0,2
7943,264.767,89,bus,0.8573,521,31,721,176,1,2
7943,264.767,95,person,0.7069,270,402,1008,714,0,2
7944,264.8,89,bus,0.8382,522,29,722,175,1,2
7944,264.8,95,person,0.7077,269,402,1010,714,0,2
7945,264.833,89,bus,0.7772,525,27,726,174,1,2
7945,264.833,95,person,0.6888,271,399,1019,714,0,2
7946,264.867,89,bus,0.832,527,25,728,171,1,2
7946,264.867,95,person,0.6802,265,392,1030,715,0,2
7947,264.9,89,bus,0.8525,530,23,733,170,1,2
7947,264.9,95,person,0.6882,257,382,1041,715,0,2
7948,264.933,89,bus,0.8854,534,19,738,168,1,2
7948,264.933,95,person,0.735,262,382,1043,715,0,2
7949,264.967,89,bus,0.8747,536,17,742,168,1,2
7949,264.967,95,person,0.7211,264,381,1045,715,0,2
7950,265.0,89,bus,0.9012,537,15,745,167,1,2
7950,265.0,95,person,0.673,262,376,1049,715,0,2
7951,265.033,89,bus,0.8793,538,13,749,166,1,2
7951,265.033,95,person,0.6393,261,374,1049,715,0,2
7952,265.067,89,bus,0.8664,539,10,751,166,1,2
7952,265.067,95,person,0.664,262,374,1048,715,0,2
7953,265.1,89,bus,0.8492,541,8,755,166,1,2
7953,265.1,95,person,0.6818,262,373,1046,715,0,2
7954,265.133,89,bus,0.8873,543,6,759,165,1,2
7954,265.133,95,person,0.7344,263,374,1042,714,0,2
7955,265.167,89,bus,0.8948,545,5,761,165,1,2
7955,265.167,95,person,0.7491,265,376,1037,714,0,2
7956,265.2,89,bus,0.9017,546,3,765,165,1,2
7956,265.2,95,person,0.7622,266,378,1033,714,0,2
7957,265.233,89,bus,0.9049,549,2,767,165,1,2
7957,265.233,95,person,0.7575,265,376,1034,714,0,2
7958,265.267,89,bus,0.9171,551,2,768,166,1,2
7958,265.267,95,person,0.7258,266,376,1033,713,0,2
7959,265.3,89,bus,0.919,554,2,771,166,1,2
7959,265.3,95,person,0.7027,270,377,1032,713,0,2
7960,265.333,89,bus,0.9259,557,1,775,166,1,2
7960,265.333,95,person,0.7053,270,377,1033,713,0,2
7961,265.367,89,bus,0.9279,559,1,777,166,1,2
7961,265.367,95,person,0.7118,271,377,1033,713,0,2
7962,265.4,89,bus,0.9252,562,1,781,166,1,2
7963,265.433,89,bus,0.9277,567,1,784,166,1,2
7964,265.467,89,bus,0.9181,570,1,787,166,1,2
7964,265.467,95,person,0.6306,267,374,1034,713,0,2
7965,265.5,89,bus,0.8859,576,1,793,166,1,2
7965,265.5,95,person,0.6661,267,375,1033,714,0,2
7966,265.533,89,bus,0.8984,583,1,798,163,1,2
7966,265.533,95,person,0.7541,271,376,1033,714,0,2
7967,265.567,89,bus,0.8765,587,1,801,163,1,2
7967,265.567,95,person,0.7315,272,377,1032,714,0,2
7968,265.6,89,bus,0.8909,593,1,808,163,1,2
7968,265.6,95,person,0.7404,273,376,1033,714,0,2
7969,265.633,89,bus,0.8772,601,1,815,162,1,2
7969,265.633,95,person,0.7244,273,375,1035,714,0,2
7970,265.667,89,bus,0.8517,606,1,818,161,1,2
7970,265.667,95,person,0.7241,273,374,1038,714,0,2
7971,265.7,89,bus,0.8324,610,1,825,162,1,2
7971,265.7,95,person,0.6814,277,374,1041,714,0,2
7972,265.733,89,bus,0.8914,617,1,832,161,1,2
7972,265.733,95,person,0.7022,275,366,1056,715,0,2
7973,265.767,89,bus,0.8132,622,1,838,161,1,2
7973,265.767,95,person,0.7627,274,363,1059,715,0,2
7974,265.8,89,bus,0.8905,626,1,845,163,0,2
7974,265.8,95,person,0.6614,279,368,1050,714,0,2
7975,265.833,89,bus,0.8964,633,1,853,163,0,2
7975,265.833,95,person,0.6527,279,365,1056,715,0,2
7976,265.867,89,bus,0.9149,640,1,856,161,0,2
7976,265.867,95,person,0.6523,280,362,1062,715,0,2
7977,265.9,89,bus,0.8761,646,1,864,161,0,2
7978,265.933,89,bus,0.8649,651,1,873,163,0,2
7979,265.967,89,bus,0.8588,655,1,879,166,0,2
7980,266.0,89,bus,0.797,662,1,887,166,0,2
7981,266.033,89,bus,0.8467,667,1,894,166,0,2
7981,266.033,95,person,0.6292,305,374,1062,714,0,2
7982,266.067,89,bus,0.8376,672,1,899,166,0,2
7982,266.067,96,car,0.6571,373,121,432,147,0,2
7982,266.067,95,person,0.726,305,369,1075,715,0,2
7983,266.1,89,bus,0.8561,677,1,905,166,0,2
7983,266.1,96,car,0.6693,371,121,432,149,0,2
7983,266.1,95,person,0.6934,306,375,1063,714,0,2
7984,266.133,89,bus,0.8904,680,1,910,167,0,2
7984,266.133,95,person,0.6567,301,378,1054,714,0,2
7985,266.167,89,bus,0.8989,681,1,912,168,0,2
7985,266.167,95,person,0.6101,297,378,1051,714,0,2
7986,266.2,89,bus,0.8762,681,1,913,168,0,2
7986,266.2,95,person,0.6299,285,376,1047,715,0,2
7987,266.233,89,bus,0.8802,677,1,911,168,0,2
7988,266.267,89,bus,0.7675,671,1,907,170,0,2
7989,266.3,89,bus,0.8937,658,2,898,173,0,2
7989,266.3,95,person,0.6568,251,382,1006,718,0,2
7990,266.333,89,bus,0.8914,643,1,887,175,0,2
7991,266.367,89,bus,0.8833,632,1,877,177,0,2
7991,266.367,95,person,0.6551,208,391,944,718,0,2
7992,266.4,89,bus,0.7352,615,1,864,179,1,2
7993,266.433,89,bus,0.8077,599,2,849,182,1,2
7994,266.467,89,bus,0.7152,586,2,837,183,1,2
7994,266.467,95,person,0.6658,126,406,837,718,0,2
7995,266.5,89,bus,0.7544,570,2,824,185,1,2
7996,266.533,89,bus,0.8927,559,1,813,186,1,2
7996,266.533,97,car,0.7126,161,154,248,191,0,2
7997,266.567,89,bus,0.8882,554,1,809,186,1,2
7997,266.567,97,car,0.704,157,157,239,191,0,2
7998,266.6,89,bus,0.8868,553,2,809,189,1,2
7998,266.6,97,car,0.6425,145,159,225,193,0,2
7999,266.633,89,bus,0.8925,555,2,811,190,1,2
7999,266.633,97,car,0.6032,139,160,216,193,0,2
8000,266.667,89,bus,0.8126,559,3,817,191,1,2
8000,266.667,97,car,0.6475,133,162,213,197,0,2
8001,266.7,89,bus,0.8414,567,3,825,192,1,2
8001,266.7,97,car,0.6143,133,162,211,197,0,2
8002,266.733,97,car,0.6575,136,162,217,197,0,2
8003,266.767,97,car,0.6845,139,159,224,195,0,2
8004,266.8,97,car,0.6628,151,157,235,193,0,2
8004,266.8,98,car,0.7273,563,102,622,126,1,2
8004,266.8,89,bus,0.7161,622,6,879,192,1,2
8005,266.833,97,car,0.6747,166,152,251,189,0,2
8005,266.833,98,car,0.7828,578,101,640,125,1,2
8006,266.867,97,car,0.7777,178,150,263,186,0,2
8006,266.867,98,car,0.7893,591,96,657,123,1,2
8006,266.867,89,bus,0.6788,671,6,931,193,0,2
8007,266.9,97,car,0.6987,197,145,281,182,0,2
8007,266.9,98,car,0.7342,615,95,677,120,1,2
8008,266.933,97,car,0.6149,216,139,302,177,0,2
8008,266.933,98,car,0.7188,638,94,699,119,1,2
8009,266.967,97,car,0.7267,231,136,317,173,0,2
8009,266.967,98,car,0.7352,656,94,714,117,0,2
8010,267.0,97,car,0.6373,250,131,335,167,0,2
8010,267.0,98,car,0.7605,677,93,736,115,0,2
8011,267.033,97,car,0.7135,269,127,354,163,0,2
8011,267.033,98,car,0.8162,697,90,759,115,0,2
8011,267.033,95,person,0.6767,170,407,895,718,0,2
8012,267.067,97,car,0.6133,281,123,368,160,0,2
8012,267.067,98,car,0.7921,711,89,775,114,0,2
8013,267.1,97,car,0.6525,296,120,382,155,0,2
8013,267.1,98,car,0.7749,728,88,793,113,0,2
8014,267.133,97,car,0.7703,312,117,397,152,0,2
8014,267.133,98,car,0.7398,745,87,810,112,0,2
8015,267.167,97,car,0.7352,321,114,405,149,0,2
8015,267.167,98,car,0.7995,757,86,822,111,0,2
8016,267.2,97,car,0.7253,330,111,416,146,0,2
8016,267.2,98,car,0.7314,769,85,837,111,0,2
8017,267.233,97,car,0.6775,342,110,425,144,0,2
8017,267.233,98,car,0.6781,779,83,847,110,0,2
8018,267.267,97,car,0.62,349,109,430,142,0,2
8018,267.267,98,car,0.7602,787,82,856,110,0,2
8018,267.267,100,bus,0.6778,977,1,1280,216,0,2
8019,267.3,97,car,0.7228,352,106,439,141,0,2
8019,267.3,98,car,0.7592,798,82,866,110,0,2
8020,267.333,97,car,0.6472,359,105,445,139,0,2
8020,267.333,98,car,0.7118,808,82,879,110,0,2
8020,267.333,100,bus,0.7764,997,1,1280,221,0,2
8021,267.367,97,car,0.6825,362,104,449,139,0,2
8021,267.367,98,car,0.7041,814,82,886,111,0,2
8021,267.367,100,bus,0.7184,1005,1,1280,223,0,2
8021,267.367,95,person,0.6227,223,378,994,714,0,2
8022,267.4,97,car,0.6915,365,104,453,138,0,2
8022,267.4,98,car,0.6803,822,82,896,112,0,2
8023,267.433,97,car,0.7465,367,102,458,138,0,2
8023,267.433,98,car,0.7844,827,83,904,113,0,2
8024,267.467,97,car,0.7193,369,102,461,138,0,2
8024,267.467,98,car,0.7612,833,83,911,114,0,2
8024,267.467,100,bus,0.6609,1042,3,1280,223,0,2
8025,267.5,97,car,0.6685,373,104,459,138,0,2
8025,267.5,98,car,0.7027,842,85,918,114,0,2
8025,267.5,100,bus,0.7375,1073,19,1280,216,0,2
8026,267.533,97,car,0.6414,375,103,463,137,0,2
8026,267.533,98,car,0.7067,849,85,928,117,0,2
8026,267.533,100,bus,0.6794,1101,29,1280,211,0,2
8027,267.567,97,car,0.6797,376,101,469,136,0,2
8027,267.567,98,car,0.6697,856,86,934,117,0,2
8027,267.567,100,bus,0.6293,1120,37,1280,210,0,2
8028,267.6,98,car,0.6429,864,87,942,117,0,2
8029,267.633,98,car,0.7478,873,86,952,118,0,2
8029,267.633,95,person,0.741,245,384,991,714,0,2
8029,267.633,97,car,0.6264,389,102,479,135,1,2
8030,267.667,98,car,0.718,879,87,959,118,0,2
8030,267.667,95,person,0.7444,251,386,985,714,0,2
8030,267.667,97,car,0.6139,391,101,482,135,1,2
8031,267.7,98,car,0.7111,889,88,969,119,0,2
8031,267.7,95,person,0.7598,250,379,994,715,0,2
8031,267.7,97,car,0.7419,393,98,488,134,1,2
8032,267.733,98,car,0.6761,898,88,984,121,0,2
8032,267.733,95,person,0.6464,253,371,1007,717,0,2
8032,267.733,97,car,0.7405,395,97,494,133,1,2
8033,267.767,98,car,0.6933,904,88,992,122,0,2
8033,267.767,95,person,0.6153,256,369,1009,717,0,2
8033,267.767,97,car,0.6495,399,97,496,133,1,2
8034,267.8,98,car,0.7137,912,89,1001,123,0,2
8034,267.8,95,person,0.7255,261,368,1010,717,0,2
8034,267.8,97,car,0.6708,401,96,502,131,1,2
8034,267.8,102,person,0.6096,283,487,438,717,0,2
8035,267.833,98,car,0.7906,920,89,1011,125,0,2
8035,267.833,95,person,0.6829,259,366,1009,717,0,2
8035,267.833,97,car,0.6255,405,95,505,131,1,2
8035,267.833,102,person,0.6229,286,487,440,717,0,2
8036,267.867,98,car,0.7186,926,90,1018,126,0,2
8036,267.867,95,person,0.7512,259,365,1002,717,0,2
8036,267.867,97,car,0.6407,408,95,507,131,1,2
8036,267.867,102,person,0.6171,287,487,441,717,0,2
8037,267.9,98,car,0.8214,934,91,1026,127,0,2
8037,267.9,95,person,0.7127,259,365,997,717,0,2
8037,267.9,97,car,0.6627,409,94,513,130,1,2
8037,267.9,102,person,0.6175,289,489,443,717,0,2
8038,267.933,98,car,0.7448,943,93,1035,128,0,2
8038,267.933,95,person,0.7835,262,365,993,717,0,2
8039,267.967,98,car,0.7921,947,93,1040,128,0,2
8039,267.967,95,person,0.7647,264,365,991,718,0,2
8039,267.967,97,car,0.6072,413,93,518,129,1,2
8040,268.0,98,car,0.7942,954,94,1048,129,0,2
8040,268.0,95,person,0.7588,266,362,991,718,0,2
8040,268.0,97,car,0.6277,413,93,517,129,1,2
8041,268.033,98,car,0.822,960,94,1057,131,0,2
8041,268.033,95,person,0.7467,270,362,990,717,0,2
8041,268.033,97,car,0.6516,410,93,517,129,1,2
8042,268.067,98,car,0.8062,965,95,1063,133,0,2
8042,268.067,95,person,0.7261,273,363,987,717,0,2
8042,268.067,97,car,0.6578,409,93,515,129,1,2
8043,268.1,98,car,0.8107,967,95,1071,135,0,2
8043,268.1,95,person,0.7069,274,366,982,717,0,2
8044,268.133,98,car,0.7981,970,95,1080,137,0,2
8044,268.133,95,person,0.6221,279,374,971,717,0,2
8044,268.133,97,car,0.6724,405,91,515,130,1,2
8045,268.167,98,car,0.8025,975,95,1087,138,0,2
8045,268.167,95,person,0.7056,279,374,968,717,0,2
8045,268.167,97,car,0.6883,403,91,514,131,1,2
8045,268.167,102,person,0.622,290,487,446,717,0,2
8046,268.2,98,car,0.8032,978,97,1089,139,0,2
8046,268.2,95,person,0.6993,272,370,963,715,0,2
8046,268.2,97,car,0.661,401,93,511,131,1,2
8046,268.2,102,person,0.6166,290,491,445,717,0,2
8047,268.233,98,car,0.814,982,98,1095,142,0,2
8047,268.233,95,person,0.7302,257,360,966,715,0,2
8047,268.233,97,car,0.7363,398,93,511,134,1,2
8047,268.233,102,person,0.6075,289,496,442,717,0,2
8048,268.267,98,car,0.82,986,101,1099,144,0,2
8048,268.267,95,person,0.6874,248,352,962,714,0,2
8048,268.267,97,car,0.7588,397,94,509,135,1,2
8049,268.3,98,car,0.8135,990,103,1104,146,0,2
8049,268.3,95,person,0.6769,246,358,945,715,0,2
8049,268.3,97,car,0.6676,392,95,505,135,1,2
8050,268.333,98,car,0.847,995,103,1113,149,0,2
8050,268.333,97,car,0.7261,387,94,503,136,1,2
8051,268.367,98,car,0.8239,998,104,1118,150,0,2
8051,268.367,97,car,0.7382,383,94,503,137,1,2
8051,268.367,95,person,0.6151,271,389,912,713,0,2
8052,268.4,98,car,0.8179,999,105,1123,153,0,2
8052,268.4,97,car,0.7797,381,94,502,138,1,2
8052,268.4,95,person,0.6552,251,374,920,714,0,2
8053,268.433,98,car,0.8229,1005,106,1131,154,0,2
8053,268.433,97,car,0.781,378,94,501,139,1,2
8053,268.433,95,person,0.7505,246,369,918,715,0,2
8054,268.467,98,car,0.8416,1007,107,1138,158,0,2
8054,268.467,97,car,0.7552,377,95,497,139,1,2
8054,268.467,95,person,0.7406,242,367,915,714,0,2
8055,268.5,98,car,0.8457,1014,107,1146,160,0,2
8055,268.5,97,car,0.7887,374,94,497,141,1,2
8055,268.5,95,person,0.6767,238,365,912,715,0,2
8056,268.533,98,car,0.8447,1018,109,1152,161,0,2
8056,268.533,97,car,0.7995,371,94,496,141,1,2
8056,268.533,95,person,0.6537,243,368,907,715,0,2
8057,268.567,98,car,0.8518,1021,110,1160,165,0,2
8057,268.567,97,car,0.823,370,94,495,142,1,2
8057,268.567,95,person,0.6429,247,370,904,717,0,2
8058,268.6,98,car,0.8098,1027,111,1168,167,0,2
8058,268.6,97,car,0.7662,368,94,488,141,1,2
8058,268.6,95,person,0.614,249,374,897,715,0,2
8059,268.633,98,car,0.8143,1034,113,1178,170,0,2
8059,268.633,97,car,0.7707,365,94,486,141,1,2
8059,268.633,95,person,0.6748,257,382,887,714,0,2
8060,268.667,98,car,0.825,1040,114,1186,171,0,2
8060,268.667,97,car,0.7825,360,93,485,141,0,2
8060,268.667,95,person,0.6659,259,384,883,714,0,2
8061,268.7,98,car,0.8199,1047,115,1195,174,0,2
8061,268.7,97,car,0.763,358,93,481,142,0,2
8061,268.7,95,person,0.7061,262,387,879,714,0,2
8062,268.733,98,car,0.8471,1051,115,1205,177,0,2
8062,268.733,97,car,0.8147,353,93,478,143,0,2
8063,268.767,98,car,0.8942,1056,118,1215,181,0,2
8063,268.767,97,car,0.8131,350,94,475,144,0,2
8064,268.8,98,car,0.8856,1063,120,1223,184,0,2
8064,268.8,97,car,0.7989,346,94,471,144,0,2
8064,268.8,95,person,0.7791,271,402,866,717,0,2
8065,268.833,98,car,0.8819,1069,121,1234,189,0,2
8065,268.833,97,car,0.8018,343,94,467,145,0,2
8065,268.833,95,person,0.7193,277,409,861,717,0,2
8066,268.867,98,car,0.8745,1071,123,1243,193,0,2
8066,268.867,97,car,0.829,339,95,464,146,0,2
8066,268.867,95,person,0.6036,302,443,837,717,0,2
8067,268.9,98,car,0.8766,1078,125,1253,194,0,2
8067,268.9,97,car,0.8565,334,95,461,147,0,2
8068,268.933,98,car,0.8974,1086,127,1264,200,0,2
8068,268.933,97,car,0.8372,329,95,456,150,0,2
8069,268.967,98,car,0.8726,1093,129,1271,202,0,2
8069,268.967,97,car,0.872,326,96,453,150,0,2
8070,269.0,98,car,0.8587,1101,131,1279,203,0,2
8070,269.0,97,car,0.848,320,96,448,151,0,2
8071,269.033,98,car,0.8104,1106,133,1280,206,0,2
8071,269.033,97,car,0.8089,312,97,441,153,0,2
8071,269.033,95,person,0.659,323,453,853,714,0,2
8072,269.067,98,car,0.7809,1112,135,1280,206,0,2
8072,269.067,97,car,0.8743,307,98,435,155,0,2
8072,269.067,95,person,0.6643,319,450,866,714,0,2
8073,269.1,98,car,0.7972,1119,136,1280,205,0,2
8073,269.1,97,car,0.8961,302,99,431,157,0,2
8074,269.133,98,car,0.8271,1122,138,1280,208,0,2
8074,269.133,97,car,0.904,295,101,424,158,0,2
8075,269.167,98,car,0.8154,1126,139,1280,210,0,2
8075,269.167,97,car,0.8525,290,101,418,159,0,2
8075,269.167,95,person,0.6078,311,430,913,714,0,2
8076,269.2,98,car,0.8442,1129,142,1280,214,0,2
8076,269.2,97,car,0.9216,282,103,413,162,0,2
8077,269.233,98,car,0.8304,1135,143,1280,216,0,2
8077,269.233,97,car,0.8611,273,104,403,163,0,2
8078,269.267,98,car,0.7579,1137,142,1280,217,0,2
8078,269.267,97,car,0.896,267,105,398,166,0,2
8079,269.3,98,car,0.7755,1142,143,1280,222,0,2
8079,269.3,97,car,0.8728,261,107,390,168,0,2
8080,269.333,98,car,0.6972,1150,143,1280,222,0,2
8080,269.333,97,car,0.8704,253,109,381,169,0,2
8081,269.367,98,car,0.7265,1167,155,1280,223,0,2
8081,269.367,97,car,0.8604,246,110,375,171,0,2
8082,269.4,98,car,0.7414,1183,165,1280,221,0,2
8082,269.4,97,car,0.8591,234,111,367,175,0,2
8083,269.433,98,car,0.6831,1194,169,1280,221,0,2
8083,269.433,97,car,0.8049,225,114,355,178,0,2
8084,269.467,97,car,0.8042,218,115,347,181,0,2
8085,269.5,97,car,0.8193,206,117,337,183,0,2
8086,269.533,97,car,0.7714,193,119,325,186,0,2
8087,269.567,97,car,0.6849,184,121,315,189,0,2
8088,269.6,97,car,0.7513,168,123,303,194,0,2
8089,269.633,97,car,0.8268,159,125,290,194,0,2
8089,269.633,95,person,0.6903,270,377,995,713,0,2
8090,269.667,97,car,0.8211,154,127,282,195,0,2
8090,269.667,95,person,0.7326,258,374,1000,713,0,2
8091,269.7,97,car,0.7241,147,129,273,199,0,2
8091,269.7,95,person,0.7488,246,370,999,713,0,2
8092,269.733,95,person,0.6831,231,363,1000,713,0,2
8093,269.767,95,person,0.74,223,360,1000,713,0,2
8094,269.8,95,person,0.6359,213,354,1000,713,0,2
8095,269.833,95,person,0.6763,201,346,1001,713,0,2
8096,269.867,95,person,0.6888,195,342,1002,713,0,2
8097,269.9,95,person,0.7392,194,338,1003,713,0,2
8098,269.933,95,person,0.7778,189,334,1003,714,0,2
8099,269.967,95,person,0.7295,190,334,1001,714,0,2
8100,270.0,95,person,0.767,189,336,990,715,0,2
8101,270.033,95,person,0.7292,191,343,977,715,0,2
8102,270.067,95,person,0.82,194,349,968,715,0,2
8103,270.1,95,person,0.7977,197,349,969,717,0,2
8104,270.133,95,person,0.7144,191,344,968,717,0,2
8105,270.167,95,person,0.7411,192,343,969,717,0,2
8106,270.2,95,person,0.7876,189,342,963,718,0,2
8106,270.2,104,car,0.618,661,94,695,127,1,2
8107,270.233,95,person,0.7233,192,336,973,717,0,2
8108,270.267,95,person,0.7444,194,335,971,717,0,2
8109,270.3,95,person,0.8266,199,334,976,718,0,2
8110,270.333,95,person,0.8335,199,328,979,717,0,2
8111,270.367,95,person,0.8622,198,325,978,715,0,2
8112,270.4,95,person,0.826,201,323,981,717,0,2
8113,270.433,95,person,0.6844,201,319,984,715,0,2
8114,270.467,95,person,0.7526,201,317,983,715,0,2
8114,270.467,104,car,0.6483,665,91,698,123,1,2
8115,270.5,95,person,0.8414,205,318,983,717,0,2
8116,270.533,95,person,0.8747,207,317,984,718,0,2
8116,270.533,104,car,0.6258,666,91,699,122,1,2
8117,270.567,95,person,0.8213,224,318,1000,717,0,2
8117,270.567,104,car,0.6369,666,91,699,122,1,2
8118,270.6,95,person,0.8616,246,319,1026,718,0,2
8118,270.6,104,car,0.6407,667,93,701,122,0,2
8119,270.633,95,person,0.8571,232,321,1005,717,0,2
8120,270.667,95,person,0.853,229,323,995,717,0,2
8121,270.7,95,person,0.8744,229,325,990,715,0,2
8122,270.733,95,person,0.8596,230,326,987,715,0,2
8123,270.767,95,person,0.8581,232,327,986,715,0,2
8124,270.8,95,person,0.8432,238,329,987,717,0,2
8125,270.833,95,person,0.8182,243,331,992,717,0,2
8126,270.867,95,person,0.8113,247,330,997,717,0,2
8127,270.9,95,person,0.8374,247,330,995,717,0,2
8128,270.933,95,person,0.8597,246,330,995,717,0,2
8129,270.967,95,person,0.8157,249,330,999,718,0,2
8130,271.0,95,person,0.8365,254,335,997,717,0,2
8131,271.033,95,person,0.7812,311,337,1066,717,0,2
8132,271.067,95,person,0.7891,325,342,1087,717,0,2
8133,271.1,95,person,0.6864,290,351,1039,717,0,2
8134,271.133,95,person,0.7467,285,366,1007,715,0,2
8135,271.167,95,person,0.7173,286,375,993,714,0,2
8136,271.2,95,person,0.6909,293,386,986,714,0,2
8137,271.233,95,person,0.7769,303,399,983,715,0,2
8138,271.267,95,person,0.8219,312,408,984,715,0,2
8139,271.3,95,person,0.6292,327,422,984,717,0,2
8140,271.333,-1,car,0.6017,651,95,688,125,1,2
8153,271.767,-1,person,0.636,954,454,1199,712,0,2
8160,272.0,-1,car,0.6458,611,93,650,126,1,2
8161,272.033,107,car,0.6305,610,93,649,125,1,2
8162,272.067,107,car,0.6086,609,93,648,125,1,2
8163,272.1,107,car,0.6249,608,93,646,125,1,2
8164,272.133,107,car,0.6809,606,94,643,125,1,2
8165,272.167,107,car,0.6943,603,94,641,125,1,2
8166,272.2,107,car,0.7188,602,93,640,125,1,2
8167,272.233,107,car,0.7441,600,94,639,126,1,2
8168,272.267,107,car,0.7217,599,95,638,127,1,2
8169,272.3,107,car,0.7624,595,94,635,127,1,2
8170,272.333,107,car,0.7684,593,94,634,128,1,2
8171,272.367,107,car,0.778,592,94,633,128,1,2
8172,272.4,107,car,0.7691,592,95,632,129,1,2
8173,272.433,107,car,0.7741,591,96,631,129,1,2
8174,272.467,107,car,0.7668,590,97,630,130,1,2
8175,272.5,107,car,0.7924,589,98,629,131,1,2
8176,272.533,107,car,0.8095,587,99,627,134,1,2
8177,272.567,107,car,0.8267,586,101,626,135,1,2
8178,272.6,107,car,0.7839,586,103,625,136,1,2
8179,272.633,107,car,0.7062,585,104,625,137,1,2
8180,272.667,107,car,0.7079,585,105,625,138,1,2
8181,272.7,107,car,0.6199,584,106,624,139,1,2
8184,272.8,107,car,0.6199,579,107,622,143,1,2
8185,272.833,107,car,0.7288,578,109,619,143,1,2
8186,272.867,107,car,0.7269,577,109,619,144,1,2
8187,272.9,107,car,0.7133,576,110,618,144,1,2
8188,272.933,107,car,0.7373,575,109,616,144,1,2
8189,272.967,107,car,0.7224,574,109,615,144,1,2
8190,273.0,107,car,0.7049,573,109,613,143,1,2
8191,273.033,107,car,0.7051,571,110,610,143,1,2
8192,273.067,107,car,0.7145,570,110,610,142,1,2
8193,273.1,107,car,0.7294,569,110,609,142,1,2
8194,273.133,107,car,0.7323,568,110,608,142,1,2
8195,273.167,107,car,0.7337,568,110,608,142,1,2
8196,273.2,107,car,0.7004,568,109,608,142,1,2
8197,273.233,107,car,0.714,567,109,606,141,1,2
8197,273.233,111,person,0.6432,314,374,1104,712,0,2
8198,273.267,107,car,0.7593,566,107,606,141,1,2
8199,273.3,107,car,0.7528,565,106,606,141,1,2
8199,273.3,111,person,0.6322,302,366,1111,711,0,2
8200,273.333,107,car,0.7792,563,106,605,139,1,2
8201,273.367,107,car,0.7838,563,105,605,139,1,2
8202,273.4,107,car,0.7962,563,105,603,138,1,2
8203,273.433,107,car,0.7971,563,105,603,138,1,2
8204,273.467,107,car,0.7945,563,105,602,137,1,2
8205,273.5,107,car,0.8098,563,105,601,136,1,2
8206,273.533,107,car,0.8005,562,105,601,136,1,2
8207,273.567,107,car,0.7923,562,105,601,136,1,2
8208,273.6,107,car,0.8133,562,105,600,135,1,2
8208,273.6,111,person,0.7272,290,353,1123,713,0,2
8209,273.633,107,car,0.8089,561,104,600,135,1,2
8209,273.633,111,person,0.7076,291,353,1115,713,0,2
8210,273.667,107,car,0.7966,561,104,599,135,1,2
8210,273.667,111,person,0.6738,301,360,1101,712,0,2
8211,273.7,107,car,0.8047,559,104,598,135,1,2
8211,273.7,111,person,0.6057,306,363,1094,712,0,2
8212,273.733,107,car,0.8012,557,103,597,135,1,2
8212,273.733,111,person,0.6583,307,365,1089,712,0,2
8213,273.767,107,car,0.774,555,103,597,135,1,2
8214,273.8,107,car,0.7522,554,102,595,135,1,2
8215,273.833,107,car,0.6744,553,101,594,134,1,2
8215,273.833,111,person,0.6639,303,362,1085,712,0,2
8216,273.867,107,car,0.6266,552,101,593,134,1,2
8216,273.867,111,person,0.6486,304,362,1082,712,0,2
8217,273.9,107,car,0.6984,551,101,592,133,1,2
8217,273.9,111,person,0.709,303,362,1080,712,0,2
8218,273.933,107,car,0.7245,549,99,590,133,1,2
8218,273.933,111,person,0.7005,302,361,1079,712,0,2
8219,273.967,107,car,0.7307,547,98,589,131,1,2
8220,274.0,107,car,0.7822,546,98,587,131,1,2
8220,274.0,111,person,0.6337,299,360,1074,712,0,2
8221,274.033,107,car,0.7387,545,97,586,130,1,2
8221,274.033,111,person,0.7031,298,360,1070,712,0,2
8222,274.067,107,car,0.7537,544,97,585,130,1,2
8222,274.067,111,person,0.6964,298,359,1070,712,0,2
8223,274.1,107,car,0.773,544,96,584,129,1,2
8223,274.1,111,person,0.6895,297,358,1069,711,0,2
8224,274.133,107,car,0.7559,542,96,583,129,1,2
8224,274.133,111,person,0.6522,295,355,1066,711,0,2
8225,274.167,107,car,0.7484,542,95,583,128,1,2
8225,274.167,111,person,0.6955,293,354,1065,711,0,2
8226,274.2,107,car,0.7478,541,95,582,128,1,2
8226,274.2,111,person,0.6308,289,354,1059,711,0,2
8227,274.233,107,car,0.7391,539,95,581,128,1,2
8228,274.267,107,car,0.7162,538,94,579,128,1,2
8229,274.3,107,car,0.7262,538,94,578,127,1,2
8230,274.333,107,car,0.7311,537,94,578,127,1,2
8231,274.367,107,car,0.7318,537,94,577,126,1,2
8232,274.4,107,car,0.7239,537,93,576,126,1,2
8233,274.433,107,car,0.7429,536,93,575,125,1,2
8234,274.467,107,car,0.7465,534,91,574,125,1,2
8234,274.467,111,person,0.6052,273,349,1050,712,0,2
8235,274.5,107,car,0.6629,531,90,573,125,1,2
8236,274.533,107,car,0.7006,530,90,571,123,1,2
8236,274.533,111,person,0.618,277,353,1041,712,0,2
8237,274.567,107,car,0.7563,529,89,570,123,1,2
8238,274.6,107,car,0.7912,529,89,569,122,1,2
8239,274.633,107,car,0.7978,529,90,567,121,1,2
8240,274.667,107,car,0.7864,528,90,566,121,1,2
8241,274.7,107,car,0.7138,526,88,566,121,1,2
8241,274.7,111,person,0.6059,266,347,1041,712,0,2
8242,274.733,107,car,0.6796,525,88,565,121,1,2
8242,274.733,111,person,0.7055,265,347,1040,712,0,2
8243,274.767,107,car,0.6572,525,88,565,121,1,2
8243,274.767,111,person,0.7343,266,347,1038,712,0,2
8244,274.8,107,car,0.6755,523,88,565,121,1,2
8244,274.8,111,person,0.7261,267,350,1035,712,0,2
8245,274.833,107,car,0.6462,523,88,563,121,1,2
8245,274.833,111,person,0.7028,270,353,1032,712,0,2
8246,274.867,107,car,0.6254,522,89,563,122,1,2
8246,274.867,111,person,0.6896,271,355,1030,712,0,2
8247,274.9,107,car,0.6283,522,89,562,122,1,2
8247,274.9,111,person,0.6984,273,361,1022,713,0,2
8248,274.933,107,car,0.6225,522,90,562,123,1,2
8248,274.933,111,person,0.7446,272,362,1018,713,0,2
8249,274.967,107,car,0.6128,522,90,562,123,1,2
8249,274.967,111,person,0.6592,272,365,1015,713,0,2
8250,275.0,107,car,0.6351,521,90,562,123,1,2
8251,275.033,107,car,0.6096,521,90,563,125,1,2
8251,275.033,111,person,0.628,272,366,1011,712,0,2
8254,275.133,-1,car,0.6158,350,107,392,135,0,2
8257,275.233,107,car,0.6187,520,89,563,126,1,2
8258,275.267,107,car,0.6731,521,89,563,126,1,2
8259,275.3,107,car,0.6025,521,89,565,126,1,2
8260,275.333,107,car,0.653,522,89,566,126,1,2
8261,275.367,107,car,0.6306,521,88,566,126,1,2
8264,275.467,107,car,0.6305,522,88,568,127,1,2
8265,275.5,107,car,0.6509,523,88,568,127,1,2
8266,275.533,107,car,0.7257,525,88,568,127,1,2
8267,275.567,107,car,0.7168,525,87,568,127,1,2
8269,275.633,107,car,0.62,526,88,570,127,1,2
8272,275.733,107,car,0.6658,528,88,573,128,1,2
8273,275.767,107,car,0.6215,529,89,573,129,1,2
8273,275.767,111,person,0.6286,301,362,1067,712,0,2
8274,275.8,107,car,0.6062,530,91,573,129,1,2
8274,275.8,111,person,0.6682,283,342,1096,713,0,2
8275,275.833,107,car,0.6737,531,93,574,130,1,2
8275,275.833,111,person,0.7191,279,341,1098,712,0,2
8276,275.867,107,car,0.6715,531,94,574,131,1,2
8276,275.867,111,person,0.708,275,341,1098,712,0,2
8278,275.933,107,car,0.6427,533,96,575,134,1,2
8279,275.967,107,car,0.6925,533,96,576,135,1,2
8280,276.0,107,car,0.6596,534,96,576,135,1,2
8283,276.1,111,person,0.6226,280,345,1095,712,0,2
8284,276.133,111,person,0.6238,281,345,1095,712,0,2
8285,276.167,111,person,0.6898,282,345,1097,712,0,2
8286,276.2,111,person,0.6343,285,345,1099,712,0,2
8287,276.233,111,person,0.6113,283,344,1102,712,0,2
8287,276.233,117,car,0.6228,445,104,477,125,1,2
8288,276.267,117,car,0.6202,446,105,477,123,1,2
8289,276.3,117,car,0.6306,450,105,479,123,1,2
8290,276.333,117,car,0.6872,453,105,483,125,1,2
8290,276.333,107,car,0.6033,541,98,581,135,1,2
8290,276.333,111,person,0.6315,280,344,1101,712,0,2
8291,276.367,117,car,0.6933,454,104,486,123,1,2
8291,276.367,111,person,0.6406,280,344,1102,712,0,2
8292,276.4,117,car,0.6441,456,104,487,123,1,2
8292,276.4,107,car,0.6031,541,98,582,135,1,2
8293,276.433,117,car,0.6562,459,104,489,123,1,2
8294,276.467,117,car,0.6517,462,105,489,122,1,2
8295,276.5,117,car,0.6539,463,106,490,123,1,2
8296,276.533,117,car,0.6325,465,106,494,123,1,2
8296,276.533,107,car,0.6027,543,101,583,136,1,2
8297,276.567,117,car,0.681,465,106,495,125,1,2
8297,276.567,111,person,0.6254,555,355,1280,711,0,2
8298,276.6,117,car,0.7005,466,106,497,126,1,2
8298,276.6,107,car,0.6013,543,101,584,137,1,2
8299,276.633,117,car,0.7112,467,106,499,126,1,2
8300,276.667,117,car,0.7233,470,106,499,126,1,2
8300,276.667,111,person,0.6299,343,347,1105,714,0,2
8300,276.667,107,car,0.6095,543,104,583,138,1,2
8301,276.7,117,car,0.699,472,107,501,126,1,2
8301,276.7,111,person,0.6711,307,350,1080,714,0,2
8302,276.733,117,car,0.645,474,107,502,126,1,2
8302,276.733,111,person,0.605,296,351,1073,714,0,2
8303,276.767,117,car,0.6467,475,109,503,126,1,2
8303,276.767,111,person,0.6961,301,362,1063,714,0,2
8304,276.8,111,person,0.6972,299,370,1055,713,0,2
8305,276.833,111,person,0.6947,296,374,1051,713,0,2
8306,276.867,111,person,0.6892,291,376,1049,713,0,2
8307,276.9,111,person,0.6604,290,379,1050,713,0,2
8308,276.933,111,person,0.6675,283,381,1049,713,0,2
8309,276.967,111,person,0.6497,280,382,1049,713,0,2
8313,277.1,117,car,0.6726,490,115,518,133,1,2
8314,277.133,117,car,0.7177,493,115,519,133,1,2
8315,277.167,117,car,0.7289,494,115,519,133,1,2
8316,277.2,117,car,0.7229,494,117,520,134,1,2
8317,277.233,117,car,0.7356,495,117,521,134,1,2
8318,277.267,117,car,0.6936,496,117,522,134,1,2
8319,277.3,117,car,0.6025,498,118,522,134,1,2
8320,277.333,117,car,0.6246,502,118,525,134,1,2
8321,277.367,117,car,0.6084,503,119,526,134,1,2
8325,277.5,-1,car,0.6089,0,279,23,346,0,2
8326,277.533,118,car,0.6376,5,275,30,347,0,2
8329,277.633,-1,car,0.7441,0,218,77,342,0,2
8329,277.633,-1,person,0.6137,760,398,1082,711,0,2
8330,277.667,119,car,0.7223,3,221,80,345,0,2
8330,277.667,120,person,0.6378,762,399,1083,711,0,2
8331,277.7,119,car,0.7404,7,211,90,346,0,2
8335,277.833,111,person,0.6427,261,311,1169,714,0,2
8335,277.833,119,car,0.776,13,208,107,359,0,2
8336,277.867,111,person,0.7905,271,310,1163,714,0,2
8336,277.867,119,car,0.6244,13,203,114,361,0,2
8337,277.9,111,person,0.8575,279,304,1167,715,0,2
8337,277.9,119,car,0.8193,18,206,120,360,0,2
8338,277.933,111,person,0.7888,307,327,1144,714,0,2
8338,277.933,119,car,0.8652,22,206,125,354,0,2
8339,277.967,111,person,0.7791,319,339,1133,715,0,2
8339,277.967,119,car,0.8758,23,207,126,351,0,2
8340,278.0,111,person,0.8482,323,347,1126,715,0,2
8340,278.0,119,car,0.8797,25,207,129,346,0,2
8341,278.033,111,person,0.8577,329,352,1121,714,0,2
8341,278.033,119,car,0.7426,24,205,133,344,0,2
8342,278.067,111,person,0.8522,329,354,1121,713,0,2
8342,278.067,119,car,0.7855,24,207,134,342,0,2
8342,278.067,121,car,0.6613,575,94,621,131,1,2
8343,278.1,111,person,0.8442,328,352,1125,713,0,2
8343,278.1,119,car,0.8007,21,192,142,336,0,2
8343,278.1,121,car,0.6325,577,91,624,129,1,2
8344,278.133,111,person,0.8683,330,351,1128,713,0,2
8344,278.133,119,car,0.7855,23,205,135,331,0,2
8345,278.167,111,person,0.8431,333,352,1130,712,0,2
8345,278.167,119,car,0.8147,29,210,135,328,0,2
8345,278.167,121,car,0.6317,582,89,630,128,1,2
8346,278.2,111,person,0.8207,336,352,1136,712,0,2
8346,278.2,119,car,0.7093,41,214,141,318,0,2
8346,278.2,121,car,0.6686,586,87,634,127,1,2
8347,278.233,111,person,0.828,345,354,1144,712,0,2
8347,278.233,119,car,0.7405,61,214,154,311,0,2
8347,278.233,121,car,0.6809,593,86,640,125,1,2
8348,278.267,111,person,0.8254,347,352,1152,712,0,2
8348,278.267,119,car,0.6099,77,211,170,305,0,2
8349,278.3,111,person,0.8075,355,351,1163,712,0,2
8350,278.333,111,person,0.7981,374,351,1182,711,0,2
8351,278.367,111,person,0.7867,386,352,1193,712,0,2
8352,278.4,111,person,0.8234,402,352,1208,711,0,2
8353,278.433,111,person,0.7427,417,351,1227,711,0,2
8354,278.467,111,person,0.7948,427,351,1241,711,0,2
8355,278.5,111,person,0.8302,440,353,1253,711,0,2
8356,278.533,111,person,0.9005,440,344,1272,711,0,2
8357,278.567,111,person,0.8758,441,341,1280,711,0,2
8358,278.6,111,person,0.8863,445,339,1280,710,0,2
8359,278.633,111,person,0.8674,447,338,1280,710,0,2
8360,278.667,111,person,0.8153,448,337,1280,710,0,2
8361,278.7,111,person,0.7875,417,331,1274,710,0,2
8361,278.7,122,car,0.6548,359,107,495,191,1,2
8362,278.733,111,person,0.7134,423,323,1280,710,0,2
8362,278.733,122,car,0.7361,361,103,506,192,1,2
8363,278.767,111,person,0.7702,423,314,1280,710,0,2
8363,278.767,122,car,0.7666,367,101,513,190,1,2
8363,278.767,123,car,0.6191,717,37,762,77,0,2
8364,278.8,111,person,0.6996,421,303,1280,710,0,2
8364,278.8,122,car,0.7972,371,95,527,190,1,2
8364,278.8,123,car,0.6498,721,32,767,71,0,2
8365,278.833,111,person,0.7868,414,293,1280,710,0,2
8365,278.833,122,car,0.836,376,89,539,189,1,2
8365,278.833,123,car,0.71,725,24,774,66,0,2
8366,278.867,111,person,0.7511,416,288,1280,709,0,2
8366,278.867,122,car,0.8509,378,85,547,189,1,2
8366,278.867,123,car,0.7399,726,21,776,63,0,2
8367,278.9,111,person,0.6175,418,285,1280,707,0,2
8367,278.9,122,car,0.8272,384,80,551,183,1,2
8368,278.933,111,person,0.6683,419,282,1280,707,0,2
8368,278.933,122,car,0.8031,393,75,555,175,1,2
8369,278.967,111,person,0.7065,421,281,1280,707,0,2
8369,278.967,122,car,0.7955,399,73,558,171,1,2
8370,279.0,111,person,0.7679,422,280,1280,707,0,2
8370,279.0,122,car,0.7902,403,70,562,166,1,2
8371,279.033,111,person,0.7163,429,281,1280,707,0,2
8371,279.033,122,car,0.8192,410,66,573,165,1,2
8372,279.067,111,person,0.717,434,282,1280,707,0,2
8372,279.067,122,car,0.8333,416,65,578,163,1,2
8373,279.1,111,person,0.7224,438,282,1280,709,0,2
8373,279.1,122,car,0.8545,423,63,584,161,1,2
8374,279.133,111,person,0.7948,437,281,1280,709,0,2
8374,279.133,122,car,0.9047,429,59,593,161,1,2
8375,279.167,111,person,0.7914,438,279,1280,709,0,2
8375,279.167,122,car,0.9121,433,58,597,159,1,2
8376,279.2,111,person,0.8354,438,274,1280,709,0,2
8376,279.2,122,car,0.895,438,55,600,157,1,2
8377,279.233,111,person,0.7661,427,263,1280,709,0,2
8377,279.233,122,car,0.8702,443,53,606,154,1,2
8378,279.267,111,person,0.7877,425,257,1280,709,0,2
8378,279.267,122,car,0.886,447,51,608,154,1,2
8379,279.3,111,person,0.7566,422,251,1280,709,0,2
8379,279.3,122,car,0.8996,451,50,611,153,1,2
8380,279.333,111,person,0.786,424,249,1280,709,0,2
8380,279.333,122,car,0.887,457,48,614,151,1,2
8381,279.367,111,person,0.7826,427,249,1280,707,0,2
8381,279.367,122,car,0.8582,461,47,615,149,1,2
8382,279.4,111,person,0.7417,442,255,1280,707,0,2
8382,279.4,122,car,0.8872,465,47,617,147,1,2
8383,279.433,111,person,0.8132,451,259,1280,707,0,2
8383,279.433,122,car,0.8725,470,45,619,146,1,2
8383,279.433,124,car,0.6189,723,0,782,42,0,2
8384,279.467,111,person,0.8035,457,262,1280,707,0,2
8384,279.467,122,car,0.8792,474,45,621,144,1,2
8384,279.467,124,car,0.6113,723,0,782,42,0,2
8385,279.5,111,person,0.8067,456,259,1280,709,0,2
8385,279.5,122,car,0.8634,478,45,623,144,1,2
8385,279.5,124,car,0.6571,722,0,781,42,0,2
8386,279.533,111,person,0.8473,461,261,1280,707,0,2
8386,279.533,122,car,0.8661,482,43,625,144,1,2
8386,279.533,124,car,0.6852,723,0,782,42,0,2
8387,279.567,111,person,0.786,464,259,1280,707,0,2
8387,279.567,122,car,0.8719,485,43,626,143,1,2
8387,279.567,124,car,0.6784,723,0,782,42,0,2
8388,279.6,111,person,0.7854,465,258,1280,707,0,2
8388,279.6,122,car,0.8518,490,43,627,142,1,2
8388,279.6,124,car,0.6728,723,0,782,42,0,2
8389,279.633,111,person,0.7887,461,254,1280,707,0,2
8389,279.633,122,car,0.8769,494,42,630,139,1,2
8389,279.633,124,car,0.704,723,0,782,42,0,2
8390,279.667,111,person,0.7618,459,250,1280,707,0,2
8390,279.667,122,car,0.8297,496,41,631,139,1,2
8390,279.667,124,car,0.6945,723,0,782,42,0,2
8391,279.7,111,person,0.8219,458,248,1280,707,0,2
8391,279.7,122,car,0.7986,498,40,631,137,1,2
8391,279.7,124,car,0.6983,723,0,782,43,0,2
8392,279.733,111,person,0.8489,455,241,1280,707,0,2
8392,279.733,122,car,0.752,503,39,633,136,1,2
8392,279.733,124,car,0.7135,722,0,781,43,0,2
8393,279.767,111,person,0.8442,454,238,1280,707,0,2
8393,279.767,122,car,0.7655,505,39,634,136,1,2
8393,279.767,124,car,0.7048,722,0,781,43,0,2
8394,279.8,111,person,0.8285,454,234,1280,707,0,2
8394,279.8,122,car,0.6714,507,38,635,135,1,2
8394,279.8,124,car,0.6924,722,0,778,43,0,2
8395,279.833,111,person,0.8313,454,233,1280,709,0,2
8395,279.833,122,car,0.6456,511,37,635,131,1,2
8395,279.833,124,car,0.6523,721,0,778,43,0,2
8396,279.867,111,person,0.8477,457,237,1280,710,0,2
8397,279.9,111,person,0.8762,465,247,1280,710,0,2
8397,279.9,122,car,0.6884,515,37,637,130,1,2
8398,279.933,111,person,0.8871,475,261,1274,710,0,2
8398,279.933,122,car,0.7753,518,35,637,128,1,2
8399,279.967,111,person,0.8801,482,271,1266,710,0,2
8399,279.967,122,car,0.7471,520,37,638,128,1,2
8400,280.0,111,person,0.8955,490,282,1256,709,0,2
8400,280.0,122,car,0.7734,523,35,639,127,1,2
8401,280.033,111,person,0.8706,491,290,1251,710,0,2
8401,280.033,122,car,0.6754,527,37,639,126,1,2
8402,280.067,111,person,0.8728,493,296,1249,711,0,2
8402,280.067,122,car,0.6947,528,37,639,126,1,2
8403,280.1,111,person,0.8755,493,299,1249,711,0,2
8403,280.1,122,car,0.721,528,37,639,125,1,2
8403,280.1,126,car,0.6495,90,257,184,349,0,2
8404,280.133,111,person,0.8728,498,305,1247,709,0,2
8404,280.133,122,car,0.6627,528,37,639,125,1,2
8404,280.133,126,car,0.6984,89,245,195,347,0,2
8405,280.167,111,person,0.8753,493,305,1250,710,0,2
8405,280.167,122,car,0.7082,528,37,638,126,1,2
8405,280.167,126,car,0.6565,89,235,203,346,0,2
8405,280.167,124,car,0.6665,706,2,767,49,0,2
8406,280.2,111,person,0.7936,497,310,1249,709,0,2
8406,280.2,122,car,0.643,528,35,638,126,1,2
8406,280.2,124,car,0.6568,705,3,765,51,0,2
8407,280.233,111,person,0.738,497,312,1249,709,0,2
8407,280.233,122,car,0.7317,527,35,637,126,1,2
8407,280.233,126,car,0.6111,93,217,219,337,0,2
8408,280.267,111,person,0.7857,494,312,1253,709,0,2
8408,280.267,122,car,0.7066,528,37,635,126,1,2
8409,280.3,111,person,0.8162,488,311,1255,710,0,2
8409,280.3,122,car,0.6673,528,38,633,125,1,2
8409,280.3,124,car,0.6039,702,10,758,54,0,2
8409,280.3,126,car,0.7768,88,200,248,347,0,2
8410,280.333,111,person,0.8458,488,312,1257,710,0,2
8410,280.333,122,car,0.7312,529,40,631,123,1,2
8410,280.333,126,car,0.7691,88,191,257,344,0,2
8411,280.367,111,person,0.8567,490,315,1256,710,0,2
8411,280.367,122,car,0.7131,531,41,629,121,1,2
8411,280.367,126,car,0.7141,86,184,258,337,0,2
8411,280.367,124,car,0.623,696,13,754,59,0,2
8412,280.4,111,person,0.8331,490,317,1256,709,0,2
8412,280.4,122,car,0.7399,533,41,626,120,1,2
8412,280.4,126,car,0.6785,90,182,264,331,0,2
8413,280.433,111,person,0.8697,488,318,1256,709,0,2
8413,280.433,122,car,0.7522,534,42,625,118,1,2
8413,280.433,126,car,0.7337,102,178,272,320,0,2
8413,280.433,124,car,0.65,690,15,749,61,0,2
8414,280.467,111,person,0.8544,485,319,1256,709,0,2
8414,280.467,122,car,0.752,534,42,624,117,1,2
8414,280.467,126,car,0.7989,111,177,275,312,0,2
8414,280.467,124,car,0.6635,689,16,746,61,0,2
8415,280.5,111,person,0.8236,480,319,1256,709,0,2
8415,280.5,122,car,0.7096,534,42,624,117,1,2
8415,280.5,126,car,0.7304,127,181,275,299,0,2
8415,280.5,124,car,0.673,688,16,747,62,0,2
8416,280.533,111,person,0.7554,474,317,1256,709,0,2
8416,280.533,122,car,0.709,534,42,624,117,1,2
8416,280.533,126,car,0.8372,141,179,279,289,0,2
8416,280.533,124,car,0.7078,687,16,746,63,0,2
8417,280.567,111,person,0.7664,471,315,1257,710,0,2
8417,280.567,122,car,0.6952,534,42,624,115,1,2
8417,280.567,126,car,0.7973,145,178,274,281,0,2
8417,280.567,124,car,0.6768,688,16,746,63,0,2
8418,280.6,111,person,0.7914,467,315,1257,710,0,2
8418,280.6,122,car,0.6628,534,42,624,115,1,2
8418,280.6,126,car,0.7657,160,184,277,275,0,2
8418,280.6,124,car,0.6627,687,16,745,64,0,2
8419,280.633,111,person,0.8351,465,313,1261,710,0,2
8419,280.633,122,car,0.7321,534,41,625,115,1,2
8419,280.633,124,car,0.6285,687,16,745,64,0,2
8420,280.667,111,person,0.8466,463,310,1265,709,0,2
8420,280.667,122,car,0.7409,535,41,625,114,1,2
8420,280.667,124,car,0.6295,686,16,744,64,0,2
8421,280.7,111,person,0.828,461,307,1269,710,0,2
8421,280.7,122,car,0.648,536,41,625,113,1,2
8421,280.7,124,car,0.6249,686,16,743,64,0,2
8422,280.733,111,person,0.7796,455,305,1270,710,0,2
8422,280.733,122,car,0.6209,536,41,624,113,1,2
8422,280.733,124,car,0.619,685,16,743,64,0,2
8423,280.767,111,person,0.7918,454,304,1272,710,0,2
8423,280.767,122,car,0.6473,536,40,625,113,1,2
8423,280.767,124,car,0.6404,683,16,742,64,0,2
8424,280.8,111,person,0.8242,451,299,1279,710,0,2
8424,280.8,122,car,0.7153,537,41,625,112,1,2
8424,280.8,124,car,0.6355,683,17,742,65,0,2
8425,280.833,111,person,0.8494,448,297,1280,710,0,2
8425,280.833,122,car,0.6556,539,41,626,112,1,2
8425,280.833,124,car,0.64,683,17,742,65,0,2
8426,280.867,111,person,0.8348,448,294,1280,710,0,2
8426,280.867,122,car,0.6477,541,41,626,111,1,2
8426,280.867,124,car,0.6332,682,16,742,65,0,2
8427,280.9,111,person,0.7979,448,295,1280,710,0,2
8427,280.9,122,car,0.7475,541,41,627,111,1,2
8428,280.933,111,person,0.773,449,296,1280,711,0,2
8428,280.933,122,car,0.7548,541,38,630,111,1,2
8429,280.967,111,person,0.7643,451,297,1280,711,0,2
8429,280.967,122,car,0.7158,539,35,632,111,1,2
8429,280.967,127,car,0.668,339,101,433,166,0,2
8430,281.0,111,person,0.76,451,298,1278,710,0,2
8430,281.0,122,car,0.7348,541,35,632,111,1,2
8430,281.0,127,car,0.7564,347,97,437,159,0,2
8430,281.0,124,car,0.6654,682,16,741,65,0,2
8431,281.033,111,person,0.7928,451,297,1280,710,0,2
8431,281.033,122,car,0.7646,544,37,632,111,1,2
8431,281.033,127,car,0.6923,353,95,443,158,0,2
8431,281.033,124,car,0.6365,683,15,743,64,0,2
8432,281.067,111,person,0.8052,453,296,1280,710,0,2
8432,281.067,122,car,0.6892,546,38,631,110,1,2
8432,281.067,127,car,0.6804,358,95,447,158,0,2
8432,281.067,124,car,0.6441,685,15,743,64,0,2
8433,281.1,111,person,0.8107,454,297,1280,710,0,2
8433,281.1,122,car,0.6605,547,37,631,107,1,2
8433,281.1,124,car,0.7247,687,15,744,63,0,2
8434,281.133,111,person,0.8193,430,298,1259,710,0,2
8434,281.133,122,car,0.6267,554,34,635,105,1,2
8434,281.133,124,car,0.7433,688,14,746,61,0,2
8434,281.133,127,car,0.7608,355,88,455,157,0,2
8435,281.167,111,person,0.7899,414,301,1248,710,0,2
8435,281.167,122,car,0.6642,559,32,640,103,1,2
8435,281.167,124,car,0.7356,691,13,749,59,0,2
8435,281.167,127,car,0.6913,355,83,463,155,1,2
8436,281.2,111,person,0.7614,417,299,1257,710,0,2
8436,281.2,122,car,0.6492,565,30,645,98,1,2
8436,281.2,124,car,0.6806,694,9,754,58,0,2
8437,281.233,111,person,0.8296,409,299,1254,710,0,2
8437,281.233,122,car,0.7176,568,25,649,96,1,2
8437,281.233,124,car,0.6866,699,6,760,56,0,2
8438,281.267,111,person,0.8351,385,299,1239,710,0,2
8438,281.267,122,car,0.7103,574,21,656,94,1,2
8438,281.267,124,car,0.7333,703,3,763,54,0,2
8439,281.3,111,person,0.8199,389,302,1246,710,0,2
8439,281.3,122,car,0.718,577,16,659,89,1,2
8439,281.3,124,car,0.6724,710,2,768,49,0,2
8440,281.333,111,person,0.8638,419,301,1275,710,0,2
8440,281.333,122,car,0.7011,583,9,666,85,1,2
8440,281.333,124,car,0.752,717,0,773,46,0,2
8441,281.367,111,person,0.8556,437,302,1280,710,0,2
8441,281.367,122,car,0.7487,592,10,671,81,1,2
8441,281.367,124,car,0.7175,720,0,775,42,0,2
8442,281.4,111,person,0.883,443,299,1280,710,0,2
8442,281.4,122,car,0.6927,597,7,677,79,0,2
8442,281.4,124,car,0.6359,728,0,779,39,0,2
8442,281.4,127,car,0.7114,416,50,530,128,1,2
8443,281.433,111,person,0.8663,453,304,1280,710,0,2
8443,281.433,122,car,0.7056,602,5,680,74,0,2
8443,281.433,127,car,0.6677,427,47,537,121,1,2
8444,281.467,111,person,0.8755,456,305,1280,710,0,2
8444,281.467,122,car,0.7301,607,1,682,70,0,2
8444,281.467,127,car,0.7039,434,42,544,118,1,2
8445,281.5,111,person,0.8351,453,303,1280,709,0,2
8445,281.5,122,car,0.7201,615,0,688,65,0,2
8445,281.5,127,car,0.7486,443,38,552,112,1,2
8446,281.533,111,person,0.8365,439,298,1280,709,0,2
8446,281.533,122,car,0.6877,619,0,690,61,0,2
8447,281.567,111,person,0.7678,430,293,1280,707,0,2
8447,281.567,122,car,0.7076,623,0,690,58,0,2
8448,281.6,111,person,0.8197,413,288,1278,709,0,2
8448,281.6,122,car,0.6745,629,0,691,53,0,2
8449,281.633,111,person,0.7441,401,281,1278,707,0,2
8449,281.633,122,car,0.6709,635,0,696,49,0,2
8449,281.633,127,car,0.7129,475,24,574,91,1,2
8450,281.667,111,person,0.7104,403,279,1280,707,0,2
8450,281.667,122,car,0.7141,640,0,698,47,0,2
8450,281.667,127,car,0.7467,480,21,577,89,1,2
8451,281.7,111,person,0.8088,392,274,1280,707,0,2
8451,281.7,122,car,0.7316,642,0,699,45,0,2
8451,281.7,127,car,0.7415,486,17,582,85,1,2
8452,281.733,111,person,0.7794,393,267,1280,709,0,2
8452,281.733,122,car,0.6989,646,0,703,43,0,2
8452,281.733,127,car,0.6785,493,15,585,80,1,2
8453,281.767,111,person,0.7211,382,264,1280,709,0,2
8453,281.767,122,car,0.6855,647,0,705,45,0,2
8453,281.767,127,car,0.6745,498,16,587,79,1,2
8454,281.8,111,person,0.6645,384,267,1280,710,0,2
8454,281.8,122,car,0.6978,648,0,706,42,0,2
8454,281.8,127,car,0.7437,502,13,591,75,1,2
8455,281.833,111,person,0.709,400,259,1280,710,0,2
8455,281.833,122,car,0.7134,649,0,706,41,0,2
8455,281.833,127,car,0.6451,507,8,597,72,1,2
8456,281.867,111,person,0.7371,408,256,1280,709,0,2
8456,281.867,122,car,0.6814,650,0,707,40,0,2
8456,281.867,127,car,0.6377,512,8,598,70,1,2
8457,281.9,111,person,0.6472,429,280,1280,709,0,2
8457,281.9,122,car,0.6569,653,0,710,40,0,2
8457,281.9,127,car,0.6819,515,6,602,69,1,2
8458,281.933,122,car,0.6492,654,0,711,39,0,2
8458,281.933,127,car,0.6368,520,7,603,66,1,2
8459,281.967,122,car,0.6416,654,0,712,39,0,2
8459,281.967,127,car,0.7071,521,2,607,65,1,2
8460,282.0,122,car,0.6323,653,0,713,40,0,2
8460,282.0,127,car,0.6605,525,1,609,64,1,2
8461,282.033,122,car,0.7599,653,0,715,41,0,2
8461,282.033,127,car,0.6273,529,1,611,63,1,2
8462,282.067,122,car,0.7558,651,0,718,43,0,2
8462,282.067,127,car,0.6412,531,2,613,63,1,2
8463,282.1,122,car,0.7417,650,0,718,45,0,2
8464,282.133,122,car,0.7298,647,0,720,49,0,2
8465,282.167,122,car,0.6791,643,0,722,53,0,2
8466,282.2,122,car,0.6636,640,0,723,58,0,2
8467,282.233,122,car,0.733,635,3,722,65,0,2
8467,282.233,130,car,0.6659,752,0,821,43,0,2
8468,282.267,122,car,0.7436,634,8,720,70,0,2
8469,282.3,122,car,0.7741,633,14,715,75,0,2
8469,282.3,130,car,0.6923,741,2,823,55,0,2
8470,282.333,122,car,0.797,631,21,713,82,0,2
8470,282.333,131,car,0.6007,538,41,603,89,1,2
8470,282.333,130,car,0.6575,737,8,822,63,0,2
8471,282.367,122,car,0.7798,629,25,711,88,0,2
8471,282.367,131,car,0.6224,538,46,601,93,1,2
8471,282.367,130,car,0.6601,735,13,819,67,0,2
8472,282.4,122,car,0.7314,627,31,707,93,0,2
8473,282.433,122,car,0.7351,626,35,704,97,0,2
8473,282.433,131,car,0.6592,537,53,602,101,1,2
8473,282.433,130,car,0.6718,731,26,814,81,0,2
8474,282.467,122,car,0.7001,626,39,703,101,0,2
8474,282.467,131,car,0.6783,537,56,600,103,1,2
8474,282.467,130,car,0.6402,731,31,811,86,0,2
8475,282.5,122,car,0.6717,625,43,701,105,0,2
8475,282.5,131,car,0.65,539,61,599,105,1,2
8475,282.5,130,car,0.66,731,37,808,89,0,2
8476,282.533,122,car,0.7217,625,47,699,109,1,2
8476,282.533,131,car,0.6644,541,63,600,107,1,2
8477,282.567,122,car,0.7021,625,50,698,111,1,2
8477,282.567,131,car,0.692,541,65,601,109,1,2
8477,282.567,130,car,0.6171,729,42,806,97,0,2
8478,282.6,122,car,0.7128,625,53,697,112,1,2
8479,282.633,122,car,0.66,625,55,695,114,1,2
8480,282.667,122,car,0.64,626,56,695,114,1,2
8481,282.7,122,car,0.6468,626,58,694,115,1,2
8481,282.7,131,car,0.6107,545,70,603,112,1,2
8482,282.733,122,car,0.6819,626,59,694,118,1,2
8482,282.733,131,car,0.6047,547,70,605,112,1,2
8483,282.767,122,car,0.6453,626,59,695,119,1,2
8483,282.767,131,car,0.6417,550,71,605,112,1,2
8484,282.8,122,car,0.6902,627,61,694,119,1,2
8484,282.8,131,car,0.6577,551,71,606,112,1,2
8485,282.833,122,car,0.6951,629,63,694,119,1,2
8485,282.833,131,car,0.6389,553,73,607,112,1,2
8486,282.867,122,car,0.7204,630,63,694,120,1,2
8486,282.867,131,car,0.6273,553,73,607,112,1,2
8487,282.9,122,car,0.7273,630,63,695,120,1,2
8487,282.9,131,car,0.6297,554,72,609,112,1,2
8488,282.933,122,car,0.7176,631,63,695,120,1,2
8488,282.933,132,car,0.6731,741,56,802,107,0,2
8489,282.967,122,car,0.7295,631,63,696,120,1,2
8489,282.967,132,car,0.7171,741,57,802,107,0,2
8490,283.0,122,car,0.7275,632,63,697,120,1,2
8490,283.0,132,car,0.6075,742,57,803,109,0,2
8491,283.033,122,car,0.6964,633,63,697,120,1,2
8492,283.067,122,car,0.6726,633,63,698,120,1,2
8493,283.1,122,car,0.6698,634,63,698,120,1,2
8493,283.1,132,car,0.6034,744,58,806,110,0,2
8494,283.133,122,car,0.6974,635,62,698,119,1,2
8494,283.133,132,car,0.6489,745,59,807,110,0,2
8495,283.167,122,car,0.7196,635,62,698,118,1,2
8495,283.167,132,car,0.6736,746,59,807,110,0,2
8496,283.2,122,car,0.7076,635,63,699,119,1,2
8496,283.2,132,car,0.7292,746,59,808,110,0,2
8496,283.2,133,person,0.6501,375,389,579,713,0,2
8497,283.233,122,car,0.7086,637,63,698,118,1,2
8497,283.233,132,car,0.7457,746,59,809,111,0,2
8497,283.233,133,person,0.6228,374,387,578,713,0,2
8498,283.267,122,car,0.6558,637,62,698,118,1,2
8498,283.267,132,car,0.7395,746,59,810,111,0,2
8499,283.3,122,car,0.6921,637,63,698,118,1,2
8499,283.3,132,car,0.7672,747,61,810,112,0,2
8500,283.333,122,car,0.6903,637,64,697,119,1,2
8500,283.333,132,car,0.7482,746,61,810,113,0,2
8500,283.333,133,person,0.6235,368,389,573,713,0,2
8501,283.367,122,car,0.6897,637,64,697,119,1,2
8501,283.367,132,car,0.7321,746,61,810,114,0,2
8502,283.4,122,car,0.7019,637,65,697,119,1,2
8502,283.4,132,car,0.731,746,61,811,114,0,2
8503,283.433,122,car,0.658,635,66,697,121,1,2
8503,283.433,132,car,0.6705,746,61,813,115,0,2
8504,283.467,122,car,0.6284,634,66,697,122,1,2
8504,283.467,132,car,0.6571,745,61,813,115,0,2
8505,283.5,122,car,0.6669,634,66,697,122,1,2
8505,283.5,132,car,0.7291,745,62,813,117,0,2
8506,283.533,122,car,0.6387,634,66,697,122,1,2
8506,283.533,132,car,0.7217,746,62,813,117,0,2
8507,283.567,122,car,0.7039,634,66,696,122,1,2
8507,283.567,132,car,0.7117,746,62,813,117,0,2
8508,283.6,122,car,0.7266,634,66,696,122,1,2
8508,283.6,132,car,0.7082,746,62,814,117,0,2
8509,283.633,122,car,0.6861,634,66,696,122,1,2
8509,283.633,132,car,0.6941,747,62,815,117,0,2
8510,283.667,122,car,0.7037,635,65,696,121,1,2
8510,283.667,132,car,0.7268,747,62,815,117,0,2
8511,283.7,122,car,0.6818,635,66,697,122,1,2
8511,283.7,132,car,0.6996,747,62,816,118,0,2
8512,283.733,122,car,0.6368,635,66,697,122,1,2
8512,283.733,132,car,0.6926,747,63,817,119,0,2
8513,283.767,122,car,0.6341,635,66,697,123,1,2
8513,283.767,132,car,0.6343,749,63,818,120,0,2
8514,283.8,122,car,0.6974,637,67,697,123,1,2
8514,283.8,132,car,0.6714,750,64,818,121,0,2
8515,283.833,122,car,0.6843,638,69,697,125,1,2
8515,283.833,132,car,0.7228,751,65,819,122,0,2
8516,283.867,122,car,0.6988,638,70,697,125,1,2
8516,283.867,132,car,0.6827,751,66,821,122,0,2
8516,283.867,134,car,0.7005,597,70,635,103,1,2
8517,283.9,122,car,0.6978,639,71,697,125,1,2
8517,283.9,134,car,0.6559,597,70,637,104,1,2
8518,283.933,122,car,0.684,640,72,697,126,1,2
8518,283.933,132,car,0.6961,752,67,823,126,0,2
8519,283.967,122,car,0.6167,639,73,697,127,1,2
8519,283.967,132,car,0.728,752,67,824,126,0,2
8520,284.0,132,car,0.7101,753,69,824,127,0,2
8521,284.033,132,car,0.7563,753,70,824,128,0,2
8521,284.033,122,car,0.6257,640,77,696,128,1,2
8522,284.067,132,car,0.7012,752,71,823,129,0,2
8522,284.067,122,car,0.6712,639,77,696,129,1,2
8523,284.1,132,car,0.6482,752,73,822,130,0,2
8523,284.1,122,car,0.7206,639,78,695,130,1,2
8523,284.1,134,car,0.6029,605,82,637,111,1,2
8524,284.133,132,car,0.6626,752,75,822,131,0,2
8524,284.133,122,car,0.7455,639,80,695,131,1,2
8524,284.133,134,car,0.605,603,83,638,112,1,2
8525,284.167,132,car,0.6957,752,78,822,133,0,2
8525,284.167,122,car,0.722,638,80,695,134,1,2
8526,284.2,132,car,0.726,752,79,822,134,0,2
8526,284.2,122,car,0.7355,637,81,695,135,1,2
8527,284.233,132,car,0.7102,752,80,822,135,0,2
8527,284.233,122,car,0.7141,637,83,694,136,1,2
8528,284.267,132,car,0.7317,752,81,823,137,0,2
8528,284.267,122,car,0.7165,635,83,694,137,1,2
8529,284.3,132,car,0.7547,752,82,824,138,0,2
8529,284.3,122,car,0.7253,635,85,694,138,1,2
8530,284.333,132,car,0.7749,752,82,824,139,0,2
8530,284.333,122,car,0.7161,637,86,693,138,1,2
8531,284.367,132,car,0.7983,753,83,825,141,0,2
8531,284.367,122,car,0.7118,637,87,693,139,1,2
8531,284.367,135,car,0.6095,339,117,383,144,0,2
8532,284.4,132,car,0.793,753,83,825,141,0,2
8532,284.4,122,car,0.7119,637,87,693,138,1,2
8532,284.4,135,car,0.6668,327,119,371,146,0,2
8533,284.433,132,car,0.7984,754,83,826,139,0,2
8533,284.433,122,car,0.7602,638,86,694,138,1,2
8533,284.433,135,car,0.7326,312,121,357,149,0,2
8534,284.467,132,car,0.7564,757,83,829,139,0,2
8534,284.467,122,car,0.781,639,86,695,137,1,2
8535,284.5,132,car,0.7303,759,82,832,139,0,2
8535,284.5,122,car,0.8233,642,85,697,136,1,2
8536,284.533,132,car,0.7759,762,80,837,137,0,2
8536,284.533,122,car,0.7048,645,82,701,135,1,2
8537,284.567,132,car,0.8434,767,79,840,136,0,2
8537,284.567,122,car,0.7561,649,82,704,133,1,2
8538,284.6,132,car,0.7477,773,75,847,134,0,2
8538,284.6,122,car,0.8176,655,80,710,130,1,2
8539,284.633,132,car,0.8305,779,72,855,130,0,2
8539,284.633,122,car,0.7255,663,77,718,126,0,2
8540,284.667,132,car,0.7703,786,69,862,128,0,2
8540,284.667,122,car,0.6688,669,73,725,123,0,2
8541,284.7,132,car,0.7343,795,66,872,126,0,2
8541,284.7,122,car,0.7394,678,70,734,121,0,2
8542,284.733,132,car,0.7559,807,62,883,121,0,2
8542,284.733,122,car,0.642,688,65,744,115,0,2
8542,284.733,138,car,0.6408,527,73,562,93,1,2
8543,284.767,132,car,0.7562,815,59,891,119,0,2
8543,284.767,122,car,0.6128,695,63,751,113,0,2
8543,284.767,138,car,0.6497,528,71,562,89,1,2
8544,284.8,132,car,0.7638,824,57,902,117,0,2
8544,284.8,122,car,0.7393,704,58,761,110,0,2
8544,284.8,138,car,0.6702,529,69,563,87,1,2
8544,284.8,139,person,0.7521,376,354,1248,712,0,2
8545,284.833,132,car,0.754,833,54,912,113,0,2
8545,284.833,122,car,0.7554,713,55,769,106,0,2
8545,284.833,138,car,0.6944,530,65,566,85,1,2
8545,284.833,139,person,0.7223,385,354,1256,712,0,2
8545,284.833,140,car,0.6016,491,70,521,88,1,2
8546,284.867,132,car,0.8176,841,51,919,112,0,2
8546,284.867,122,car,0.7546,720,54,776,103,0,2
8546,284.867,138,car,0.665,529,63,567,85,1,2
8546,284.867,139,person,0.7464,394,352,1270,712,0,2
8546,284.867,141,car,0.6969,86,142,200,199,0,2
8547,284.9,132,car,0.6971,848,50,926,109,0,2
8547,284.9,122,car,0.6799,727,50,784,102,0,2
8547,284.9,139,person,0.6384,397,352,1274,712,0,2
8547,284.9,141,car,0.6981,67,150,177,205,0,2
8548,284.933,132,car,0.706,855,47,936,109,0,2
8548,284.933,122,car,0.7265,734,48,791,98,0,2
8549,284.967,132,car,0.6578,858,46,941,107,0,2
8549,284.967,122,car,0.7018,738,47,795,97,0,2
8549,284.967,139,person,0.6051,407,353,1278,711,0,2
8550,285.0,132,car,0.7108,863,45,945,106,0,2
8550,285.0,122,car,0.6776,742,43,802,97,0,2
8550,285.0,139,person,0.6444,407,355,1274,711,0,2
8551,285.033,132,car,0.6318,869,45,950,106,0,2
8551,285.033,122,car,0.7955,746,43,806,97,0,2
8551,285.033,139,person,0.6799,410,355,1279,711,0,2
8552,285.067,132,car,0.7067,871,45,953,106,0,2
8552,285.067,122,car,0.7962,749,42,808,96,0,2
8552,285.067,140,car,0.6707,503,64,538,85,1,2
8553,285.1,132,car,0.7457,874,45,955,106,0,2
8553,285.1,122,car,0.7849,752,43,810,96,0,2
8553,285.1,140,car,0.6504,495,64,534,87,1,2
8554,285.133,132,car,0.7704,875,45,958,106,0,2
8554,285.133,122,car,0.8067,754,45,811,96,0,2
8555,285.167,132,car,0.7775,877,45,959,106,0,2
8555,285.167,122,car,0.8083,755,45,813,96,0,2
8556,285.2,132,car,0.8118,877,45,960,106,0,2
8556,285.2,122,car,0.8177,755,46,813,96,0,2
8557,285.233,132,car,0.7613,875,46,959,107,0,2
8557,285.233,122,car,0.7832,753,45,811,97,0,2
8557,285.233,139,person,0.6881,417,360,1272,711,0,2
8558,285.267,132,car,0.7374,875,46,958,107,0,2
8558,285.267,122,car,0.7919,752,46,809,97,0,2
8558,285.267,139,person,0.7741,411,362,1264,711,0,2
8559,285.3,132,car,0.7218,872,48,955,110,0,2
8559,285.3,122,car,0.7757,747,46,807,98,0,2
8560,285.333,132,car,0.741,867,50,952,112,0,2
8560,285.333,122,car,0.7295,745,48,802,99,0,2
8561,285.367,132,car,0.7948,864,50,949,113,0,2
8561,285.367,122,car,0.7237,742,48,800,101,0,2
8562,285.4,132,car,0.8106,859,53,944,115,0,2
8562,285.4,122,car,0.6958,736,50,793,102,0,2
8563,285.433,132,car,0.8061,853,54,937,118,0,2
8563,285.433,122,car,0.7809,728,53,786,105,0,2
8564,285.467,132,car,0.7651,847,56,933,119,0,2
8564,285.467,122,car,0.8001,723,54,783,106,0,2
8565,285.5,132,car,0.8191,840,58,926,122,0,2
8565,285.5,122,car,0.7746,719,57,776,107,0,2
8566,285.533,132,car,0.7481,832,61,918,125,0,2
8566,285.533,122,car,0.7439,711,59,769,111,0,2
8567,285.567,132,car,0.7395,827,62,913,126,0,2
8567,285.567,122,car,0.7403,704,59,765,113,0,2
8567,285.567,139,person,0.643,657,369,1280,711,0,2
8568,285.6,132,car,0.7627,822,64,907,127,0,2
8568,285.6,122,car,0.7427,699,63,759,117,0,2
8568,285.6,148,car,0.7356,29,158,163,235,0,2
8569,285.633,132,car,0.7302,816,66,899,128,0,2
8569,285.633,122,car,0.7711,694,65,753,119,0,2
8569,285.633,148,car,0.719,34,160,146,225,0,2
8569,285.633,139,person,0.6631,424,370,1179,712,0,2
8570,285.667,132,car,0.878,811,67,895,129,0,2
8570,285.667,122,car,0.7853,689,67,749,119,0,2
8570,285.667,148,car,0.6733,6,165,121,231,0,2
8570,285.667,139,person,0.6113,602,377,1273,711,0,2
8571,285.7,132,car,0.8126,806,69,890,130,0,2
8571,285.7,122,car,0.7853,683,69,743,121,0,2
8572,285.733,132,car,0.7432,800,69,886,131,0,2
8572,285.733,122,car,0.7888,679,70,738,122,0,2
8572,285.733,139,person,0.6177,680,377,1280,711,0,2
8573,285.767,132,car,0.7715,797,69,883,131,0,2
8573,285.767,122,car,0.7528,675,70,736,123,0,2
8573,285.767,139,person,0.6227,711,376,1280,711,0,2
8574,285.8,132,car,0.8588,793,70,880,133,0,2
8574,285.8,122,car,0.7255,672,70,733,123,0,2
8575,285.833,132,car,0.8562,790,70,877,134,0,2
8576,285.867,132,car,0.8313,789,70,875,134,0,2
8577,285.9,132,car,0.8325,786,71,873,134,0,2
8577,285.9,122,car,0.6584,666,72,723,125,0,2
8578,285.933,132,car,0.8306,785,71,872,134,0,2
8578,285.933,122,car,0.742,664,73,721,125,0,2
8579,285.967,132,car,0.8253,784,71,871,134,0,2
8579,285.967,122,car,0.7593,663,73,721,125,0,2
8580,286.0,132,car,0.8148,783,71,871,135,0,2
8580,286.0,122,car,0.7934,663,73,721,125,0,2
8581,286.033,132,car,0.8077,782,71,870,135,0,2
8581,286.033,122,car,0.7736,662,72,720,125,0,2
8582,286.067,132,car,0.8227,782,71,870,135,0,2
8582,286.067,122,car,0.7798,662,72,720,125,0,2
8583,286.1,132,car,0.8331,783,71,871,135,0,2
8583,286.1,122,car,0.7573,662,71,721,123,0,2
8583,286.1,150,person,0.6676,314,360,1133,712,0,2
8584,286.133,132,car,0.8522,784,71,873,134,0,2
8584,286.133,122,car,0.7018,663,70,722,123,0,2
8584,286.133,150,person,0.6963,315,355,1141,712,0,2
8585,286.167,132,car,0.8443,786,71,874,134,0,2
8585,286.167,122,car,0.6495,664,70,723,123,0,2
8585,286.167,150,person,0.7502,317,353,1147,711,0,2
8586,286.2,132,car,0.8198,787,71,878,135,0,2
8586,286.2,122,car,0.6946,667,69,727,122,0,2
8586,286.2,150,person,0.6696,320,353,1152,711,0,2
8587,286.233,132,car,0.7531,792,71,883,136,0,2
8587,286.233,122,car,0.6943,672,69,733,122,0,2
8588,286.267,132,car,0.8436,797,72,888,137,0,2
8588,286.267,122,car,0.7758,675,70,736,122,0,2
8589,286.3,132,car,0.8048,805,73,896,138,0,2
8589,286.3,122,car,0.7824,683,69,743,122,0,2
8589,286.3,150,person,0.6969,351,359,1173,712,0,2
8590,286.333,132,car,0.7576,814,74,905,141,0,2
8590,286.333,122,car,0.7388,693,70,751,122,0,2
8590,286.333,150,person,0.6804,365,363,1179,713,0,2
8591,286.367,132,car,0.7644,821,75,913,141,0,2
8591,286.367,122,car,0.6709,699,69,759,122,0,2
8591,286.367,150,person,0.6887,377,367,1186,713,0,2
8592,286.4,132,car,0.8184,832,75,923,141,0,2
8592,286.4,122,car,0.7491,709,69,769,123,0,2
8592,286.4,150,person,0.7016,384,367,1193,712,0,2
8593,286.433,132,car,0.7382,845,75,936,141,0,2
8593,286.433,122,car,0.7472,720,69,781,123,0,2
8594,286.467,132,car,0.7597,851,75,945,141,0,2
8594,286.467,122,car,0.6738,728,67,789,122,0,2
8594,286.467,150,person,0.6037,405,369,1208,712,0,2
8595,286.5,132,car,0.7671,862,74,958,142,0,2
8595,286.5,122,car,0.7457,739,67,800,122,0,2
8595,286.5,150,person,0.7164,416,371,1219,713,0,2
8596,286.533,132,car,0.7258,873,73,970,142,0,2
8596,286.533,122,car,0.7496,751,67,811,121,0,2
8596,286.533,150,person,0.7423,422,368,1232,712,0,2
8597,286.567,132,car,0.7557,881,73,979,143,0,2
8597,286.567,122,car,0.7289,759,66,818,120,0,2
8597,286.567,150,person,0.7481,423,366,1241,713,0,2
8598,286.6,132,car,0.8369,890,73,990,143,0,2
8598,286.6,122,car,0.734,768,66,827,120,0,2
8599,286.633,132,car,0.763,899,73,1001,143,0,2
8599,286.633,122,car,0.7168,776,66,837,119,0,2
8600,286.667,132,car,0.7509,906,73,1007,144,0,2
8600,286.667,122,car,0.7992,782,66,842,120,0,2
8601,286.7,132,car,0.8286,913,73,1015,145,0,2
8601,286.7,122,car,0.763,787,65,849,120,0,2
8601,286.7,150,person,0.7503,445,375,1248,713,0,2
8602,286.733,132,car,0.8454,920,74,1023,146,0,2
8602,286.733,150,person,0.7893,448,379,1246,713,0,2
8603,286.767,132,car,0.8342,922,72,1027,146,0,2
8603,286.767,150,person,0.7887,449,381,1246,713,0,2
8603,286.767,122,car,0.6926,797,64,859,120,0,2
8604,286.8,132,car,0.7712,927,72,1033,147,0,2
8604,286.8,150,person,0.7883,447,382,1247,713,0,2
8604,286.8,122,car,0.719,801,63,864,119,0,2
8605,286.833,132,car,0.8161,930,71,1037,146,0,2
8605,286.833,150,person,0.7131,441,381,1249,713,0,2
8605,286.833,122,car,0.7509,803,64,866,119,0,2
8606,286.867,132,car,0.7711,933,71,1039,146,0,2
8606,286.867,150,person,0.7445,435,378,1249,713,0,2
8606,286.867,122,car,0.7859,805,63,869,119,0,2
8607,286.9,132,car,0.7985,934,71,1040,145,0,2
8607,286.9,122,car,0.7723,806,63,869,119,0,2
8608,286.933,132,car,0.7833,933,69,1042,145,0,2
8608,286.933,122,car,0.71,805,62,869,119,0,2
8609,286.967,132,car,0.7873,931,67,1041,145,0,2
8610,287.0,132,car,0.759,929,69,1039,145,0,2
8611,287.033,132,car,0.8394,925,67,1037,146,0,2
8611,287.033,150,person,0.6312,387,366,1230,712,0,2
8611,287.033,122,car,0.6582,795,62,859,118,0,2
8612,287.067,132,car,0.8373,921,67,1033,146,0,2
8612,287.067,122,car,0.7862,791,62,856,118,0,2
8613,287.1,132,car,0.8816,917,69,1029,149,0,2
8613,287.1,122,car,0.7197,786,63,849,119,0,2
8613,287.1,150,person,0.6644,367,371,1201,713,0,2
8614,287.133,132,car,0.8303,912,71,1023,150,0,2
8614,287.133,122,car,0.7873,778,64,843,121,0,2
8615,287.167,132,car,0.7906,907,71,1018,150,0,2
8615,287.167,122,car,0.8175,774,64,840,123,0,2
8616,287.2,132,car,0.8655,901,72,1014,152,0,2
8616,287.2,122,car,0.7384,766,65,834,125,0,2
8617,287.233,132,car,0.8582,894,75,1007,154,0,2
8617,287.233,122,car,0.8469,759,66,826,127,0,2
8618,287.267,132,car,0.887,888,75,1002,155,0,2
8618,287.267,122,car,0.8322,753,66,822,128,0,2
8618,287.267,150,person,0.6072,347,383,1152,713,0,2
8619,287.3,132,car,0.8382,883,77,997,155,0,2
8619,287.3,122,car,0.7961,746,69,814,129,0,2
8619,287.3,150,person,0.7073,342,385,1143,714,0,2
8620,287.333,132,car,0.7726,877,78,991,157,0,2
8620,287.333,122,car,0.8131,739,71,807,130,0,2
8620,287.333,150,person,0.6649,329,382,1139,714,0,2
8621,287.367,132,car,0.83,871,78,986,158,0,2
8621,287.367,122,car,0.7433,733,71,801,131,0,2
8621,287.367,150,person,0.7318,323,381,1134,714,0,2
8622,287.4,132,car,0.7773,866,79,981,159,0,2
8622,287.4,122,car,0.798,726,73,793,134,0,2
8622,287.4,150,person,0.6368,313,378,1129,714,0,2
8623,287.433,132,car,0.7247,862,79,976,159,0,2
8623,287.433,122,car,0.8102,718,74,785,135,0,2
8623,287.433,150,person,0.6601,309,376,1128,714,0,2
8624,287.467,132,car,0.7384,856,80,970,159,0,2
8624,287.467,122,car,0.842,713,77,779,135,0,2
8624,287.467,150,person,0.6963,302,374,1123,714,0,2
8625,287.5,132,car,0.8078,848,80,965,160,0,2
8625,287.5,122,car,0.7703,705,78,773,138,0,2
8625,287.5,150,person,0.6976,293,374,1110,713,0,2
8626,287.533,132,car,0.7715,842,80,959,161,0,2
8626,287.533,122,car,0.8137,698,80,766,139,0,2
8626,287.533,150,person,0.6914,280,375,1095,714,0,2
8627,287.567,132,car,0.7794,837,81,955,162,0,2
8627,287.567,122,car,0.8193,694,81,762,141,0,2
8627,287.567,150,person,0.6698,270,373,1087,714,0,2
8628,287.6,132,car,0.8095,831,80,951,162,0,2
8628,287.6,122,car,0.8233,687,81,757,141,0,2
8629,287.633,132,car,0.8567,826,80,947,162,0,2
8629,287.633,122,car,0.771,682,82,751,142,0,2
8629,287.633,150,person,0.6264,254,371,1073,714,0,2
8630,287.667,132,car,0.8605,824,80,945,162,0,2
8630,287.667,122,car,0.8067,679,82,746,142,0,2
8631,287.7,132,car,0.857,822,80,944,162,0,2
8631,287.7,122,car,0.8231,673,81,743,142,0,2
8632,287.733,132,car,0.8601,819,79,943,163,0,2
8632,287.733,122,car,0.8509,669,81,739,143,1,2
8633,287.767,132,car,0.8543,818,79,943,163,0,2
8633,287.767,122,car,0.8337,666,81,737,143,1,2
8634,287.8,132,car,0.8699,818,79,943,163,0,2
8634,287.8,122,car,0.8261,664,81,736,144,1,2
8635,287.833,132,car,0.8625,818,80,943,163,0,2
8635,287.833,122,car,0.8167,663,81,735,144,1,2
8636,287.867,132,car,0.8655,818,80,944,163,0,2
8636,287.867,122,car,0.823,662,81,734,144,1,2
8637,287.9,132,car,0.8711,819,80,947,165,0,2
8637,287.9,122,car,0.8299,661,81,733,144,1,2
8638,287.933,132,car,0.8759,821,80,951,166,0,2
8638,287.933,122,car,0.8371,659,81,734,145,1,2
8638,287.933,150,person,0.6608,240,375,1043,713,0,2
8639,287.967,132,car,0.8628,822,80,953,166,0,2
8639,287.967,122,car,0.8367,659,81,734,145,1,2
8639,287.967,150,person,0.6337,243,376,1042,713,0,2
8640,288.0,132,car,0.865,824,80,957,166,0,2
8640,288.0,122,car,0.8534,661,81,735,146,1,2
8640,288.0,150,person,0.635,247,375,1043,712,0,2
8641,288.033,132,car,0.8493,827,79,961,166,0,2
8641,288.033,122,car,0.8467,661,81,735,145,1,2
8642,288.067,132,car,0.8592,830,78,965,166,0,2
8642,288.067,122,car,0.8475,662,81,736,145,1,2
8643,288.1,132,car,0.8842,832,78,969,166,0,2
8643,288.1,122,car,0.8331,662,80,737,144,1,2
8644,288.133,132,car,0.8906,835,77,974,166,0,2
8644,288.133,122,car,0.8382,663,80,738,144,1,2
8645,288.167,132,car,0.8939,838,77,977,165,0,2
8645,288.167,122,car,0.833,664,80,739,144,1,2
8646,288.2,132,car,0.8795,841,77,983,165,0,2
8646,288.2,122,car,0.8417,665,79,741,144,1,2
8646,288.2,152,car,0.6078,640,83,669,101,1,2
8647,288.233,132,car,0.8666,846,77,987,166,0,2
8647,288.233,122,car,0.837,666,79,743,144,1,2
8648,288.267,132,car,0.8523,848,77,992,166,0,2
8648,288.267,122,car,0.8339,667,79,744,144,1,2
8648,288.267,150,person,0.6369,259,369,1064,712,0,2
8649,288.3,132,car,0.8693,851,77,998,167,0,2
8649,288.3,122,car,0.8447,669,79,746,144,1,2
8649,288.3,150,person,0.6395,262,369,1063,713,0,2
8650,288.333,132,car,0.877,856,77,1003,167,0,2
8650,288.333,122,car,0.8434,669,79,747,144,1,2
8651,288.367,132,car,0.8763,857,75,1007,167,0,2
8651,288.367,122,car,0.8284,670,79,749,143,0,2
8652,288.4,132,car,0.8633,862,75,1013,168,0,2
8652,288.4,122,car,0.8219,671,78,750,143,0,2
8653,288.433,132,car,0.8673,865,75,1019,169,0,2
8653,288.433,122,car,0.8373,672,78,753,143,0,2
8654,288.467,132,car,0.8757,867,75,1025,170,0,2
8654,288.467,122,car,0.8032,673,78,754,143,0,2
8654,288.467,150,person,0.6547,258,363,1072,713,0,2
8655,288.5,132,car,0.8525,872,75,1032,171,0,2
8655,288.5,122,car,0.7932,674,78,757,144,0,2
8655,288.5,150,person,0.6691,261,363,1071,713,0,2
8656,288.533,132,car,0.8744,877,77,1039,171,0,2
8656,288.533,122,car,0.8586,675,78,759,144,0,2
8656,288.533,150,person,0.6483,265,366,1067,713,0,2
8657,288.567,132,car,0.8783,879,77,1043,173,0,2
8657,288.567,122,car,0.8574,677,78,760,145,0,2
8657,288.567,150,person,0.6511,269,368,1066,713,0,2
8658,288.6,132,car,0.8661,883,75,1050,173,0,2
8658,288.6,122,car,0.8671,678,78,763,145,0,2
8659,288.633,132,car,0.8744,888,74,1061,175,0,2
8659,288.633,122,car,0.8646,679,77,766,145,0,2
8660,288.667,132,car,0.8617,891,74,1066,176,0,2
8660,288.667,122,car,0.8591,680,77,767,145,0,2
8661,288.7,132,car,0.8679,895,74,1073,177,0,2
8661,288.7,122,car,0.841,681,75,769,145,0,2
8662,288.733,132,car,0.8564,899,74,1082,178,0,2
8662,288.733,122,car,0.8582,682,75,771,146,0,2
8662,288.733,150,person,0.7207,288,376,1069,713,0,2
8663,288.767,132,car,0.8613,903,73,1088,179,0,2
8663,288.767,122,car,0.8534,683,75,773,145,0,2
8663,288.767,150,person,0.7454,289,375,1071,713,0,2
8664,288.8,132,car,0.8582,907,73,1096,181,0,2
8664,288.8,122,car,0.8295,686,74,776,145,0,2
8664,288.8,150,person,0.7872,289,374,1074,713,0,2
8665,288.833,132,car,0.8777,914,73,1105,182,0,2
8665,288.833,122,car,0.8464,688,74,778,145,0,2
8665,288.833,150,person,0.8149,294,375,1074,713,0,2
8666,288.867,132,car,0.8903,918,73,1112,183,0,2
8666,288.867,122,car,0.8758,689,74,781,146,0,2
8666,288.867,150,person,0.7997,296,377,1073,713,0,2
8667,288.9,132,car,0.8657,922,73,1120,184,0,2
8667,288.9,122,car,0.863,690,73,784,147,0,2
8667,288.9,150,person,0.8459,298,378,1072,713,0,2
8668,288.933,132,car,0.8924,928,72,1130,186,0,2
8668,288.933,122,car,0.8685,691,72,786,147,0,2
8668,288.933,150,person,0.7612,295,375,1075,714,0,2
8669,288.967,132,car,0.8925,933,72,1137,186,0,2
8669,288.967,122,car,0.8666,693,72,789,147,0,2
8669,288.967,150,person,0.8576,298,377,1073,713,0,2
8670,289.0,132,car,0.8981,938,72,1145,187,0,2
8670,289.0,122,car,0.8769,695,72,791,147,0,2
8670,289.0,150,person,0.8284,295,375,1074,713,0,2
8671,289.033,132,car,0.8974,944,71,1158,190,0,2
8671,289.033,122,car,0.867,697,72,793,147,0,2
8671,289.033,150,person,0.8208,291,371,1077,713,0,2
8672,289.067,132,car,0.8959,949,71,1166,191,0,2
8672,289.067,122,car,0.8713,699,73,794,147,0,2
8672,289.067,150,person,0.8089,290,370,1079,713,0,2
8673,289.1,132,car,0.8935,955,71,1176,193,0,2
8673,289.1,122,car,0.8719,701,73,797,146,0,2
8673,289.1,150,person,0.8563,291,369,1082,713,0,2
8674,289.133,132,car,0.8551,960,70,1187,195,0,2
8674,289.133,122,car,0.8658,703,72,801,147,0,2
8674,289.133,150,person,0.863,295,369,1086,713,0,2
8675,289.167,132,car,0.8784,963,70,1195,198,0,2
8675,289.167,122,car,0.8767,704,72,803,147,0,2
8675,289.167,150,person,0.856,298,369,1088,713,0,2
8676,289.2,132,car,0.8771,971,70,1206,199,0,2
8676,289.2,122,car,0.8798,706,72,806,149,0,2
8676,289.2,150,person,0.8559,303,370,1089,713,0,2
8677,289.233,132,car,0.8873,978,69,1218,201,0,2
8677,289.233,122,car,0.8971,707,71,808,149,0,2
8677,289.233,150,person,0.8132,310,371,1091,713,0,2
8678,289.267,132,car,0.8742,984,70,1226,202,0,2
8678,289.267,122,car,0.8818,709,71,810,149,0,2
8678,289.267,150,person,0.8321,313,373,1093,713,0,2
8679,289.3,132,car,0.8651,991,70,1235,203,0,2
8679,289.3,122,car,0.8717,710,71,814,150,0,2
8679,289.3,150,person,0.8172,315,373,1095,713,0,2
8680,289.333,132,car,0.8835,998,69,1248,206,0,2
8680,289.333,122,car,0.8814,712,71,816,150,0,2
8680,289.333,150,person,0.7494,317,374,1095,713,0,2
8681,289.367,132,car,0.8894,1003,70,1256,207,0,2
8681,289.367,122,car,0.8737,713,72,817,150,0,2
8681,289.367,150,person,0.7453,318,374,1095,713,0,2
8682,289.4,132,car,0.8999,1013,72,1269,209,0,2
8682,289.4,122,car,0.859,715,72,819,150,0,2
8682,289.4,150,person,0.7528,318,374,1095,713,0,2
8683,289.433,132,car,0.8874,1017,72,1277,211,0,2
8683,289.433,122,car,0.8678,717,72,823,151,0,2
8683,289.433,150,person,0.7685,317,373,1096,713,0,2
8684,289.467,132,car,0.8993,1019,73,1280,214,0,2
8684,289.467,122,car,0.8847,719,72,826,151,0,2
8684,289.467,150,person,0.7567,317,371,1097,713,0,2
8685,289.5,132,car,0.8878,1022,73,1280,217,0,2
8685,289.5,122,car,0.8906,720,71,829,151,0,2
8685,289.5,150,person,0.7848,318,373,1096,713,0,2
8686,289.533,132,car,0.8945,1027,73,1280,218,0,2
8686,289.533,122,car,0.8853,722,71,832,152,0,2
8686,289.533,150,person,0.7869,317,373,1096,713,0,2
8687,289.567,132,car,0.8641,1031,73,1280,218,0,2
8687,289.567,122,car,0.8879,725,71,834,152,0,2
8687,289.567,150,person,0.7872,315,371,1096,713,0,2
8688,289.6,132,car,0.8694,1035,73,1280,219,0,2
8688,289.6,122,car,0.88,726,70,838,152,0,2
8688,289.6,150,person,0.7384,315,371,1096,713,0,2
8689,289.633,132,car,0.8554,1042,74,1280,221,0,2
8689,289.633,122,car,0.8732,727,69,842,152,0,2
8689,289.633,150,person,0.7109,315,370,1097,713,0,2
8690,289.667,132,car,0.8407,1048,74,1280,221,0,2
8690,289.667,122,car,0.8633,728,67,845,151,0,2
8690,289.667,150,person,0.6713,315,370,1098,713,0,2
8691,289.7,132,car,0.8224,1064,75,1280,208,0,2
8691,289.7,122,car,0.8773,730,67,847,152,0,2
8692,289.733,132,car,0.8315,1078,78,1280,201,0,2
8692,289.733,122,car,0.8763,734,69,850,152,0,2
8693,289.767,132,car,0.8395,1085,79,1280,199,0,2
8693,289.767,122,car,0.8781,734,67,853,153,0,2
8693,289.767,150,person,0.6007,563,381,1264,711,0,2
8694,289.8,132,car,0.8088,1089,80,1280,201,0,2
8694,289.8,122,car,0.8445,736,67,856,153,0,2
8695,289.833,132,car,0.8121,1095,81,1280,205,0,2
8695,289.833,122,car,0.8529,737,66,862,154,0,2
8696,289.867,132,car,0.8137,1099,81,1280,207,0,2
8696,289.867,122,car,0.8341,738,66,864,155,0,2
8697,289.9,132,car,0.8223,1106,83,1280,210,0,2
8697,289.9,122,car,0.8136,739,64,870,157,0,2
8698,289.933,132,car,0.87,1115,87,1280,215,0,2
8698,289.933,122,car,0.8274,743,65,872,158,0,2
8698,289.933,150,person,0.6266,367,368,1104,713,0,2
8699,289.967,132,car,0.8887,1125,90,1280,215,0,2
8699,289.967,122,car,0.8384,746,66,875,158,0,2
8699,289.967,150,person,0.6552,344,368,1088,713,0,2
8700,290.0,132,car,0.8434,1138,97,1280,214,0,2
8700,290.0,122,car,0.8294,749,67,878,159,0,2
8700,290.0,150,person,0.6481,334,368,1083,713,0,2
8701,290.033,132,car,0.8088,1154,109,1280,214,0,2
8701,290.033,122,car,0.8097,751,66,883,160,0,2
8701,290.033,150,person,0.6864,329,369,1081,713,0,2
8702,290.067,132,car,0.8735,1165,115,1280,216,0,2
8702,290.067,122,car,0.8583,752,67,886,161,0,2
8702,290.067,150,person,0.7207,326,370,1080,713,0,2
8703,290.1,132,car,0.7556,1177,122,1280,218,0,2
8703,290.1,122,car,0.8145,753,64,891,162,0,2
8703,290.1,150,person,0.7008,325,370,1081,713,0,2
8704,290.133,132,car,0.605,1190,130,1280,221,0,2
8704,290.133,122,car,0.8555,758,69,893,163,0,2
8704,290.133,150,person,0.7025,322,370,1082,713,0,2
8705,290.167,122,car,0.8593,760,71,895,165,0,2
8705,290.167,150,person,0.6957,322,371,1082,713,0,2
8706,290.2,122,car,0.8761,763,71,899,166,0,2
8707,290.233,122,car,0.8538,766,71,904,167,0,2
8707,290.233,150,person,0.6505,322,373,1082,713,0,2
8708,290.267,122,car,0.8717,768,71,907,167,0,2
8709,290.3,122,car,0.8698,771,71,912,167,0,2
8710,290.333,122,car,0.8947,774,71,918,168,0,2
8710,290.333,150,person,0.6932,319,368,1094,714,0,2
8711,290.367,122,car,0.8692,775,70,922,168,0,2
8712,290.4,122,car,0.8943,777,69,927,169,0,2
8712,290.4,150,person,0.639,311,363,1098,714,0,2
8713,290.433,122,car,0.8917,778,69,933,171,0,2
8713,290.433,150,person,0.6592,312,369,1091,714,0,2
8714,290.467,122,car,0.8932,781,70,937,174,0,2
8715,290.5,122,car,0.8935,783,70,943,176,0,2
8715,290.5,150,person,0.7133,314,375,1083,713,0,2
8716,290.533,122,car,0.881,784,69,950,178,0,2
8716,290.533,150,person,0.7908,313,377,1081,713,0,2
8717,290.567,122,car,0.8861,786,67,955,179,0,2
8717,290.567,150,person,0.7748,312,378,1080,713,0,2
8718,290.6,122,car,0.8725,790,66,961,179,0,2
8718,290.6,150,person,0.7902,311,378,1081,713,0,2
8719,290.633,122,car,0.8699,793,66,968,181,0,2
8719,290.633,150,person,0.7807,312,379,1081,713,0,2
8720,290.667,122,car,0.8705,797,66,973,182,0,2
8720,290.667,150,person,0.8036,313,379,1083,713,0,2
8721,290.7,122,car,0.8594,800,65,979,183,0,2
8721,290.7,150,person,0.7385,313,377,1088,713,0,2
8722,290.733,122,car,0.8396,805,64,987,184,0,2
8722,290.733,150,person,0.6871,313,375,1095,713,0,2
8723,290.767,122,car,0.8588,807,64,993,185,0,2
8723,290.767,150,person,0.7388,313,374,1098,713,0,2
8724,290.8,122,car,0.8525,811,63,1000,185,0,2
8724,290.8,150,person,0.7168,314,373,1101,713,0,2
8725,290.833,122,car,0.8782,816,62,1008,185,0,2
8725,290.833,150,person,0.6526,314,371,1103,712,0,2
8726,290.867,122,car,0.8696,818,62,1014,187,0,2
8726,290.867,150,person,0.6157,314,370,1104,712,0,2
8727,290.9,122,car,0.8712,822,62,1021,190,0,2
8728,290.933,122,car,0.8784,826,62,1031,192,0,2
8729,290.967,122,car,0.8422,829,62,1038,194,0,2
8730,291.0,122,car,0.8785,832,62,1046,197,0,2
8731,291.033,122,car,0.8656,835,62,1055,199,0,2
8732,291.067,122,car,0.8731,837,62,1061,202,0,2
8732,291.067,150,person,0.6291,307,360,1119,713,0,2
8733,291.1,122,car,0.8815,841,62,1069,205,0,2
8733,291.1,150,person,0.6354,307,360,1118,713,0,2
8734,291.133,122,car,0.9018,846,63,1079,208,0,2
8734,291.133,150,person,0.6169,307,363,1111,712,0,2
8735,291.167,122,car,0.8583,848,63,1087,211,0,2
8735,291.167,150,person,0.6794,306,367,1104,712,0,2
8736,291.2,122,car,0.8687,853,64,1096,215,0,2
8736,291.2,150,person,0.7109,304,369,1098,713,0,2
8737,291.233,122,car,0.9112,858,65,1104,217,0,2
8737,291.233,150,person,0.6585,301,369,1095,713,0,2
8738,291.267,122,car,0.9153,859,66,1111,222,0,2
8738,291.267,150,person,0.6839,299,370,1093,713,0,2
8739,291.3,122,car,0.9015,864,69,1121,226,0,2
8739,291.3,150,person,0.7548,303,376,1085,713,0,2
8740,291.333,122,car,0.9146,869,70,1134,231,0,2
8740,291.333,150,person,0.8048,305,378,1081,713,0,2
8741,291.367,122,car,0.9214,872,70,1142,233,0,2
8741,291.367,150,person,0.8177,304,381,1079,713,0,2
8742,291.4,122,car,0.9148,878,71,1152,235,0,2
8742,291.4,150,person,0.8257,305,381,1079,713,0,2
8743,291.433,122,car,0.9054,885,71,1162,237,0,2
8743,291.433,150,person,0.8272,305,381,1080,713,0,2
8744,291.467,122,car,0.9075,889,72,1171,238,0,2
8744,291.467,150,person,0.8323,306,381,1081,713,0,2
8745,291.5,122,car,0.8995,898,72,1183,238,0,2
8745,291.5,150,person,0.8366,310,383,1080,714,0,2
8746,291.533,122,car,0.903,904,72,1195,239,0,2
8746,291.533,150,person,0.8587,312,384,1080,714,0,2
8747,291.567,122,car,0.8836,910,71,1206,240,0,2
8747,291.567,150,person,0.8441,313,385,1079,714,0,2
8748,291.6,122,car,0.8573,918,71,1218,239,0,2
8748,291.6,150,person,0.8349,314,385,1079,714,0,2
8749,291.633,122,car,0.8818,929,69,1234,237,0,2
8749,291.633,150,person,0.795,312,382,1085,714,0,2
8750,291.667,122,car,0.8535,937,67,1246,234,0,2
8750,291.667,150,person,0.8209,311,378,1088,713,0,2
8751,291.7,122,car,0.882,943,67,1255,232,0,2
8751,291.7,150,person,0.785,309,374,1096,714,0,2
8752,291.733,122,car,0.8361,946,67,1261,231,0,2
8752,291.733,150,person,0.7158,312,374,1098,714,0,2
8753,291.767,122,car,0.9027,949,67,1265,231,0,2
8753,291.767,150,person,0.6776,315,375,1098,713,0,2
8754,291.8,122,car,0.8937,951,69,1271,233,0,2
8754,291.8,150,person,0.706,318,375,1101,713,0,2
8755,291.833,122,car,0.8886,954,70,1275,234,0,2
8755,291.833,150,person,0.6612,319,373,1105,713,0,2
8756,291.867,122,car,0.9016,959,71,1278,234,0,2
8756,291.867,150,person,0.625,318,370,1110,713,0,2
8756,291.867,156,car,0.6919,296,146,358,185,0,2
8757,291.9,122,car,0.8887,962,73,1280,235,0,2
8757,291.9,150,person,0.6095,317,367,1114,714,0,2
8757,291.9,156,car,0.6451,277,152,339,192,0,2
8758,291.933,122,car,0.9009,967,74,1280,238,0,2
8758,291.933,150,person,0.6518,317,366,1117,714,0,2
8759,291.967,122,car,0.902,970,74,1280,239,0,2
8759,291.967,150,person,0.6554,319,366,1118,714,0,2
8760,292.0,122,car,0.8746,977,77,1280,239,0,2
8760,292.0,150,person,0.649,322,367,1118,714,0,2
8761,292.033,122,car,0.8675,985,77,1280,239,0,2
8761,292.033,150,person,0.7167,326,368,1119,713,0,2
8762,292.067,122,car,0.8715,992,78,1280,238,0,2
8762,292.067,150,person,0.6895,325,365,1122,713,0,2
8763,292.1,122,car,0.856,1002,79,1280,234,0,2
8763,292.1,150,person,0.6443,323,362,1127,713,0,2
8764,292.133,122,car,0.8586,1014,80,1280,232,0,2
8764,292.133,150,person,0.6168,322,361,1128,713,0,2
8765,292.167,122,car,0.8523,1021,81,1280,232,0,2
8766,292.2,122,car,0.8378,1032,83,1280,231,0,2
8766,292.2,150,person,0.6178,321,359,1129,713,0,2
8767,292.233,122,car,0.864,1043,87,1280,231,0,2
8767,292.233,150,person,0.687,322,361,1123,713,0,2
8768,292.267,122,car,0.8477,1051,88,1280,231,0,2
8768,292.267,150,person,0.6724,322,362,1121,713,0,2
8769,292.3,122,car,0.8522,1067,97,1280,231,0,2
8770,292.333,122,car,0.8382,1087,109,1280,231,0,2
8770,292.333,150,person,0.6491,323,365,1117,713,0,2
8771,292.367,122,car,0.8225,1101,118,1280,230,0,2
8771,292.367,150,person,0.6253,323,366,1115,713,0,2
8772,292.4,122,car,0.7563,1122,134,1280,231,0,2
8772,292.4,150,person,0.6126,325,367,1115,713,0,2
8773,292.433,122,car,0.6533,1145,152,1280,232,0,2
8773,292.433,150,person,0.6421,326,367,1115,713,0,2
8773,292.433,158,person,0.6,833,377,1117,711,0,2
8774,292.467,122,car,0.6287,1161,163,1279,233,0,2
8774,292.467,158,person,0.6255,833,378,1117,711,0,2
8775,292.5,158,person,0.648,833,379,1115,711,0,2
8776,292.533,158,person,0.6724,831,382,1113,711,0,2
8777,292.567,158,person,0.6225,831,385,1111,711,0,2
8779,292.633,-1,car,0.7014,320,154,361,186,0,2
8780,292.667,160,car,0.739,314,158,354,189,0,2
8780,292.667,158,person,0.6058,875,406,1138,709,0,2
8782,292.733,150,person,0.6576,387,390,1147,713,0,2
8783,292.767,161,car,0.6974,266,168,319,203,0,2
8784,292.8,158,person,0.6215,960,454,1189,711,0,2
8786,292.867,160,car,0.6119,304,165,343,193,0,2
8789,292.967,161,car,0.6033,258,175,309,208,0,2
8799,293.3,-1,car,0.6294,378,152,408,174,1,2
8802,293.4,-1,car,0.6314,352,158,387,182,0,2
8803,293.433,163,car,0.6862,344,160,382,186,0,2
8804,293.467,163,car,0.6993,338,161,376,187,0,2
8805,293.5,163,car,0.744,328,163,368,191,0,2
8806,293.533,163,car,0.7058,315,167,357,194,0,2
8806,293.533,164,car,0.6599,362,155,405,183,0,2
8807,293.567,163,car,0.6861,305,169,349,199,0,2
8807,293.567,164,car,0.7353,353,155,400,186,0,2
8808,293.6,163,car,0.7727,294,171,337,202,0,2
8808,293.6,164,car,0.7294,342,159,389,191,0,2
8809,293.633,163,car,0.7798,277,175,326,209,0,2
8809,293.633,164,car,0.7426,327,162,378,197,0,2
8810,293.667,164,car,0.6985,314,163,371,201,0,2
8811,293.7,164,car,0.76,301,168,360,207,0,2
8812,293.733,164,car,0.7166,285,171,345,213,0,2
8813,293.767,164,car,0.693,271,175,334,216,0,2
8813,293.767,166,car,0.6603,362,159,401,186,1,2
8813,293.767,167,person,0.6285,354,453,518,712,0,2
8814,293.8,164,car,0.7241,250,178,320,224,0,2
8814,293.8,166,car,0.6091,354,162,391,189,0,2
8815,293.833,164,car,0.6299,231,183,299,229,0,2
8815,293.833,166,car,0.6097,341,166,381,194,0,2
8817,293.9,166,car,0.7056,314,171,362,206,0,2
8818,293.933,166,car,0.6811,299,175,350,213,0,2
8819,293.967,166,car,0.7404,287,178,341,216,0,2
8832,294.4,-1,car,0.6397,347,170,386,195,0,2
8833,294.433,-1,car,0.699,333,174,375,201,0,2
8833,294.433,-1,person,0.6628,797,387,1118,709,0,2
8834,294.467,170,car,0.6706,327,175,370,203,0,2
8834,294.467,171,person,0.6713,794,387,1115,709,0,2
8835,294.5,170,car,0.657,314,177,360,208,0,2
8835,294.5,171,person,0.7049,790,387,1111,710,0,2
8836,294.533,170,car,0.7489,295,181,345,214,0,2
8850,295.0,-1,car,0.6004,346,167,376,191,0,2
8853,295.1,171,person,0.6602,495,361,919,713,0,2
8854,295.133,171,person,0.6461,464,361,943,713,0,2
8855,295.167,173,car,0.6938,307,169,349,198,0,2
8856,295.2,173,car,0.6572,297,170,341,201,0,2
8856,295.2,174,person,0.6527,791,368,1105,710,0,2
8857,295.233,173,car,0.6559,285,171,330,205,0,2
8857,295.233,174,person,0.6025,793,376,1101,710,0,2
8858,295.267,173,car,0.6906,275,173,321,206,0,2
8860,295.333,174,person,0.6219,789,377,1096,710,0,2
8860,295.333,173,car,0.6626,246,176,297,213,0,2
8861,295.367,174,person,0.6303,786,377,1094,710,0,2
8862,295.4,-1,car,0.6123,590,123,617,144,1,2
8863,295.433,176,car,0.6217,589,123,616,144,1,2
8864,295.467,176,car,0.6163,587,123,616,144,1,2
8865,295.5,176,car,0.6038,586,122,616,143,1,2
8873,295.767,171,person,0.6238,398,367,953,712,0,2
8874,295.8,171,person,0.6304,374,368,979,712,0,2
8875,295.833,171,person,0.6126,355,368,995,712,0,2
8877,295.9,171,person,0.6319,341,366,1010,712,0,2
8881,296.033,171,person,0.6586,331,366,1023,713,0,2
8882,296.067,171,person,0.6968,322,366,1032,713,0,2
8883,296.1,171,person,0.6719,315,365,1038,712,0,2
8883,296.1,177,truck,0.602,261,123,347,193,0,2
8884,296.133,171,person,0.6079,307,362,1043,712,0,2
8885,296.167,171,person,0.6512,302,361,1048,712,0,2
8887,296.233,171,person,0.6306,295,362,1047,712,0,2
8888,296.267,171,person,0.642,290,362,1048,712,0,2
8889,296.3,171,person,0.6637,287,362,1048,712,0,2
8893,296.433,-1,car,0.6024,565,125,593,143,1,2
8895,296.5,171,person,0.7092,271,363,1035,713,0,2
8896,296.533,181,car,0.6437,562,122,591,144,1,2
8896,296.533,171,person,0.7307,267,365,1034,713,0,2
8897,296.567,181,car,0.6377,562,122,591,144,1,2
8897,296.567,171,person,0.7014,266,365,1033,713,0,2
8898,296.6,171,person,0.666,265,367,1032,713,0,2
8898,296.6,182,car,0.6168,317,150,355,174,0,2
8899,296.633,171,person,0.7108,264,368,1031,713,0,2
8899,296.633,182,car,0.6314,307,151,349,176,0,2
8900,296.667,171,person,0.6685,264,369,1031,713,0,2
8901,296.7,171,person,0.6528,262,369,1031,714,0,2
8902,296.733,171,person,0.6587,261,369,1032,714,0,2
8903,296.767,171,person,0.6604,259,369,1033,714,0,2
8903,296.767,184,car,0.6649,266,158,310,186,0,2
8904,296.8,171,person,0.7124,258,369,1032,714,0,2
8904,296.8,184,car,0.6828,253,159,301,190,0,2
8904,296.8,181,car,0.6022,560,123,586,143,1,2
8905,296.833,171,person,0.6921,255,365,1038,714,0,2
8905,296.833,181,car,0.6163,560,123,585,143,1,2
8906,296.867,171,person,0.6946,254,362,1040,714,0,2
8906,296.867,181,car,0.6386,559,123,585,143,1,2
8907,296.9,171,person,0.7162,255,366,1035,714,0,2
8907,296.9,181,car,0.6228,558,123,584,143,1,2
8908,296.933,171,person,0.7236,255,366,1035,714,0,2
8909,296.967,171,person,0.709,256,366,1038,714,0,2
8910,297.0,171,person,0.727,256,366,1039,714,0,2
8911,297.033,171,person,0.7123,257,365,1040,714,0,2
8911,297.033,188,car,0.6824,242,159,285,186,0,2
8912,297.067,171,person,0.7175,257,365,1041,713,0,2
8913,297.1,171,person,0.7641,257,366,1040,713,0,2
8913,297.1,188,car,0.6104,224,159,270,189,0,2
8914,297.133,171,person,0.7663,256,366,1040,714,0,2
8915,297.167,171,person,0.7907,255,366,1040,714,0,2
8916,297.2,171,person,0.8132,254,365,1040,714,0,2
8916,297.2,184,car,0.6044,184,166,232,197,0,2
8917,297.233,171,person,0.8065,253,365,1040,714,0,2
8917,297.233,184,car,0.6532,173,167,221,199,0,2
8917,297.233,182,car,0.6612,239,146,295,182,0,2
8918,297.267,171,person,0.7793,254,366,1039,714,0,2
8918,297.267,181,car,0.6182,558,125,583,142,1,2
8919,297.3,171,person,0.7304,254,366,1040,714,0,2
8919,297.3,181,car,0.6121,558,123,583,142,1,2
8919,297.3,182,car,0.6296,225,147,282,185,0,2
8920,297.333,171,person,0.6733,254,366,1040,713,0,2
8920,297.333,181,car,0.6036,558,123,584,142,1,2
8920,297.333,182,car,0.6213,215,149,272,187,0,2
8921,297.367,171,person,0.6202,255,366,1041,713,0,2
8921,297.367,182,car,0.6195,208,150,264,189,0,2
8921,297.367,190,car,0.6267,603,117,633,136,1,2
8922,297.4,190,car,0.6491,605,117,634,136,1,2
8923,297.433,190,car,0.6601,606,117,635,135,1,2
8924,297.467,190,car,0.6585,607,117,637,135,1,2
8925,297.5,190,car,0.681,607,115,639,135,1,2
8925,297.5,171,person,0.6155,261,368,1042,713,0,2
8926,297.533,190,car,0.662,607,113,640,135,1,2
8926,297.533,171,person,0.6872,257,365,1043,713,0,2
8927,297.567,190,car,0.6775,607,113,641,135,1,2
8927,297.567,171,person,0.7414,255,363,1043,713,0,2
8927,297.567,192,car,0.6487,246,149,302,181,0,2
8927,297.567,181,car,0.641,561,121,589,141,1,2
8928,297.6,190,car,0.6749,609,113,641,134,1,2
8928,297.6,171,person,0.7459,253,362,1046,713,0,2
8928,297.6,181,car,0.6467,561,120,589,139,1,2
8929,297.633,190,car,0.6713,610,113,642,134,1,2
8929,297.633,171,person,0.7983,239,344,1069,714,0,2
8929,297.633,181,car,0.6286,562,120,590,138,1,2
8930,297.667,190,car,0.6815,613,113,643,134,1,2
8930,297.667,171,person,0.8421,234,336,1077,714,0,2
8930,297.667,181,car,0.6248,563,119,591,138,1,2
8931,297.7,190,car,0.6879,614,113,645,133,1,2
8931,297.7,171,person,0.8122,238,335,1079,714,0,2
8931,297.7,181,car,0.6241,563,119,590,136,1,2
8932,297.733,190,car,0.6667,615,112,645,131,1,2
8932,297.733,171,person,0.816,243,338,1075,714,0,2
8932,297.733,181,car,0.668,565,118,590,135,1,2
8933,297.767,190,car,0.6857,616,112,646,131,1,2
8933,297.767,171,person,0.8205,245,338,1074,715,0,2
8933,297.767,181,car,0.6641,565,118,590,134,1,2
8934,297.8,190,car,0.7141,617,112,647,131,1,2
8934,297.8,171,person,0.8313,246,338,1073,714,0,2
8934,297.8,181,car,0.6767,563,117,590,134,1,2
8935,297.833,190,car,0.7334,618,112,648,131,1,2
8935,297.833,171,person,0.8099,250,345,1062,715,0,2
8935,297.833,181,car,0.6946,563,117,591,134,1,2
8936,297.867,190,car,0.7106,617,111,649,131,1,2
8936,297.867,171,person,0.8087,254,350,1056,715,0,2
8936,297.867,181,car,0.7002,563,117,591,134,1,2
8937,297.9,190,car,0.6525,618,110,650,131,1,2
8937,297.9,171,person,0.8247,253,351,1051,715,0,2
8937,297.9,181,car,0.6765,565,115,592,134,1,2
8938,297.933,190,car,0.6234,618,110,651,130,1,2
8938,297.933,171,person,0.8243,253,352,1048,714,0,2
8938,297.933,181,car,0.6509,565,115,592,134,1,2
8939,297.967,171,person,0.8399,251,351,1047,714,0,2
8939,297.967,181,car,0.6732,565,115,592,134,1,2
8940,298.0,171,person,0.8292,250,351,1048,714,0,2
8940,298.0,181,car,0.6887,566,115,592,133,1,2
8940,298.0,190,car,0.6281,619,107,655,130,1,2
8941,298.033,171,person,0.7192,254,352,1046,714,0,2
8941,298.033,181,car,0.6928,565,115,593,134,1,2
8941,298.033,190,car,0.6518,621,107,656,130,1,2
8942,298.067,171,person,0.7359,255,353,1047,713,0,2
8942,298.067,181,car,0.7115,566,115,593,133,1,2
8942,298.067,190,car,0.7044,622,107,657,129,1,2
8943,298.1,171,person,0.773,254,352,1048,714,0,2
8943,298.1,181,car,0.7056,567,114,593,133,1,2
8943,298.1,190,car,0.662,623,107,657,129,1,2
8944,298.133,171,person,0.7639,251,350,1051,714,0,2
8944,298.133,181,car,0.6555,568,114,593,131,1,2
8944,298.133,190,car,0.7006,625,107,659,129,1,2
8945,298.167,171,person,0.7692,253,350,1050,714,0,2
8945,298.167,181,car,0.6632,568,114,593,130,1,2
8945,298.167,190,car,0.715,626,109,659,129,1,2
8946,298.2,171,person,0.7648,251,351,1049,714,0,2
8946,298.2,190,car,0.7339,629,110,661,130,1,2
8947,298.233,171,person,0.7775,248,346,1053,714,0,2
8947,298.233,190,car,0.7498,629,110,663,130,1,2
8948,298.267,171,person,0.7936,249,347,1049,714,0,2
8948,298.267,190,car,0.7525,629,110,664,130,1,2
8949,298.3,171,person,0.8328,251,350,1048,715,0,2
8949,298.3,190,car,0.7518,631,109,665,130,1,2
8950,298.333,171,person,0.8157,255,351,1046,715,0,2
8950,298.333,190,car,0.7442,632,110,666,130,1,2
8951,298.367,171,person,0.8286,255,350,1047,714,0,2
8951,298.367,190,car,0.7377,633,110,666,130,1,2
8952,298.4,171,person,0.8072,257,351,1047,715,0,2
8952,298.4,190,car,0.6997,633,109,669,130,1,2
8953,298.433,171,person,0.8278,258,349,1051,715,0,2
8953,298.433,190,car,0.7078,634,107,671,130,1,2
8953,298.433,192,car,0.6116,237,138,288,169,0,2
8954,298.467,171,person,0.8312,264,351,1049,713,0,2
8954,298.467,190,car,0.7158,635,107,672,129,1,2
8955,298.5,171,person,0.7515,265,349,1051,713,0,2
8955,298.5,190,car,0.6859,637,107,672,129,1,2
8955,298.5,181,car,0.6143,573,114,598,130,1,2
8956,298.533,171,person,0.8026,263,349,1051,713,0,2
8956,298.533,190,car,0.7384,638,107,673,128,1,2
8956,298.533,181,car,0.6653,570,113,600,131,1,2
8957,298.567,171,person,0.8323,263,346,1054,713,0,2
8957,298.567,190,car,0.7523,639,106,674,128,1,2
8957,298.567,181,car,0.6577,570,113,600,131,1,2
8958,298.6,171,person,0.8257,261,349,1050,714,0,2
8958,298.6,190,car,0.732,640,106,675,128,1,2
8958,298.6,181,car,0.6492,570,112,601,130,1,2
8959,298.633,171,person,0.7578,257,349,1048,714,0,2
8959,298.633,190,car,0.7436,640,106,678,128,1,2
8959,298.633,181,car,0.6646,570,111,602,130,1,2
8960,298.667,171,person,0.811,256,350,1046,714,0,2
8960,298.667,190,car,0.7449,641,105,679,128,1,2
8960,298.667,181,car,0.6489,570,110,602,130,1,2
8961,298.7,171,person,0.8134,254,351,1042,714,0,2
8961,298.7,190,car,0.7257,641,105,681,128,1,2
8961,298.7,181,car,0.6674,570,109,603,129,1,2
8962,298.733,171,person,0.8112,254,352,1040,714,0,2
8962,298.733,190,car,0.7206,643,105,682,128,1,2
8962,298.733,181,car,0.6641,571,109,603,129,1,2
8963,298.767,171,person,0.817,254,353,1038,714,0,2
8963,298.767,190,car,0.7814,645,104,683,128,1,2
8963,298.767,181,car,0.671,571,109,603,129,1,2
8964,298.8,171,person,0.8215,251,352,1040,715,0,2
8964,298.8,190,car,0.77,647,105,685,128,1,2
8964,298.8,181,car,0.6539,573,109,605,129,1,2
8965,298.833,171,person,0.8051,254,352,1041,715,0,2
8965,298.833,190,car,0.7813,649,105,687,128,1,2
8965,298.833,181,car,0.65,575,109,606,129,1,2
8966,298.867,171,person,0.781,254,350,1043,715,0,2
8966,298.867,190,car,0.7729,650,105,687,128,1,2
8966,298.867,181,car,0.623,575,109,607,129,1,2
8967,298.9,171,person,0.7787,256,349,1048,714,0,2
8967,298.9,190,car,0.7563,650,104,690,128,1,2
8967,298.9,181,car,0.6208,576,107,607,128,1,2
8968,298.933,171,person,0.7445,263,349,1053,713,0,2
8968,298.933,190,car,0.764,651,103,693,128,1,2
8969,298.967,171,person,0.7943,263,343,1062,713,0,2
8969,298.967,190,car,0.7705,653,103,694,128,1,2
8969,298.967,193,car,0.6236,310,129,347,154,0,2
8969,298.967,181,car,0.6598,577,106,608,128,1,2
8970,299.0,171,person,0.8353,264,341,1067,712,0,2
8970,299.0,190,car,0.7615,655,102,697,128,1,2
8970,299.0,193,car,0.6093,298,129,339,155,0,2
8970,299.0,181,car,0.6885,578,105,610,127,1,2
8971,299.033,171,person,0.8333,264,337,1073,712,0,2
8971,299.033,190,car,0.7057,656,101,699,127,1,2
8971,299.033,193,car,0.6534,285,129,327,157,0,2
8971,299.033,181,car,0.7216,578,104,610,127,1,2
8972,299.067,171,person,0.7921,259,331,1080,713,0,2
8972,299.067,190,car,0.7194,658,99,702,127,1,2
8972,299.067,193,car,0.704,272,130,322,162,0,2
8972,299.067,181,car,0.7459,581,104,611,126,1,2
8972,299.067,192,car,0.6392,214,136,265,168,0,2
8973,299.1,171,person,0.8581,265,335,1078,712,0,2
8973,299.1,190,car,0.7595,661,98,704,126,1,2
8973,299.1,193,car,0.7225,255,131,311,168,0,2
8973,299.1,181,car,0.717,582,105,610,126,1,2
8974,299.133,171,person,0.8415,263,331,1081,713,0,2
8974,299.133,190,car,0.787,662,97,706,126,1,2
8974,299.133,193,car,0.7595,239,134,293,168,0,2
8974,299.133,181,car,0.7112,583,104,611,123,1,2
8975,299.167,171,person,0.8112,264,331,1082,713,0,2
8975,299.167,190,car,0.8114,663,97,706,125,1,2
8975,299.167,193,car,0.6292,225,135,281,170,0,2
8975,299.167,181,car,0.6933,585,104,611,122,1,2
8976,299.2,171,person,0.7965,273,338,1075,712,0,2
8976,299.2,190,car,0.7814,665,96,707,123,0,2
8976,299.2,181,car,0.6733,585,101,614,120,1,2
8977,299.233,171,person,0.8667,272,333,1086,713,0,2
8977,299.233,190,car,0.7674,670,96,711,121,0,2
8977,299.233,181,car,0.6909,586,99,615,119,1,2
8978,299.267,171,person,0.8649,272,330,1089,713,0,2
8978,299.267,190,car,0.748,671,95,712,120,0,2
8978,299.267,181,car,0.7234,587,99,615,118,1,2
8979,299.3,171,person,0.8407,273,329,1094,713,0,2
8979,299.3,190,car,0.7685,674,95,713,119,0,2
8979,299.3,181,car,0.6827,589,98,616,117,1,2
8980,299.333,171,person,0.8113,279,336,1085,712,0,2
8980,299.333,190,car,0.7239,677,94,717,118,0,2
8980,299.333,181,car,0.613,590,97,617,115,1,2
8981,299.367,171,person,0.7938,279,337,1083,712,0,2
8981,299.367,190,car,0.7159,678,93,719,118,0,2
8982,299.4,171,person,0.8146,278,337,1086,712,0,2
8982,299.4,190,car,0.7752,680,90,722,117,0,2
8983,299.433,171,person,0.8542,271,327,1102,713,0,2
8983,299.433,190,car,0.7638,682,88,725,114,0,2
8983,299.433,181,car,0.6937,590,91,622,112,1,2
8984,299.467,171,person,0.8549,269,322,1106,713,0,2
8984,299.467,190,car,0.6977,683,88,727,114,0,2
8984,299.467,181,car,0.6552,590,90,622,112,1,2
8985,299.5,171,person,0.8686,265,319,1107,714,0,2
8985,299.5,190,car,0.7119,683,87,728,114,0,2
8985,299.5,181,car,0.6678,590,89,623,112,1,2
8986,299.533,171,person,0.8417,270,328,1095,713,0,2
8986,299.533,190,car,0.7547,686,86,731,113,0,2
8986,299.533,181,car,0.6625,591,88,623,111,1,2
8987,299.567,171,person,0.8353,272,331,1090,713,0,2
8987,299.567,190,car,0.7681,687,86,731,112,0,2
8987,299.567,181,car,0.6484,591,88,623,111,1,2
8988,299.6,171,person,0.847,270,328,1091,713,0,2
8988,299.6,190,car,0.7642,689,86,734,112,0,2
8988,299.6,181,car,0.6187,591,86,624,109,1,2
8989,299.633,171,person,0.8349,259,317,1104,714,0,2
8989,299.633,190,car,0.7596,691,85,736,112,0,2
8989,299.633,181,car,0.6348,592,86,624,107,1,2
8990,299.667,171,person,0.8306,259,314,1106,714,0,2
8990,299.667,190,car,0.7718,693,85,737,112,0,2
8990,299.667,181,car,0.6536,593,86,624,107,1,2
8991,299.7,171,person,0.8082,259,312,1107,714,0,2
8991,299.7,190,car,0.7907,693,83,739,112,0,2
8991,299.7,181,car,0.6616,593,85,624,106,1,2
8992,299.733,171,person,0.7917,273,325,1094,713,0,2
8992,299.733,190,car,0.7172,695,82,743,111,0,2
8992,299.733,181,car,0.6358,594,85,623,105,1,2
8993,299.767,171,person,0.8229,267,318,1101,714,0,2
8993,299.767,190,car,0.6914,696,80,745,111,0,2
8993,299.767,181,car,0.6711,594,85,623,104,1,2
8994,299.8,171,person,0.8149,275,326,1091,713,0,2
8994,299.8,190,car,0.6639,697,80,746,111,0,2
8994,299.8,181,car,0.721,594,85,623,104,1,2
8995,299.833,171,person,0.7831,280,333,1083,712,0,2
8995,299.833,181,car,0.6918,594,85,623,104,1,2
8995,299.833,195,car,0.6419,278,112,331,134,0,2
8996,299.867,171,person,0.709,281,336,1079,712,0,2
8996,299.867,181,car,0.7028,594,85,623,103,1,2
8996,299.867,195,car,0.6342,272,113,328,136,0,2
8996,299.867,190,car,0.6922,699,81,749,111,0,2
8997,299.9,171,person,0.7139,272,331,1081,713,0,2
8997,299.9,181,car,0.7258,594,83,623,103,1,2
8997,299.9,195,car,0.6683,258,113,320,139,0,2
8997,299.9,190,car,0.7546,702,81,751,111,0,2
8998,299.933,181,car,0.7521,593,83,623,103,1,2
8998,299.933,195,car,0.7216,242,114,313,144,0,2
8998,299.933,190,car,0.7063,703,81,753,111,0,2
8999,299.967,181,car,0.7407,593,83,623,104,1,2
8999,299.967,195,car,0.6612,232,115,306,146,0,2
8999,299.967,190,car,0.6917,705,81,753,110,0,2
8999,299.967,171,person,0.6335,273,336,1074,712,0,2
9000,300.0,181,car,0.6806,593,83,623,104,1,2
9000,300.0,190,car,0.7092,706,80,757,111,0,2
9001,300.033,181,car,0.6747,594,86,624,104,1,2
9001,300.033,190,car,0.7633,709,80,761,112,0,2
9001,300.033,171,person,0.6166,275,341,1070,712,0,2
9002,300.067,181,car,0.6226,595,86,624,105,1,2
9002,300.067,190,car,0.7542,710,79,763,113,0,2
9002,300.067,171,person,0.6528,272,338,1073,713,0,2
9003,300.1,190,car,0.7174,712,79,766,113,0,2
9003,300.1,171,person,0.7013,278,342,1070,713,0,2
9004,300.133,190,car,0.739,714,79,769,113,0,2
9005,300.167,190,car,0.7613,718,79,771,112,0,2
9006,300.2,190,car,0.7849,721,79,776,113,0,2
9006,300.2,181,car,0.6182,603,88,627,104,1,2
9006,300.2,171,person,0.7086,289,344,1079,713,0,2
9007,300.233,190,car,0.743,726,79,781,113,0,2
9007,300.233,181,car,0.7052,603,86,630,103,1,2
9007,300.233,171,person,0.7454,290,343,1083,712,0,2
9008,300.267,190,car,0.7467,728,79,784,113,0,2
9008,300.267,181,car,0.6749,605,86,632,103,1,2
9008,300.267,171,person,0.7705,293,342,1087,712,0,2
9009,300.3,190,car,0.7578,734,79,787,112,0,2
9009,300.3,171,person,0.7182,294,339,1095,712,0,2
9010,300.333,190,car,0.7431,739,79,794,112,0,2
9010,300.333,171,person,0.7731,297,338,1103,713,0,2
9011,300.367,190,car,0.6501,742,78,799,113,0,2
9011,300.367,171,person,0.7746,299,338,1106,713,0,2
9012,300.4,190,car,0.7002,746,78,802,113,0,2
9012,300.4,171,person,0.811,302,337,1111,713,0,2
9013,300.433,171,person,0.7804,307,339,1113,713,0,2
9013,300.433,181,car,0.6019,615,86,643,104,1,2
9014,300.467,171,person,0.7977,309,341,1112,713,0,2
9014,300.467,190,car,0.6784,753,79,810,113,0,2
9015,300.5,171,person,0.7944,310,342,1112,713,0,2
9015,300.5,190,car,0.6872,757,79,815,114,0,2
9016,300.533,171,person,0.7715,309,341,1112,713,0,2
9016,300.533,190,car,0.7297,761,79,819,114,0,2
9017,300.567,171,person,0.8114,306,339,1112,713,0,2
9017,300.567,190,car,0.718,763,79,823,114,0,2
9018,300.6,171,person,0.8108,303,337,1113,713,0,2
9018,300.6,190,car,0.6857,768,79,829,114,0,2
9018,300.6,181,car,0.636,622,83,651,103,1,2
9019,300.633,171,person,0.8043,303,337,1112,712,0,2
9019,300.633,190,car,0.7029,770,79,832,115,0,2
9020,300.667,171,person,0.78,306,339,1111,712,0,2
9020,300.667,190,car,0.739,774,80,835,117,0,2
9021,300.7,171,person,0.7527,310,341,1112,712,0,2
9021,300.7,190,car,0.6796,777,81,839,117,0,2
9022,300.733,171,person,0.8097,315,344,1111,712,0,2
9023,300.767,171,person,0.8182,318,346,1109,713,0,2
9023,300.767,190,car,0.6577,783,81,846,119,0,2
9024,300.8,171,person,0.8315,314,341,1117,713,0,2
9025,300.833,171,person,0.8279,313,338,1118,713,0,2
9025,300.833,181,car,0.6404,624,87,656,107,1,2
9025,300.833,190,car,0.7894,787,82,853,121,0,2
9026,300.867,171,person,0.8297,318,342,1113,712,0,2
9026,300.867,196,car,0.7438,288,122,342,157,0,2
9026,300.867,181,car,0.6496,625,88,655,107,1,2
9026,300.867,190,car,0.8231,789,83,855,121,0,2
9027,300.9,171,person,0.779,320,345,1109,713,0,2
9027,300.9,196,car,0.6364,271,126,326,161,0,2
9027,300.9,181,car,0.6131,624,88,655,109,1,2
9027,300.9,190,car,0.7336,792,85,857,121,0,2
9028,300.933,171,person,0.7691,318,344,1109,712,0,2
9028,300.933,181,car,0.647,623,88,654,109,1,2
9028,300.933,190,car,0.6863,793,83,862,123,0,2
9029,300.967,171,person,0.7983,315,344,1106,712,0,2
9029,300.967,181,car,0.6312,623,89,654,109,1,2
9029,300.967,190,car,0.7051,793,83,866,125,0,2
9030,301.0,171,person,0.7795,314,345,1103,712,0,2
9030,301.0,181,car,0.6015,621,89,653,109,1,2
9030,301.0,190,car,0.7291,795,83,870,126,0,2
9031,301.033,171,person,0.7386,312,347,1098,712,0,2
9031,301.033,181,car,0.665,618,88,650,110,1,2
9031,301.033,190,car,0.7261,798,85,872,127,0,2
9032,301.067,171,person,0.8034,311,349,1096,712,0,2
9032,301.067,181,car,0.6044,617,88,649,110,1,2
9032,301.067,190,car,0.734,800,85,875,128,0,2
9033,301.1,171,person,0.7438,307,349,1093,713,0,2
9033,301.1,190,car,0.7349,800,83,880,128,0,2
9034,301.133,171,person,0.6549,304,347,1091,713,0,2
9035,301.167,171,person,0.7055,301,346,1090,712,0,2
9035,301.167,190,car,0.6132,805,83,885,129,0,2
9036,301.2,171,person,0.7333,297,345,1090,712,0,2
9036,301.2,190,car,0.6921,807,82,889,129,0,2
9037,301.233,171,person,0.7467,296,343,1094,712,0,2
9037,301.233,190,car,0.6872,810,83,891,129,0,2
9037,301.233,198,car,0.6631,341,111,378,138,0,2
9038,301.267,171,person,0.7627,294,342,1096,712,0,2
9038,301.267,190,car,0.7037,813,85,894,130,0,2
9038,301.267,198,car,0.6659,336,112,373,138,0,2
9039,301.3,171,person,0.8024,293,339,1098,712,0,2
9039,301.3,190,car,0.6247,814,86,896,131,0,2
9039,301.3,198,car,0.6805,326,114,363,142,0,2
9039,301.3,181,car,0.6395,607,87,642,111,1,2
9040,301.333,171,person,0.8473,294,342,1097,713,0,2
9040,301.333,190,car,0.6234,819,87,901,133,0,2
9040,301.333,198,car,0.7325,314,117,353,144,0,2
9040,301.333,181,car,0.644,605,87,640,112,1,2
9041,301.367,171,person,0.8643,289,335,1106,713,0,2
9041,301.367,190,car,0.7386,822,88,905,134,0,2
9041,301.367,198,car,0.7252,306,118,345,146,0,2
9041,301.367,181,car,0.6765,605,88,639,112,1,2
9042,301.4,171,person,0.8493,287,339,1097,713,0,2
9042,301.4,190,car,0.771,823,87,910,135,0,2
9042,301.4,198,car,0.7964,293,120,335,151,0,2
9042,301.4,181,car,0.6684,603,88,639,112,1,2
9043,301.433,171,person,0.8489,282,335,1101,714,0,2
9043,301.433,190,car,0.7828,824,87,915,136,0,2
9043,301.433,198,car,0.6548,278,122,323,155,0,2
9043,301.433,181,car,0.6725,602,88,638,113,1,2
9044,301.467,171,person,0.8507,278,330,1102,714,0,2
9044,301.467,190,car,0.8533,826,87,919,137,0,2
9044,301.467,198,car,0.6899,266,123,315,158,0,2
9044,301.467,181,car,0.6703,601,88,637,113,1,2
9045,301.5,171,person,0.8363,282,339,1086,713,0,2
9045,301.5,190,car,0.7719,830,88,925,138,0,2
9045,301.5,198,car,0.6877,250,126,302,162,0,2
9045,301.5,181,car,0.6421,601,89,634,114,1,2
9046,301.533,171,person,0.8234,278,333,1094,713,0,2
9046,301.533,190,car,0.8038,834,88,930,139,0,2
9046,301.533,181,car,0.6416,600,89,633,114,1,2
9047,301.567,171,person,0.839,281,338,1086,713,0,2
9047,301.567,190,car,0.847,838,89,935,141,0,2
9047,301.567,181,car,0.6052,600,90,632,113,1,2
9047,301.567,198,car,0.6263,223,130,274,166,0,2
9048,301.6,171,person,0.8331,285,342,1082,713,0,2
9048,301.6,190,car,0.8102,841,89,941,142,0,2
9048,301.6,181,car,0.6317,600,89,630,112,1,2
9049,301.633,171,person,0.8465,285,343,1081,713,0,2
9049,301.633,190,car,0.8378,846,90,947,144,0,2
9049,301.633,181,car,0.619,600,90,629,111,1,2
9050,301.667,171,person,0.8468,283,343,1081,713,0,2
9050,301.667,190,car,0.8869,849,90,953,145,0,2
9051,301.7,171,person,0.8187,282,343,1081,713,0,2
9051,301.7,190,car,0.8668,854,90,960,146,0,2
9052,301.733,171,person,0.8385,280,337,1090,713,0,2
9052,301.733,190,car,0.8563,859,93,968,150,0,2
9053,301.767,171,person,0.821,281,342,1083,713,0,2
9053,301.767,190,car,0.8811,863,93,974,151,0,2
9054,301.8,171,person,0.8112,282,344,1079,712,0,2
9054,301.8,190,car,0.8672,869,93,982,152,0,2
9054,301.8,181,car,0.6327,595,89,626,112,1,2
9055,301.833,171,person,0.8283,279,338,1088,713,0,2
9055,301.833,190,car,0.9027,874,94,991,154,0,2
9055,301.833,181,car,0.6501,594,88,626,113,1,2
9056,301.867,171,person,0.8336,278,335,1093,713,0,2
9056,301.867,190,car,0.9118,878,94,998,155,0,2
9056,301.867,181,car,0.6794,593,87,627,113,1,2
9057,301.9,171,person,0.7798,282,341,1085,712,0,2
9057,301.9,190,car,0.8767,886,95,1006,157,0,2
9057,301.9,181,car,0.6591,592,87,627,113,1,2
9058,301.933,171,person,0.7867,283,343,1083,712,0,2
9058,301.933,190,car,0.8855,891,95,1018,159,0,2
9058,301.933,181,car,0.6475,592,86,629,114,1,2
9059,301.967,171,person,0.7631,286,343,1085,712,0,2
9059,301.967,190,car,0.8984,895,95,1026,161,0,2
9059,301.967,181,car,0.623,592,86,629,114,1,2
9060,302.0,171,person,0.7284,287,343,1088,712,0,2
9060,302.0,190,car,0.8572,903,95,1038,163,0,2
9061,302.033,171,person,0.7093,290,341,1095,712,0,2
9061,302.033,190,car,0.87,912,96,1048,166,0,2
9062,302.067,171,person,0.6904,291,341,1097,712,0,2
9062,302.067,190,car,0.8332,918,97,1056,168,0,2
9063,302.1,171,person,0.6946,293,343,1093,712,0,2
9063,302.1,190,car,0.8818,925,98,1069,170,0,2
9064,302.133,171,person,0.7519,291,343,1094,712,0,2
9064,302.133,190,car,0.8602,935,99,1080,173,0,2
9065,302.167,171,person,0.7229,289,342,1093,712,0,2
9065,302.167,190,car,0.8701,941,99,1091,175,0,2
9066,302.2,171,person,0.6249,287,343,1088,712,0,2
9066,302.2,190,car,0.8732,949,101,1106,179,0,2
9067,302.233,190,car,0.7983,958,102,1122,183,0,2
9068,302.267,190,car,0.8531,965,103,1133,185,0,2
9069,302.3,190,car,0.8064,975,104,1146,189,0,2
9069,302.3,171,person,0.7268,274,344,1075,713,0,2
9070,302.333,190,car,0.8459,984,104,1167,194,0,2
9070,302.333,171,person,0.7334,272,344,1072,714,0,2
9070,302.333,181,car,0.6306,590,97,617,118,1,2
9071,302.367,190,car,0.8645,993,105,1182,198,0,2
9071,302.367,171,person,0.7297,272,344,1071,714,0,2
9071,302.367,181,car,0.6487,590,97,617,119,1,2
9072,302.4,190,car,0.8474,1006,106,1199,201,0,2
9072,302.4,171,person,0.6142,274,345,1070,713,0,2
9072,302.4,181,car,0.6927,589,97,617,119,1,2
9073,302.433,190,car,0.8329,1021,109,1219,206,0,2
9073,302.433,181,car,0.7133,587,97,617,119,1,2
9074,302.467,190,car,0.8859,1031,109,1233,207,0,2
9074,302.467,181,car,0.7242,587,97,617,118,1,2
9075,302.5,190,car,0.857,1048,111,1255,210,0,2
9075,302.5,181,car,0.7418,587,97,617,119,1,2
9076,302.533,190,car,0.8651,1059,113,1272,215,0,2
9076,302.533,181,car,0.722,586,97,616,119,1,2
9076,302.533,171,person,0.6555,269,338,1077,712,0,2
9077,302.567,190,car,0.9064,1067,115,1280,219,0,2
9077,302.567,181,car,0.7083,586,97,616,119,1,2
9078,302.6,190,car,0.8767,1075,118,1280,223,0,2
9078,302.6,181,car,0.6848,585,98,616,119,1,2
9079,302.633,190,car,0.8766,1081,121,1280,232,0,2
9079,302.633,181,car,0.6352,585,98,616,119,1,2
9080,302.667,190,car,0.8623,1091,123,1280,232,0,2
9080,302.667,181,car,0.6261,585,98,616,119,1,2
9081,302.7,190,car,0.7395,1118,127,1280,221,0,2
9081,302.7,181,car,0.6106,585,98,615,119,1,2
9081,302.7,171,person,0.6069,262,339,1072,713,0,2
9082,302.733,190,car,0.8712,1136,133,1280,219,0,2
9082,302.733,181,car,0.663,585,98,615,119,1,2
9083,302.767,190,car,0.8369,1149,136,1280,219,0,2
9083,302.767,181,car,0.6794,585,98,615,119,1,2
9084,302.8,190,car,0.7717,1161,143,1280,227,0,2
9084,302.8,181,car,0.7131,586,98,615,119,1,2
9084,302.8,171,person,0.7212,256,325,1091,713,0,2
9085,302.833,181,car,0.7318,585,98,616,120,1,2
9085,302.833,171,person,0.6776,267,331,1087,713,0,2
9086,302.867,181,car,0.7231,584,98,617,121,1,2
9086,302.867,171,person,0.686,271,334,1085,713,0,2
9087,302.9,181,car,0.7121,583,98,617,122,1,2
9087,302.9,171,person,0.6268,267,329,1087,713,0,2
9088,302.933,181,car,0.7259,583,98,617,122,1,2
9088,302.933,171,person,0.6592,270,334,1079,714,0,2
9089,302.967,181,car,0.7298,582,98,617,123,1,2
9089,302.967,171,person,0.638,267,336,1074,714,0,2
9090,303.0,181,car,0.7221,582,98,617,125,1,2
9090,303.0,171,person,0.7075,267,337,1070,713,0,2
9091,303.033,181,car,0.6706,583,98,616,122,1,2
9091,303.033,171,person,0.7064,264,337,1069,714,0,2
9092,303.067,181,car,0.6836,583,98,616,123,1,2
9092,303.067,171,person,0.6517,263,335,1071,713,0,2
9093,303.1,181,car,0.6914,583,98,617,123,1,2
9093,303.1,171,person,0.7197,261,335,1070,714,0,2
9094,303.133,181,car,0.6455,582,98,617,125,1,2
9094,303.133,171,person,0.829,249,322,1082,714,0,2
9095,303.167,181,car,0.6507,582,98,617,125,1,2
9095,303.167,171,person,0.8187,246,318,1085,714,0,2
9096,303.2,181,car,0.6551,582,98,617,125,1,2
9096,303.2,171,person,0.8779,254,331,1065,714,0,2
9097,303.233,181,car,0.6583,582,98,617,126,1,2
9097,303.233,171,person,0.7266,261,341,1051,713,0,2
9098,303.267,181,car,0.6726,582,99,617,126,1,2
9098,303.267,171,person,0.6735,263,344,1045,713,0,2
9099,303.3,181,car,0.682,581,99,618,127,1,2
9099,303.3,171,person,0.7855,262,347,1040,713,0,2
9100,303.333,181,car,0.612,582,101,617,128,1,2
9100,303.333,171,person,0.7728,258,345,1039,713,0,2
9101,303.367,181,car,0.6079,582,101,617,128,1,2
9101,303.367,171,person,0.7569,256,345,1039,713,0,2
9102,303.4,181,car,0.6074,583,103,616,128,1,2
9102,303.4,171,person,0.7259,256,345,1040,713,0,2
9103,303.433,181,car,0.6063,584,104,616,128,1,2
9103,303.433,171,person,0.6751,259,347,1041,713,0,2
9104,303.467,171,person,0.6568,262,346,1045,713,0,2
9105,303.5,171,person,0.828,261,345,1048,713,0,2
9106,303.533,171,person,0.8207,264,346,1053,713,0,2
9107,303.567,171,person,0.8631,264,343,1058,714,0,2
9108,303.6,171,person,0.806,270,345,1061,714,0,2
9109,303.633,171,person,0.8236,272,345,1063,714,0,2
9110,303.667,171,person,0.8339,274,346,1062,714,0,2
9111,303.7,171,person,0.8272,275,347,1061,714,0,2
9112,303.733,171,person,0.8091,272,344,1063,714,0,2
9113,303.767,171,person,0.7872,270,342,1064,714,0,2
9114,303.8,171,person,0.7633,269,342,1065,714,0,2
9114,303.8,181,car,0.636,586,112,613,130,1,2
9115,303.833,171,person,0.7593,269,341,1066,714,0,2
9116,303.867,171,person,0.7627,267,341,1069,714,0,2
9116,303.867,181,car,0.6358,586,113,614,131,1,2
9117,303.9,171,person,0.7711,270,344,1064,714,0,2
9117,303.9,181,car,0.6564,585,113,615,134,1,2
9118,303.933,171,person,0.8197,271,347,1058,714,0,2
9118,303.933,181,car,0.6892,584,112,615,134,1,2
9119,303.967,171,person,0.8229,273,352,1053,714,0,2
9119,303.967,181,car,0.6699,584,112,616,135,1,2
9120,304.0,171,person,0.6268,277,357,1047,713,0,2
9120,304.0,181,car,0.6506,585,113,616,135,1,2
9121,304.033,171,person,0.6592,275,359,1043,712,0,2
9121,304.033,181,car,0.6559,586,113,616,134,1,2
9122,304.067,171,person,0.6439,274,360,1042,713,0,2
9122,304.067,181,car,0.6678,587,114,617,134,1,2
9123,304.1,181,car,0.7103,587,113,617,133,1,2
9124,304.133,181,car,0.6921,589,113,617,131,1,2
9124,304.133,171,person,0.6475,266,353,1053,713,0,2
9125,304.167,181,car,0.6798,589,113,617,131,1,2
9125,304.167,171,person,0.674,262,349,1057,713,0,2
9126,304.2,171,person,0.8461,248,337,1071,714,0,2
9127,304.233,171,person,0.7617,250,339,1069,714,0,2
9128,304.267,171,person,0.7248,256,344,1064,713,0,2
9129,304.3,171,person,0.7456,259,346,1067,713,0,2
9130,304.333,171,person,0.6861,249,333,1086,714,0,2
9131,304.367,171,person,0.6287,259,337,1086,713,0,2
9134,304.467,171,person,0.6183,509,349,1254,709,0,2
9136,304.533,171,person,0.6239,568,355,1258,709,0,2
9139,304.633,171,person,0.6458,347,346,1074,711,0,2
9140,304.667,171,person,0.6595,310,350,1048,712,0,2
9141,304.7,171,person,0.7473,287,342,1050,714,0,2
9142,304.733,171,person,0.7709,285,347,1048,713,0,2
9143,304.767,171,person,0.7349,282,349,1051,713,0,2
9144,304.8,171,person,0.6655,282,350,1058,713,0,2
9145,304.833,171,person,0.6591,281,349,1065,713,0,2
9146,304.867,171,person,0.6479,279,347,1072,713,0,2
9148,304.933,171,person,0.6258,280,352,1070,713,0,2
9149,304.967,171,person,0.6198,278,352,1072,713,0,2
9150,305.0,171,person,0.6721,273,351,1074,713,0,2
9151,305.033,171,person,0.6837,271,351,1074,713,0,2
9152,305.067,171,person,0.7077,270,352,1074,713,0,2
9153,305.1,171,person,0.7196,270,352,1077,712,0,2
9154,305.133,171,person,0.7162,274,357,1075,712,0,2
9155,305.167,171,person,0.7189,274,358,1077,712,0,2
9156,305.2,171,person,0.7533,278,361,1077,713,0,2
9157,305.233,171,person,0.6938,279,362,1078,713,0,2
9157,305.233,201,car,0.7153,253,152,293,178,0,2
9158,305.267,171,person,0.6909,279,363,1079,713,0,2
9158,305.267,201,car,0.6921,246,154,282,179,0,2
9159,305.3,171,person,0.6502,275,362,1081,713,0,2
9159,305.3,201,car,0.7518,230,158,270,185,0,2
9160,305.333,171,person,0.662,271,361,1083,713,0,2
9160,305.333,201,car,0.6211,208,162,253,191,0,2
9161,305.367,171,person,0.6995,267,359,1086,713,0,2
9161,305.367,201,car,0.7059,194,163,243,195,0,2
9162,305.4,171,person,0.6886,267,360,1085,713,0,2
9163,305.433,171,person,0.6857,264,360,1085,713,0,2
9164,305.467,171,person,0.6635,263,361,1082,713,0,2
9165,305.5,171,person,0.6774,261,361,1082,713,0,2
9168,305.6,171,person,0.6127,261,361,1082,712,0,2
9169,305.633,171,person,0.6152,264,366,1079,712,0,2
9170,305.667,171,person,0.6039,264,367,1079,712,0,2
9174,305.8,-1,car,0.662,598,119,632,143,1,2
9175,305.833,202,car,0.6792,599,119,632,143,1,2
9176,305.867,202,car,0.6667,599,119,633,143,1,2
9177,305.9,202,car,0.6512,600,120,634,143,1,2
9178,305.933,202,car,0.6208,601,120,634,143,1,2
9179,305.967,202,car,0.6046,602,120,634,143,1,2
9180,306.0,-1,car,0.726,281,155,329,184,0,2
9181,306.033,202,car,0.6008,603,121,634,143,1,2
9182,306.067,204,car,0.7159,255,158,306,192,0,2
9183,306.1,204,car,0.693,238,162,289,197,0,2
9184,306.133,204,car,0.6606,213,168,269,205,0,2
9186,306.2,-1,car,0.6303,323,145,360,169,0,2
9188,306.267,-1,car,0.6091,311,145,349,176,0,2
9190,306.333,-1,car,0.6703,358,146,390,168,0,2
9191,306.367,207,car,0.6113,355,146,387,168,0,2
9192,306.4,207,car,0.6667,347,147,381,169,0,2
9192,306.4,202,car,0.6619,607,115,643,141,1,2
9193,306.433,207,car,0.6451,337,149,373,173,0,2
9193,306.433,208,car,0.7748,257,155,311,189,0,2
9193,306.433,202,car,0.6443,607,115,643,141,1,2
9194,306.467,208,car,0.713,250,157,306,191,0,2
9194,306.467,202,car,0.6466,608,115,643,141,1,2
9195,306.5,208,car,0.6827,234,159,294,195,0,2
9195,306.5,202,car,0.695,609,117,645,142,1,2
9196,306.533,208,car,0.6646,215,161,281,202,0,2
9196,306.533,202,car,0.7007,610,118,645,142,1,2
9197,306.567,202,car,0.6784,611,119,646,142,1,2
9197,306.567,209,car,0.6627,298,159,337,186,0,2
9198,306.6,202,car,0.6698,613,118,646,141,1,2
9198,306.6,171,person,0.6274,279,379,1079,713,0,2
9198,306.6,208,car,0.6011,183,167,256,213,0,2
9199,306.633,202,car,0.6725,613,117,648,141,1,2
9200,306.667,202,car,0.6837,613,115,648,141,1,2
9200,306.667,210,car,0.75,251,166,307,201,0,2
9201,306.7,202,car,0.6552,613,115,649,141,1,2
9201,306.7,210,car,0.6689,233,170,291,207,0,2
9202,306.733,202,car,0.7041,611,114,650,142,1,2
9203,306.767,202,car,0.6869,611,114,650,142,1,2
9204,306.8,202,car,0.7388,613,114,650,142,1,2
9205,306.833,202,car,0.779,613,114,650,143,1,2
9206,306.867,202,car,0.7869,613,114,650,143,1,2
9206,306.867,171,person,0.6021,265,373,1086,713,0,2
9207,306.9,202,car,0.7717,613,114,651,143,1,2
9207,306.9,171,person,0.6046,263,370,1089,713,0,2
9208,306.933,202,car,0.751,615,115,650,142,1,2
9209,306.967,202,car,0.7466,615,115,650,142,1,2
9210,307.0,202,car,0.7659,615,115,651,142,1,2
9210,307.0,209,car,0.69,315,157,354,183,0,2
9211,307.033,202,car,0.7336,616,115,653,142,1,2
9211,307.033,209,car,0.7066,305,158,346,185,0,2
9211,307.033,171,person,0.6521,274,377,1088,712,0,2
9212,307.067,202,car,0.735,617,117,653,142,1,2
9212,307.067,209,car,0.6691,297,158,342,187,0,2
9212,307.067,171,person,0.6205,274,377,1090,713,0,2
9213,307.1,202,car,0.7557,618,117,653,142,1,2
9213,307.1,209,car,0.7191,285,160,331,192,0,2
9213,307.1,171,person,0.6325,278,379,1090,713,0,2
9214,307.133,202,car,0.749,619,117,655,142,1,2
9214,307.133,171,person,0.6377,280,381,1091,712,0,2
9215,307.167,202,car,0.7471,621,117,656,141,1,2
9215,307.167,171,person,0.6899,278,381,1091,712,0,2
9216,307.2,202,car,0.7273,622,115,657,141,1,2
9216,307.2,171,person,0.6779,275,381,1091,712,0,2
9217,307.233,202,car,0.7151,622,114,658,139,1,2
9217,307.233,171,person,0.689,273,382,1090,712,0,2
9218,307.267,202,car,0.7018,623,113,659,139,1,2
9218,307.267,171,person,0.6699,271,381,1090,712,0,2
9219,307.3,202,car,0.7278,624,114,661,139,1,2
9220,307.333,202,car,0.7285,624,114,661,141,1,2
9221,307.367,202,car,0.7189,625,114,661,141,1,2
9222,307.4,202,car,0.7225,625,114,662,141,1,2
9223,307.433,202,car,0.7035,625,114,662,141,1,2
9223,307.433,171,person,0.6325,263,392,1065,714,0,2
9224,307.467,202,car,0.7095,626,114,662,141,1,2
9224,307.467,171,person,0.6036,261,392,1064,714,0,2
9225,307.5,202,car,0.7142,626,114,663,141,1,2
9226,307.533,202,car,0.7173,626,113,664,141,1,2
9226,307.533,171,person,0.6032,263,392,1069,714,0,2
9227,307.567,202,car,0.7258,626,112,665,141,1,2
9227,307.567,171,person,0.6252,266,392,1072,714,0,2
9228,307.6,202,car,0.7004,627,112,666,141,1,2
9229,307.633,202,car,0.699,630,113,667,139,1,2
9230,307.667,202,car,0.7157,631,113,669,139,1,2
9231,307.7,202,car,0.733,631,113,670,139,1,2
9232,307.733,202,car,0.7259,632,112,671,139,1,2
9233,307.767,202,car,0.7136,632,112,671,138,1,2
9234,307.8,202,car,0.6962,633,113,671,138,1,2
9235,307.833,202,car,0.6826,633,111,672,138,1,2
9236,307.867,202,car,0.6657,632,109,673,137,1,2
9237,307.9,202,car,0.6785,633,106,675,136,1,2
9237,307.9,171,person,0.6004,275,389,1090,713,0,2
9238,307.933,202,car,0.7284,634,104,679,135,1,2
9239,307.967,202,car,0.7518,634,103,680,135,1,2
9239,307.967,171,person,0.6237,272,386,1095,713,0,2
9240,308.0,202,car,0.7525,637,102,682,134,1,2
9240,308.0,171,person,0.7284,271,386,1096,713,0,2
9241,308.033,202,car,0.7956,639,101,683,133,1,2
9241,308.033,171,person,0.7332,270,386,1096,713,0,2
9242,308.067,202,car,0.7894,640,101,685,133,1,2
9242,308.067,171,person,0.7626,267,385,1098,713,0,2
9243,308.1,202,car,0.7927,641,99,686,131,1,2
9243,308.1,171,person,0.7408,264,384,1099,713,0,2
9244,308.133,202,car,0.7575,643,99,688,130,1,2
9244,308.133,171,person,0.7642,264,384,1099,712,0,2
9245,308.167,202,car,0.7683,645,98,689,130,1,2
9245,308.167,171,person,0.7407,263,385,1099,712,0,2
9246,308.2,202,car,0.8062,646,97,690,130,1,2
9246,308.2,171,person,0.713,264,385,1099,712,0,2
9247,308.233,202,car,0.7313,648,96,691,128,1,2
9247,308.233,171,person,0.7789,265,384,1103,712,0,2
9248,308.267,202,car,0.6734,649,96,693,128,1,2
9248,308.267,171,person,0.7327,262,382,1107,712,0,2
9249,308.3,202,car,0.656,653,96,695,127,1,2
9249,308.3,171,person,0.8018,261,377,1117,712,0,2
9250,308.333,202,car,0.7239,655,94,698,126,1,2
9250,308.333,171,person,0.753,259,370,1130,713,0,2
9251,308.367,202,car,0.7393,656,93,699,126,1,2
9251,308.367,171,person,0.7505,262,367,1137,713,0,2
9252,308.4,202,car,0.7586,659,94,702,125,1,2
9252,308.4,171,person,0.7674,256,357,1153,714,0,2
9253,308.433,202,car,0.7739,662,95,703,125,1,2
9253,308.433,171,person,0.7428,257,350,1162,714,0,2
9254,308.467,202,car,0.7426,664,95,704,123,1,2
9254,308.467,171,person,0.731,271,358,1153,714,0,2
9255,308.5,202,car,0.7355,664,91,709,123,0,2
9255,308.5,171,person,0.7137,272,354,1157,714,0,2
9256,308.533,202,car,0.6871,664,88,712,123,0,2
9256,308.533,171,person,0.7698,280,357,1154,713,0,2
9257,308.567,202,car,0.7395,665,87,714,122,0,2
9257,308.567,171,person,0.7821,282,357,1155,713,0,2
9258,308.6,202,car,0.7522,667,86,715,121,0,2
9258,308.6,171,person,0.7813,282,355,1154,713,0,2
9259,308.633,202,car,0.712,670,87,717,121,0,2
9259,308.633,171,person,0.7819,281,354,1154,713,0,2
9260,308.667,202,car,0.7458,670,87,718,121,0,2
9260,308.667,171,person,0.7712,282,354,1152,713,0,2
9261,308.7,202,car,0.6715,672,87,718,120,0,2
9261,308.7,171,person,0.7622,281,354,1150,713,0,2
9262,308.733,202,car,0.6995,673,87,719,120,0,2
9262,308.733,171,person,0.7797,280,354,1147,713,0,2
9263,308.767,202,car,0.72,673,86,721,120,0,2
9263,308.767,171,person,0.7925,279,354,1144,713,0,2
9264,308.8,202,car,0.7676,674,86,722,121,0,2
9264,308.8,171,person,0.8011,279,355,1138,713,0,2
9265,308.833,202,car,0.748,675,86,723,121,0,2
9265,308.833,171,person,0.817,277,355,1135,713,0,2
9266,308.867,202,car,0.7575,677,87,723,121,0,2
9266,308.867,171,person,0.7937,271,351,1137,713,0,2
9267,308.9,202,car,0.7476,678,86,726,121,0,2
9267,308.9,171,person,0.7895,275,354,1130,713,0,2
9268,308.933,202,car,0.7627,679,86,728,122,0,2
9268,308.933,171,person,0.7923,279,357,1127,713,0,2
9269,308.967,202,car,0.7601,679,87,728,123,0,2
9269,308.967,171,person,0.799,280,358,1126,713,0,2
9270,309.0,202,car,0.7128,680,87,729,123,0,2
9270,309.0,171,person,0.8108,283,359,1125,713,0,2
9271,309.033,202,car,0.723,681,87,731,123,0,2
9271,309.033,171,person,0.7882,287,361,1123,713,0,2
9272,309.067,202,car,0.7508,681,87,733,125,0,2
9272,309.067,171,person,0.7551,288,362,1121,713,0,2
9273,309.1,202,car,0.7842,683,87,734,125,0,2
9273,309.1,171,person,0.762,291,366,1115,713,0,2
9274,309.133,202,car,0.7305,685,88,736,126,0,2
9274,309.133,171,person,0.6854,294,370,1106,712,0,2
9275,309.167,202,car,0.7217,687,89,737,127,0,2
9275,309.167,171,person,0.7206,295,375,1099,712,0,2
9276,309.2,202,car,0.7259,688,89,738,127,0,2
9276,309.2,171,person,0.6805,296,378,1094,712,0,2
9277,309.233,202,car,0.7407,689,90,739,127,0,2
9277,309.233,171,person,0.6809,296,382,1090,712,0,2
9278,309.267,202,car,0.7382,690,90,741,127,0,2
9278,309.267,171,person,0.6635,294,383,1087,712,0,2
9279,309.3,202,car,0.7482,691,90,742,128,0,2
9279,309.3,171,person,0.6706,291,383,1086,712,0,2
9280,309.333,202,car,0.7386,691,89,743,127,0,2
9280,309.333,171,person,0.7454,293,383,1090,712,0,2
9281,309.367,202,car,0.7412,693,89,745,127,0,2
9281,309.367,171,person,0.7372,293,382,1093,711,0,2
9282,309.4,202,car,0.7851,694,89,746,127,0,2
9282,309.4,171,person,0.7758,291,382,1096,711,0,2
9283,309.433,202,car,0.7911,695,89,747,127,0,2
9283,309.433,171,person,0.7619,291,381,1098,711,0,2
9284,309.467,202,car,0.7913,696,89,749,127,0,2
9284,309.467,171,person,0.7338,289,378,1103,711,0,2
9285,309.5,202,car,0.7618,697,89,750,127,0,2
9285,309.5,171,person,0.7262,288,377,1104,711,0,2
9286,309.533,202,car,0.7939,697,89,751,128,0,2
9286,309.533,171,person,0.7113,287,376,1105,711,0,2
9287,309.567,202,car,0.7814,697,89,752,129,0,2
9287,309.567,171,person,0.6679,287,377,1104,711,0,2
9288,309.6,202,car,0.7626,698,89,753,129,0,2
9288,309.6,171,person,0.6838,288,379,1102,711,0,2
9289,309.633,202,car,0.7397,699,89,755,129,0,2
9289,309.633,171,person,0.7289,288,379,1101,711,0,2
9290,309.667,202,car,0.7434,701,89,757,129,0,2
9290,309.667,171,person,0.7796,289,382,1099,711,0,2
9291,309.7,202,car,0.7207,702,89,758,129,0,2
9291,309.7,171,person,0.762,289,382,1099,711,0,2
9292,309.733,202,car,0.7266,703,89,760,130,0,2
9292,309.733,171,person,0.7972,289,382,1102,711,0,2
9293,309.767,202,car,0.6846,704,89,762,130,0,2
9293,309.767,171,person,0.7706,288,382,1103,711,0,2
9294,309.8,202,car,0.671,705,89,763,130,0,2
9294,309.8,171,person,0.7886,288,379,1107,712,0,2
9295,309.833,202,car,0.654,706,88,765,130,0,2
9295,309.833,171,person,0.7583,283,375,1113,712,0,2
9296,309.867,202,car,0.7158,706,88,767,130,0,2
9296,309.867,171,person,0.7723,282,373,1118,712,0,2
9297,309.9,202,car,0.7706,707,87,768,130,0,2
9297,309.9,171,person,0.7252,283,371,1119,711,0,2
9298,309.933,202,car,0.7699,709,87,770,130,0,2
9298,309.933,171,person,0.6835,281,370,1121,711,0,2
9299,309.967,202,car,0.7799,710,87,771,130,0,2
9299,309.967,171,person,0.617,282,371,1118,711,0,2
9300,310.0,202,car,0.8387,712,87,774,131,0,2
9300,310.0,171,person,0.6159,282,375,1110,711,0,2
9301,310.033,202,car,0.8547,713,88,776,131,0,2
9301,310.033,171,person,0.7489,285,381,1099,711,0,2
9302,310.067,202,car,0.8435,714,88,777,131,0,2
9302,310.067,171,person,0.696,285,383,1095,711,0,2
9302,310.067,215,car,0.6015,633,91,664,112,1,2
9303,310.1,202,car,0.8045,715,88,778,131,0,2
9303,310.1,171,person,0.7247,281,383,1095,711,0,2
9304,310.133,202,car,0.7685,717,87,782,131,0,2
9304,310.133,171,person,0.7613,279,382,1096,712,0,2
9304,310.133,215,car,0.61,634,93,665,113,1,2
9305,310.167,202,car,0.774,717,87,783,131,0,2
9305,310.167,171,person,0.7689,280,382,1098,711,0,2
9306,310.2,202,car,0.7721,718,86,786,133,0,2
9306,310.2,171,person,0.6135,277,377,1105,711,0,2
9306,310.2,215,car,0.6107,634,91,666,112,1,2
9307,310.233,202,car,0.7926,721,86,789,133,0,2
9307,310.233,171,person,0.6932,280,376,1110,711,0,2
9307,310.233,215,car,0.6263,635,91,667,113,1,2
9308,310.267,202,car,0.8002,722,86,791,133,0,2
9308,310.267,171,person,0.7005,281,376,1112,711,0,2
9308,310.267,215,car,0.6173,635,91,669,113,1,2
9309,310.3,202,car,0.8281,725,86,794,133,0,2
9309,310.3,171,person,0.7141,280,373,1120,711,0,2
9309,310.3,215,car,0.6467,635,90,669,113,1,2
9310,310.333,202,car,0.8041,727,85,798,134,0,2
9310,310.333,171,person,0.7133,280,371,1122,712,0,2
9310,310.333,215,car,0.6277,635,90,670,113,1,2
9311,310.367,202,car,0.8026,728,85,800,134,0,2
9311,310.367,171,person,0.7109,280,370,1123,712,0,2
9311,310.367,215,car,0.6273,635,90,670,113,1,2
9312,310.4,202,car,0.8302,729,83,802,134,0,2
9312,310.4,171,person,0.7118,280,370,1121,712,0,2
9312,310.4,215,car,0.6196,635,90,670,113,1,2
9313,310.433,202,car,0.8094,730,83,805,134,0,2
9313,310.433,171,person,0.6742,278,370,1119,711,0,2
9313,310.433,215,car,0.6178,638,90,671,113,1,2
9314,310.467,202,car,0.8182,731,83,807,135,0,2
9314,310.467,171,person,0.6473,277,369,1118,711,0,2
9315,310.5,202,car,0.8118,734,82,810,135,0,2
9316,310.533,202,car,0.86,736,82,814,135,0,2
9316,310.533,215,car,0.6405,640,91,671,113,1,2
9316,310.533,171,person,0.6714,273,367,1121,711,0,2
9317,310.567,202,car,0.8154,738,82,816,135,0,2
9317,310.567,215,car,0.6408,640,91,671,113,1,2
9317,310.567,171,person,0.6189,273,366,1123,711,0,2
9318,310.6,202,car,0.7894,741,81,821,136,0,2
9318,310.6,215,car,0.6116,640,91,672,113,1,2
9318,310.6,171,person,0.6054,275,366,1122,711,0,2
9319,310.633,202,car,0.8433,743,81,823,136,0,2
9319,310.633,215,car,0.6171,640,91,672,113,1,2
9319,310.633,171,person,0.6617,279,370,1115,711,0,2
9320,310.667,202,car,0.8544,745,81,825,136,0,2
9320,310.667,215,car,0.6245,640,91,672,113,1,2
9321,310.7,202,car,0.762,747,82,829,137,0,2
9321,310.7,215,car,0.6165,640,91,672,113,1,2
9322,310.733,202,car,0.8636,749,82,831,138,0,2
9322,310.733,215,car,0.6291,639,90,673,113,1,2
9323,310.767,202,car,0.8366,752,83,833,138,0,2
9323,310.767,215,car,0.6306,639,90,673,113,1,2
9324,310.8,202,car,0.8376,755,83,838,138,0,2
9324,310.8,215,car,0.6516,639,90,674,113,1,2
9325,310.833,202,car,0.863,758,83,842,139,0,2
9325,310.833,215,car,0.6526,640,90,674,113,1,2
9326,310.867,202,car,0.8321,760,83,846,139,0,2
9326,310.867,215,car,0.6383,641,90,674,113,1,2
9326,310.867,171,person,0.6492,277,378,1098,711,0,2
9327,310.9,202,car,0.8299,761,83,849,141,0,2
9327,310.9,215,car,0.655,641,91,674,113,1,2
9327,310.9,171,person,0.7038,272,374,1104,711,0,2
9328,310.933,202,car,0.811,763,82,854,142,0,2
9328,310.933,215,car,0.6362,642,91,675,113,1,2
9328,310.933,171,person,0.6755,272,374,1106,711,0,2
9329,310.967,202,car,0.8457,766,82,857,142,0,2
9329,310.967,215,car,0.6572,642,91,677,114,1,2
9329,310.967,171,person,0.6695,274,375,1105,711,0,2
9330,311.0,202,car,0.7939,769,82,863,144,0,2
9330,311.0,215,car,0.674,643,91,678,113,1,2
9330,311.0,171,person,0.6013,277,376,1106,711,0,2
9331,311.033,202,car,0.7659,774,83,867,144,0,2
9331,311.033,215,car,0.6255,645,91,678,113,1,2
9331,311.033,171,person,0.6315,280,378,1105,711,0,2
9332,311.067,202,car,0.8114,777,83,871,145,0,2
9332,311.067,215,car,0.6303,645,91,679,113,1,2
9333,311.1,202,car,0.8671,779,83,877,145,0,2
9333,311.1,215,car,0.6199,646,90,680,114,1,2
9334,311.133,202,car,0.7867,782,82,883,146,0,2
9334,311.133,215,car,0.6528,646,91,680,114,1,2
9335,311.167,202,car,0.8389,786,83,887,147,0,2
9335,311.167,215,car,0.6655,646,91,680,114,1,2
9336,311.2,202,car,0.8365,789,82,893,149,0,2
9336,311.2,215,car,0.6042,648,94,680,114,1,2
9337,311.233,202,car,0.8582,792,82,899,150,0,2
9337,311.233,215,car,0.6048,648,94,679,114,1,2
9338,311.267,202,car,0.8554,794,83,903,151,0,2
9338,311.267,215,car,0.6269,648,93,681,114,1,2
9338,311.267,171,person,0.6863,282,383,1101,711,0,2
9339,311.3,202,car,0.864,798,82,909,152,0,2
9339,311.3,215,car,0.6469,648,94,681,115,1,2
9339,311.3,171,person,0.6846,281,383,1101,712,0,2
9340,311.333,202,car,0.887,801,82,915,152,0,2
9340,311.333,215,car,0.7074,648,93,682,115,1,2
9341,311.367,202,car,0.8687,805,82,919,152,0,2
9341,311.367,215,car,0.6943,647,93,682,115,1,2
9342,311.4,202,car,0.8414,808,81,926,153,0,2
9342,311.4,215,car,0.7208,647,91,683,117,1,2
9343,311.433,202,car,0.8019,813,80,933,154,0,2
9343,311.433,215,car,0.6519,648,91,683,117,1,2
9344,311.467,202,car,0.8372,815,80,939,154,0,2
9344,311.467,215,car,0.6453,649,91,685,115,1,2
9345,311.5,202,car,0.8611,819,79,945,155,0,2
9345,311.5,215,car,0.6177,649,91,685,117,1,2
9346,311.533,202,car,0.8708,824,79,954,157,0,2
9346,311.533,215,car,0.6715,649,91,686,115,1,2
9347,311.567,202,car,0.854,829,79,960,158,0,2
9347,311.567,215,car,0.6642,650,91,686,115,1,2
9348,311.6,202,car,0.8778,833,79,969,160,0,2
9348,311.6,215,car,0.6439,650,91,686,117,1,2
9348,311.6,171,person,0.6011,265,381,1094,711,0,2
9349,311.633,202,car,0.8739,839,80,978,162,0,2
9349,311.633,215,car,0.6585,650,90,688,115,1,2
9349,311.633,171,person,0.6126,266,379,1098,711,0,2
9350,311.667,202,car,0.8682,842,80,985,163,0,2
9350,311.667,215,car,0.6538,650,89,689,115,1,2
9350,311.667,171,person,0.6446,269,381,1101,711,0,2
9351,311.7,202,car,0.8524,849,81,995,166,0,2
9351,311.7,215,car,0.6553,651,89,690,115,1,2
9352,311.733,202,car,0.8563,856,82,1005,168,0,2
9352,311.733,215,car,0.6593,654,90,690,115,1,2
9353,311.767,202,car,0.8533,862,82,1011,168,0,2
9353,311.767,215,car,0.6685,655,90,691,115,1,2
9354,311.8,202,car,0.8547,869,82,1023,170,0,2
9354,311.8,215,car,0.6741,656,91,691,117,1,2
9355,311.833,202,car,0.8674,875,83,1034,173,0,2
9355,311.833,215,car,0.7019,656,91,694,118,1,2
9355,311.833,171,person,0.6001,274,381,1105,711,0,2
9356,311.867,202,car,0.8525,880,83,1045,176,0,2
9356,311.867,215,car,0.6976,656,93,694,118,1,2
9356,311.867,171,person,0.6264,277,382,1105,711,0,2
9357,311.9,202,car,0.8525,883,83,1058,181,0,2
9357,311.9,215,car,0.6754,656,93,694,119,1,2
9357,311.9,171,person,0.6625,275,383,1103,711,0,2
9358,311.933,202,car,0.8444,889,85,1067,184,0,2
9358,311.933,215,car,0.6875,653,94,689,119,1,2
9359,311.967,202,car,0.8464,889,83,1075,186,0,2
9359,311.967,215,car,0.6799,649,94,687,120,1,2
9359,311.967,171,person,0.6288,267,383,1098,712,0,2
9360,312.0,202,car,0.8211,889,85,1080,190,0,2
9360,312.0,215,car,0.7018,640,95,680,122,1,2
9361,312.033,202,car,0.8183,883,86,1082,194,0,2
9361,312.033,215,car,0.7596,629,97,670,126,1,2
9362,312.067,202,car,0.8052,880,88,1081,198,0,2
9362,312.067,215,car,0.7026,618,97,659,126,1,2
9363,312.1,202,car,0.8404,873,89,1079,201,0,2
9363,312.1,215,car,0.7826,603,101,642,129,1,2
9364,312.133,202,car,0.7408,863,93,1073,206,0,2
9365,312.167,202,car,0.8351,855,94,1070,209,0,2
9365,312.167,216,car,0.7698,566,106,607,135,1,2
9366,312.2,202,car,0.8696,842,96,1067,215,0,2
9367,312.233,202,car,0.8034,830,98,1065,224,0,2
9368,312.267,202,car,0.8055,825,101,1062,225,0,2
9368,312.267,218,car,0.7263,512,114,551,144,1,2
9369,312.3,202,car,0.8485,817,103,1058,230,0,2
9370,312.333,202,car,0.7858,821,105,1047,222,0,2
9370,312.333,219,car,0.7863,477,120,521,147,1,2
9371,312.367,202,car,0.8364,811,104,1049,227,0,2
9371,312.367,219,car,0.7939,469,121,512,149,1,2
9372,312.4,202,car,0.8655,815,103,1047,222,0,2
9372,312.4,219,car,0.7549,455,120,501,150,1,2
9373,312.433,202,car,0.852,821,103,1050,219,0,2
9373,312.433,219,car,0.7544,441,121,488,152,1,2
9374,312.467,202,car,0.8252,822,104,1049,217,0,2
9374,312.467,219,car,0.704,434,123,480,153,1,2
9375,312.5,202,car,0.7766,821,105,1047,221,0,2
9375,312.5,219,car,0.6705,424,123,473,155,1,2
9376,312.533,202,car,0.7383,818,105,1048,223,0,2
9376,312.533,219,car,0.7365,416,125,466,157,1,2
9377,312.567,202,car,0.7173,819,105,1049,225,0,2
9377,312.567,219,car,0.7339,411,125,462,158,1,2
9378,312.6,219,car,0.7232,407,125,457,158,1,2
9379,312.633,219,car,0.7501,403,125,454,158,1,2
9380,312.667,219,car,0.7284,402,125,453,158,1,2
9381,312.7,219,car,0.7304,403,125,453,158,1,2
9382,312.733,219,car,0.7386,406,122,456,157,1,2
9383,312.767,219,car,0.7445,408,121,461,157,1,2
9384,312.8,219,car,0.7391,415,120,467,155,1,2
9385,312.833,219,car,0.7998,425,119,478,153,1,2
9386,312.867,219,car,0.8065,434,118,486,152,1,2
9387,312.9,219,car,0.7942,447,115,499,151,1,2
9388,312.933,219,car,0.7945,462,113,515,150,1,2
9389,312.967,219,car,0.8122,473,112,527,149,1,2
9390,313.0,218,car,0.7731,498,111,547,149,1,2
9391,313.033,218,car,0.7851,510,111,560,149,1,2
9392,313.067,218,car,0.7674,519,110,571,149,1,2
9393,313.1,218,car,0.769,536,110,587,147,1,2
9394,313.133,216,car,0.7677,561,109,616,146,1,2
9395,313.167,216,car,0.7645,566,109,622,146,1,2
9396,313.2,216,car,0.7239,578,107,635,146,1,2
9397,313.233,216,car,0.7543,593,106,653,145,1,2
9398,313.267,216,car,0.753,603,105,664,146,1,2
9399,313.3,216,car,0.7046,617,105,679,146,1,2
9400,313.333,216,car,0.742,631,104,693,146,1,2
9401,313.367,216,car,0.755,639,104,703,146,1,2
9402,313.4,216,car,0.7304,649,103,715,149,1,2
9403,313.433,216,car,0.7655,661,103,727,147,1,2
9404,313.467,216,car,0.7487,669,103,734,146,1,2
9405,313.5,216,car,0.7711,678,103,743,146,1,2
9406,313.533,216,car,0.7621,686,102,753,146,0,2
9407,313.567,216,car,0.7141,690,102,760,147,0,2
9408,313.6,216,car,0.7703,697,101,768,149,0,2
9409,313.633,216,car,0.8226,704,101,777,150,0,2
9410,313.667,216,car,0.7882,709,101,783,150,0,2
9411,313.7,216,car,0.8234,714,101,790,150,0,2
9412,313.733,216,car,0.6254,720,99,797,150,0,2
9413,313.767,216,car,0.8102,723,99,801,151,0,2
9414,313.8,216,car,0.8816,728,99,808,151,0,2
9415,313.833,216,car,0.8451,733,99,816,153,0,2
9416,313.867,216,car,0.8916,737,99,821,153,0,2
9417,313.9,216,car,0.8526,743,99,827,154,0,2
9418,313.933,216,car,0.856,747,99,835,155,0,2
9419,313.967,216,car,0.8683,752,99,841,157,0,2
9420,314.0,216,car,0.9022,757,99,850,158,0,2
9421,314.033,216,car,0.8922,763,99,859,160,0,2
9422,314.067,216,car,0.9093,768,99,866,161,0,2
9423,314.1,216,car,0.8444,775,99,874,161,0,2
9424,314.133,216,car,0.8619,781,99,886,163,0,2
9425,314.167,216,car,0.8349,785,99,894,165,0,2
9426,314.2,216,car,0.8217,792,99,904,167,0,2
9427,314.233,216,car,0.8371,800,99,915,168,0,2
9428,314.267,216,car,0.8279,806,101,923,169,0,2
9429,314.3,216,car,0.7189,815,101,936,171,0,2
9430,314.333,216,car,0.8404,825,101,951,174,0,2
9431,314.367,216,car,0.8235,831,99,963,176,0,2
9432,314.4,216,car,0.7271,840,101,978,179,0,2
9433,314.433,216,car,0.6172,851,99,998,183,0,2
9436,314.533,216,car,0.6009,889,101,1050,191,0,2
9439,314.633,216,car,0.6811,929,103,1113,205,0,2
9440,314.667,216,car,0.6246,939,104,1134,209,0,2
9441,314.7,216,car,0.8239,957,105,1161,215,0,2
9442,314.733,216,car,0.7935,977,105,1197,222,0,2
9443,314.767,216,car,0.822,991,106,1222,227,0,2
9444,314.8,216,car,0.7071,1008,107,1258,239,0,2
9445,314.833,216,car,0.8216,1039,109,1267,225,0,2
9446,314.867,216,car,0.828,1057,109,1273,218,0,2
9447,314.9,216,car,0.7737,1073,113,1280,219,0,2
9448,314.933,216,car,0.6931,1090,115,1280,223,0,2
9449,314.967,216,car,0.6847,1106,115,1280,221,0,2
9498,316.6,-1,person,0.6347,311,410,1086,713,0,2
9499,316.633,221,person,0.6409,310,413,1079,713,0,2
9546,318.2,-1,person,0.6127,794,423,1094,712,0,2
9547,318.233,222,person,0.6428,794,421,1096,712,0,2
9548,318.267,222,person,0.6498,794,419,1097,712,0,2
9549,318.3,222,person,0.6316,793,418,1097,712,0,2
9551,318.367,222,person,0.6001,798,417,1103,712,0,2
9569,318.967,222,person,0.6246,638,385,1067,711,0,2
9570,319.0,222,person,0.7171,603,386,1097,711,0,2
9571,319.033,222,person,0.6968,581,389,1122,711,0,2
9572,319.067,222,person,0.7573,563,390,1144,712,0,2
9573,319.1,222,person,0.7244,549,390,1162,712,0,2
9574,319.133,222,person,0.7319,536,389,1177,712,0,2
9575,319.167,222,person,0.7183,527,389,1190,712,0,2
9576,319.2,222,person,0.6009,518,387,1202,712,0,2
9577,319.233,222,person,0.6164,510,385,1213,713,0,2
9578,319.267,222,person,0.63,502,384,1221,713,0,2
9579,319.3,222,person,0.6394,496,383,1229,713,0,2
9581,319.367,222,person,0.6074,491,382,1235,712,0,2
9582,319.4,222,person,0.6044,487,382,1240,712,0,2
9583,319.433,222,person,0.633,482,383,1242,712,0,2
9584,319.467,222,person,0.6139,479,383,1246,712,0,2
9585,319.5,222,person,0.6361,477,385,1246,712,0,2
9586,319.533,222,person,0.6802,473,387,1243,712,0,2
9587,319.567,222,person,0.6791,470,390,1242,712,0,2
9630,321.0,-1,person,0.604,320,435,1070,713,0,2
9637,321.233,-1,person,0.6044,321,437,1065,713,0,2
9644,321.467,-1,person,0.6085,323,441,1065,713,0,2
9646,321.533,-1,person,0.6108,337,446,1073,713,0,2
9678,322.6,-1,truck,0.6158,833,104,926,151,0,2
9679,322.633,227,truck,0.6747,833,103,929,152,0,2
9680,322.667,227,truck,0.6111,833,104,931,153,0,2
9681,322.7,227,truck,0.6822,832,102,936,154,0,2
9682,322.733,227,truck,0.6888,833,102,941,155,0,2
9683,322.767,227,truck,0.6886,834,102,943,157,0,2
9684,322.8,227,truck,0.7171,835,102,945,159,0,2
9685,322.833,227,truck,0.7294,838,103,950,161,0,2
9686,322.867,227,truck,0.7233,840,103,953,161,0,2
9687,322.9,227,car,0.6655,841,103,957,163,0,2
9688,322.933,227,car,0.6932,845,104,962,166,0,2
9689,322.967,227,car,0.7128,847,105,967,168,0,2
9690,323.0,227,car,0.7866,849,105,974,170,0,2
9691,323.033,227,car,0.7937,854,105,982,171,0,2
9691,323.033,229,person,0.607,312,434,489,712,0,2
9692,323.067,227,car,0.755,858,105,985,171,0,2
9693,323.1,227,car,0.7287,863,105,992,173,0,2
9694,323.133,227,car,0.7289,869,104,1000,173,0,2
9695,323.167,227,car,0.7717,871,104,1007,175,0,2
9696,323.2,227,car,0.7411,873,103,1018,178,0,2
9697,323.233,227,car,0.6802,879,103,1029,181,0,2
9698,323.267,227,car,0.6945,883,103,1035,182,0,2
9700,323.333,227,car,0.6275,896,102,1058,187,0,2
9701,323.367,227,car,0.659,901,102,1067,190,0,2
9702,323.4,227,car,0.6844,907,101,1081,192,0,2
9703,323.433,227,car,0.6002,917,101,1097,195,0,2
9704,323.467,227,truck,0.6293,922,101,1109,199,0,2
9705,323.5,227,car,0.7229,931,101,1125,203,0,2
9706,323.533,227,car,0.7132,941,101,1144,208,0,2
9707,323.567,227,car,0.8263,950,102,1159,211,0,2
9708,323.6,227,car,0.7511,960,102,1178,216,0,2
9710,323.667,227,car,0.7399,981,103,1218,229,0,2
9711,323.7,231,person,0.6086,331,447,1016,714,0,2
9711,323.7,227,truck,0.6409,993,104,1243,235,0,2
9713,323.767,227,car,0.6722,1010,104,1280,249,0,2
9714,323.8,227,car,0.807,1023,105,1280,251,0,2
9715,323.833,227,car,0.8137,1029,105,1280,262,0,2
9716,323.867,227,car,0.7757,1047,107,1280,254,0,2
9717,323.9,227,car,0.7965,1059,109,1280,256,0,2
9718,323.933,227,car,0.8331,1079,111,1280,254,0,2
9719,323.967,227,car,0.8606,1095,112,1280,253,0,2
9720,324.0,227,car,0.8934,1114,118,1280,257,0,2
9722,324.067,231,person,0.6109,335,445,1026,713,0,2
9738,324.6,-1,person,0.613,326,422,507,712,0,2
9740,324.667,231,person,0.651,338,445,1032,714,0,2
9741,324.7,-1,car,0.6461,687,102,731,144,1,2
9742,324.733,233,car,0.6068,694,113,728,145,1,2
9743,324.767,233,car,0.6636,693,112,729,146,1,2
9743,324.767,231,person,0.6345,344,446,1042,715,0,2
9744,324.8,233,car,0.7192,694,113,730,147,1,2
9744,324.8,231,person,0.6256,345,448,1041,715,0,2
9745,324.833,233,car,0.6924,694,114,730,149,1,2
9746,324.867,233,car,0.6652,695,115,731,149,1,2
9747,324.9,233,car,0.6839,696,117,731,149,1,2
9748,324.933,233,car,0.6012,696,117,733,150,1,2
9756,325.2,231,person,0.6699,334,451,1024,714,0,2
9757,325.233,233,car,0.7193,702,119,747,159,1,2
9758,325.267,233,car,0.7652,702,120,749,160,1,2
9759,325.3,233,car,0.763,703,120,750,160,1,2
9760,325.333,233,car,0.6948,705,121,752,161,1,2
9761,325.367,233,car,0.7371,707,121,754,161,1,2
9762,325.4,233,car,0.7184,709,122,758,163,1,2
9763,325.433,233,car,0.6539,710,122,761,166,1,2
9764,325.467,233,car,0.6105,710,122,763,166,1,2
9765,325.5,-1,car,0.609,634,129,656,153,1,2
9767,325.567,-1,car,0.6125,634,130,657,153,1,2
9768,325.6,236,car,0.671,634,129,657,154,1,2
9768,325.6,233,car,0.6166,717,126,775,174,1,2
9769,325.633,236,car,0.6687,634,130,657,154,1,2
9769,325.633,233,car,0.661,719,126,779,175,1,2
9770,325.667,236,car,0.6883,634,130,658,155,1,2
9770,325.667,233,car,0.6403,720,127,781,176,1,2
9771,325.7,236,car,0.6746,634,129,658,155,1,2
9771,325.7,233,car,0.7523,721,127,784,176,0,2
9772,325.733,236,car,0.6683,633,129,658,155,1,2
9772,325.733,233,car,0.6806,723,126,789,177,0,2
9773,325.767,236,car,0.6653,633,129,658,155,1,2
9773,325.767,233,car,0.6037,726,127,792,178,0,2
9774,325.8,233,car,0.6836,728,127,798,181,0,2
9775,325.833,233,car,0.7258,729,127,802,182,0,2
9776,325.867,233,car,0.7613,730,127,806,183,0,2
9777,325.9,233,car,0.8031,733,127,810,185,0,2
9778,325.933,233,car,0.7729,739,127,818,186,0,2
9779,325.967,233,car,0.7443,739,127,822,187,0,2
9780,326.0,233,car,0.7572,739,125,827,190,0,2
9781,326.033,233,car,0.8192,743,125,834,192,0,2
9782,326.067,233,car,0.7975,745,125,840,192,0,2
9783,326.1,233,car,0.8395,749,123,848,194,0,2
9784,326.133,233,car,0.8838,752,123,857,197,0,2
9785,326.167,233,car,0.8752,755,122,864,199,0,2
9786,326.2,233,car,0.8903,760,122,873,201,0,2
9787,326.233,233,car,0.8661,765,122,885,205,0,2
9787,326.233,237,car,0.6584,709,133,747,161,1,2
9788,326.267,233,car,0.8939,768,122,894,208,0,2
9788,326.267,237,car,0.7301,712,134,749,161,1,2
9789,326.3,233,car,0.86,773,121,906,211,0,2
9789,326.3,237,car,0.6509,713,134,751,161,1,2
9789,326.3,236,car,0.6094,634,134,657,155,1,2
9790,326.333,233,car,0.8866,779,121,921,216,0,2
9790,326.333,237,car,0.6191,715,134,753,162,0,2
9791,326.367,233,car,0.8685,785,121,933,218,0,2
9792,326.4,233,car,0.8539,793,121,947,223,0,2
9792,326.4,237,car,0.6614,717,134,759,165,0,2
9793,326.433,233,car,0.8448,802,121,967,229,0,2
9793,326.433,237,car,0.7566,719,134,761,165,0,2
9794,326.467,233,car,0.8454,808,121,982,233,0,2
9794,326.467,237,car,0.772,720,134,763,166,0,2
9794,326.467,236,car,0.6016,634,133,659,157,1,2
9795,326.5,233,car,0.8544,817,121,1003,241,0,2
9795,326.5,237,car,0.7804,721,133,767,166,0,2
9796,326.533,233,car,0.8706,827,121,1030,249,0,2
9796,326.533,237,car,0.7807,723,133,770,167,0,2
9797,326.567,233,car,0.8693,835,120,1051,256,0,2
9797,326.567,237,car,0.8116,725,133,773,167,0,2
9798,326.6,233,car,0.8816,847,120,1081,266,0,2
9798,326.6,237,car,0.823,727,134,776,168,0,2
9799,326.633,233,car,0.8739,859,120,1120,282,0,2
9799,326.633,237,car,0.8065,729,133,781,169,0,2
9800,326.667,233,car,0.8662,872,121,1147,291,0,2
9800,326.667,237,car,0.741,730,133,783,170,0,2
9801,326.7,233,car,0.8823,895,122,1182,296,0,2
9801,326.7,237,car,0.6007,731,133,786,173,0,2
9802,326.733,233,car,0.8916,927,123,1224,298,0,2
9802,326.733,237,car,0.6629,735,134,791,174,0,2
9803,326.767,233,car,0.8773,942,123,1247,299,0,2
9803,326.767,237,car,0.6818,736,133,794,175,0,2
9804,326.8,233,car,0.8871,958,126,1259,297,0,2
9804,326.8,237,car,0.6963,739,134,799,176,0,2
9804,326.8,236,car,0.6325,633,131,663,160,1,2
9805,326.833,233,car,0.8992,970,128,1275,299,0,2
9805,326.833,237,car,0.7531,744,134,803,176,0,2
9805,326.833,236,car,0.6272,633,131,663,160,1,2
9806,326.867,233,car,0.8795,982,130,1280,299,0,2
9806,326.867,237,car,0.7313,746,134,807,176,0,2
9806,326.867,236,car,0.6215,633,131,663,160,1,2
9806,326.867,238,truck,0.6559,682,82,749,159,1,2
9807,326.9,233,car,0.8541,1005,134,1280,296,0,2
9807,326.9,237,car,0.7952,749,133,811,176,0,2
9807,326.9,236,car,0.6315,633,131,662,159,1,2
9807,326.9,238,truck,0.7064,686,85,749,159,1,2
9808,326.933,233,car,0.6156,1038,144,1280,293,0,2
9808,326.933,237,car,0.7872,749,130,815,177,0,2
9808,326.933,236,car,0.62,634,131,662,159,1,2
9808,326.933,238,truck,0.6809,686,83,750,159,1,2
9809,326.967,237,car,0.7777,750,129,818,177,0,2
9809,326.967,238,truck,0.6845,685,82,751,159,1,2
9810,327.0,237,car,0.7587,753,129,825,178,0,2
9810,327.0,238,truck,0.7943,683,81,752,160,1,2
9810,327.0,236,car,0.6325,632,130,661,158,1,2
9811,327.033,237,car,0.7491,757,128,831,178,0,2
9811,327.033,238,truck,0.7609,683,77,754,159,1,2
9811,327.033,236,car,0.6981,632,129,661,158,1,2
9812,327.067,237,car,0.7431,759,127,835,179,0,2
9812,327.067,238,truck,0.7294,682,75,755,160,1,2
9812,327.067,236,car,0.6894,631,129,661,157,1,2
9813,327.1,237,car,0.8294,761,126,841,181,0,2
9813,327.1,238,truck,0.7256,682,74,757,160,1,2
9813,327.1,236,car,0.665,631,129,658,157,1,2
9814,327.133,237,car,0.8148,763,126,848,182,0,2
9814,327.133,238,truck,0.7127,682,74,755,159,1,2
9815,327.167,237,car,0.7423,766,125,853,182,0,2
9815,327.167,238,truck,0.7113,681,74,755,159,1,2
9816,327.2,237,car,0.8633,769,123,859,183,0,2
9817,327.233,237,car,0.8721,774,122,867,184,0,2
9817,327.233,238,truck,0.6059,680,69,757,155,1,2
9818,327.267,237,car,0.859,775,120,874,185,0,2
9818,327.267,238,truck,0.613,680,67,757,154,1,2
9819,327.3,237,car,0.8487,779,119,882,186,0,2
9819,327.3,238,truck,0.6926,680,65,758,152,1,2
9820,327.333,237,car,0.8554,785,117,894,186,0,2
9820,327.333,238,truck,0.7503,679,63,759,151,0,2
9821,327.367,237,car,0.7813,789,115,902,187,0,2
9821,327.367,238,truck,0.7744,679,61,761,151,0,2
9822,327.4,237,car,0.8613,794,114,912,190,0,2
9822,327.4,238,truck,0.7418,678,59,761,151,0,2
9823,327.433,237,car,0.8222,801,113,925,192,0,2
9823,327.433,238,truck,0.7527,678,58,762,150,0,2
9824,327.467,237,car,0.863,806,113,934,193,0,2
9824,327.467,238,truck,0.7419,678,58,763,150,0,2
9825,327.5,237,car,0.8635,813,112,947,197,0,2
9825,327.5,238,truck,0.6624,677,56,766,150,0,2
9826,327.533,237,car,0.8829,822,113,965,201,0,2
9826,327.533,238,truck,0.6983,677,53,769,150,0,2
9827,327.567,237,car,0.8625,829,112,977,203,0,2
9827,327.567,238,truck,0.6964,677,51,770,151,0,2
9828,327.6,237,car,0.8926,837,112,997,209,0,2
9829,327.633,237,car,0.8993,848,112,1018,215,0,2
9830,327.667,237,car,0.8967,857,113,1037,219,0,2
9830,327.667,238,bus,0.7305,678,46,778,151,0,2
9831,327.7,237,car,0.8854,870,114,1061,227,0,2
9831,327.7,238,bus,0.7428,678,45,782,152,0,2
9832,327.733,237,car,0.9065,883,114,1091,237,0,2
9832,327.733,238,bus,0.6428,679,43,785,152,0,2
9833,327.767,237,car,0.9098,894,115,1114,243,0,2
9833,327.767,238,bus,0.8364,679,42,787,153,0,2
9834,327.8,237,car,0.8989,907,117,1149,256,0,2
9834,327.8,238,bus,0.6125,679,41,791,154,0,2
9835,327.833,237,car,0.8782,928,117,1189,265,0,2
9835,327.833,238,bus,0.7654,679,38,795,155,0,2
9836,327.867,237,car,0.8178,945,119,1217,271,0,2
9836,327.867,238,truck,0.6142,679,34,799,155,0,2
9837,327.9,237,car,0.9038,971,121,1248,273,0,2
9837,327.9,238,bus,0.841,680,32,803,157,0,2
9838,327.933,237,car,0.9085,993,125,1265,272,0,2
9838,327.933,238,truck,0.6662,681,30,809,157,0,2
9839,327.967,237,car,0.8836,1005,127,1275,273,0,2
9839,327.967,238,bus,0.6785,682,29,813,158,0,2
9840,328.0,237,car,0.7143,1025,131,1280,273,0,2
9840,328.0,238,bus,0.7702,683,26,817,159,0,2
9841,328.033,237,car,0.7981,1053,141,1280,272,0,2
9843,328.1,238,bus,0.7746,686,21,831,161,0,2
9847,328.233,238,truck,0.8219,694,10,857,167,0,2
9848,328.267,238,truck,0.7156,694,8,863,168,0,2
9849,328.3,238,truck,0.7256,696,6,873,169,0,2
9850,328.333,238,truck,0.6786,701,3,883,171,0,2
9851,328.367,238,truck,0.8283,703,2,891,174,0,2
9852,328.4,238,truck,0.6252,704,1,899,176,0,2
9853,328.433,238,truck,0.7393,706,1,909,178,0,2
9854,328.467,238,truck,0.7449,710,1,918,181,0,2
9855,328.5,238,truck,0.764,712,1,929,185,0,2
9856,328.533,238,truck,0.7146,718,1,942,187,0,2
9857,328.567,238,truck,0.7793,718,1,952,191,0,2
9858,328.6,238,truck,0.8104,721,0,965,194,0,2
9859,328.633,238,truck,0.7309,720,0,973,198,0,2
9860,328.667,238,truck,0.8137,720,0,979,201,0,2
9861,328.7,238,truck,0.7507,721,0,990,206,0,2
9863,328.767,238,truck,0.6168,742,1,1033,216,0,2
9864,328.8,238,truck,0.6817,737,1,1043,224,0,2
9869,328.967,238,truck,0.7788,801,3,1185,264,0,2
9870,329.0,238,truck,0.7469,797,3,1209,271,0,2
9871,329.033,238,truck,0.6688,790,3,1224,274,0,2
9872,329.067,238,truck,0.7674,784,2,1234,274,0,2
9873,329.1,238,truck,0.6156,778,2,1240,274,0,2
9877,329.233,238,truck,0.7714,782,3,1248,272,0,2
9878,329.267,238,truck,0.7301,777,3,1253,273,0,2
9879,329.3,238,truck,0.8715,777,3,1255,270,0,2
9881,329.367,238,truck,0.671,778,3,1262,271,0,2
9888,329.6,238,truck,0.7079,795,3,1280,272,0,2
9889,329.633,238,truck,0.7256,801,3,1280,271,0,2
9890,329.667,238,truck,0.7235,806,2,1280,270,0,2
9890,329.667,239,person,0.6014,323,405,504,715,0,2
9896,329.867,238,truck,0.6326,853,3,1280,265,0,2
9897,329.9,238,truck,0.7915,869,2,1280,265,0,2
9897,329.9,239,person,0.6136,320,400,501,712,0,2
9898,329.933,238,truck,0.7765,887,2,1280,265,0,2
9899,329.967,238,truck,0.7594,902,3,1280,266,0,2
9900,330.0,238,truck,0.7465,923,3,1280,266,0,2
9906,330.2,239,person,0.6032,322,398,506,713,0,2
9912,330.4,-1,person,0.6298,322,389,1112,715,0,2
9913,330.433,240,person,0.6688,322,389,1113,715,0,2
9914,330.467,240,person,0.6617,320,386,1115,715,0,2
9915,330.5,240,person,0.6124,321,386,1117,715,0,2
9918,330.6,240,person,0.6393,322,386,1115,715,0,2
9943,331.433,-1,car,0.6964,690,75,730,113,0,2
9944,331.467,241,car,0.6509,693,75,731,111,0,2
9969,332.3,-1,person,0.6445,313,278,1087,712,0,2
9970,332.333,241,car,0.653,710,71,753,110,0,2
9971,332.367,241,car,0.6856,710,71,754,111,0,2
9972,332.4,241,car,0.6817,710,70,755,111,0,2
9973,332.433,241,car,0.7038,710,70,755,110,0,2
9974,332.467,241,car,0.7078,710,70,755,110,0,2
9975,332.5,241,car,0.6878,710,70,755,110,0,2
9976,332.533,241,car,0.6575,711,71,755,110,0,2
9977,332.567,241,car,0.6231,711,71,755,109,0,2
9979,332.633,241,car,0.603,710,70,758,111,0,2
9980,332.667,241,car,0.6759,710,70,758,112,0,2
9981,332.7,241,car,0.6525,710,71,759,112,0,2
9983,332.767,241,car,0.6421,710,71,759,113,0,2
9986,332.867,241,car,0.6662,707,72,759,115,0,2
9987,332.9,241,car,0.749,709,72,760,115,0,2
9988,332.933,241,car,0.7392,709,72,760,115,0,2
9989,332.967,241,car,0.7217,709,73,760,115,0,2
9990,333.0,241,car,0.7238,709,73,760,117,0,2
9991,333.033,241,car,0.6043,709,74,760,118,0,2
9994,333.133,241,car,0.6248,706,75,761,121,0,2
10009,333.633,241,car,0.6901,697,80,759,130,0,2
10010,333.667,241,car,0.6189,697,80,759,130,0,2
10011,333.7,241,car,0.6573,697,81,759,130,0,2
10012,333.733,241,car,0.7172,697,81,759,131,0,2
10013,333.767,241,car,0.622,697,81,760,131,0,2
10014,333.8,241,car,0.71,697,81,760,131,0,2
10015,333.833,241,car,0.6806,698,82,761,133,0,2
10021,334.033,241,car,0.661,701,81,768,134,0,2
10022,334.067,241,car,0.6667,701,81,771,135,0,2
10023,334.1,241,car,0.617,701,82,770,135,0,2
10024,334.133,241,car,0.6277,701,83,771,135,0,2
10025,334.167,241,car,0.644,701,83,771,136,0,2
10026,334.2,241,car,0.6761,701,83,771,136,0,2
10027,334.233,241,car,0.6915,699,83,771,137,0,2
10028,334.267,241,car,0.6924,699,83,773,138,0,2
10029,334.3,241,car,0.6924,701,83,774,138,0,2
10030,334.333,241,car,0.7133,702,83,776,138,0,2
10031,334.367,241,car,0.6164,701,82,777,139,0,2
10039,334.633,241,car,0.6109,712,83,790,142,0,2
10040,334.667,241,car,0.6758,713,83,791,142,0,2
10041,334.7,241,car,0.7608,712,83,790,142,0,2
10042,334.733,241,car,0.764,713,85,790,142,0,2
10043,334.767,241,car,0.8005,713,83,791,142,0,2
10044,334.8,241,car,0.6882,714,85,792,142,0,2
10047,334.9,241,car,0.6248,715,85,797,143,0,2
10050,335.0,241,car,0.6153,718,83,805,145,0,2
10053,335.1,241,car,0.7377,723,83,813,147,0,2
10054,335.133,241,car,0.7575,725,82,815,147,0,2
10055,335.167,241,car,0.7249,727,82,817,147,0,2
10057,335.233,241,car,0.6728,730,82,821,149,0,2
10058,335.267,241,car,0.6801,730,83,823,150,0,2
10059,335.3,241,car,0.7169,734,83,826,150,0,2
10060,335.333,241,car,0.7118,736,83,830,151,0,2
10061,335.367,241,car,0.6841,739,83,833,152,0,2
10062,335.4,241,car,0.7839,739,83,834,152,0,2
10063,335.433,241,car,0.8354,739,85,834,152,0,2
10064,335.467,241,car,0.8305,741,85,835,153,0,2
10065,335.5,241,car,0.7775,741,85,838,153,0,2
10066,335.533,241,car,0.788,742,85,841,155,0,2
10067,335.567,241,car,0.7556,743,86,842,155,0,2
10068,335.6,241,car,0.7628,744,85,846,157,0,2
10069,335.633,241,car,0.6892,747,85,849,157,0,2
10070,335.667,241,car,0.6389,749,86,850,157,0,2
10071,335.7,241,car,0.707,750,86,853,158,0,2
10075,335.833,241,car,0.7157,752,86,866,166,0,2
10076,335.867,241,car,0.6831,752,86,870,168,0,2
10077,335.9,241,car,0.8273,753,87,872,170,0,2
10078,335.933,241,car,0.8602,757,87,872,169,0,2
10079,335.967,241,car,0.8753,758,88,874,169,0,2
10080,336.0,241,car,0.8826,759,88,875,170,0,2
10081,336.033,241,car,0.8895,759,88,877,173,0,2
10082,336.067,241,car,0.8924,759,89,878,174,0,2
10083,336.1,241,car,0.8651,760,89,880,175,0,2
10084,336.133,241,car,0.8372,760,91,882,176,0,2
10085,336.167,241,car,0.8463,761,91,882,177,0,2
10086,336.2,241,car,0.7703,760,93,883,178,0,2
10087,336.233,241,car,0.8166,761,93,886,179,0,2
10088,336.267,241,car,0.847,761,93,887,181,0,2
10089,336.3,241,car,0.8623,761,93,890,183,0,2
10090,336.333,241,car,0.8522,761,94,893,184,0,2
10091,336.367,241,car,0.8678,762,94,896,185,0,2
10092,336.4,241,car,0.8554,763,94,899,187,0,2
10093,336.433,241,car,0.887,766,94,904,189,0,2
10094,336.467,241,car,0.8862,767,94,906,189,0,2
10095,336.5,241,car,0.8667,768,94,910,190,0,2
10096,336.533,241,car,0.8556,770,95,912,191,0,2
10097,336.567,241,car,0.8586,771,95,914,191,0,2
10098,336.6,241,car,0.8516,774,95,918,192,0,2
10099,336.633,241,car,0.8613,775,96,922,194,0,2
10100,336.667,241,car,0.8799,775,96,925,197,0,2
10101,336.7,241,car,0.8788,775,96,930,200,0,2
10102,336.733,241,car,0.8679,777,96,935,200,0,2
10103,336.767,241,car,0.8806,778,95,938,201,0,2
10104,336.8,241,car,0.8811,779,95,943,203,0,2
10105,336.833,241,car,0.8671,784,95,947,203,0,2
10106,336.867,241,car,0.8873,785,95,953,205,0,2
10107,336.9,241,car,0.8975,786,95,959,207,0,2
10108,336.933,241,car,0.8824,790,95,963,209,0,2
10109,336.967,241,car,0.8835,790,95,968,210,0,2
10110,337.0,241,car,0.8824,791,95,971,213,0,2
10111,337.033,241,car,0.8845,792,95,977,215,0,2
10112,337.067,241,car,0.8766,794,96,981,215,0,2
10113,337.1,241,car,0.8564,795,95,989,219,0,2
10114,337.133,241,car,0.8748,795,95,998,224,0,2
10115,337.167,241,car,0.8681,797,95,1002,227,0,2
10116,337.2,241,car,0.8789,800,95,1009,230,0,2
10117,337.233,241,car,0.8591,805,95,1017,231,0,2
10118,337.267,241,car,0.8763,808,95,1022,231,0,2
10119,337.3,241,car,0.8674,811,95,1030,233,0,2
10120,337.333,241,car,0.8703,815,95,1038,234,0,2
10121,337.367,241,car,0.8719,818,95,1043,235,0,2
10122,337.4,241,car,0.8722,822,95,1054,239,0,2
10123,337.433,241,car,0.8688,824,94,1065,243,0,2
10124,337.467,241,car,0.8721,825,93,1073,247,0,2
10125,337.5,241,car,0.8741,830,93,1082,249,0,2
10126,337.533,241,car,0.8754,832,93,1096,256,0,2
10127,337.567,241,car,0.9072,835,93,1107,258,0,2
10128,337.6,241,car,0.868,840,93,1118,262,0,2
10129,337.633,241,car,0.8745,845,94,1127,265,0,2
10130,337.667,241,car,0.8704,848,94,1134,266,0,2
10131,337.7,241,car,0.8792,857,94,1145,266,0,2
10132,337.733,241,car,0.8856,865,94,1159,267,0,2
10133,337.767,241,car,0.8797,872,94,1168,267,0,2
10134,337.8,241,car,0.8706,881,94,1182,267,0,2
10135,337.833,241,car,0.8687,889,95,1194,267,0,2
10136,337.867,241,car,0.8396,894,96,1205,269,0,2
10137,337.9,241,car,0.7999,906,97,1223,270,0,2
10138,337.933,241,car,0.7845,919,97,1233,265,0,2
10139,337.967,241,car,0.7824,926,98,1250,270,0,2
10140,338.0,241,car,0.7182,936,101,1258,267,0,2
10141,338.033,241,car,0.8324,930,102,1259,269,0,2
10142,338.067,241,car,0.7127,930,102,1262,269,0,2
10147,338.233,241,car,0.742,960,111,1277,270,0,2
10148,338.267,241,car,0.8238,962,113,1275,270,0,2
10149,338.3,241,car,0.7942,961,115,1280,278,0,2
10150,338.333,241,car,0.6812,969,115,1280,275,0,2
10177,339.233,-1,person,0.6039,389,296,1051,711,0,2
10208,340.267,-1,person,0.6579,264,296,987,711,0,2
10209,340.3,250,car,0.6116,245,249,1045,705,0,2
10215,340.5,250,car,0.6348,199,200,1097,698,0,2
10217,340.567,250,car,0.6562,56,281,818,702,0,2
10220,340.667,250,car,0.6274,109,208,1039,707,0,2
10234,341.133,250,person,0.6077,1,302,758,709,0,2
10240,341.333,250,car,0.6779,0,310,743,711,0,2
10242,341.4,250,person,0.6267,0,314,741,712,0,2
10248,341.6,250,car,0.6164,79,194,1077,707,0,2
10257,341.9,250,person,0.6928,99,296,911,706,0,2
10258,341.933,250,person,0.6182,118,304,917,707,0,2
10287,342.9,250,car,0.6399,57,160,1197,709,0,2
10295,343.167,250,car,0.62,42,160,1209,706,0,2
10296,343.2,250,car,0.7785,37,165,1211,707,0,2
10297,343.233,250,car,0.7299,33,167,1213,706,0,2
10481,349.367,-1,person,0.6739,295,320,1029,712,0,2
10488,349.6,-1,car,0.6626,521,115,547,135,1,2
10489,349.633,252,car,0.6441,521,115,549,135,1,2
10490,349.667,252,car,0.6446,521,115,549,135,1,2
10491,349.7,252,car,0.6464,522,115,550,135,1,2
10492,349.733,252,car,0.6807,526,115,551,134,1,2
10500,350.0,-1,car,0.6403,567,114,605,147,1,2
10501,350.033,253,car,0.6503,568,114,606,149,1,2
10501,350.033,252,car,0.6422,538,117,566,135,1,2
10502,350.067,253,car,0.6239,568,113,607,149,1,2
10503,350.1,253,car,0.6484,568,114,608,149,1,2
10504,350.133,253,car,0.6962,569,114,608,150,1,2
10505,350.167,253,car,0.673,569,115,608,150,1,2
10506,350.2,253,car,0.6261,569,114,609,150,1,2
10507,350.233,254,person,0.6352,771,423,999,711,0,2
10508,350.267,254,person,0.6549,773,425,999,711,0,2
10509,350.3,254,person,0.6324,774,425,1000,711,0,2
10510,350.333,254,person,0.6477,775,425,1000,711,0,2
10511,350.367,254,person,0.6334,776,425,1001,711,0,2
10514,350.467,254,person,0.6133,778,422,1006,711,0,2
10515,350.5,254,person,0.6383,778,423,1005,711,0,2
10516,350.533,254,person,0.6766,777,425,1003,711,0,2
10517,350.567,254,person,0.6815,777,425,1002,711,0,2
10518,350.6,254,person,0.6972,777,426,1001,711,0,2
10519,350.633,254,person,0.6272,776,425,1001,711,0,2
10520,350.667,254,person,0.6332,775,424,1001,711,0,2
10521,350.7,254,person,0.635,774,424,999,711,0,2
10522,350.733,254,person,0.6443,771,425,997,711,0,2
10523,350.767,254,person,0.6126,768,426,992,711,0,2
10534,351.133,254,person,0.6096,777,410,1013,711,0,2
10535,351.167,254,person,0.6462,778,413,1013,711,0,2
10536,351.2,254,person,0.6722,778,416,1009,711,0,2
10537,351.233,254,person,0.6593,778,421,1005,711,0,2
10538,351.267,254,person,0.6418,779,423,1002,711,0,2
10548,351.6,254,person,0.6774,786,424,1008,712,0,2
10549,351.633,254,person,0.6835,785,425,1006,712,0,2
10550,351.667,254,person,0.7133,785,426,1003,712,0,2
10551,351.7,254,person,0.7235,786,427,1002,712,0,2
10552,351.733,254,person,0.687,787,429,1002,712,0,2
10553,351.767,254,person,0.6691,789,429,1001,712,0,2
10554,351.8,254,person,0.6669,790,430,1001,712,0,2
10555,351.833,254,person,0.6625,791,430,1001,712,0,2
10556,351.867,254,person,0.6342,792,430,1002,712,0,2
10557,351.9,254,person,0.612,793,429,1003,712,0,2
10558,351.933,-1,car,0.6099,590,123,640,166,1,2
10560,352.0,254,person,0.6653,797,430,1006,712,0,2
10561,352.033,254,person,0.6426,798,431,1005,712,0,2
10562,352.067,254,person,0.6449,797,430,1005,712,0,2
10563,352.1,254,person,0.6038,798,430,1005,712,0,2
10568,352.267,-1,car,0.6532,594,127,648,173,1,2
10569,352.3,256,car,0.6183,595,128,649,173,1,2
10571,352.367,256,car,0.63,595,128,651,175,1,2
10573,352.433,256,car,0.6072,597,128,651,175,1,2
10574,352.467,256,car,0.6199,597,128,653,175,1,2
10575,352.5,256,car,0.624,599,128,653,174,1,2
10590,353.0,256,car,0.6628,605,122,664,173,1,2
10591,353.033,256,car,0.6512,606,121,665,173,1,2
10592,353.067,256,car,0.6565,606,121,665,173,1,2
10593,353.1,256,car,0.6799,607,121,666,173,1,2
10594,353.133,256,car,0.6774,608,121,667,173,1,2
10595,353.167,256,car,0.6498,609,121,667,173,1,2
10596,353.2,256,car,0.6209,609,121,670,174,1,2
10597,353.233,256,car,0.6908,610,121,671,175,1,2
10598,353.267,256,car,0.6833,610,121,673,175,1,2
10599,353.3,256,car,0.7415,611,120,673,175,1,2
10600,353.333,256,car,0.6615,613,120,675,175,1,2
10601,353.367,256,car,0.6648,614,121,675,175,1,2
10602,353.4,256,car,0.6497,613,121,675,176,1,2
10603,353.433,256,car,0.7183,613,121,677,176,1,2
10604,353.467,256,car,0.706,613,121,677,176,1,2
10605,353.5,256,car,0.691,615,121,677,175,1,2
10606,353.533,256,car,0.6897,615,121,677,175,1,2
10607,353.567,256,car,0.6497,616,121,677,175,1,2
10608,353.6,256,car,0.6323,616,121,677,175,1,2
10609,353.633,256,car,0.6473,616,121,677,175,1,2
10610,353.667,256,car,0.6668,615,121,678,176,1,2
10611,353.7,256,car,0.7231,616,121,678,177,1,2
10612,353.733,256,car,0.7205,616,122,679,177,1,2
10613,353.767,256,car,0.7297,616,122,679,177,1,2
10614,353.8,256,car,0.7378,616,122,679,178,1,2
10615,353.833,256,car,0.7363,615,121,679,178,1,2
10616,353.867,256,car,0.7349,615,121,679,178,1,2
10617,353.9,256,car,0.7317,615,121,679,178,1,2
10618,353.933,256,car,0.7316,615,121,679,178,1,2
10619,353.967,256,car,0.7316,615,122,679,179,1,2
10620,354.0,256,car,0.7469,615,122,679,179,1,2
10621,354.033,256,car,0.7572,614,122,679,181,1,2
10622,354.067,256,car,0.758,614,122,679,181,1,2
10623,354.1,256,car,0.7856,614,122,679,182,1,2
10624,354.133,256,car,0.7869,613,122,679,182,1,2
10625,354.167,256,car,0.7876,613,122,679,182,1,2
10626,354.2,256,car,0.7908,614,122,680,183,1,2
10627,354.233,256,car,0.7665,614,123,680,183,1,2
10628,354.267,256,car,0.7574,614,123,680,183,1,2
10629,354.3,256,car,0.7518,614,123,680,183,1,2
10630,354.333,256,car,0.7055,614,123,680,184,1,2
10631,354.367,256,car,0.709,613,123,680,184,1,2
10632,354.4,256,car,0.7717,613,123,680,185,1,2
10633,354.433,256,car,0.7937,613,123,681,185,1,2
10634,354.467,256,car,0.8124,613,123,681,186,1,2
10635,354.5,256,car,0.791,613,123,681,186,1,2
10636,354.533,256,car,0.7865,613,125,681,186,1,2
10637,354.567,256,car,0.7792,613,123,681,186,1,2
10638,354.6,256,car,0.8111,613,123,682,187,1,2
10639,354.633,256,car,0.8483,613,123,683,189,1,2
10640,354.667,256,car,0.8465,613,125,683,190,1,2
10641,354.7,256,car,0.8335,613,123,685,190,1,2
10642,354.733,256,car,0.8127,613,123,685,191,1,2
10643,354.767,256,car,0.8118,614,125,685,190,1,2
10643,354.767,257,person,0.681,352,426,1016,719,0,2
10644,354.8,256,car,0.8195,614,125,685,190,1,2
10644,354.8,257,person,0.692,352,426,1016,719,0,2
10645,354.833,256,car,0.8296,615,125,686,190,1,2
10646,354.867,256,car,0.8377,615,125,687,191,1,2
10647,354.9,256,car,0.8456,615,125,687,191,1,2
10648,354.933,256,car,0.8198,616,123,689,191,1,2
10649,354.967,256,car,0.8182,617,123,689,191,1,2
10650,355.0,256,car,0.8054,617,125,690,191,1,2
10651,355.033,256,car,0.7969,617,125,691,192,1,2
10652,355.067,256,car,0.7869,618,125,691,192,1,2
10653,355.1,256,car,0.7859,618,125,693,192,1,2
10654,355.133,256,car,0.7752,618,125,693,192,1,2
10655,355.167,256,car,0.7743,618,125,693,192,1,2
10656,355.2,256,car,0.77,617,125,693,193,1,2
10657,355.233,256,car,0.7409,617,125,694,193,1,2
10658,355.267,256,car,0.7526,618,125,694,193,1,2
10659,355.3,256,car,0.7111,618,126,695,193,1,2
10660,355.333,256,car,0.6967,618,126,695,194,1,2
10661,355.367,256,car,0.7108,618,127,695,194,1,2
10662,355.4,256,car,0.737,618,126,695,194,1,2
10663,355.433,256,car,0.7723,617,126,695,194,1,2
10664,355.467,256,car,0.7755,617,126,695,195,1,2
10665,355.5,256,car,0.7528,617,126,695,195,1,2
10666,355.533,256,car,0.7296,617,127,696,197,1,2
10667,355.567,256,car,0.695,617,127,697,198,1,2
10667,355.567,257,person,0.6011,358,432,1007,714,0,2
10668,355.6,256,car,0.6882,616,127,697,199,1,2
10669,355.633,256,car,0.7303,616,128,697,200,1,2
10670,355.667,256,car,0.7111,616,128,698,200,1,2
10671,355.7,256,car,0.7274,616,128,697,201,1,2
10672,355.733,256,car,0.7421,617,129,697,201,1,2
10673,355.767,256,car,0.7483,617,129,698,201,1,2
10674,355.8,256,car,0.7491,618,130,698,202,1,2
10675,355.833,256,car,0.7399,618,130,699,203,1,2
10676,355.867,256,car,0.7608,617,130,699,203,1,2
10677,355.9,256,car,0.7842,617,130,699,203,1,2
10678,355.933,256,car,0.8107,617,130,699,205,1,2
10679,355.967,256,car,0.8303,617,130,699,203,1,2
10680,356.0,256,car,0.8513,618,130,701,205,1,2
10681,356.033,256,car,0.8319,617,130,701,205,1,2
10682,356.067,256,car,0.8389,617,130,701,205,1,2
10683,356.1,256,car,0.8455,617,131,701,206,1,2
10684,356.133,256,car,0.8337,616,133,701,207,1,2
10685,356.167,256,car,0.837,615,133,701,208,1,2
10686,356.2,256,car,0.8453,615,133,701,209,1,2
10687,356.233,256,car,0.8443,615,134,701,209,1,2
10688,356.267,256,car,0.8275,615,134,701,209,1,2
10689,356.3,256,car,0.8066,616,134,702,209,1,2
10690,356.333,256,car,0.8372,616,134,701,209,1,2
10691,356.367,256,car,0.822,615,134,702,210,1,2
10692,356.4,256,car,0.8466,615,134,701,209,1,2
10693,356.433,256,car,0.8444,617,134,702,209,1,2
10694,356.467,256,car,0.8369,617,135,702,209,1,2
10695,356.5,256,car,0.8093,618,136,701,209,1,2
10696,356.533,256,car,0.8174,618,137,701,210,1,2
10697,356.567,256,car,0.8199,618,137,701,210,1,2
10698,356.6,256,car,0.8203,618,137,701,209,1,2
10699,356.633,256,car,0.797,618,137,702,209,1,2
10700,356.667,256,car,0.7948,619,137,702,209,1,2
10701,356.7,256,car,0.8152,619,137,705,211,1,2
10702,356.733,256,car,0.8249,619,135,705,210,1,2
10703,356.767,256,car,0.8206,621,135,706,210,1,2
10704,356.8,256,car,0.8316,621,134,706,209,1,2
10705,356.833,256,car,0.8111,622,134,706,208,1,2
10706,356.867,256,car,0.7802,622,134,707,208,1,2
10707,356.9,256,car,0.7812,622,134,709,210,1,2
10708,356.933,256,car,0.8127,622,134,709,211,1,2
10709,356.967,256,car,0.7704,622,134,710,213,1,2
10710,357.0,256,car,0.7843,622,134,711,213,1,2
10711,357.033,256,car,0.7255,624,134,710,210,1,2
10712,357.067,256,car,0.7017,625,134,709,209,1,2
10713,357.1,256,car,0.711,625,134,709,208,1,2
10714,357.133,256,car,0.753,625,133,711,210,1,2
10715,357.167,256,car,0.7344,625,133,711,210,1,2
10716,357.2,256,car,0.7511,625,131,711,209,1,2
10717,357.233,256,car,0.766,625,130,711,209,1,2
10718,357.267,256,car,0.7797,625,130,711,207,1,2
10719,357.3,256,car,0.817,626,130,710,206,1,2
10720,357.333,256,car,0.7557,625,130,709,205,1,2
10721,357.367,256,car,0.7321,625,130,707,203,1,2
10722,357.4,256,car,0.7836,622,130,705,203,1,2
10723,357.433,256,car,0.8193,617,129,699,202,1,2
10724,357.467,256,car,0.8102,613,127,696,201,1,2
10725,357.5,256,car,0.8234,603,125,688,200,1,2
10726,357.533,256,car,0.7709,591,123,677,199,1,2
10727,357.567,256,car,0.852,582,122,666,198,1,2
10728,357.6,256,car,0.7718,566,120,651,195,1,2
10729,357.633,256,car,0.8271,545,117,632,194,1,2
10730,357.667,256,car,0.8072,531,114,618,192,1,2
10731,357.7,256,car,0.8058,512,111,599,187,1,2
10732,357.733,256,car,0.8218,490,110,577,186,1,2
10733,357.767,256,car,0.8425,475,109,562,185,1,2
10734,357.8,256,car,0.8684,456,107,543,184,1,2
10735,357.833,256,car,0.8276,438,106,525,183,1,2
10736,357.867,256,car,0.8158,424,105,511,183,1,2
10737,357.9,256,car,0.8469,410,105,498,183,1,2
10738,357.933,256,car,0.7962,397,104,483,182,1,2
10739,357.967,256,car,0.8509,389,104,475,182,1,2
10740,358.0,256,car,0.8474,379,103,467,182,1,2
10741,358.033,256,car,0.8304,371,103,459,182,1,2
10742,358.067,256,car,0.8216,367,102,455,181,1,2
10743,358.1,256,car,0.8216,361,102,449,181,1,2
10744,358.133,256,car,0.8314,355,102,445,181,1,2
10745,358.167,256,car,0.835,353,101,442,181,1,2
10746,358.2,256,car,0.8562,352,101,441,179,1,2
10747,358.233,256,car,0.8578,352,101,441,179,1,2
10748,358.267,256,car,0.8529,353,101,442,179,1,2
10749,358.3,256,car,0.7577,354,98,446,179,1,2
10750,358.333,256,car,0.7614,360,97,449,177,1,2
10751,358.367,256,car,0.7905,363,97,454,177,1,2
10752,358.4,256,car,0.752,371,96,461,176,1,2
10753,358.433,256,car,0.814,382,96,469,174,1,2
10754,358.467,256,car,0.7805,389,96,474,174,1,2
10755,358.5,256,car,0.7748,400,96,486,173,1,2
10756,358.533,256,car,0.7653,411,95,498,173,1,2
10757,358.567,256,car,0.7816,421,96,506,173,1,2
10758,358.6,256,car,0.7868,433,96,519,173,1,2
10759,358.633,256,car,0.811,447,97,531,174,1,2
10760,358.667,256,car,0.788,456,97,541,173,1,2
10761,358.7,256,car,0.7772,467,97,552,173,1,2
10762,358.733,256,car,0.8084,480,98,563,173,1,2
10763,358.767,256,car,0.7938,488,98,571,173,1,2
10764,358.8,256,car,0.6865,497,98,581,173,1,2
10765,358.833,256,car,0.7789,507,98,590,173,1,2
10766,358.867,256,car,0.826,513,97,595,171,1,2
10767,358.9,256,car,0.8317,521,98,603,171,1,2
10768,358.933,256,car,0.7536,528,98,609,170,1,2
10769,358.967,256,car,0.8166,531,98,614,171,1,2
10770,359.0,256,car,0.8048,537,98,619,171,1,2
10771,359.033,256,car,0.7458,542,98,625,173,1,2
10772,359.067,256,car,0.8008,545,98,627,171,1,2
10773,359.1,256,car,0.8569,549,98,631,173,1,2
10774,359.133,256,car,0.7951,553,98,635,171,1,2
10775,359.167,256,car,0.8191,555,98,638,173,1,2
10776,359.2,256,car,0.8207,559,98,641,173,1,2
10777,359.233,256,car,0.8026,561,98,643,173,1,2
10778,359.267,256,car,0.7878,563,99,645,173,1,2
10779,359.3,256,car,0.7657,565,99,647,173,1,2
10780,359.333,256,car,0.7588,567,99,648,173,1,2
10781,359.367,256,car,0.7504,568,99,649,173,1,2
10782,359.4,256,car,0.7458,569,98,650,173,1,2
10783,359.433,256,car,0.7399,571,101,651,173,1,2
10784,359.467,256,car,0.7869,573,101,653,173,1,2
10785,359.5,256,car,0.7818,575,102,654,174,1,2
10786,359.533,256,car,0.8654,576,103,654,174,1,2
10787,359.567,256,car,0.8733,577,103,654,173,1,2
10788,359.6,256,car,0.8676,577,103,655,174,1,2
10789,359.633,256,car,0.8676,578,104,656,174,1,2
10790,359.667,256,car,0.8589,579,104,657,175,1,2
10791,359.7,256,car,0.8509,579,103,658,175,1,2
10792,359.733,256,car,0.8543,581,103,659,175,1,2
10793,359.767,256,car,0.8579,582,102,661,174,1,2
10794,359.8,256,car,0.8691,583,102,662,174,1,2
10795,359.833,256,car,0.8663,584,102,663,174,1,2
10796,359.867,256,car,0.8649,584,102,663,174,1,2
10797,359.9,256,car,0.8606,585,102,663,173,1,2
10798,359.933,256,car,0.8352,586,102,663,173,1,2
10799,359.967,256,car,0.8143,586,102,663,173,1,2
10800,360.0,256,car,0.8036,587,102,664,171,1,2
10801,360.033,256,car,0.7913,589,102,665,171,1,2
10802,360.067,256,car,0.7992,590,102,666,171,1,2
10803,360.1,256,car,0.7993,591,102,667,171,1,2
10804,360.133,256,car,0.7853,592,102,669,170,1,2
10805,360.167,256,car,0.748,593,102,669,169,1,2
10806,360.2,256,car,0.7298,594,101,671,169,1,2
10807,360.233,256,car,0.774,593,99,671,168,1,2
10808,360.267,256,car,0.7771,593,99,670,168,1,2
10809,360.3,256,car,0.7845,593,99,670,168,1,2
10810,360.333,256,car,0.7627,594,99,670,167,1,2
10811,360.367,256,car,0.7894,594,99,671,167,1,2
10812,360.4,256,car,0.8066,595,99,671,168,1,2
10812,360.4,269,person,0.6293,785,406,1006,711,0,2
10813,360.433,256,car,0.8126,595,98,672,168,1,2
10814,360.467,256,car,0.8168,597,98,672,168,1,2
10815,360.5,256,car,0.7955,597,98,673,167,1,2
10816,360.533,256,car,0.8121,597,98,673,167,1,2
10817,360.567,256,car,0.8051,598,98,673,167,1,2
10818,360.6,256,car,0.7694,599,98,674,166,1,2
10819,360.633,256,car,0.7726,599,97,674,166,1,2
10820,360.667,256,car,0.784,600,98,675,166,1,2
10820,360.667,270,person,0.6553,291,371,1015,715,0,2
10821,360.7,256,car,0.7905,601,98,675,166,1,2
10822,360.733,256,car,0.7442,601,97,677,166,1,2
10823,360.767,256,car,0.7465,602,97,677,165,1,2
10824,360.8,256,car,0.7379,602,97,677,165,1,2
10824,360.8,270,person,0.623,297,371,1019,715,0,2
10825,360.833,256,car,0.7404,602,96,678,165,1,2
10826,360.867,256,car,0.7499,602,96,678,163,1,2
10827,360.9,256,car,0.7488,603,96,678,163,1,2
10828,360.933,256,car,0.7264,603,96,678,163,1,2
10829,360.967,256,car,0.6984,603,96,678,165,1,2
10829,360.967,269,person,0.6266,794,409,1013,711,0,2
10830,361.0,256,car,0.7443,603,97,678,166,1,2
10831,361.033,256,car,0.7815,603,98,678,166,1,2
10832,361.067,256,car,0.7498,602,98,678,166,1,2
10833,361.1,256,car,0.7599,602,99,677,167,1,2
10834,361.133,256,car,0.7765,603,101,677,167,1,2
10835,361.167,256,car,0.769,603,101,677,167,1,2
10836,361.2,256,car,0.6901,603,102,677,168,1,2
10836,361.2,271,person,0.6102,279,498,449,715,0,2
10836,361.2,269,person,0.6288,786,421,998,711,0,2
10837,361.233,256,car,0.7055,602,102,675,168,1,2
10837,361.233,269,person,0.6569,789,422,999,711,0,2
10838,361.267,256,car,0.7063,601,102,675,169,1,2
10838,361.267,269,person,0.6124,789,423,998,712,0,2
10839,361.3,256,car,0.7316,600,103,674,169,1,2
10840,361.333,256,car,0.7231,600,103,673,170,1,2
10841,361.367,256,car,0.7249,599,104,673,170,1,2
10842,361.4,256,car,0.7612,599,105,672,171,1,2
10842,361.4,271,person,0.6124,286,497,456,714,0,2
10843,361.433,256,car,0.7558,598,106,671,173,1,2
10844,361.467,256,car,0.7978,598,107,670,174,1,2
10844,361.467,269,person,0.6009,786,421,998,711,0,2
10845,361.5,256,car,0.7906,597,107,669,174,1,2
10845,361.5,271,person,0.6084,279,502,445,713,0,2
10846,361.533,256,car,0.7606,595,109,666,175,1,2
10846,361.533,269,person,0.6175,782,422,991,711,0,2
10847,361.567,256,car,0.7817,595,110,666,175,1,2
10847,361.567,269,person,0.6225,781,423,989,711,0,2
10848,361.6,256,car,0.7648,594,110,665,176,1,2
10848,361.6,269,person,0.6786,779,425,986,711,0,2
10848,361.6,271,person,0.6451,275,507,438,713,0,2
10849,361.633,256,car,0.7263,593,111,664,176,1,2
10849,361.633,269,person,0.6817,778,425,984,710,0,2
10850,361.667,256,car,0.6967,592,111,663,176,1,2
10850,361.667,269,person,0.6437,778,426,983,710,0,2
10851,361.7,256,car,0.7019,592,111,663,176,1,2
10852,361.733,256,car,0.6827,592,111,662,176,1,2
10853,361.767,256,car,0.6828,592,112,662,177,1,2
10854,361.8,256,car,0.7213,591,112,662,177,1,2
10855,361.833,256,car,0.677,591,112,662,178,1,2
10856,361.867,256,car,0.663,590,112,662,178,1,2
10857,361.9,256,car,0.6534,590,112,662,179,1,2
10858,361.933,256,car,0.6494,590,113,661,179,1,2
10859,361.967,256,car,0.6862,589,113,661,181,1,2
10860,362.0,256,car,0.7193,590,114,662,181,1,2
10861,362.033,256,car,0.6882,590,115,662,182,1,2
10862,362.067,256,car,0.7051,590,115,662,182,1,2
10863,362.1,256,car,0.6713,590,117,662,183,1,2
10864,362.133,256,car,0.6506,591,117,662,183,1,2
10865,362.167,256,car,0.6513,591,118,663,183,1,2
10866,362.2,256,car,0.6509,591,118,663,183,1,2
10867,362.233,256,car,0.6617,591,119,662,184,1,2
10868,362.267,256,car,0.7199,590,119,662,184,1,2
10869,362.3,256,car,0.7389,590,119,661,184,1,2
10870,362.333,256,car,0.7363,589,119,661,184,1,2
10871,362.367,256,car,0.7377,589,119,661,184,1,2
10872,362.4,256,car,0.7466,589,119,661,184,1,2
10873,362.433,256,car,0.7631,587,119,661,184,1,2
10874,362.467,256,car,0.7629,587,119,661,184,1,2
10875,362.5,256,car,0.7625,587,120,661,185,1,2
10876,362.533,256,car,0.7581,587,120,661,185,1,2
10877,362.567,256,car,0.7629,587,120,661,185,1,2
10878,362.6,256,car,0.7682,587,120,661,185,1,2
10879,362.633,256,car,0.7666,587,120,661,185,1,2
10880,362.667,256,car,0.7792,587,120,659,185,1,2
10881,362.7,256,car,0.7711,589,120,659,185,1,2
10882,362.733,256,car,0.7789,589,121,659,185,1,2
10883,362.767,256,car,0.7737,589,121,659,186,1,2
10884,362.8,256,car,0.7483,589,121,659,186,1,2
10885,362.833,256,car,0.727,589,122,659,186,1,2
10886,362.867,256,car,0.7312,589,122,658,186,1,2
10887,362.9,256,car,0.7301,589,123,658,186,1,2
10888,362.933,256,car,0.7262,589,123,658,186,1,2
10889,362.967,256,car,0.7318,589,123,658,186,1,2
10890,363.0,256,car,0.7224,589,123,658,186,1,2
10891,363.033,256,car,0.7213,589,123,658,186,1,2
10892,363.067,256,car,0.7143,589,123,658,186,1,2
10893,363.1,256,car,0.7174,589,123,659,187,1,2
10894,363.133,256,car,0.7214,587,123,659,187,1,2
10895,363.167,256,car,0.6994,587,123,659,187,1,2
10896,363.2,256,car,0.7106,587,123,659,187,1,2
10897,363.233,256,car,0.7243,587,123,659,189,1,2
10898,363.267,256,car,0.7092,587,123,659,189,1,2
10899,363.3,256,car,0.738,587,123,659,189,1,2
10900,363.333,256,car,0.7513,587,123,659,189,1,2
10901,363.367,256,car,0.7537,587,123,659,189,1,2
10902,363.4,256,car,0.7552,586,123,659,189,1,2
10903,363.433,256,car,0.7449,586,123,659,189,1,2
10904,363.467,256,car,0.7371,586,123,659,189,1,2
10905,363.5,256,car,0.7299,586,123,659,189,1,2
10906,363.533,256,car,0.7579,586,123,659,189,1,2
10907,363.567,256,car,0.7522,586,123,659,190,1,2
10908,363.6,256,car,0.771,586,123,659,190,1,2
10909,363.633,256,car,0.7798,586,123,659,190,1,2
10910,363.667,256,car,0.7771,586,123,659,190,1,2
10911,363.7,256,car,0.7919,585,123,658,190,1,2
10912,363.733,256,car,0.7794,585,123,658,190,1,2
10913,363.767,256,car,0.7661,584,125,657,190,1,2
10914,363.8,256,car,0.7725,584,125,657,191,1,2
10915,363.833,256,car,0.7786,584,125,656,191,1,2
10916,363.867,256,car,0.7739,583,126,656,192,1,2
10917,363.9,256,car,0.769,582,126,655,193,1,2
10918,363.933,256,car,0.7518,582,126,655,194,1,2
10919,363.967,256,car,0.7427,582,127,655,194,1,2
10920,364.0,256,car,0.7318,581,127,654,194,1,2
10921,364.033,256,car,0.7489,581,127,654,194,1,2
10922,364.067,256,car,0.7478,581,127,654,194,1,2
10923,364.1,256,car,0.741,579,127,653,195,1,2
10924,364.133,256,car,0.7855,579,129,651,195,1,2
10925,364.167,256,car,0.799,579,129,651,195,1,2
10926,364.2,256,car,0.8252,578,130,650,197,1,2
10927,364.233,256,car,0.797,578,131,650,197,1,2
10928,364.267,256,car,0.8178,578,131,650,198,1,2
10929,364.3,256,car,0.7551,578,131,650,198,1,2
10930,364.333,256,car,0.7403,577,133,649,198,1,2
10931,364.367,256,car,0.7738,577,133,649,199,1,2
10932,364.4,256,car,0.7539,576,133,649,199,1,2
10933,364.433,256,car,0.7115,576,134,648,199,1,2
10934,364.467,256,car,0.7333,575,134,648,200,1,2
10935,364.5,256,car,0.7224,575,134,648,200,1,2
10936,364.533,256,car,0.6823,575,134,648,200,1,2
10937,364.567,256,car,0.6638,574,134,647,200,1,2
10938,364.6,256,car,0.6345,574,134,647,200,1,2
10939,364.633,256,car,0.629,573,135,646,201,1,2
10940,364.667,256,car,0.7046,571,135,646,201,1,2
10941,364.7,256,car,0.7031,571,135,646,202,1,2
10942,364.733,256,car,0.6991,570,135,645,202,1,2
10943,364.767,256,car,0.7382,569,135,645,202,1,2
10944,364.8,256,car,0.7233,569,135,645,203,1,2
10945,364.833,256,car,0.6986,568,135,643,203,1,2
10946,364.867,256,car,0.6931,568,135,643,203,1,2
10947,364.9,256,car,0.6973,567,135,642,203,1,2
10947,364.9,273,person,0.7337,335,395,1042,714,0,2
10948,364.933,256,car,0.7299,567,135,642,203,1,2
10948,364.933,273,person,0.6611,337,397,1045,715,0,2
10949,364.967,256,car,0.7293,566,135,641,203,1,2
10949,364.967,273,person,0.6103,342,401,1040,717,0,2
10950,365.0,256,car,0.7418,566,135,641,203,1,2
10951,365.033,256,car,0.7589,566,135,640,205,1,2
10952,365.067,256,car,0.7931,565,136,640,206,1,2
10952,365.067,273,person,0.6457,336,390,1061,717,0,2
10953,365.1,256,car,0.8033,565,137,639,206,1,2
10953,365.1,273,person,0.7174,326,378,1070,715,0,2
10954,365.133,256,car,0.7993,565,138,638,206,1,2
10954,365.133,273,person,0.6157,321,375,1070,714,0,2
10955,365.167,256,car,0.7867,565,139,637,207,1,2
10955,365.167,273,person,0.6187,307,359,1083,713,0,2
10956,365.2,256,car,0.842,563,139,635,207,1,2
10957,365.233,256,car,0.8368,563,141,635,207,1,2
10958,365.267,256,car,0.8248,563,141,634,207,1,2
10959,365.3,256,car,0.8174,562,141,634,208,1,2
10960,365.333,256,car,0.7711,561,141,634,209,1,2
10961,365.367,256,car,0.7679,560,141,633,209,1,2
10962,365.4,256,car,0.7892,560,142,633,210,1,2
10962,365.4,273,person,0.6105,333,349,1136,715,0,2
10963,365.433,256,car,0.7386,559,142,633,211,1,2
10964,365.467,256,car,0.7495,558,143,632,211,1,2
10965,365.5,256,car,0.7498,558,143,632,211,1,2
10966,365.533,256,car,0.7431,557,144,631,213,1,2
10966,365.533,274,person,0.6264,338,466,509,711,0,2
10967,365.567,256,car,0.7564,555,144,631,214,1,2
10967,365.567,274,person,0.6236,338,467,509,714,0,2
10968,365.6,256,car,0.7744,555,144,630,214,1,2
10968,365.6,274,person,0.6104,337,470,509,715,0,2
10969,365.633,256,car,0.7908,554,144,630,214,1,2
10969,365.633,274,person,0.6977,338,470,507,713,0,2
10970,365.667,256,car,0.7932,553,144,629,215,1,2
10970,365.667,274,person,0.6958,338,470,506,713,0,2
10971,365.7,256,car,0.8029,552,144,629,215,1,2
10971,365.7,274,person,0.6434,339,470,506,712,0,2
10972,365.733,256,car,0.7863,552,144,629,215,1,2
10972,365.733,274,person,0.631,339,470,506,711,0,2
10973,365.767,256,car,0.8018,551,144,627,215,1,2
10973,365.767,274,person,0.6193,341,470,506,711,0,2
10974,365.8,256,car,0.8395,551,145,627,216,1,2
10974,365.8,274,person,0.6461,341,470,505,710,0,2
10975,365.833,256,car,0.8358,550,146,626,217,1,2
10975,365.833,274,person,0.6305,342,470,504,707,0,2
10976,365.867,256,car,0.8581,549,147,625,218,1,2
10976,365.867,274,person,0.6615,343,472,504,709,0,2
10977,365.9,256,car,0.8278,549,146,625,217,1,2
10977,365.9,274,person,0.6619,344,473,503,707,0,2
10978,365.933,256,car,0.8626,547,147,624,218,1,2
10978,365.933,274,person,0.6458,342,474,501,707,0,2
10979,365.967,256,car,0.8552,546,147,623,218,1,2
10979,365.967,274,person,0.6164,342,474,497,704,0,2
10980,366.0,256,car,0.8519,546,149,622,219,1,2
10981,366.033,256,car,0.8539,545,149,622,219,1,2
10982,366.067,256,car,0.8401,545,149,621,219,1,2
10983,366.1,256,car,0.8007,544,149,619,218,1,2
10984,366.133,256,car,0.7826,543,149,619,218,1,2
10985,366.167,256,car,0.7791,543,149,618,219,1,2
10986,366.2,256,car,0.7575,542,149,618,219,1,2
10987,366.233,256,car,0.7589,539,149,616,219,1,2
10987,366.233,274,person,0.606,309,478,464,709,0,2
10988,366.267,256,car,0.7918,538,149,615,219,1,2
10989,366.3,256,car,0.7978,538,150,614,219,1,2
10990,366.333,256,car,0.8115,537,150,614,219,1,2
10990,366.333,274,person,0.615,299,481,456,713,0,2
10991,366.367,256,car,0.803,537,150,613,219,1,2
10991,366.367,274,person,0.6036,297,482,454,713,0,2
10992,366.4,256,car,0.787,536,149,613,219,1,2
10993,366.433,256,car,0.7926,535,149,611,221,1,2
10994,366.467,256,car,0.8214,534,149,611,221,1,2
10995,366.5,256,car,0.7963,533,150,610,222,1,2
10995,366.5,274,person,0.6815,290,488,443,714,0,2
10996,366.533,256,car,0.8102,533,150,610,222,1,2
10996,366.533,274,person,0.6396,290,493,442,714,0,2
10997,366.567,256,car,0.8242,533,150,609,222,1,2
10997,366.567,274,person,0.732,291,499,441,714,0,2
10998,366.6,256,car,0.7951,531,151,609,223,1,2
10999,366.633,256,car,0.7917,530,151,608,223,1,2
11000,366.667,256,car,0.8058,530,151,607,222,1,2
11001,366.7,256,car,0.8273,529,151,605,221,1,2
11002,366.733,256,car,0.8535,528,151,603,221,1,2
11003,366.767,256,car,0.8548,527,151,603,221,1,2
11004,366.8,256,car,0.8491,527,151,602,219,1,2
11005,366.833,256,car,0.8608,526,151,601,219,1,2
11006,366.867,256,car,0.861,525,151,600,219,1,2
11007,366.9,256,car,0.8242,523,151,600,221,1,2
11008,366.933,256,car,0.8046,522,152,599,222,1,2
11009,366.967,256,car,0.807,521,152,599,222,1,2
11010,367.0,256,car,0.8263,520,152,598,223,1,2
11011,367.033,256,car,0.8368,519,152,598,223,1,2
11012,367.067,256,car,0.8457,518,152,597,223,1,2
11013,367.1,256,car,0.8487,518,152,595,223,1,2
11014,367.133,256,car,0.8517,517,152,595,223,1,2
11015,367.167,256,car,0.8507,517,152,594,223,1,2
11016,367.2,256,car,0.8478,515,152,594,223,1,2
11017,367.233,256,car,0.8711,514,151,593,222,1,2
11018,367.267,256,car,0.8768,513,151,592,222,1,2
11019,367.3,256,car,0.8802,513,151,591,221,1,2
11019,367.3,274,person,0.6419,290,518,431,717,0,2
11020,367.333,256,car,0.8782,512,150,590,221,1,2
11020,367.333,274,person,0.6815,290,517,432,717,0,2
11021,367.367,256,car,0.8539,511,150,590,222,1,2
11021,367.367,274,person,0.6372,290,515,434,717,0,2
11022,367.4,256,car,0.8615,511,151,589,222,1,2
11023,367.433,256,car,0.8151,511,152,589,222,1,2
11023,367.433,274,person,0.7493,290,501,447,715,0,2
11024,367.467,256,car,0.7702,510,153,589,224,1,2
11024,367.467,274,person,0.8068,297,503,455,717,0,2
11025,367.5,256,car,0.7812,510,153,587,223,1,2
11025,367.5,274,person,0.7018,319,522,466,714,0,2
11026,367.533,256,car,0.7893,510,153,586,223,1,2
11027,367.567,256,car,0.7822,509,153,586,223,1,2
11028,367.6,256,car,0.7437,509,153,585,223,1,2
11028,367.6,274,person,0.6983,358,569,483,717,0,2
11029,367.633,256,car,0.741,506,153,585,223,1,2
11029,367.633,274,person,0.6959,359,578,488,717,0,2
11030,367.667,256,car,0.7394,506,153,584,224,1,2
11030,367.667,274,person,0.6805,358,581,495,717,0,2
11031,367.7,256,car,0.7247,505,153,583,224,1,2
11031,367.7,274,person,0.724,357,577,506,718,0,2
11032,367.733,256,car,0.7278,504,153,583,224,1,2
11032,367.733,274,person,0.7283,351,569,515,717,0,2
11033,367.767,256,car,0.7173,503,153,582,224,1,2
11033,367.767,274,person,0.724,347,566,522,717,0,2
11034,367.8,256,car,0.7012,502,154,581,224,1,2
11034,367.8,274,person,0.7746,347,562,530,717,0,2
11035,367.833,256,car,0.6982,501,154,579,225,1,2
11035,367.833,274,person,0.7516,347,561,536,717,0,2
11036,367.867,256,car,0.6767,501,154,579,226,1,2
11036,367.867,274,person,0.778,347,562,541,717,0,2
11037,367.9,256,car,0.6879,501,155,578,225,1,2
11037,367.9,274,person,0.745,352,565,545,715,0,2
11038,367.933,256,car,0.7418,498,155,577,226,1,2
11038,367.933,274,person,0.6951,357,568,550,715,0,2
11039,367.967,256,car,0.7691,497,155,577,227,1,2
11039,367.967,274,person,0.7185,358,568,555,715,0,2
11040,368.0,256,car,0.7294,497,155,575,226,1,2
11040,368.0,274,person,0.7464,359,567,560,715,0,2
11041,368.033,256,car,0.7325,496,157,573,225,1,2
11041,368.033,274,person,0.7409,358,567,561,715,0,2
11042,368.067,256,car,0.7596,496,157,573,225,1,2
11042,368.067,274,person,0.711,354,567,561,715,0,2
11043,368.1,256,car,0.8352,496,157,571,224,1,2
11043,368.1,274,person,0.7193,350,568,558,715,0,2
11044,368.133,256,car,0.8179,495,155,569,223,1,2
11044,368.133,274,person,0.744,345,569,553,717,0,2
11045,368.167,256,car,0.8008,495,155,569,223,1,2
11045,368.167,274,person,0.6897,339,569,551,717,0,2
11046,368.2,256,car,0.7726,494,155,569,222,1,2
11046,368.2,274,person,0.6833,334,570,546,717,0,2
11047,368.233,256,car,0.7757,493,154,568,222,1,2
11047,368.233,274,person,0.6868,329,570,543,717,0,2
11048,368.267,256,car,0.769,493,154,568,222,1,2
11048,368.267,274,person,0.6765,326,570,542,717,0,2
11049,368.3,256,car,0.7857,491,153,568,222,1,2
11049,368.3,274,person,0.787,322,568,541,715,0,2
11050,368.333,256,car,0.7844,490,153,568,222,1,2
11050,368.333,274,person,0.7773,320,568,539,714,0,2
11051,368.367,256,car,0.7937,489,153,568,222,1,2
11051,368.367,274,person,0.7745,318,568,538,714,0,2
11052,368.4,256,car,0.8121,489,153,567,222,1,2
11052,368.4,274,person,0.7849,318,568,537,714,0,2
11053,368.433,256,car,0.8199,488,153,567,223,1,2
11053,368.433,274,person,0.7667,317,569,536,714,0,2
11054,368.467,256,car,0.8422,487,153,567,223,1,2
11054,368.467,274,person,0.7598,317,570,535,714,0,2
11055,368.5,256,car,0.8461,487,153,567,223,1,2
11055,368.5,274,person,0.7547,315,571,534,714,0,2
11056,368.533,256,car,0.8541,486,152,566,223,1,2
11056,368.533,274,person,0.7614,314,571,534,714,0,2
11057,368.567,256,car,0.8597,486,152,566,223,1,2
11057,368.567,274,person,0.7547,313,571,534,714,0,2
11058,368.6,256,car,0.8465,485,152,566,223,1,2
11058,368.6,274,person,0.7515,313,570,535,714,0,2
11059,368.633,256,car,0.8258,485,152,565,223,1,2
11059,368.633,274,person,0.787,313,570,536,714,0,2
11060,368.667,256,car,0.8318,483,152,565,224,1,2
11060,368.667,274,person,0.7918,313,570,537,714,0,2
11061,368.7,256,car,0.8188,483,153,565,224,1,2
11061,368.7,274,person,0.7899,313,569,539,714,0,2
11062,368.733,256,car,0.81,483,153,565,225,1,2
11062,368.733,274,person,0.7582,315,569,541,714,0,2
11063,368.767,256,car,0.8218,483,153,565,225,1,2
11063,368.767,274,person,0.7891,318,569,543,714,0,2
11064,368.8,256,car,0.8184,482,153,565,226,1,2
11064,368.8,274,person,0.7107,320,571,545,717,0,2
11065,368.833,256,car,0.8097,483,154,563,225,1,2
11065,368.833,274,person,0.6824,321,571,547,717,0,2
11066,368.867,256,car,0.8145,483,154,563,225,1,2
11066,368.867,274,person,0.6689,321,571,550,717,0,2
11067,368.9,256,car,0.8075,483,153,565,225,1,2
11067,368.9,274,person,0.661,323,570,552,717,0,2
11068,368.933,256,car,0.8049,483,153,565,225,1,2
11068,368.933,274,person,0.6745,323,568,555,717,0,2
11069,368.967,256,car,0.812,485,153,565,225,1,2
11069,368.967,274,person,0.6768,325,568,557,717,0,2
11070,369.0,256,car,0.8016,485,153,566,224,1,2
11070,369.0,274,person,0.7947,325,565,560,715,0,2
11071,369.033,256,car,0.8084,486,152,566,224,1,2
11071,369.033,274,person,0.7849,325,563,561,715,0,2
11072,369.067,256,car,0.8001,486,152,567,223,1,2
11072,369.067,274,person,0.7941,326,563,561,715,0,2
11073,369.1,256,car,0.7786,486,151,566,222,1,2
11073,369.1,274,person,0.7997,326,563,561,715,0,2
11074,369.133,256,car,0.764,487,151,567,221,1,2
11074,369.133,274,person,0.7996,326,563,561,715,0,2
11075,369.167,256,car,0.7896,488,151,567,219,1,2
11075,369.167,274,person,0.8026,326,563,560,715,0,2
11076,369.2,256,car,0.7934,489,150,568,219,1,2
11076,369.2,274,person,0.7955,325,563,558,715,0,2
11077,369.233,256,car,0.7916,489,150,569,219,1,2
11077,369.233,274,person,0.6523,322,565,557,717,0,2
11078,369.267,256,car,0.7773,488,149,569,219,1,2
11078,369.267,274,person,0.6535,321,565,554,717,0,2
11079,369.3,256,car,0.7804,488,147,570,219,1,2
11079,369.3,274,person,0.7318,320,566,551,715,0,2
11080,369.333,256,car,0.7762,488,146,571,219,1,2
11080,369.333,274,person,0.7731,319,566,549,715,0,2
11081,369.367,256,car,0.7813,488,146,571,219,1,2
11081,369.367,274,person,0.7874,317,565,547,714,0,2
11082,369.4,256,car,0.797,488,145,571,219,1,2
11082,369.4,274,person,0.7515,314,565,545,714,0,2
11083,369.433,256,car,0.7929,488,145,571,218,1,2
11083,369.433,274,person,0.8052,312,566,543,714,0,2
11084,369.467,256,car,0.7864,488,145,570,217,1,2
11084,369.467,274,person,0.7937,311,566,541,714,0,2
11085,369.5,256,car,0.7919,488,144,570,217,1,2
11085,369.5,274,person,0.766,309,566,537,714,0,2
11086,369.533,256,car,0.7877,488,144,570,216,1,2
11086,369.533,274,person,0.7849,305,566,535,714,0,2
11087,369.567,256,car,0.7934,488,144,570,216,1,2
11087,369.567,274,person,0.7703,304,566,534,714,0,2
11088,369.6,256,car,0.8084,487,144,569,216,1,2
11088,369.6,274,person,0.783,303,565,534,714,0,2
11089,369.633,256,car,0.785,487,144,569,217,1,2
11089,369.633,274,person,0.7838,302,563,533,714,0,2
11090,369.667,256,car,0.7609,486,143,569,217,1,2
11090,369.667,274,person,0.7758,301,563,533,714,0,2
11091,369.7,256,car,0.7923,485,143,568,217,1,2
11091,369.7,274,person,0.7783,302,563,533,714,0,2
11092,369.733,256,car,0.7907,485,143,567,217,1,2
11092,369.733,274,person,0.7795,302,562,535,714,0,2
11093,369.767,256,car,0.7969,485,143,567,217,1,2
11093,369.767,274,person,0.766,303,562,536,714,0,2
11094,369.8,256,car,0.804,483,143,567,217,1,2
11094,369.8,274,person,0.7688,307,563,538,714,0,2
11095,369.833,256,car,0.7966,485,143,567,217,1,2
11095,369.833,274,person,0.7977,311,562,542,714,0,2
11096,369.867,256,car,0.8047,485,143,567,217,1,2
11096,369.867,274,person,0.7766,312,562,544,714,0,2
11097,369.9,256,car,0.8013,485,143,567,217,1,2
11097,369.9,274,person,0.7824,315,562,546,714,0,2
11098,369.933,256,car,0.8165,485,142,567,216,1,2
11098,369.933,274,person,0.7833,317,562,549,714,0,2
11099,369.967,256,car,0.8156,485,142,567,216,1,2
11099,369.967,274,person,0.7824,318,561,550,714,0,2
11100,370.0,256,car,0.8231,485,141,567,216,1,2
11100,370.0,274,person,0.7439,320,561,552,714,0,2
11101,370.033,256,car,0.8126,485,141,567,215,1,2
11101,370.033,274,person,0.7542,320,561,553,714,0,2
11102,370.067,256,car,0.8312,486,141,568,215,1,2
11102,370.067,274,person,0.759,320,560,553,714,0,2
11103,370.1,256,car,0.8388,487,141,569,214,1,2
11103,370.1,274,person,0.7838,319,560,552,714,0,2
11104,370.133,256,car,0.8269,488,141,569,214,1,2
11104,370.133,274,person,0.8005,317,559,551,714,0,2
11105,370.167,256,car,0.8268,489,141,569,213,1,2
11105,370.167,274,person,0.7779,314,558,550,714,0,2
11106,370.2,256,car,0.8113,489,139,570,213,1,2
11106,370.2,274,person,0.812,311,557,547,714,0,2
11107,370.233,256,car,0.7977,490,139,570,211,1,2
11107,370.233,274,person,0.8,307,554,546,714,0,2
11108,370.267,256,car,0.7985,490,139,570,210,1,2
11108,370.267,274,person,0.8012,305,553,545,714,0,2
11109,370.3,256,car,0.784,491,138,570,210,1,2
11109,370.3,274,person,0.7438,303,551,545,714,0,2
11110,370.333,256,car,0.7824,491,138,570,209,1,2
11110,370.333,274,person,0.7105,302,549,545,713,0,2
11111,370.367,256,car,0.7959,491,137,571,209,1,2
11111,370.367,274,person,0.684,302,547,545,714,0,2
11112,370.4,256,car,0.7973,491,137,571,209,1,2
11112,370.4,274,person,0.7281,304,547,546,714,0,2
11113,370.433,256,car,0.7959,491,137,571,209,1,2
11113,370.433,274,person,0.7168,307,549,547,714,0,2
11114,370.467,256,car,0.7796,491,137,571,209,1,2
11114,370.467,274,person,0.7475,310,549,549,714,0,2
11115,370.5,256,car,0.7433,493,136,571,208,1,2
11115,370.5,274,person,0.7421,312,549,550,714,0,2
11116,370.533,256,car,0.7551,493,136,573,208,1,2
11116,370.533,274,person,0.719,314,547,552,714,0,2
11117,370.567,256,car,0.7414,493,135,573,207,1,2
11117,370.567,274,person,0.732,315,546,554,714,0,2
11118,370.6,256,car,0.7344,493,134,573,206,1,2
11118,370.6,274,person,0.7276,314,545,553,714,0,2
11119,370.633,256,car,0.7445,493,133,573,206,1,2
11119,370.633,274,person,0.7179,313,544,553,714,0,2
11120,370.667,256,car,0.7157,493,133,573,206,1,2
11120,370.667,274,person,0.6934,312,543,552,714,0,2
11121,370.7,256,car,0.6936,493,133,573,206,1,2
11121,370.7,274,person,0.6853,310,542,552,714,0,2
11122,370.733,256,car,0.7107,493,133,573,205,1,2
11122,370.733,274,person,0.6909,307,541,550,714,0,2
11123,370.767,256,car,0.7114,493,133,573,205,1,2
11123,370.767,274,person,0.7067,306,539,549,714,0,2
11124,370.8,256,car,0.6752,493,133,571,205,1,2
11124,370.8,274,person,0.7418,307,541,547,714,0,2
11125,370.833,256,car,0.705,493,133,571,205,1,2
11125,370.833,274,person,0.7299,307,541,546,714,0,2
11126,370.867,256,car,0.6865,493,133,571,205,1,2
11126,370.867,274,person,0.7312,307,542,545,714,0,2
11127,370.9,256,car,0.668,493,133,571,205,1,2
11127,370.9,274,person,0.7487,309,542,544,714,0,2
11128,370.933,256,car,0.6884,493,131,571,205,1,2
11128,370.933,274,person,0.7285,310,543,544,714,0,2
11129,370.967,256,car,0.6247,493,131,571,205,1,2
11129,370.967,274,person,0.7005,310,543,544,714,0,2
11130,371.0,256,car,0.6664,493,131,571,205,1,2
11130,371.0,274,person,0.6683,311,544,543,714,0,2
11131,371.033,256,car,0.6881,493,131,571,203,1,2
11131,371.033,274,person,0.6988,311,544,543,714,0,2
11132,371.067,256,car,0.7101,493,131,571,203,1,2
11132,371.067,274,person,0.75,311,543,543,714,0,2
11133,371.1,256,car,0.6734,493,131,571,203,1,2
11133,371.1,274,person,0.7624,309,541,543,714,0,2
11134,371.133,256,car,0.6792,494,131,571,203,1,2
11134,371.133,274,person,0.7561,307,539,544,714,0,2
11135,371.167,256,car,0.7097,494,131,571,202,1,2
11135,371.167,274,person,0.7599,307,539,544,714,0,2
11136,371.2,256,car,0.7184,494,131,571,202,1,2
11136,371.2,274,person,0.7757,307,538,544,714,0,2
11137,371.233,256,car,0.6451,494,131,571,202,1,2
11137,371.233,274,person,0.7602,310,539,545,714,0,2
11138,371.267,256,car,0.6299,494,131,571,202,1,2
11138,371.267,274,person,0.7353,311,539,545,714,0,2
11139,371.3,256,car,0.6541,494,131,571,202,1,2
11139,371.3,274,person,0.736,313,541,546,714,0,2
11140,371.333,256,car,0.7351,494,131,571,203,1,2
11140,371.333,274,person,0.7328,315,541,547,714,0,2
11141,371.367,256,car,0.7498,494,131,573,203,1,2
11141,371.367,274,person,0.7391,317,541,549,714,0,2
11142,371.4,256,car,0.7522,495,131,573,203,1,2
11142,371.4,274,person,0.7348,319,541,550,714,0,2
11143,371.433,256,car,0.7449,495,133,573,203,1,2
11143,371.433,274,person,0.7227,322,543,551,714,0,2
11144,371.467,256,car,0.7546,495,133,573,203,1,2
11144,371.467,274,person,0.7005,325,544,551,714,0,2
11145,371.5,256,car,0.7789,495,133,573,203,1,2
11145,371.5,274,person,0.7169,327,545,551,714,0,2
11146,371.533,256,car,0.7841,496,131,573,203,1,2
11146,371.533,274,person,0.7012,327,544,552,714,0,2
11147,371.567,256,car,0.7318,496,131,574,202,1,2
11147,371.567,274,person,0.7231,327,543,553,714,0,2
11148,371.6,256,car,0.7138,496,131,574,202,1,2
11148,371.6,274,person,0.7598,327,542,554,714,0,2
11149,371.633,256,car,0.7405,497,131,574,202,1,2
11149,371.633,274,person,0.7624,327,541,555,714,0,2
11150,371.667,256,car,0.7575,497,130,575,202,1,2
11150,371.667,274,person,0.7604,328,542,554,714,0,2
11151,371.7,256,car,0.728,498,130,576,202,1,2
11151,371.7,274,person,0.7382,328,543,553,714,0,2
11152,371.733,256,car,0.7452,498,130,576,202,1,2
11152,371.733,274,person,0.7347,328,544,551,714,0,2
11153,371.767,256,car,0.7569,498,130,576,203,1,2
11153,371.767,274,person,0.7375,328,544,551,714,0,2
11154,371.8,256,car,0.7469,499,130,576,202,1,2
11154,371.8,274,person,0.7295,327,544,550,714,0,2
11155,371.833,256,car,0.6856,501,130,576,202,1,2
11155,371.833,274,person,0.7382,328,546,549,714,0,2
11156,371.867,256,car,0.7001,501,130,576,202,1,2
11156,371.867,274,person,0.7331,328,547,547,714,0,2
11157,371.9,256,car,0.6438,501,130,577,202,1,2
11157,371.9,274,person,0.7667,328,549,546,714,0,2
11158,371.933,256,car,0.6629,502,130,577,202,1,2
11158,371.933,274,person,0.7534,326,550,544,714,0,2
11159,371.967,256,car,0.6448,502,130,577,201,1,2
11159,371.967,274,person,0.7556,323,550,543,714,0,2
11160,372.0,256,car,0.648,502,130,577,201,1,2
11160,372.0,274,person,0.745,320,550,542,714,0,2
11161,372.033,256,car,0.6898,502,130,577,201,1,2
11161,372.033,274,person,0.7882,315,546,541,714,0,2
11162,372.067,256,car,0.7286,503,130,577,200,1,2
11162,372.067,274,person,0.7539,312,545,539,714,0,2
11163,372.1,256,car,0.7023,503,130,577,200,1,2
11163,372.1,274,person,0.7561,310,545,537,714,0,2
11164,372.133,256,car,0.6662,504,130,577,199,1,2
11164,372.133,274,person,0.7661,309,546,535,714,0,2
11165,372.167,256,car,0.6288,504,130,577,199,1,2
11165,372.167,274,person,0.7875,309,546,534,713,0,2
11166,372.2,256,car,0.6553,504,130,577,199,1,2
11166,372.2,274,person,0.7789,307,547,533,713,0,2
11167,372.233,256,car,0.6559,504,130,577,198,1,2
11167,372.233,274,person,0.7552,305,546,531,714,0,2
11168,372.267,256,car,0.6437,504,129,577,198,1,2
11168,372.267,274,person,0.7505,304,546,530,714,0,2
11169,372.3,274,person,0.7574,301,545,529,714,0,2
11170,372.333,274,person,0.7814,296,542,527,714,0,2
11170,372.333,256,car,0.6169,504,125,578,194,1,2
11171,372.367,274,person,0.8082,294,539,527,713,0,2
11171,372.367,256,car,0.6372,503,122,578,192,1,2
11172,372.4,274,person,0.7984,290,537,526,714,0,2
11172,372.4,256,car,0.6642,503,121,578,191,1,2
11173,372.433,274,person,0.8013,287,536,523,714,0,2
11173,372.433,256,car,0.676,504,119,578,187,1,2
11174,372.467,274,person,0.7742,286,535,522,714,0,2
11174,372.467,256,car,0.6889,503,118,579,187,1,2
11175,372.5,274,person,0.774,283,533,522,713,0,2
11175,372.5,256,car,0.6494,504,115,578,184,1,2
11176,372.533,274,person,0.7442,283,531,522,713,0,2
11176,372.533,256,car,0.7256,503,112,579,182,1,2
11177,372.567,274,person,0.7706,283,529,523,713,0,2
11177,372.567,256,car,0.733,503,111,579,181,1,2
11178,372.6,274,person,0.7488,282,527,525,713,0,2
11178,372.6,256,car,0.7236,503,109,579,178,1,2
11179,372.633,274,person,0.7526,283,526,527,713,0,2
11179,372.633,256,car,0.6704,503,106,579,176,1,2
11180,372.667,274,person,0.7436,285,525,528,713,0,2
11180,372.667,256,car,0.7419,504,105,579,174,1,2
11181,372.7,274,person,0.7476,286,522,531,713,0,2
11181,372.7,256,car,0.6751,505,104,581,173,1,2
11182,372.733,274,person,0.7169,287,520,535,713,0,2
11182,372.733,256,car,0.6235,505,104,581,173,1,2
11183,372.767,274,person,0.7135,289,518,536,713,0,2
11183,372.767,275,car,0.7729,2,237,58,352,0,2
11184,372.8,274,person,0.7476,291,517,538,713,0,2
11184,372.8,275,car,0.7781,7,238,63,351,0,2
11184,372.8,256,car,0.6777,506,104,582,173,1,2
11185,372.833,274,person,0.6759,295,517,539,713,0,2
11185,372.833,256,car,0.7072,507,104,583,173,1,2
11186,372.867,274,person,0.7166,297,519,538,713,0,2
11186,372.867,256,car,0.6715,509,105,583,174,1,2
11187,372.9,274,person,0.6798,301,522,536,713,0,2
11187,372.9,256,car,0.6949,510,106,584,175,1,2
11188,372.933,274,person,0.7122,304,526,534,713,0,2
11188,372.933,256,car,0.6798,510,109,584,176,1,2
11189,372.967,274,person,0.7074,305,528,533,713,0,2
11189,372.967,256,car,0.738,511,110,585,177,1,2
11190,373.0,274,person,0.7315,307,529,533,713,0,2
11191,373.033,274,person,0.7399,310,529,534,713,0,2
11192,373.067,274,person,0.7602,311,529,536,713,0,2
11193,373.1,274,person,0.7233,312,529,537,713,0,2
11193,373.1,256,car,0.6024,513,112,586,179,1,2
11194,373.133,274,person,0.7825,313,529,539,713,0,2
11195,373.167,274,person,0.7985,314,529,542,714,0,2
11195,373.167,275,car,0.7695,14,246,79,374,0,2
11195,373.167,256,car,0.6109,514,114,586,181,1,2
11196,373.2,274,person,0.8304,315,529,544,714,0,2
11196,373.2,275,car,0.7825,14,245,81,369,0,2
11196,373.2,256,car,0.6357,514,115,586,181,1,2
11197,373.233,274,person,0.783,318,528,547,714,0,2
11197,373.233,275,car,0.7547,14,242,82,361,0,2
11197,373.233,256,car,0.6763,514,114,587,181,1,2
11198,373.267,274,person,0.7954,319,528,550,714,0,2
11198,373.267,275,car,0.7579,14,242,81,354,0,2
11198,373.267,256,car,0.606,514,114,587,181,1,2
11199,373.3,274,person,0.7477,321,529,551,714,0,2
11199,373.3,275,car,0.7709,10,243,77,349,0,2
11199,373.3,256,car,0.6055,514,114,587,181,1,2
11200,373.333,274,person,0.6994,325,531,552,713,0,2
11200,373.333,275,car,0.6117,9,246,74,346,0,2
11200,373.333,256,car,0.7362,514,114,587,181,1,2
11201,373.367,274,person,0.6463,325,533,550,713,0,2
11201,373.367,256,car,0.7559,514,114,589,181,1,2
11202,373.4,274,person,0.7003,325,535,547,713,0,2
11202,373.4,256,car,0.7529,514,114,587,181,1,2
11203,373.433,274,person,0.7259,320,535,544,713,0,2
11203,373.433,256,car,0.745,514,114,587,181,1,2
11204,373.467,274,person,0.7498,317,536,541,713,0,2
11204,373.467,256,car,0.7551,514,114,587,181,1,2
11205,373.5,274,person,0.6097,313,536,539,713,0,2
11205,373.5,256,car,0.7586,514,114,586,181,1,2
11206,373.533,256,car,0.7129,514,115,586,181,1,2
11207,373.567,256,car,0.7062,514,115,586,179,1,2
11207,373.567,274,person,0.6927,309,534,536,713,0,2
11208,373.6,256,car,0.6486,514,114,586,179,1,2
11208,373.6,274,person,0.7236,305,533,534,713,0,2
11209,373.633,256,car,0.6778,513,114,585,179,1,2
11209,373.633,274,person,0.6956,304,534,531,713,0,2
11210,373.667,256,car,0.6691,513,114,585,179,1,2
11210,373.667,274,person,0.7124,303,534,531,713,0,2
11211,373.7,256,car,0.6508,513,114,585,179,1,2
11211,373.7,274,person,0.7547,304,533,533,713,0,2
11212,373.733,256,car,0.6335,513,114,585,179,1,2
11212,373.733,274,person,0.7581,304,533,534,713,0,2
11213,373.767,256,car,0.6491,513,114,585,179,1,2
11213,373.767,274,person,0.7717,305,531,536,713,0,2
11214,373.8,256,car,0.6483,513,114,584,179,1,2
11214,373.8,274,person,0.7299,306,531,538,713,0,2
11215,373.833,256,car,0.6641,513,114,584,179,1,2
11215,373.833,274,person,0.7365,309,533,541,713,0,2
11216,373.867,256,car,0.7111,513,115,584,179,1,2
11216,373.867,274,person,0.7883,311,534,541,713,0,2
11217,373.9,256,car,0.6687,513,115,584,179,1,2
11217,373.9,274,person,0.7402,314,536,541,713,0,2
11218,373.933,256,car,0.6728,513,115,584,179,1,2
11218,373.933,274,person,0.6842,317,538,541,713,0,2
11219,373.967,256,car,0.6876,513,115,584,179,1,2
11219,373.967,274,person,0.6995,318,541,542,714,0,2
11220,374.0,256,car,0.7034,512,115,583,179,1,2
11220,374.0,274,person,0.7018,318,541,542,714,0,2
11221,374.033,256,car,0.6964,512,115,583,179,1,2
11221,374.033,274,person,0.6832,317,539,543,713,0,2
11222,374.067,256,car,0.6492,512,117,582,179,1,2
11222,374.067,274,person,0.7124,317,538,543,713,0,2
11223,374.1,256,car,0.6365,512,115,582,178,1,2
11223,374.1,274,person,0.7151,315,538,543,713,0,2
11224,374.133,256,car,0.7201,512,117,582,179,1,2
11224,374.133,274,person,0.7612,314,538,543,713,0,2
11225,374.167,256,car,0.7306,512,117,581,179,1,2
11225,374.167,274,person,0.7774,313,537,543,713,0,2
11226,374.2,256,car,0.7319,511,117,581,179,1,2
11226,374.2,274,person,0.7521,311,536,543,713,0,2
11227,374.233,256,car,0.7524,511,117,581,181,1,2
11227,374.233,274,person,0.7105,311,536,542,713,0,2
11228,374.267,256,car,0.7224,511,118,581,181,1,2
11228,374.267,274,person,0.7253,310,536,542,713,0,2
11228,374.267,276,car,0.6258,137,157,262,248,0,2
11229,374.3,256,car,0.7332,510,118,581,182,1,2
11229,374.3,274,person,0.7276,310,537,541,713,0,2
11229,374.3,276,car,0.6414,135,158,263,251,0,2
11230,374.333,256,car,0.6832,510,118,581,182,1,2
11230,374.333,274,person,0.7659,310,538,539,713,0,2
11230,374.333,276,car,0.6187,137,158,263,250,0,2
11231,374.367,256,car,0.706,510,118,579,182,1,2
11231,374.367,274,person,0.7824,310,538,539,713,0,2
11231,374.367,276,car,0.6826,138,158,264,249,0,2
11232,374.4,256,car,0.6796,510,119,579,183,1,2
11232,374.4,274,person,0.7772,311,539,539,713,0,2
11233,374.433,256,car,0.681,510,120,579,183,1,2
11233,374.433,274,person,0.7833,312,541,541,713,0,2
11234,374.467,256,car,0.6519,510,120,578,183,1,2
11234,374.467,274,person,0.7806,312,541,541,713,0,2
11234,374.467,276,car,0.6342,150,157,261,237,0,2
11235,374.5,256,car,0.6855,511,121,578,183,1,2
11235,374.5,274,person,0.7691,314,543,539,713,0,2
11235,374.5,276,car,0.6775,153,155,264,234,0,2
11236,374.533,256,car,0.6967,511,121,578,183,1,2
11236,374.533,274,person,0.7849,314,544,539,713,0,2
11237,374.567,256,car,0.6921,511,121,578,183,1,2
11237,374.567,274,person,0.7817,314,545,539,714,0,2
11238,374.6,256,car,0.7499,511,121,578,183,1,2
11238,374.6,274,person,0.7778,313,544,539,713,0,2
11239,374.633,256,car,0.755,510,120,578,183,1,2
11239,374.633,274,person,0.7734,311,542,542,713,0,2
11240,374.667,256,car,0.7569,510,120,578,183,1,2
11240,374.667,274,person,0.7882,310,541,542,713,0,2
11241,374.7,256,car,0.7587,510,120,578,184,1,2
11241,374.7,274,person,0.777,309,541,542,713,0,2
11242,374.733,256,car,0.7462,511,121,578,184,1,2
11242,374.733,274,person,0.7829,310,542,541,714,0,2
11243,374.767,256,car,0.737,511,121,578,184,1,2
11243,374.767,274,person,0.7776,311,544,541,714,0,2
11244,374.8,256,car,0.7223,511,122,577,184,1,2
11244,374.8,274,person,0.7674,310,545,539,714,0,2
11245,374.833,256,car,0.6986,510,122,577,185,1,2
11245,374.833,274,person,0.7745,310,545,538,714,0,2
11246,374.867,256,car,0.7141,510,123,577,185,1,2
11246,374.867,274,person,0.7582,310,546,537,714,0,2
11247,374.9,256,car,0.7491,510,123,577,185,1,2
11247,374.9,274,person,0.76,310,546,537,714,0,2
11248,374.933,256,car,0.7566,509,123,576,185,1,2
11248,374.933,274,person,0.7605,310,547,537,714,0,2
11249,374.967,256,car,0.7454,507,123,576,186,1,2
11249,374.967,274,person,0.7682,310,547,537,714,0,2
11250,375.0,256,car,0.7103,506,123,575,186,1,2
11250,375.0,274,person,0.7655,310,549,536,714,0,2
11251,375.033,256,car,0.7008,505,123,575,187,1,2
11251,375.033,274,person,0.785,309,549,536,714,0,2
11252,375.067,256,car,0.6792,506,125,575,187,1,2
11252,375.067,274,person,0.7717,309,549,536,714,0,2
11253,375.1,256,car,0.6863,505,125,575,187,1,2
11253,375.1,274,person,0.7716,307,549,535,714,0,2
11254,375.133,256,car,0.6036,504,125,574,187,1,2
11254,375.133,274,person,0.7693,306,550,534,714,0,2
11255,375.167,256,car,0.6181,504,125,574,189,1,2
11255,375.167,274,person,0.7571,306,550,534,714,0,2
11256,375.2,256,car,0.6626,504,126,573,189,1,2
11256,375.2,274,person,0.7578,305,550,534,714,0,2
11257,375.233,256,car,0.731,503,126,571,190,1,2
11257,375.233,274,person,0.745,305,550,533,714,0,2
11258,375.267,256,car,0.709,503,127,571,190,1,2
11258,375.267,274,person,0.7346,305,552,531,714,0,2
11259,375.3,256,car,0.6121,503,128,570,191,1,2
11259,375.3,274,person,0.7314,306,554,530,714,0,2
11260,375.333,274,person,0.7091,310,557,530,714,0,2
11261,375.367,274,person,0.7371,311,558,530,714,0,2
11261,375.367,256,car,0.605,503,131,569,192,1,2
11262,375.4,274,person,0.7376,312,558,531,714,0,2
11262,375.4,256,car,0.6115,503,130,569,192,1,2
11263,375.433,274,person,0.7378,313,559,533,714,0,2
11263,375.433,256,car,0.6499,502,129,570,192,1,2
11264,375.467,274,person,0.7408,314,559,534,714,0,2
11264,375.467,256,car,0.7089,503,128,570,191,1,2
11265,375.5,274,person,0.7598,313,559,535,714,0,2
11265,375.5,256,car,0.7218,503,127,573,191,1,2
11266,375.533,274,person,0.797,312,558,537,714,0,2
11266,375.533,256,car,0.6663,504,125,574,190,1,2
11267,375.567,274,person,0.7827,311,555,539,714,0,2
11267,375.567,256,car,0.6639,505,125,575,189,1,2
11268,375.6,274,person,0.8038,309,551,543,714,0,2
11269,375.633,274,person,0.8041,309,549,547,714,0,2
11269,375.633,256,car,0.6289,506,122,576,187,1,2
11270,375.667,274,person,0.7749,309,547,550,714,0,2
11271,375.7,274,person,0.7562,311,547,551,714,0,2
11271,375.7,256,car,0.625,509,123,577,187,1,2
11272,375.733,274,person,0.7585,312,547,552,714,0,2
11272,375.733,256,car,0.6372,511,123,579,187,1,2
11273,375.767,274,person,0.7569,312,549,552,714,0,2
11273,375.767,256,car,0.6034,512,126,579,189,1,2
11274,375.8,274,person,0.7573,313,550,550,715,0,2
11274,375.8,256,car,0.6116,512,127,579,190,1,2
11275,375.833,274,person,0.7639,314,552,547,714,0,2
11276,375.867,274,person,0.7983,315,553,545,714,0,2
11277,375.9,274,person,0.8088,317,558,543,714,0,2
11277,375.9,256,car,0.6197,514,131,581,192,1,2
11278,375.933,274,person,0.7884,318,560,541,714,0,2
11278,375.933,256,car,0.6285,514,131,581,193,1,2
11279,375.967,274,person,0.7892,317,560,539,714,0,2
11279,375.967,256,car,0.612,518,139,577,194,1,2
11280,376.0,274,person,0.7753,313,558,539,714,0,2
11280,376.0,256,car,0.6008,514,134,581,194,1,2
11281,376.033,274,person,0.7403,310,554,539,714,0,2
11282,376.067,274,person,0.7625,306,552,541,714,0,2
11283,376.1,274,person,0.7555,305,551,539,714,0,2
11283,376.1,256,car,0.6993,512,133,581,195,1,2
11284,376.133,274,person,0.7614,305,552,538,714,0,2
11284,376.133,256,car,0.7441,512,134,581,195,1,2
11285,376.167,274,person,0.7603,305,553,537,714,0,2
11285,376.167,256,car,0.741,512,134,579,195,1,2
11286,376.2,274,person,0.7445,304,554,536,714,0,2
11286,376.2,256,car,0.7169,511,135,579,197,1,2
11287,376.233,274,person,0.762,303,554,534,714,0,2
11287,376.233,256,car,0.6754,511,136,578,198,1,2
11288,376.267,274,person,0.7764,302,555,531,714,0,2
11288,376.267,256,car,0.6011,510,136,578,198,1,2
11289,376.3,274,person,0.8042,299,557,528,714,0,2
11289,376.3,256,car,0.6067,510,136,577,198,1,2
11290,376.333,274,person,0.7851,299,559,525,714,0,2
11290,376.333,256,car,0.6236,510,137,576,198,1,2
11291,376.367,274,person,0.7724,299,561,522,715,0,2
11291,376.367,256,car,0.6091,510,138,576,199,1,2
11292,376.4,274,person,0.7683,299,562,520,715,0,2
11293,376.433,274,person,0.77,298,563,519,715,0,2
11294,376.467,274,person,0.7527,299,566,518,715,0,2
11295,376.5,274,person,0.8032,301,568,517,715,0,2
11296,376.533,274,person,0.7947,302,569,515,715,0,2
11297,376.567,274,person,0.7887,302,569,517,715,0,2
11297,376.567,256,car,0.6527,509,135,577,197,1,2
11298,376.6,274,person,0.7974,299,566,520,715,0,2
11298,376.6,256,car,0.6502,510,134,577,195,1,2
11299,376.633,274,person,0.802,297,562,525,715,0,2
11300,376.667,274,person,0.8257,297,559,527,714,0,2
11301,376.7,274,person,0.835,296,555,530,714,0,2
11302,376.733,274,person,0.814,295,553,534,714,0,2
11303,376.767,274,person,0.8073,295,551,535,714,0,2
11304,376.8,274,person,0.8077,294,550,536,714,0,2
11305,376.833,274,person,0.7999,294,550,536,714,0,2
11306,376.867,274,person,0.7915,294,550,535,714,0,2
11307,376.9,274,person,0.8142,295,552,533,714,0,2
11308,376.933,274,person,0.8036,296,554,530,714,0,2
11309,376.967,274,person,0.8072,297,555,528,714,0,2
11310,377.0,274,person,0.8083,296,555,527,714,0,2
11310,377.0,256,car,0.6183,515,122,581,181,1,2
11311,377.033,274,person,0.7624,293,553,527,714,0,2
11311,377.033,256,car,0.6755,515,120,581,179,1,2
11312,377.067,274,person,0.7963,290,551,526,714,0,2
11312,377.067,256,car,0.6559,514,119,581,178,1,2
11313,377.1,274,person,0.7896,287,550,525,714,0,2
11313,377.1,256,car,0.7301,514,117,581,177,1,2
11314,377.133,274,person,0.7911,283,547,526,714,0,2
11314,377.133,256,car,0.6632,514,115,581,176,1,2
11315,377.167,274,person,0.8027,282,545,526,713,0,2
11315,377.167,256,car,0.6915,514,115,581,175,1,2
11316,377.2,274,person,0.7564,282,543,527,713,0,2
11316,377.2,256,car,0.636,514,114,581,175,1,2
11317,377.233,274,person,0.749,281,542,529,714,0,2
11317,377.233,256,car,0.623,513,113,581,174,1,2
11318,377.267,274,person,0.7304,280,539,530,714,0,2
11318,377.267,256,car,0.6011,513,112,581,174,1,2
11319,377.3,274,person,0.738,280,537,531,714,0,2
11319,377.3,256,car,0.6546,512,111,581,174,1,2
11320,377.333,274,person,0.753,282,536,534,714,0,2
11320,377.333,256,car,0.6689,512,111,579,173,1,2
11321,377.367,274,person,0.7475,285,536,535,714,0,2
11321,377.367,256,car,0.6753,512,111,579,173,1,2
11322,377.4,274,person,0.7431,288,537,535,714,0,2
11322,377.4,256,car,0.6755,511,111,578,171,1,2
11323,377.433,274,person,0.6898,291,538,536,714,0,2
11323,377.433,256,car,0.6087,511,111,577,171,1,2
11324,377.467,274,person,0.695,294,539,536,714,0,2
11325,377.5,274,person,0.7467,294,538,536,714,0,2
11325,377.5,256,car,0.6493,510,111,576,171,1,2
11326,377.533,274,person,0.7654,294,536,537,714,0,2
11326,377.533,256,car,0.6538,509,112,575,171,1,2
11327,377.567,274,person,0.7582,294,535,537,713,0,2
11327,377.567,256,car,0.6511,509,112,574,171,1,2
11328,377.6,274,person,0.7922,293,534,536,713,0,2
11328,377.6,256,car,0.6302,509,112,574,171,1,2
11329,377.633,274,person,0.7758,290,533,534,713,0,2
11330,377.667,274,person,0.7773,289,531,533,714,0,2
11331,377.7,274,person,0.7569,288,530,531,713,0,2
11332,377.733,274,person,0.7461,286,530,529,714,0,2
11333,377.767,274,person,0.7573,283,528,527,713,0,2
11334,377.8,274,person,0.7484,281,527,525,713,0,2
11335,377.833,274,person,0.7825,279,526,522,713,0,2
11336,377.867,274,person,0.7857,279,527,520,713,0,2
11337,377.9,274,person,0.7903,278,527,519,713,0,2
11338,377.933,274,person,0.7901,278,528,517,713,0,2
11339,377.967,274,person,0.7949,279,528,517,713,0,2
11340,378.0,274,person,0.8076,280,529,517,714,0,2
11341,378.033,274,person,0.7866,281,530,517,714,0,2
11342,378.067,274,person,0.7826,282,530,517,714,0,2
11343,378.1,274,person,0.7966,285,531,517,713,0,2
11344,378.133,274,person,0.7762,287,534,518,713,0,2
11344,378.133,256,car,0.606,501,111,563,168,1,2
11345,378.167,274,person,0.7827,288,535,519,713,0,2
11346,378.2,274,person,0.7658,288,535,519,713,0,2
11347,378.233,274,person,0.7732,289,535,519,713,0,2
11348,378.267,274,person,0.8022,290,536,520,713,0,2
11349,378.3,274,person,0.7928,293,538,520,713,0,2
11350,378.333,274,person,0.7723,294,539,520,713,0,2
11351,378.367,274,person,0.7917,293,539,519,713,0,2
11352,378.4,274,person,0.8058,290,539,518,713,0,2
11353,378.433,274,person,0.7903,286,537,517,713,0,2
11354,378.467,274,person,0.7959,283,536,517,713,0,2
11355,378.5,274,person,0.8082,281,534,515,713,0,2
11356,378.533,274,person,0.8202,280,535,514,713,0,2
11357,378.567,274,person,0.8218,280,536,513,713,0,2
11357,378.567,256,car,0.6134,495,113,559,170,1,2
11358,378.6,274,person,0.8169,282,537,512,713,0,2
11359,378.633,274,person,0.8044,283,538,512,713,0,2
11360,378.667,274,person,0.7818,286,541,512,713,0,2
11361,378.7,274,person,0.7233,289,544,512,713,0,2
11362,378.733,274,person,0.7149,293,547,512,714,0,2
11363,378.767,274,person,0.7332,296,549,513,714,0,2
11364,378.8,274,person,0.7496,298,551,513,714,0,2
11365,378.833,274,person,0.7281,299,552,514,713,0,2
11366,378.867,274,person,0.7182,299,552,514,713,0,2
11367,378.9,274,person,0.7137,299,552,515,713,0,2
11368,378.933,274,person,0.7131,299,552,517,713,0,2
11369,378.967,274,person,0.7224,299,552,518,713,0,2
11370,379.0,274,person,0.778,301,552,519,713,0,2
11371,379.033,274,person,0.7814,303,553,522,713,0,2
11372,379.067,274,person,0.7609,305,553,525,713,0,2
11373,379.1,274,person,0.728,311,555,529,714,0,2
11374,379.133,274,person,0.7523,318,560,531,714,0,2
11375,379.167,274,person,0.7978,321,560,536,714,0,2
11376,379.2,274,person,0.798,323,560,539,714,0,2
11377,379.233,274,person,0.7821,326,560,543,714,0,2
11377,379.233,280,car,0.6147,512,142,574,198,1,2
11378,379.267,274,person,0.7798,327,560,544,715,0,2
11378,379.267,280,car,0.63,513,144,573,198,1,2
11379,379.3,274,person,0.7696,327,560,545,715,0,2
11379,379.3,280,car,0.6401,514,145,574,199,1,2
11380,379.333,274,person,0.7699,328,561,546,714,0,2
11380,379.333,280,car,0.6868,513,144,575,199,1,2
11381,379.367,274,person,0.7824,327,561,546,714,0,2
11381,379.367,280,car,0.7026,513,143,577,200,1,2
11382,379.4,274,person,0.7965,326,561,545,714,0,2
11382,379.4,280,car,0.6863,512,142,577,200,1,2
11383,379.433,274,person,0.78,323,560,545,714,0,2
11383,379.433,280,car,0.68,512,142,578,201,1,2
11384,379.467,274,person,0.7685,322,560,543,714,0,2
11384,379.467,280,car,0.658,512,143,578,201,1,2
11385,379.5,274,person,0.6792,321,561,542,714,0,2
11385,379.5,280,car,0.706,512,143,578,202,1,2
11386,379.533,274,person,0.6584,322,565,542,715,0,2
11386,379.533,280,car,0.775,512,143,579,203,1,2
11387,379.567,274,person,0.6622,323,566,542,717,0,2
11387,379.567,280,car,0.7951,512,144,579,205,1,2
11388,379.6,274,person,0.6599,325,566,544,717,0,2
11388,379.6,280,car,0.7001,512,144,581,206,1,2
11389,379.633,274,person,0.647,328,568,546,717,0,2
11389,379.633,280,car,0.6411,512,145,581,207,1,2
11390,379.667,274,person,0.6551,330,569,546,717,0,2
11390,379.667,280,car,0.6477,513,146,581,207,1,2
11391,379.7,274,person,0.6356,331,569,547,717,0,2
11391,379.7,280,car,0.7038,513,146,582,208,1,2
11392,379.733,274,person,0.6043,331,570,549,717,0,2
11392,379.733,280,car,0.7337,514,146,582,208,1,2
11393,379.767,274,person,0.6168,331,570,549,717,0,2
11393,379.767,280,car,0.7004,514,147,582,208,1,2
11394,379.8,274,person,0.6175,331,570,550,717,0,2
11395,379.833,274,person,0.6566,331,569,551,717,0,2
11395,379.833,280,car,0.6998,517,147,585,209,1,2
11396,379.867,274,person,0.7536,331,568,553,717,0,2
11396,379.867,280,car,0.723,518,147,585,209,1,2
11397,379.9,274,person,0.7577,335,567,558,717,0,2
11397,379.9,280,car,0.787,520,147,587,208,1,2
11398,379.933,274,person,0.7493,341,565,567,717,0,2
11398,379.933,280,car,0.7537,523,147,591,208,1,2
11399,379.967,274,person,0.7395,344,563,573,717,0,2
11399,379.967,280,car,0.7111,527,147,593,207,1,2
11400,380.0,274,person,0.6514,350,562,578,715,0,2
11400,380.0,280,car,0.7802,529,147,597,207,1,2
11401,380.033,274,person,0.7505,355,562,584,715,0,2
11401,380.033,280,car,0.7255,533,147,600,207,1,2
11402,380.067,274,person,0.6694,359,561,587,715,0,2
11402,380.067,280,car,0.7368,535,147,602,208,1,2
11403,380.1,274,person,0.72,363,562,591,715,0,2
11403,380.1,280,car,0.7366,537,147,606,208,1,2
11404,380.133,274,person,0.7152,367,562,594,715,0,2
11404,380.133,280,car,0.7148,541,149,608,208,1,2
11405,380.167,274,person,0.7126,369,562,597,715,0,2
11405,380.167,280,car,0.7167,543,147,611,208,1,2
11406,380.2,274,person,0.683,371,562,599,715,0,2
11406,380.2,280,car,0.7495,545,146,614,208,1,2
11407,380.233,274,person,0.707,373,562,600,715,0,2
11407,380.233,280,car,0.6512,546,146,616,208,1,2
11408,380.267,274,person,0.6835,373,562,600,715,0,2
11408,380.267,280,car,0.6711,549,145,618,207,1,2
11409,380.3,274,person,0.7108,371,561,600,715,0,2
11409,380.3,280,car,0.6802,549,145,619,207,1,2
11410,380.333,274,person,0.7118,370,561,600,715,0,2
11410,380.333,280,car,0.6579,550,145,621,207,1,2
11411,380.367,274,person,0.7006,369,561,598,715,0,2
11411,380.367,280,car,0.6418,551,145,621,207,1,2
11412,380.4,274,person,0.6387,368,561,595,715,0,2
11412,380.4,280,car,0.6766,551,146,621,208,1,2
11413,380.433,274,person,0.7266,366,562,592,715,0,2
11413,380.433,280,car,0.6493,552,147,621,209,1,2
11414,380.467,274,person,0.7063,365,562,591,715,0,2
11414,380.467,280,car,0.6523,552,147,622,209,1,2
11415,380.5,274,person,0.6414,365,563,590,715,0,2
11415,380.5,280,car,0.6566,552,149,622,209,1,2
11416,380.533,274,person,0.6647,365,565,587,715,0,2
11416,380.533,280,car,0.611,551,149,622,210,1,2
11417,380.567,274,person,0.6246,366,567,586,717,0,2
11417,380.567,280,car,0.6009,551,147,622,210,1,2
11418,380.6,274,person,0.6257,366,569,584,717,0,2
11419,380.633,274,person,0.613,365,568,585,717,0,2
11420,380.667,274,person,0.6254,362,567,585,717,0,2
11421,380.7,274,person,0.6265,360,565,585,717,0,2
11422,380.733,274,person,0.6711,360,562,586,715,0,2
11423,380.767,274,person,0.6503,360,562,587,715,0,2
11423,380.767,280,car,0.605,551,147,623,211,1,2
11424,380.8,274,person,0.6581,360,561,587,715,0,2
11425,380.833,274,person,0.6865,361,561,589,715,0,2
11426,380.867,274,person,0.6937,361,560,589,715,0,2
11427,380.9,274,person,0.7056,359,560,587,715,0,2
11428,380.933,274,person,0.7369,354,559,584,715,0,2
11429,380.967,274,person,0.7313,351,558,582,715,0,2
11430,381.0,274,person,0.7216,350,558,581,715,0,2
11430,381.0,280,car,0.6519,549,147,622,211,1,2
11431,381.033,274,person,0.728,349,558,579,715,0,2
11431,381.033,280,car,0.7244,547,146,621,213,1,2
11432,381.067,274,person,0.7388,347,558,578,715,0,2
11432,381.067,280,car,0.732,547,146,621,213,1,2
11433,381.1,274,person,0.7193,347,558,577,717,0,2
11433,381.1,280,car,0.7441,546,146,619,213,1,2
11434,381.133,274,person,0.7153,346,558,576,715,0,2
11434,381.133,280,car,0.7447,545,146,619,213,1,2
11435,381.167,274,person,0.7109,346,558,575,715,0,2
11435,381.167,280,car,0.7447,545,145,618,213,1,2
11436,381.2,274,person,0.7014,345,558,574,715,0,2
11436,381.2,280,car,0.7013,544,145,618,211,1,2
11437,381.233,274,person,0.6911,345,558,573,715,0,2
11437,381.233,280,car,0.7312,544,144,617,210,1,2
11438,381.267,274,person,0.7378,345,558,571,714,0,2
11438,381.267,280,car,0.7651,543,143,617,210,1,2
11439,381.3,274,person,0.7301,345,557,573,714,0,2
11439,381.3,280,car,0.771,543,142,617,209,1,2
11440,381.333,274,person,0.7409,345,555,574,714,0,2
11440,381.333,280,car,0.7568,543,141,617,209,1,2
11441,381.367,274,person,0.7553,346,555,575,714,0,2
11441,381.367,280,car,0.7559,542,141,617,209,1,2
11442,381.4,274,person,0.7515,345,554,575,714,0,2
11442,381.4,280,car,0.7499,542,139,617,208,1,2
11443,381.433,274,person,0.7342,345,553,576,713,0,2
11443,381.433,280,car,0.7527,541,139,617,208,1,2
11444,381.467,274,person,0.7378,344,552,575,713,0,2
11444,381.467,280,car,0.7598,541,138,616,208,1,2
11445,381.5,274,person,0.7424,344,552,575,713,0,2
11445,381.5,280,car,0.7325,541,138,616,208,1,2
11446,381.533,274,person,0.7264,343,552,575,713,0,2
11446,381.533,280,car,0.7191,539,138,615,208,1,2
11447,381.567,274,person,0.705,343,552,574,713,0,2
11447,381.567,280,car,0.7305,538,138,614,208,1,2
11448,381.6,274,person,0.6772,343,552,573,713,0,2
11448,381.6,280,car,0.7391,537,138,614,208,1,2
11449,381.633,274,person,0.6548,341,552,570,713,0,2
11449,381.633,280,car,0.7489,536,138,613,208,1,2
11450,381.667,274,person,0.6661,339,552,569,714,0,2
11450,381.667,280,car,0.7671,536,137,613,208,1,2
11451,381.7,274,person,0.6303,337,552,567,714,0,2
11451,381.7,280,car,0.7451,534,136,613,208,1,2
11452,381.733,274,person,0.6375,335,551,565,714,0,2
11452,381.733,280,car,0.7605,534,136,613,208,1,2
11453,381.767,274,person,0.6387,335,552,563,714,0,2
11453,381.767,280,car,0.7717,533,135,613,209,1,2
11454,381.8,274,person,0.653,335,552,562,714,0,2
11454,381.8,280,car,0.7515,533,135,611,209,1,2
11455,381.833,274,person,0.6596,335,553,561,715,0,2
11455,381.833,280,car,0.7384,533,136,611,209,1,2
11456,381.867,274,person,0.68,334,553,560,715,0,2
11456,381.867,280,car,0.7291,531,136,610,209,1,2
11457,381.9,274,person,0.6666,333,553,558,715,0,2
11457,381.9,280,car,0.7027,531,137,609,210,1,2
11458,381.933,274,person,0.6385,328,553,552,714,0,2
11458,381.933,280,car,0.7213,530,137,608,210,1,2
11459,381.967,274,person,0.6238,326,553,551,714,0,2
11459,381.967,280,car,0.7327,530,138,608,210,1,2
11460,382.0,280,car,0.7527,530,139,607,211,1,2
11461,382.033,280,car,0.7298,529,139,606,211,1,2
11462,382.067,280,car,0.749,529,141,605,211,1,2
11462,382.067,274,person,0.6088,328,558,549,715,0,2
11463,382.1,280,car,0.7862,528,142,605,211,1,2
11463,382.1,274,person,0.6091,328,559,549,715,0,2
11464,382.133,280,car,0.7601,527,142,603,213,1,2
11464,382.133,274,person,0.6236,328,558,549,714,0,2
11465,382.167,280,car,0.733,527,143,602,213,1,2
11465,382.167,274,person,0.659,328,558,549,714,0,2
11466,382.2,280,car,0.7204,526,143,602,213,1,2
11466,382.2,274,person,0.6592,328,558,551,714,0,2
11467,382.233,280,car,0.7233,525,142,601,213,1,2
11467,382.233,274,person,0.641,328,558,551,714,0,2
11468,382.267,280,car,0.7283,523,142,601,214,1,2
11468,382.267,274,person,0.6642,328,558,551,714,0,2
11469,382.3,280,car,0.7447,522,141,601,214,1,2
11469,382.3,274,person,0.6312,328,559,551,714,0,2
11470,382.333,280,car,0.7636,521,141,600,214,1,2
11470,382.333,274,person,0.6363,325,559,547,715,0,2
11471,382.367,280,car,0.7587,520,141,600,214,1,2
11471,382.367,274,person,0.6838,322,559,546,714,0,2
11472,382.4,280,car,0.7364,520,141,599,214,1,2
11472,382.4,274,person,0.6895,319,558,544,714,0,2
11473,382.433,280,car,0.7562,518,141,598,214,1,2
11473,382.433,274,person,0.6834,315,558,542,714,0,2
11474,382.467,280,car,0.7626,518,139,598,214,1,2
11474,382.467,274,person,0.6838,313,558,539,714,0,2
11475,382.5,280,car,0.7623,517,139,598,214,1,2
11475,382.5,274,person,0.7244,311,558,538,714,0,2
11476,382.533,280,car,0.7627,515,138,597,214,1,2
11476,382.533,274,person,0.7266,310,557,538,714,0,2
11477,382.567,280,car,0.7792,515,138,597,214,1,2
11477,382.567,274,person,0.7437,309,557,537,714,0,2
11478,382.6,280,car,0.7883,515,139,595,214,1,2
11478,382.6,274,person,0.7292,307,557,538,714,0,2
11479,382.633,280,car,0.7648,514,141,594,214,1,2
11479,382.633,274,person,0.7347,309,555,539,714,0,2
11480,382.667,280,car,0.7849,514,141,593,214,1,2
11480,382.667,274,person,0.7298,309,555,541,714,0,2
11481,382.7,280,car,0.809,514,141,593,214,1,2
11481,382.7,274,person,0.7331,311,555,542,714,0,2
11482,382.733,280,car,0.7941,513,141,593,214,1,2
11482,382.733,274,person,0.7184,312,557,542,714,0,2
11483,382.767,280,car,0.802,512,141,592,215,1,2
11483,382.767,274,person,0.7102,313,557,542,714,0,2
11484,382.8,280,car,0.7962,512,139,591,214,1,2
11484,382.8,274,person,0.7085,313,557,542,714,0,2
11485,382.833,280,car,0.8247,512,141,590,213,1,2
11485,382.833,274,person,0.7265,312,555,542,714,0,2
11486,382.867,280,car,0.8281,512,139,590,211,1,2
11486,382.867,274,person,0.7412,311,555,542,714,0,2
11487,382.9,280,car,0.8289,512,139,589,210,1,2
11487,382.9,274,person,0.7604,311,554,542,714,0,2
11488,382.933,280,car,0.8181,512,139,589,209,1,2
11488,382.933,274,person,0.7559,312,553,544,714,0,2
11489,382.967,280,car,0.8152,511,138,589,209,1,2
11489,382.967,274,person,0.7651,312,553,544,714,0,2
11490,383.0,280,car,0.815,511,138,587,209,1,2
11490,383.0,274,person,0.7237,312,552,545,714,0,2
11491,383.033,280,car,0.8133,510,137,587,209,1,2
11491,383.033,274,person,0.7319,312,552,545,714,0,2
11492,383.067,280,car,0.8091,510,137,587,209,1,2
11492,383.067,274,person,0.722,313,552,545,714,0,2
11493,383.1,280,car,0.8034,509,137,587,209,1,2
11493,383.1,274,person,0.6962,312,552,544,714,0,2
11494,383.133,280,car,0.814,509,136,586,209,1,2
11494,383.133,274,person,0.712,311,551,543,714,0,2
11495,383.167,280,car,0.8139,509,137,586,209,1,2
11495,383.167,274,person,0.7035,311,551,543,714,0,2
11496,383.2,280,car,0.8201,507,137,586,209,1,2
11496,383.2,274,person,0.6927,311,551,543,714,0,2
11497,383.233,280,car,0.8234,507,137,586,209,1,2
11497,383.233,274,person,0.6999,311,550,544,714,0,2
11498,383.267,280,car,0.8232,507,137,586,209,1,2
11498,383.267,274,person,0.6581,312,550,544,714,0,2
11499,383.3,280,car,0.8214,506,137,585,209,1,2
11499,383.3,274,person,0.6715,313,550,544,714,0,2
11500,383.333,280,car,0.8239,506,136,585,209,1,2
11500,383.333,274,person,0.6038,312,550,544,714,0,2
11501,383.367,280,car,0.8224,506,136,585,208,1,2
11501,383.367,274,person,0.6487,312,549,544,714,0,2
11502,383.4,280,car,0.7951,506,135,585,207,1,2
11502,383.4,274,person,0.6222,311,547,543,714,0,2
11503,383.433,280,car,0.8031,506,134,585,206,1,2
11503,383.433,274,person,0.6589,306,544,542,713,0,2
11504,383.467,280,car,0.8095,506,134,584,205,1,2
11505,383.5,280,car,0.8214,506,134,584,203,1,2
11506,383.533,280,car,0.8375,506,133,584,203,1,2
11507,383.567,280,car,0.8343,506,133,584,203,1,2
11508,383.6,280,car,0.8188,506,133,584,202,1,2
11509,383.633,280,car,0.7963,505,131,584,202,1,2
11509,383.633,283,person,0.7378,311,387,1038,715,0,2
11510,383.667,280,car,0.8009,505,131,584,202,1,2
11510,383.667,283,person,0.7091,311,393,1027,715,0,2
11511,383.7,280,car,0.7519,505,131,584,202,1,2
11511,383.7,283,person,0.6951,311,394,1024,714,0,2
11512,383.733,280,car,0.7282,506,131,584,201,1,2
11512,383.733,283,person,0.6038,309,393,1024,715,0,2
11513,383.767,280,car,0.7513,506,131,584,201,1,2
11513,383.767,283,person,0.6241,310,395,1023,715,0,2
11514,383.8,280,car,0.78,506,130,585,201,1,2
11515,383.833,280,car,0.7674,505,129,585,201,1,2
11516,383.867,280,car,0.7602,505,128,585,200,1,2
11516,383.867,283,person,0.6499,337,410,1018,714,0,2
11517,383.9,280,car,0.7799,504,128,585,200,1,2
11518,383.933,280,car,0.7933,504,127,586,200,1,2
11519,383.967,280,car,0.792,505,127,586,200,1,2
11520,384.0,280,car,0.7576,505,126,586,199,1,2
11520,384.0,283,person,0.6396,337,408,1030,715,0,2
11521,384.033,280,car,0.7204,504,125,586,198,1,2
11522,384.067,280,car,0.7315,504,123,586,198,1,2
11523,384.1,280,car,0.7256,504,123,586,198,1,2
11524,384.133,280,car,0.7391,504,122,587,198,1,2
11525,384.167,280,car,0.7356,504,121,587,197,1,2
11526,384.2,280,car,0.7036,504,121,587,197,1,2
11527,384.233,280,car,0.7733,504,120,587,195,1,2
11528,384.267,280,car,0.7463,505,120,587,195,1,2
11529,384.3,280,car,0.7582,506,120,586,194,1,2
11530,384.333,280,car,0.7394,506,120,587,193,1,2
11531,384.367,280,car,0.7169,507,120,587,193,1,2
11532,384.4,280,car,0.7341,507,120,587,192,1,2
11533,384.433,280,car,0.7478,507,119,589,193,1,2
11534,384.467,280,car,0.7345,507,119,587,192,1,2
11535,384.5,280,car,0.7082,509,119,589,191,1,2
11536,384.533,280,car,0.704,509,118,590,192,1,2
11537,384.567,280,car,0.747,509,117,592,193,1,2
11538,384.6,280,car,0.7433,507,117,592,193,1,2
11539,384.633,280,car,0.7077,509,117,592,192,1,2
11540,384.667,280,car,0.6816,509,117,592,192,1,2
11541,384.7,280,car,0.6473,509,115,593,191,1,2
11542,384.733,280,car,0.6188,510,115,594,192,1,2
11543,384.767,280,car,0.6268,514,125,591,192,1,2
11544,384.8,280,car,0.6983,519,134,587,192,1,2
11545,384.833,280,car,0.7141,521,138,586,193,1,2
11546,384.867,280,car,0.7045,521,139,587,193,1,2
11547,384.9,280,car,0.6769,519,136,591,194,1,2
11548,384.933,280,car,0.621,514,129,597,195,1,2
11549,384.967,280,car,0.6464,515,130,597,195,1,2
11550,385.0,280,car,0.6368,513,123,602,197,1,2
11551,385.033,280,car,0.6947,511,120,605,197,1,2
11552,385.067,280,car,0.7159,511,118,607,197,1,2
11553,385.1,280,car,0.7353,511,118,607,198,1,2
11554,385.133,280,car,0.7851,512,117,608,199,1,2
11555,385.167,280,car,0.7723,513,117,608,199,1,2
11556,385.2,280,car,0.7199,513,117,609,199,1,2
11557,385.233,280,car,0.7782,515,118,609,199,1,2
11558,385.267,280,car,0.7774,515,119,608,199,1,2
11559,385.3,280,car,0.7397,517,120,609,200,1,2
11560,385.333,280,car,0.7587,518,120,610,200,1,2
11561,385.367,280,car,0.7266,519,121,611,201,1,2
11562,385.4,280,car,0.7301,520,122,613,202,1,2
11563,385.433,280,car,0.7047,521,122,614,203,1,2
11564,385.467,280,car,0.7076,521,122,614,203,1,2
11565,385.5,280,car,0.7284,522,123,615,205,1,2
11566,385.533,280,car,0.7547,522,122,616,205,1,2
11569,385.633,280,car,0.7489,526,126,618,207,1,2
11570,385.667,280,car,0.7764,527,127,619,208,1,2
11571,385.7,280,car,0.7975,528,128,621,210,1,2
11572,385.733,280,car,0.7976,528,129,622,213,1,2
11573,385.767,280,car,0.844,528,129,623,214,1,2
11574,385.8,280,car,0.8215,528,130,623,215,1,2
11575,385.833,280,car,0.8434,529,130,623,216,1,2
11576,385.867,280,car,0.8414,529,130,624,216,1,2
11577,385.9,280,car,0.7473,529,130,625,217,1,2
11578,385.933,280,car,0.7492,530,131,625,217,1,2
11579,385.967,280,car,0.7835,531,131,625,217,1,2
11580,386.0,280,car,0.8423,533,131,626,218,1,2
11581,386.033,280,car,0.8254,534,133,627,218,1,2
11582,386.067,280,car,0.8047,534,134,627,219,1,2
11582,386.067,284,car,0.6614,623,112,665,146,1,2
11583,386.1,280,car,0.8199,534,134,629,219,1,2
11583,386.1,284,car,0.6383,623,113,665,146,1,2
11584,386.133,280,car,0.7977,535,133,629,219,1,2
11584,386.133,284,car,0.6208,623,114,665,147,1,2
11585,386.167,280,car,0.7971,535,133,629,219,1,2
11585,386.167,284,car,0.6086,622,114,666,149,1,2
11586,386.2,280,car,0.8083,535,133,630,219,1,2
11586,386.2,284,car,0.6173,622,114,666,150,1,2
11587,386.233,280,car,0.8353,535,131,631,219,1,2
11588,386.267,280,car,0.8518,535,131,631,219,1,2
11589,386.3,280,car,0.8444,536,131,632,219,1,2
11590,386.333,280,car,0.8379,536,131,632,219,1,2
11591,386.367,280,car,0.7913,537,131,633,219,1,2
11592,386.4,280,car,0.8048,538,130,633,218,1,2
11593,386.433,280,car,0.7735,538,129,634,218,1,2
11594,386.467,280,car,0.7651,539,129,634,217,1,2
11595,386.5,280,car,0.7667,539,129,635,218,1,2
11596,386.533,280,car,0.7692,541,129,637,218,1,2
11597,386.567,280,car,0.8114,542,129,638,218,1,2
11598,386.6,280,car,0.8055,543,129,639,218,1,2
11599,386.633,280,car,0.7977,543,128,640,218,1,2
11600,386.667,280,car,0.7979,543,128,641,218,1,2
11601,386.7,280,car,0.7391,544,128,642,218,1,2
11602,386.733,280,car,0.7932,544,127,643,218,1,2
11603,386.767,280,car,0.711,544,127,643,219,1,2
11603,386.767,285,person,0.6029,344,471,1018,714,0,2
11604,386.8,280,car,0.6665,544,127,645,219,1,2
11609,386.967,280,car,0.7665,545,126,648,221,1,2
11610,387.0,280,car,0.8171,546,126,649,221,1,2
11611,387.033,280,car,0.819,547,127,650,222,1,2
11612,387.067,280,car,0.8186,547,128,651,222,1,2
11613,387.1,280,car,0.7231,549,128,653,223,1,2
11614,387.133,280,car,0.8309,550,129,655,225,1,2
11614,387.133,284,car,0.6449,627,110,682,154,1,2
11615,387.167,280,car,0.8137,550,129,656,226,1,2
11616,387.2,280,car,0.6413,551,133,656,229,1,2
11617,387.233,280,car,0.6342,551,134,657,230,1,2
11619,387.3,280,car,0.6412,561,152,650,231,1,2
11621,387.367,280,car,0.603,562,155,651,232,1,2
11623,387.433,280,car,0.6214,565,163,650,234,1,2
11624,387.467,280,car,0.6072,565,165,651,234,1,2
11626,387.533,280,car,0.7203,550,142,667,237,1,2
11627,387.567,280,car,0.7744,547,136,671,238,1,2
11628,387.6,280,car,0.7848,547,135,673,238,1,2
11629,387.633,280,car,0.813,547,134,674,239,1,2
11630,387.667,280,car,0.8301,549,134,673,239,1,2
11631,387.7,280,car,0.8165,550,134,673,240,1,2
11632,387.733,280,car,0.8172,550,135,673,240,1,2
11633,387.767,280,car,0.8178,551,135,673,240,1,2
11634,387.8,280,car,0.7918,552,135,674,241,1,2
11635,387.833,280,car,0.8352,552,136,675,242,1,2
11636,387.867,280,car,0.833,552,136,675,242,1,2
11637,387.9,280,car,0.8367,553,136,675,242,1,2
11638,387.933,280,car,0.7857,554,137,677,243,1,2
11639,387.967,280,car,0.7996,555,137,677,243,1,2
11640,388.0,280,car,0.8114,555,137,677,243,1,2
11641,388.033,280,car,0.7201,555,137,678,245,1,2
11642,388.067,280,car,0.7181,555,138,678,247,1,2
11643,388.1,280,car,0.7802,555,137,679,247,1,2
11644,388.133,280,car,0.8391,555,137,680,248,1,2
11645,388.167,280,car,0.8364,557,137,680,248,1,2
11646,388.2,280,car,0.8477,557,138,680,249,1,2
11647,388.233,280,car,0.8581,557,138,680,249,1,2
11648,388.267,280,car,0.8754,557,138,680,250,1,2
11649,388.3,280,car,0.8639,557,138,681,250,1,2
11650,388.333,280,car,0.8664,557,138,681,250,1,2
11651,388.367,280,car,0.8675,557,138,681,251,1,2
11651,388.367,287,car,0.7103,259,171,361,211,0,2
11652,388.4,280,car,0.8715,555,138,682,253,0,2
11652,388.4,287,car,0.7317,263,170,363,210,0,2
11653,388.433,280,car,0.8743,554,138,682,254,0,2
11653,388.433,287,car,0.6354,269,169,371,210,0,2
11654,388.467,280,car,0.8732,554,138,682,254,0,2
11654,388.467,287,car,0.7046,272,168,375,210,0,2
11655,388.5,280,car,0.8706,554,139,682,255,0,2
11655,388.5,287,car,0.7062,283,170,373,205,0,2
11656,388.533,280,car,0.8664,554,139,683,257,0,2
11656,388.533,287,car,0.6661,290,169,377,203,0,2
11657,388.567,280,car,0.8651,553,141,683,258,0,2
11658,388.6,280,car,0.8524,553,141,683,258,0,2
11659,388.633,280,car,0.8626,552,141,685,259,0,2
11659,388.633,287,car,0.6337,297,167,393,205,0,2
11660,388.667,280,car,0.8618,552,142,685,261,0,2
11660,388.667,287,car,0.6286,297,167,400,208,0,2
11661,388.7,280,car,0.7903,552,142,685,262,0,2
11661,388.7,287,car,0.6607,291,167,437,226,1,2
11662,388.733,280,car,0.8405,551,143,685,263,0,2
11662,388.733,287,car,0.6379,289,167,449,232,1,2
11663,388.767,280,car,0.8344,550,143,685,264,0,2
11664,388.8,280,car,0.7885,550,144,685,265,0,2
11664,388.8,287,car,0.7212,288,166,455,237,1,2
11665,388.833,280,car,0.8009,549,145,683,266,0,2
11666,388.867,280,car,0.8352,547,144,683,266,0,2
11667,388.9,280,car,0.8508,546,144,683,267,0,2
11667,388.9,291,person,0.6505,343,501,541,713,0,2
11668,388.933,280,car,0.81,544,144,683,267,0,2
11669,388.967,280,car,0.8181,543,143,683,269,0,2
11670,389.0,280,car,0.8618,542,144,683,271,0,2
11671,389.033,280,car,0.8476,539,144,682,272,0,2
11672,389.067,280,car,0.86,538,144,681,272,0,2
11672,389.067,291,person,0.6287,341,509,531,713,0,2
11673,389.1,280,car,0.8474,536,145,680,273,0,2
11673,389.1,291,person,0.6442,338,513,526,713,0,2
11674,389.133,280,car,0.8768,535,146,678,273,0,2
11675,389.167,280,car,0.8727,534,146,677,274,0,2
11676,389.2,280,car,0.8656,533,146,677,275,0,2
11677,389.233,280,car,0.8667,531,146,675,275,0,2
11677,389.233,287,car,0.745,350,158,496,223,1,2
11678,389.267,280,car,0.8585,530,146,674,275,0,2
11678,389.267,287,car,0.7273,352,157,494,222,1,2
11679,389.3,280,car,0.8273,529,147,674,277,0,2
11679,389.3,287,car,0.7796,358,157,495,222,1,2
11680,389.333,280,car,0.8109,527,147,674,278,0,2
11680,389.333,287,car,0.6584,362,157,498,224,1,2
11681,389.367,280,car,0.8371,526,146,673,279,0,2
11681,389.367,287,car,0.6578,365,155,498,225,1,2
11682,389.4,280,car,0.8711,525,147,673,280,0,2
11682,389.4,287,car,0.6792,384,155,487,206,1,2
11683,389.433,280,car,0.8779,523,147,673,281,0,2
11683,389.433,287,car,0.6266,395,154,486,197,1,2
11684,389.467,280,car,0.8906,522,147,673,282,0,2
11684,389.467,287,car,0.6743,399,154,488,195,1,2
11685,389.5,280,car,0.9012,522,147,673,282,0,2
11686,389.533,280,car,0.897,522,149,672,283,0,2
11687,389.567,280,car,0.9003,522,149,672,283,0,2
11687,389.567,287,car,0.6181,415,154,502,193,1,2
11688,389.6,280,car,0.8926,521,150,672,285,0,2
11688,389.6,287,car,0.6753,419,153,510,193,1,2
11689,389.633,280,car,0.8659,521,150,672,285,0,2
11689,389.633,287,car,0.6467,427,153,520,193,1,2
11690,389.667,280,car,0.8781,520,150,672,286,0,2
11691,389.7,280,car,0.8605,518,150,671,287,0,2
11691,389.7,287,car,0.6461,432,153,530,197,1,2
11692,389.733,280,car,0.8352,518,151,671,288,0,2
11692,389.733,287,car,0.6317,439,153,534,194,1,2
11693,389.767,280,car,0.8544,517,151,671,288,0,2
11693,389.767,287,car,0.6842,439,153,537,195,1,2
11694,389.8,280,car,0.8747,515,151,671,289,0,2
11694,389.8,287,car,0.7294,439,152,541,197,1,2
11695,389.833,280,car,0.8738,514,151,671,290,0,2
11695,389.833,287,car,0.7258,443,152,545,198,1,2
11696,389.867,280,car,0.8761,514,151,671,290,0,2
11696,389.867,287,car,0.7298,447,152,547,197,1,2
11697,389.9,280,car,0.8806,513,151,672,291,0,2
11697,389.9,287,car,0.6921,449,151,549,197,1,2
11698,389.933,280,car,0.8782,513,150,672,291,0,2
11699,389.967,280,car,0.89,513,150,672,291,0,2
11699,389.967,287,car,0.6591,458,150,553,194,1,2
11700,390.0,280,car,0.879,513,150,673,293,0,2
11701,390.033,280,car,0.8986,514,149,673,291,0,2
11702,390.067,280,car,0.896,514,147,674,290,0,2
11703,390.1,280,car,0.8736,515,147,674,289,0,2
11704,390.133,280,car,0.8824,515,146,675,290,0,2
11705,390.167,280,car,0.869,514,145,675,289,0,2
11706,390.2,280,car,0.888,515,144,677,288,0,2
11707,390.233,280,car,0.8786,515,142,678,287,0,2
11708,390.267,280,car,0.879,514,139,679,287,0,2
11709,390.3,280,car,0.8723,513,137,680,286,0,2
11710,390.333,280,car,0.8574,513,136,680,286,0,2
11711,390.367,280,car,0.8547,514,136,679,285,0,2
11712,390.4,280,car,0.8533,513,135,680,285,0,2
11713,390.433,280,car,0.8517,513,134,680,285,0,2
11714,390.467,280,car,0.8022,513,134,680,285,0,2
11715,390.5,280,car,0.7512,513,133,680,285,0,2
11716,390.533,280,car,0.8675,514,133,680,282,0,2
11717,390.567,280,car,0.8825,514,131,680,282,0,2
11718,390.6,280,car,0.8613,515,133,680,281,0,2
11719,390.633,280,car,0.8541,514,131,680,282,0,2
11720,390.667,280,car,0.8436,513,131,681,283,0,2
11721,390.7,280,car,0.7973,513,130,682,283,0,2
11722,390.733,280,car,0.7826,512,130,682,285,0,2
11723,390.767,280,car,0.801,512,129,682,285,0,2
11723,390.767,292,person,0.6112,344,512,541,712,0,2
11724,390.8,280,car,0.7783,511,129,682,285,0,2
11724,390.8,292,person,0.6282,344,511,542,712,0,2
11725,390.833,280,car,0.8337,511,129,682,286,0,2
11726,390.867,280,car,0.8538,510,129,682,286,0,2
11727,390.9,280,car,0.8673,510,129,681,286,0,2
11728,390.933,280,car,0.8544,509,129,681,286,0,2
11729,390.967,280,car,0.8708,509,128,681,287,0,2
11730,391.0,280,car,0.8837,507,128,681,287,0,2
11731,391.033,280,car,0.8734,506,128,680,287,0,2
11732,391.067,280,car,0.853,506,128,680,286,0,2
11732,391.067,293,car,0.6524,659,112,718,147,1,2
11732,391.067,292,person,0.6104,342,509,542,713,0,2
11733,391.1,280,car,0.808,505,127,680,286,0,2
11733,391.1,293,car,0.6382,661,110,719,146,1,2
11733,391.1,292,person,0.6157,343,510,542,713,0,2
11734,391.133,280,car,0.7789,505,126,680,287,0,2
11734,391.133,293,car,0.7226,664,109,722,145,1,2
11735,391.167,280,car,0.7664,505,126,680,286,0,2
11735,391.167,293,car,0.7614,666,110,723,145,1,2
11736,391.2,280,car,0.7967,505,126,679,283,0,2
11736,391.2,293,car,0.6529,669,109,727,145,1,2
11737,391.233,280,car,0.8395,505,125,678,282,0,2
11737,391.233,292,person,0.6065,341,505,545,713,0,2
11738,391.267,280,car,0.8478,504,125,678,282,0,2
11738,391.267,292,person,0.6007,341,505,544,713,0,2
11739,391.3,280,car,0.8663,503,125,678,282,0,2
11739,391.3,292,person,0.6085,341,506,542,713,0,2
11740,391.333,280,car,0.8816,502,123,678,282,0,2
11740,391.333,293,car,0.6217,675,105,735,142,1,2
11741,391.367,280,car,0.878,501,123,678,283,0,2
11741,391.367,293,car,0.6401,677,105,738,142,0,2
11742,391.4,280,car,0.8744,501,122,678,283,0,2
11742,391.4,293,car,0.6361,677,104,743,142,0,2
11743,391.433,280,car,0.8603,499,122,678,283,0,2
11743,391.433,293,car,0.6996,680,104,747,142,0,2
11744,391.467,280,car,0.8696,499,122,678,283,0,2
11744,391.467,293,car,0.6502,683,104,749,141,0,2
11745,391.5,280,car,0.8733,499,122,678,283,0,2
11746,391.533,-1,car,0.8771,683,69,882,239,1,2
11746,391.533,-1,car,0.8705,0,131,127,272,0,2
11746,391.533,-1,person,0.8267,211,287,1086,717,0,2
11746,391.533,-1,car,0.8073,969,94,1101,158,0,2
11747,391.567,294,car,0.8808,685,66,887,240,1,2
11747,391.567,295,car,0.888,0,133,122,275,0,2
11747,391.567,296,person,0.8309,209,285,1088,717,0,2
11747,391.567,297,car,0.7638,982,95,1110,158,0,2
11748,391.6,294,car,0.8586,686,66,889,240,1,2
11748,391.6,295,car,0.8693,0,134,115,274,0,2
11748,391.6,296,person,0.83,209,283,1088,717,0,2
11748,391.6,297,car,0.6237,986,96,1112,158,0,2
11749,391.633,294,car,0.849,687,63,893,240,1,2
11749,391.633,295,car,0.8356,0,139,101,264,0,2
11749,391.633,296,person,0.848,214,285,1091,717,0,2
11749,391.633,297,car,0.7773,1011,97,1130,157,0,2
11750,391.667,294,car,0.8515,688,62,896,239,1,2
11750,391.667,295,car,0.7844,0,146,85,257,0,2
11750,391.667,296,person,0.8752,217,283,1098,718,0,2
11751,391.7,294,car,0.8698,691,62,897,239,1,2
11751,391.7,295,car,0.7487,0,153,73,257,0,2
11751,391.7,296,person,0.8779,218,283,1101,718,0,2
11752,391.733,294,car,0.8735,696,62,898,235,1,2
11752,391.733,296,person,0.8986,222,280,1109,718,0,2
11752,391.733,297,car,0.744,1024,96,1168,168,0,2
11753,391.767,294,car,0.8901,699,59,902,234,1,2
11753,391.767,296,person,0.8228,223,274,1114,717,0,2
11754,391.8,294,car,0.8922,703,59,904,232,1,2
11754,391.8,296,person,0.7996,224,270,1119,715,0,2
11755,391.833,294,car,0.9005,709,59,907,231,1,2
11755,391.833,296,person,0.8214,239,270,1136,717,0,2
11755,391.833,297,car,0.61,1071,99,1194,161,0,2
11756,391.867,294,car,0.9198,713,58,913,232,1,2
11756,391.867,296,person,0.8067,243,270,1137,715,0,2
11757,391.9,294,car,0.9106,719,58,919,231,1,2
11757,391.9,296,person,0.8138,247,269,1138,717,0,2
11757,391.9,297,car,0.694,1091,99,1218,162,0,2
11758,391.933,294,car,0.8958,726,58,926,233,0,2
11758,391.933,296,person,0.8297,256,271,1137,714,0,2
11758,391.933,297,car,0.6841,1110,103,1235,166,0,2
11759,391.967,294,car,0.9023,736,58,935,233,0,2
11759,391.967,296,person,0.8469,267,270,1150,715,0,2
11760,392.0,294,car,0.9017,743,59,943,233,0,2
11760,392.0,296,person,0.861,280,272,1157,715,0,2
11760,392.0,297,car,0.6931,1142,110,1269,174,0,2
11761,392.033,294,car,0.8473,753,61,953,237,0,2
11761,392.033,296,person,0.8831,287,271,1161,714,0,2
11761,392.033,297,car,0.8631,1165,113,1280,173,0,2
11762,392.067,294,car,0.8912,766,62,966,238,0,2
11762,392.067,296,person,0.8847,309,272,1183,715,0,2
11763,392.1,294,car,0.9072,776,63,975,239,0,2
11763,392.1,296,person,0.8885,315,275,1182,714,0,2
11764,392.133,294,car,0.8905,790,66,987,241,0,2
11764,392.133,296,person,0.8753,334,277,1198,714,0,2
11765,392.167,294,car,0.9087,805,69,1002,243,0,2
11765,392.167,296,person,0.8717,354,278,1216,714,0,2
11766,392.2,294,car,0.8811,816,71,1013,246,0,2
11766,392.2,296,person,0.8722,367,279,1227,714,0,2
11767,392.233,294,car,0.8825,830,74,1026,249,0,2
11767,392.233,296,person,0.8902,384,280,1246,714,0,2
11768,392.267,294,car,0.8788,843,78,1041,254,0,2
11768,392.267,296,person,0.8506,399,285,1257,714,0,2
11769,392.3,294,car,0.8419,853,80,1051,257,0,2
11769,392.3,296,person,0.8279,407,285,1265,713,0,2
11770,392.333,294,car,0.8786,865,81,1064,261,0,2
11770,392.333,296,person,0.8809,411,283,1273,712,0,2
11771,392.367,294,car,0.8298,879,85,1078,264,0,2
11771,392.367,296,person,0.8254,417,283,1280,713,0,2
11772,392.4,294,car,0.8638,887,87,1085,266,0,2
11772,392.4,296,person,0.8717,418,280,1280,713,0,2
11773,392.433,294,car,0.9123,897,90,1095,270,0,2
11773,392.433,296,person,0.8873,423,281,1280,712,0,2
11774,392.467,294,car,0.8788,909,93,1102,269,0,2
11774,392.467,296,person,0.9155,433,286,1280,712,0,2
11775,392.5,294,car,0.8649,915,94,1109,270,0,2
11775,392.5,296,person,0.8823,441,291,1280,712,0,2
11776,392.533,294,car,0.8636,923,95,1115,271,0,2
11776,392.533,296,person,0.8794,447,294,1280,711,0,2
11777,392.567,294,car,0.8742,929,96,1122,272,0,2
11777,392.567,296,person,0.8886,450,294,1280,711,0,2
11778,392.6,294,car,0.8758,935,96,1128,273,0,2
11778,392.6,296,person,0.8707,453,294,1280,711,0,2
11779,392.633,294,car,0.8759,939,97,1130,272,0,2
11779,392.633,296,person,0.8752,454,294,1280,711,0,2
11780,392.667,294,car,0.871,945,97,1135,271,0,2
11780,392.667,296,person,0.8988,456,296,1280,712,0,2
11781,392.7,294,car,0.8694,949,96,1138,272,0,2
11781,392.7,296,person,0.8964,456,296,1280,712,0,2
11782,392.733,294,car,0.8691,953,97,1142,272,0,2
11782,392.733,296,person,0.8952,455,291,1280,712,0,2
11783,392.767,294,car,0.8795,958,97,1145,271,0,2
11783,392.767,296,person,0.903,455,289,1280,712,0,2
11784,392.8,294,car,0.8592,961,98,1146,270,0,2
11784,392.8,296,person,0.9052,454,289,1280,712,0,2
11785,392.833,294,car,0.8418,965,98,1147,267,0,2
11785,392.833,296,person,0.914,454,289,1280,712,0,2
11786,392.867,294,car,0.8478,968,98,1150,266,0,2
11786,392.867,296,person,0.9098,455,289,1280,712,0,2
11787,392.9,294,car,0.8341,971,98,1152,266,0,2
11787,392.9,296,person,0.9062,455,287,1280,712,0,2
11788,392.933,294,car,0.8548,974,98,1153,265,0,2
11788,392.933,296,person,0.9105,453,288,1280,714,0,2
11789,392.967,294,car,0.7947,977,98,1155,264,0,2
11789,392.967,296,person,0.9083,451,288,1280,715,0,2
11790,393.0,294,car,0.8016,979,98,1157,264,0,2
11790,393.0,296,person,0.897,451,288,1280,717,0,2
11791,393.033,294,car,0.8146,982,98,1157,262,0,2
11791,393.033,296,person,0.8909,453,289,1280,717,0,2
11792,393.067,294,car,0.8261,985,99,1158,261,0,2
11792,393.067,296,person,0.8969,456,290,1280,715,0,2
11793,393.1,294,car,0.8051,987,99,1159,259,0,2
11793,393.1,296,person,0.9104,457,290,1280,715,0,2
11794,393.133,294,car,0.8267,990,99,1159,257,0,2
11794,393.133,296,person,0.9024,458,290,1280,714,0,2
11795,393.167,294,car,0.8114,993,99,1159,255,0,2
11795,393.167,296,person,0.9102,458,289,1280,714,0,2
11796,393.2,294,car,0.8116,994,99,1160,254,0,2
11796,393.2,296,person,0.9202,456,288,1280,714,0,2
11797,393.233,294,car,0.8469,997,99,1161,254,0,2
11797,393.233,296,person,0.9251,455,287,1280,714,0,2
11798,393.267,294,car,0.862,999,99,1162,253,0,2
11798,393.267,296,person,0.9236,453,286,1280,714,0,2
11799,393.3,294,car,0.8522,1001,99,1163,251,0,2
11799,393.3,296,person,0.9255,450,285,1280,714,0,2
11800,393.333,294,car,0.8392,1005,99,1166,249,0,2
11800,393.333,296,person,0.922,447,286,1278,714,0,2
11801,393.367,294,car,0.8544,1008,99,1167,247,0,2
11801,393.367,296,person,0.9175,445,285,1274,713,0,2
11802,393.4,294,car,0.8504,1010,99,1167,246,0,2
11802,393.4,296,person,0.9163,440,285,1272,712,0,2
11803,393.433,294,car,0.8324,1013,98,1169,243,0,2
11803,393.433,296,person,0.919,433,285,1272,714,0,2
11804,393.467,294,car,0.8042,1016,97,1171,241,0,2
11804,393.467,296,person,0.9159,430,285,1267,713,0,2
11805,393.5,294,car,0.8291,1019,97,1173,239,0,2
11805,393.5,296,person,0.9155,426,286,1264,712,0,2
11806,393.533,294,car,0.8276,1022,95,1174,235,0,2
11806,393.533,296,person,0.9134,425,288,1261,712,0,2
11807,393.567,294,car,0.8603,1024,94,1175,233,0,2
11807,393.567,296,person,0.9021,429,293,1259,712,0,2
11807,393.567,300,car,0.7283,366,62,451,103,0,2
11808,393.6,294,car,0.8466,1026,94,1177,231,0,2
11808,393.6,296,person,0.8933,429,295,1263,714,0,2
11808,393.6,300,car,0.749,361,62,448,104,0,2
11809,393.633,294,car,0.8511,1031,93,1177,226,0,2
11809,393.633,296,person,0.9021,432,298,1263,714,0,2
11810,393.667,294,car,0.826,1033,90,1179,223,0,2
11810,393.667,296,person,0.8951,433,298,1266,714,0,2
11810,393.667,300,car,0.7548,350,64,440,106,0,2
11811,393.7,294,car,0.841,1035,89,1181,222,0,2
11811,393.7,296,person,0.8917,432,298,1269,715,0,2
11811,393.7,300,car,0.7651,345,64,437,109,0,2
11812,393.733,294,car,0.8727,1038,87,1182,217,0,2
11812,393.733,296,person,0.8776,435,298,1271,714,0,2
11812,393.733,300,car,0.6907,341,66,432,110,0,2
11813,393.767,294,car,0.8708,1040,86,1183,215,0,2
11813,393.767,296,person,0.8891,437,297,1275,714,0,2
11813,393.767,300,car,0.6685,335,67,424,111,0,2
11814,393.8,294,car,0.8677,1041,85,1184,213,0,2
11814,393.8,296,person,0.8809,446,304,1271,714,0,2
11814,393.8,300,car,0.6733,333,69,419,112,0,2
11814,393.8,301,car,0.6081,1235,115,1280,151,0,2
11815,393.833,294,car,0.8589,1043,83,1185,210,0,2
11815,393.833,296,person,0.8232,453,306,1273,714,0,2
11815,393.833,300,car,0.6982,328,70,416,113,0,2
11815,393.833,301,car,0.6211,1231,111,1274,146,0,2
11816,393.867,294,car,0.8541,1046,81,1186,207,0,2
11816,393.867,296,person,0.7906,470,317,1272,714,0,2
11816,393.867,300,car,0.694,328,72,414,114,0,2
11816,393.867,301,car,0.6776,1225,105,1271,141,0,2
11817,393.9,294,car,0.8701,1046,79,1186,206,0,2
11817,393.9,296,person,0.7982,482,326,1269,715,0,2
11817,393.9,300,car,0.6564,329,73,411,115,0,2
11817,393.9,301,car,0.7085,1221,103,1267,139,0,2
11818,393.933,294,car,0.8669,1048,77,1186,202,0,2
11818,393.933,296,person,0.7702,503,345,1256,714,0,2
11818,393.933,300,car,0.6567,328,74,407,117,0,2
11819,393.967,294,car,0.8575,1049,73,1187,199,0,2
11819,393.967,296,person,0.813,514,349,1259,715,0,2
11819,393.967,301,car,0.7406,1210,94,1259,130,0,2
11820,394.0,294,car,0.8425,1049,71,1187,195,0,2
11820,394.0,296,person,0.8259,512,344,1267,715,0,2
11820,394.0,301,car,0.6538,1203,90,1256,128,0,2
11821,394.033,294,car,0.8574,1050,67,1186,191,0,2
11821,394.033,296,person,0.8044,527,357,1259,717,0,2
11821,394.033,301,car,0.672,1194,85,1251,123,0,2
11822,394.067,294,car,0.852,1050,63,1185,184,0,2
11822,394.067,296,person,0.7154,543,361,1265,717,0,2
11822,394.067,301,car,0.7275,1186,79,1241,115,0,2
11823,394.1,294,car,0.8492,1050,59,1184,181,0,2
11823,394.1,296,person,0.6998,553,362,1271,715,0,2
11823,394.1,301,car,0.705,1179,73,1235,111,0,2
11824,394.133,294,car,0.8215,1047,53,1181,175,0,2
11824,394.133,296,person,0.7296,553,362,1265,713,0,2
11824,394.133,301,car,0.7059,1170,65,1226,103,0,2
11825,394.167,294,car,0.8118,1043,46,1173,163,0,2
11825,394.167,296,person,0.7084,531,352,1263,714,0,2
11825,394.167,301,car,0.6775,1155,55,1214,94,0,2
11826,394.2,294,car,0.8467,1039,40,1167,157,0,2
11826,394.2,296,person,0.6306,518,345,1259,714,0,2
11827,394.233,294,car,0.7503,1030,32,1157,146,0,2
11827,394.233,296,person,0.7186,498,338,1248,713,0,2
11828,394.267,294,car,0.8086,1016,23,1142,136,0,2
11829,394.3,294,car,0.8198,1006,17,1130,128,0,2
11830,394.333,294,car,0.879,986,10,1109,119,0,2
11830,394.333,296,person,0.7244,421,301,1233,712,0,2
11831,394.367,294,car,0.8882,961,3,1080,110,0,2
11831,394.367,296,person,0.7698,376,279,1219,712,0,2
11832,394.4,294,car,0.8768,942,0,1059,105,0,2
11832,394.4,296,person,0.7897,353,270,1210,713,0,2
11833,394.433,294,car,0.8704,917,0,1027,96,0,2
11833,394.433,296,person,0.8107,311,257,1179,712,0,2
11834,394.467,294,car,0.8889,887,0,991,89,0,2
11834,394.467,296,person,0.7988,278,242,1168,712,0,2
11835,394.5,294,car,0.8333,865,0,965,83,0,2
11835,394.5,296,person,0.8478,259,234,1163,713,0,2
11836,394.533,294,car,0.8695,835,0,930,80,0,2
11836,394.533,296,person,0.8747,238,214,1182,713,0,2
11837,394.567,294,car,0.8844,801,0,894,77,0,2
11837,394.567,296,person,0.8858,208,199,1181,712,0,2
11838,394.6,294,car,0.8666,778,0,870,73,0,2
11838,394.6,296,person,0.8302,195,186,1195,712,0,2
11839,394.633,294,car,0.8756,747,0,838,71,0,2
11839,394.633,296,person,0.6379,178,178,1197,711,0,2
11840,394.667,294,car,0.8774,715,0,803,67,0,2
11841,394.7,294,car,0.8724,693,0,782,67,0,2
11841,394.7,296,person,0.6367,145,166,1191,710,0,2
11842,394.733,294,car,0.8801,663,0,752,66,0,2
11842,394.733,296,person,0.6013,130,160,1193,709,0,2
11843,394.767,294,car,0.8655,632,0,721,65,0,2
11844,394.8,294,car,0.8821,611,0,701,64,0,2
11845,394.833,294,car,0.8673,584,0,673,64,0,2
11846,394.867,294,car,0.8741,554,0,645,63,1,2
11847,394.9,294,car,0.8686,535,0,625,63,1,2
11848,394.933,294,car,0.8478,509,0,601,64,1,2
11849,394.967,294,car,0.8665,479,0,574,65,1,2
11850,395.0,294,car,0.8708,458,0,555,66,1,2
11851,395.033,294,car,0.8577,433,0,533,69,0,2
11851,395.033,296,car,0.6542,81,138,1191,697,0,2
11852,395.067,294,car,0.8717,407,0,509,71,0,2
11853,395.1,294,car,0.8538,389,1,493,72,0,2
11853,395.1,304,car,0.6286,261,0,350,27,0,2
11854,395.133,294,car,0.8667,365,1,472,77,0,2
11854,395.133,304,car,0.6434,230,0,328,31,0,2
11855,395.167,294,car,0.8873,339,1,453,80,0,2
11855,395.167,304,car,0.7527,190,1,303,38,0,2
11856,395.2,294,car,0.8548,322,0,438,82,0,2
11856,395.2,304,car,0.805,165,2,285,42,0,2
11857,395.233,294,car,0.9038,302,0,419,85,0,2
11857,395.233,304,car,0.7868,134,5,261,47,0,2
11858,395.267,294,car,0.873,279,1,400,88,0,2
11858,395.267,304,car,0.7998,104,10,231,54,0,2
11859,395.3,294,car,0.8905,264,1,387,90,0,2
11859,395.3,304,car,0.8631,83,14,213,58,0,2
11860,395.333,294,car,0.8617,246,2,369,94,0,2
11860,395.333,304,car,0.7318,61,19,186,64,0,2
11861,395.367,294,car,0.8387,223,5,350,99,0,2
11861,395.367,304,car,0.6226,33,27,159,72,0,2
11862,395.4,294,car,0.8636,210,7,336,103,0,2
11862,395.4,304,car,0.7385,15,32,141,78,0,2
11863,395.433,294,car,0.8471,192,10,317,107,0,2
11863,395.433,304,car,0.7618,0,39,117,87,0,2
11864,395.467,294,car,0.8678,174,14,299,113,0,2
11864,395.467,304,car,0.7497,0,47,93,94,0,2
11865,395.5,294,car,0.8529,159,16,287,117,0,2
11865,395.5,304,car,0.6045,0,53,79,98,0,2
11866,395.533,294,car,0.8659,142,21,270,122,0,2
11867,395.567,294,car,0.8544,125,26,251,129,0,2
11868,395.6,294,car,0.8751,112,30,239,134,0,2
11869,395.633,294,car,0.8756,97,35,223,139,0,2
11870,395.667,294,car,0.818,80,40,208,146,0,2
11871,395.7,294,car,0.8367,70,45,195,151,0,2
11872,395.733,294,car,0.8554,56,51,181,157,0,2
11873,395.767,294,car,0.6274,40,57,166,165,0,2
11874,395.8,294,car,0.8137,29,62,154,169,0,2
11875,395.833,294,car,0.6934,15,67,138,174,0,2
11876,395.867,294,car,0.66,1,73,122,177,0,2
11877,395.9,294,car,0.7728,0,78,111,177,0,2
11878,395.933,294,car,0.6927,0,85,101,179,0,2
11885,396.167,-1,car,0.6725,544,0,603,23,0,2
11887,396.233,-1,car,0.628,533,0,595,26,0,2
11891,396.367,-1,car,0.6066,509,1,573,33,0,2
11891,396.367,-1,person,0.6025,185,405,794,712,0,2
11893,396.433,-1,car,0.693,503,0,567,33,0,2
11895,396.5,-1,car,0.6019,491,0,563,35,0,2
11896,396.533,312,car,0.7207,486,0,560,37,0,2
11897,396.567,312,car,0.8502,481,0,558,38,0,2
11898,396.6,312,car,0.7279,478,0,555,39,0,2
11899,396.633,312,car,0.7041,473,0,552,40,0,2
11900,396.667,312,car,0.8027,469,0,550,40,0,2
11901,396.7,312,car,0.8041,466,1,546,41,0,2
11902,396.733,312,car,0.7399,462,1,542,41,0,2
11903,396.767,312,car,0.7716,456,1,538,42,0,2
11904,396.8,312,car,0.8285,453,1,535,42,0,2
11906,396.867,312,car,0.8165,439,1,527,46,0,2
11907,396.9,312,car,0.8531,433,1,523,47,0,2
11908,396.933,312,car,0.8384,424,1,518,48,0,2
11909,396.967,312,car,0.849,416,1,511,50,0,2
11909,396.967,314,person,0.6322,315,351,1134,711,0,2
11910,397.0,312,car,0.8462,410,2,506,50,0,2
11911,397.033,312,car,0.827,401,2,499,53,0,2
11912,397.067,312,car,0.883,391,3,491,56,0,2
11913,397.1,312,car,0.8637,382,5,486,58,0,2
11914,397.133,312,car,0.8702,370,5,480,63,0,2
11915,397.167,312,car,0.823,358,7,467,65,0,2
11916,397.2,312,car,0.7659,351,9,459,66,0,2
11917,397.233,312,car,0.6583,341,13,446,69,0,2
11918,397.267,315,car,0.7513,165,240,322,448,0,2
11919,397.3,315,car,0.7497,165,241,322,448,0,2
11919,397.3,312,car,0.6474,312,16,427,78,0,2
11920,397.333,312,car,0.6305,302,19,416,81,0,2
11924,397.467,314,person,0.7703,154,161,1280,711,0,2
11925,397.5,314,person,0.834,159,150,1280,711,0,2
11927,397.567,314,person,0.8681,174,149,1280,710,0,2
11928,397.6,314,person,0.8165,187,151,1280,709,0,2
11932,397.733,314,person,0.6357,194,158,1280,706,0,2
11933,397.767,314,person,0.6955,195,162,1280,706,0,2
11934,397.8,314,person,0.7795,200,169,1280,706,0,2
11935,397.833,314,person,0.8831,211,186,1269,707,0,2
11936,397.867,314,person,0.7753,206,182,1269,707,0,2
11937,397.9,314,person,0.8749,213,192,1255,707,0,2
11938,397.933,314,person,0.8238,208,202,1230,709,0,2
11939,397.967,314,person,0.8086,211,203,1232,710,0,2
11941,398.033,314,person,0.6338,209,231,1176,710,0,2
11942,398.067,314,person,0.6612,208,243,1152,711,0,2
11944,398.133,314,person,0.6284,248,259,1174,711,0,2
11946,398.2,314,person,0.612,259,265,1190,712,0,2
11997,399.9,-1,person,0.6578,216,381,1026,711,0,2
11998,399.933,317,person,0.6447,215,381,1026,711,0,2
12020,400.667,-1,person,0.6315,224,400,435,712,0,2
12022,400.733,-1,person,0.6604,221,400,431,713,0,2
12023,400.767,319,person,0.6311,221,402,429,713,0,2
12024,400.8,319,person,0.6408,221,406,426,713,0,2
12025,400.833,319,person,0.611,218,411,421,712,0,2
12029,400.967,319,person,0.6227,221,406,426,713,0,2
12030,401.0,319,person,0.649,222,408,427,712,0,2
12031,401.033,319,person,0.6566,225,408,430,712,0,2
12072,402.4,-1,car,0.6277,649,30,690,59,0,2
12075,402.5,-1,car,0.61,650,31,696,63,0,2
12076,402.533,321,car,0.6332,650,31,697,63,0,2
12080,402.667,321,car,0.6151,655,30,704,65,0,2
12084,402.8,321,car,0.6144,659,31,715,71,0,2
12085,402.833,321,car,0.6362,662,32,719,73,0,2
12086,402.867,321,car,0.6755,662,32,721,74,0,2
12087,402.9,321,car,0.6242,663,33,723,77,0,2
12088,402.933,321,car,0.62,666,33,727,77,0,2
12089,402.967,321,car,0.6565,667,33,730,78,0,2
12090,403.0,321,car,0.6491,667,33,733,79,0,2
12092,403.067,321,car,0.6197,671,32,742,83,0,2
12096,403.2,321,car,0.713,678,34,757,90,0,2
12097,403.233,321,car,0.723,680,34,763,94,0,2
12098,403.267,321,car,0.6224,683,35,770,97,0,2
12099,403.3,321,car,0.6134,686,35,777,101,0,2
12101,403.367,321,car,0.6286,693,38,791,107,0,2
12102,403.4,321,car,0.6446,698,39,798,110,0,2
12103,403.433,-1,person,0.6324,230,417,430,712,0,2
12104,403.467,321,car,0.683,718,42,826,120,0,2
12105,403.5,321,car,0.6717,726,45,835,125,0,2
12106,403.533,321,car,0.674,734,46,847,130,0,2
12108,403.6,321,car,0.7839,750,49,872,141,0,2
12109,403.633,321,car,0.7482,759,49,889,147,0,2
12110,403.667,321,car,0.7495,757,49,901,155,0,2
12111,403.7,321,car,0.6913,775,50,923,162,0,2
12112,403.733,321,car,0.8323,774,51,936,171,0,2
12113,403.767,321,car,0.8769,778,51,960,184,0,2
12114,403.8,321,car,0.8842,784,54,981,194,0,2
12115,403.833,321,car,0.863,795,55,1014,207,0,2
12116,403.867,321,car,0.9097,811,57,1053,224,0,2
12117,403.9,321,car,0.8445,826,59,1081,232,0,2
12118,403.933,321,car,0.8272,855,64,1121,238,0,2
12119,403.967,321,car,0.8225,896,71,1186,251,0,2
12120,404.0,321,car,0.8117,911,74,1223,263,0,2
12120,404.0,324,car,0.6302,661,66,719,109,0,2
12121,404.033,321,car,0.7913,926,83,1247,273,0,2
12121,404.033,324,car,0.7362,662,66,723,112,0,2
12122,404.067,321,car,0.6753,950,97,1263,280,0,2
12122,404.067,324,car,0.7169,661,67,729,117,0,2
12123,404.1,321,car,0.6489,970,110,1271,282,0,2
12125,404.167,-1,person,0.6052,255,453,435,717,0,2
12126,404.2,324,car,0.6686,675,75,744,126,0,2
12127,404.233,324,car,0.6556,680,78,750,128,0,2
12128,404.267,324,car,0.7668,681,78,755,131,0,2
12129,404.3,324,car,0.8041,683,79,761,134,0,2
12129,404.3,327,car,0.6119,649,80,686,111,1,2
12130,404.333,324,car,0.829,687,79,769,137,0,2
12130,404.333,327,car,0.6357,650,81,689,113,1,2
12131,404.367,324,car,0.8456,691,80,778,142,0,2
12131,404.367,327,car,0.6031,650,83,691,118,1,2
12132,404.4,324,car,0.8392,695,81,784,145,0,2
12133,404.433,324,car,0.8818,698,85,792,150,0,2
12133,404.433,327,car,0.6465,655,87,698,123,1,2
12134,404.467,324,car,0.8099,705,87,803,155,0,2
12134,404.467,329,person,0.6398,205,377,1003,714,0,2
12135,404.5,324,car,0.8387,711,88,813,159,0,2
12135,404.5,327,car,0.612,658,89,706,129,1,2
12136,404.533,324,car,0.8423,718,91,827,168,0,2
12137,404.567,324,car,0.8344,726,94,842,175,0,2
12137,404.567,330,car,0.6259,633,88,673,119,1,2
12138,404.6,324,car,0.8333,729,95,851,181,0,2
12138,404.6,330,car,0.6321,631,88,672,120,1,2
12139,404.633,324,car,0.8198,736,97,866,187,0,2
12140,404.667,324,car,0.8622,746,101,882,193,0,2
12140,404.667,327,car,0.7029,670,97,726,143,1,2
12141,404.7,324,car,0.8674,754,104,896,200,0,2
12141,404.7,327,car,0.6731,672,97,729,145,1,2
12141,404.7,330,car,0.6357,640,93,688,128,1,2
12142,404.733,324,car,0.8575,761,106,922,215,0,2
12142,404.733,327,car,0.789,674,98,733,146,1,2
12142,404.733,330,car,0.647,642,93,690,129,1,2
12143,404.767,324,car,0.8542,771,110,952,231,0,2
12143,404.767,327,car,0.7125,679,99,737,147,1,2
12143,404.767,330,car,0.6035,645,94,693,131,1,2
12143,404.767,332,car,0.7217,727,105,801,167,0,2
12144,404.8,324,car,0.8738,781,110,974,240,0,2
12144,404.8,327,car,0.6856,683,101,744,150,1,2
12144,404.8,332,car,0.6222,734,106,809,170,0,2
12145,404.833,324,car,0.8719,793,113,1005,254,0,2
12145,404.833,327,car,0.8066,688,99,754,153,1,2
12145,404.833,332,car,0.8085,743,107,826,176,0,2
12146,404.867,324,car,0.8624,810,117,1046,271,0,2
12146,404.867,327,car,0.6115,691,102,759,157,1,2
12146,404.867,332,car,0.8608,753,110,842,183,0,2
12147,404.9,324,car,0.8886,827,119,1075,280,0,2
12147,404.9,327,car,0.741,694,103,765,160,1,2
12147,404.9,332,car,0.8797,759,110,857,189,0,2
12147,404.9,330,car,0.6625,653,97,703,137,1,2
12148,404.933,324,car,0.9176,856,125,1117,291,0,2
12148,404.933,327,car,0.7643,698,105,771,162,0,2
12148,404.933,332,car,0.8684,769,112,877,198,0,2
12148,404.933,330,car,0.729,654,97,707,139,1,2
12149,404.967,324,car,0.9144,898,133,1167,297,0,2
12149,404.967,327,car,0.7365,704,106,783,168,0,2
12149,404.967,332,car,0.8979,782,117,895,203,0,2
12149,404.967,330,car,0.7602,656,97,713,142,1,2
12150,405.0,324,car,0.8687,929,139,1210,304,0,2
12150,405.0,327,car,0.7536,707,106,791,171,0,2
12150,405.0,332,car,0.8856,791,118,911,210,0,2
12150,405.0,330,car,0.7622,658,96,717,143,1,2
12151,405.033,324,car,0.8674,960,149,1230,299,0,2
12151,405.033,327,car,0.8019,718,109,807,177,0,2
12151,405.033,332,car,0.9022,803,120,936,219,0,2
12151,405.033,330,car,0.7415,661,97,721,145,1,2
12152,405.067,324,car,0.8553,987,162,1251,306,0,2
12152,405.067,327,car,0.8294,722,110,816,183,0,2
12152,405.067,332,car,0.8598,815,122,963,231,0,2
12152,405.067,330,car,0.8021,663,97,726,147,1,2
12153,405.1,324,car,0.8247,1013,175,1261,306,0,2
12153,405.1,327,car,0.8576,728,111,826,186,0,2
12153,405.1,332,car,0.8294,825,125,984,239,0,2
12153,405.1,330,car,0.8111,664,98,729,150,1,2
12154,405.133,327,car,0.7736,734,113,838,191,0,2
12154,405.133,332,car,0.8595,842,129,1019,254,0,2
12154,405.133,330,car,0.7407,669,99,735,152,1,2
12155,405.167,327,car,0.7473,752,117,859,197,0,2
12155,405.167,332,car,0.8734,863,135,1059,271,0,2
12155,405.167,330,car,0.8045,673,101,742,155,1,2
12156,405.2,327,car,0.8307,752,118,867,202,0,2
12156,405.2,332,car,0.8822,878,139,1090,283,0,2
12156,405.2,330,car,0.7767,678,103,746,158,1,2
12157,405.233,327,car,0.7416,760,121,883,210,0,2
12157,405.233,332,car,0.9002,906,146,1134,296,0,2
12157,405.233,330,car,0.7783,681,105,753,161,1,2
12158,405.267,327,car,0.8421,769,122,906,218,0,2
12158,405.267,332,car,0.8519,949,154,1186,304,0,2
12158,405.267,330,car,0.8095,687,105,763,165,1,2
12158,405.267,333,car,0.6346,645,94,712,146,1,2
12158,405.267,334,person,0.6245,263,440,434,711,0,2
12159,405.3,327,car,0.8527,777,123,926,225,0,2
12159,405.3,332,car,0.8531,973,161,1223,312,0,2
12159,405.3,330,car,0.82,691,105,770,167,1,2
12160,405.333,327,car,0.845,791,123,952,233,0,2
12160,405.333,332,car,0.7898,999,173,1241,313,0,2
12160,405.333,330,car,0.8405,698,105,781,169,1,2
12160,405.333,333,car,0.6451,656,94,725,147,1,2
12161,405.367,327,car,0.8818,803,125,987,247,0,2
12161,405.367,332,car,0.7698,1033,186,1259,314,0,2
12161,405.367,330,car,0.8645,705,105,793,173,0,2
12162,405.4,327,car,0.8158,816,126,1014,256,0,2
12162,405.4,330,car,0.8098,710,105,801,174,0,2
12163,405.433,327,car,0.8856,833,127,1054,270,0,2
12163,405.433,330,car,0.8593,718,105,815,177,0,2
12164,405.467,327,car,0.8913,858,131,1103,287,0,2
12164,405.467,330,car,0.8484,728,105,829,181,0,2
12165,405.5,327,car,0.8961,881,135,1139,297,0,2
12165,405.5,330,car,0.8398,734,104,841,184,0,2
12165,405.5,333,car,0.6384,687,89,767,152,0,2
12166,405.533,327,car,0.8692,920,142,1189,304,0,2
12166,405.533,330,car,0.8552,745,105,858,189,0,2
12167,405.567,327,car,0.8691,953,152,1231,314,0,2
12167,405.567,330,car,0.8516,758,106,875,193,0,2
12168,405.6,327,car,0.8534,970,160,1250,319,0,2
12168,405.6,330,car,0.6478,775,109,895,199,0,2
12169,405.633,327,car,0.7818,999,171,1263,320,0,2
12169,405.633,330,car,0.857,779,110,910,205,0,2
12170,405.667,330,car,0.8144,791,111,929,211,0,2
12171,405.7,330,car,0.8562,798,111,946,217,0,2
12172,405.733,330,car,0.8599,807,112,970,227,0,2
12173,405.767,330,car,0.8618,819,115,1000,241,0,2
12174,405.8,330,car,0.8568,829,115,1023,251,0,2
12175,405.833,330,car,0.8777,842,119,1056,267,0,2
12176,405.867,330,car,0.9104,862,122,1093,281,0,2
12177,405.9,330,car,0.894,878,125,1122,291,0,2
12178,405.933,330,car,0.8928,902,129,1168,307,0,2
12179,405.967,330,car,0.8703,934,136,1226,327,0,2
12180,406.0,330,car,0.8632,950,141,1254,336,0,2
12181,406.033,330,car,0.8735,969,147,1271,339,0,2
12182,406.067,330,car,0.8167,998,161,1280,343,0,2
12183,406.1,330,car,0.8454,1025,175,1280,342,0,2
12184,406.133,330,car,0.649,1077,208,1280,337,0,2
12185,406.167,-1,truck,0.6429,809,86,1090,273,0,2
12187,406.233,-1,truck,0.6898,831,87,1166,304,0,2
12188,406.267,336,truck,0.6083,854,88,1211,320,0,2
12189,406.3,336,car,0.7059,880,89,1233,318,0,2
12191,406.367,336,car,0.6122,911,96,1273,329,0,2
12192,406.4,336,car,0.6731,913,94,1280,338,0,2
12194,406.467,336,car,0.6491,962,107,1280,339,0,2
12293,409.767,-1,car,0.6464,567,115,594,134,1,2
12294,409.8,337,car,0.642,567,114,594,134,1,2
12340,411.333,-1,car,0.6762,455,101,504,143,1,2
12341,411.367,338,car,0.6629,450,101,502,145,1,2
12343,411.433,338,car,0.6747,442,101,496,149,1,2
12344,411.467,338,car,0.7262,435,102,494,153,1,2
12345,411.5,338,car,0.7054,430,99,491,154,1,2
12346,411.533,338,car,0.7549,423,98,490,158,1,2
12347,411.567,338,car,0.7742,415,98,486,161,1,2
12348,411.6,338,car,0.7951,409,101,481,163,1,2
12349,411.633,338,car,0.7396,400,101,478,169,1,2
12350,411.667,338,car,0.8139,390,101,472,174,1,2
12351,411.7,338,car,0.7718,382,102,466,177,1,2
12352,411.733,338,car,0.8055,368,103,459,183,1,2
12353,411.767,338,car,0.744,350,105,451,193,1,2
12354,411.8,338,car,0.7272,336,107,445,201,1,2
12355,411.833,338,car,0.7966,314,109,434,211,1,2
12356,411.867,338,car,0.7257,286,111,423,226,1,2
12357,411.9,338,car,0.7685,256,112,406,235,0,2
12358,411.933,338,car,0.8738,229,115,393,250,0,2
12359,411.967,338,car,0.8256,197,120,379,270,0,2
12360,412.0,338,car,0.7595,179,123,362,271,0,2
12361,412.033,338,car,0.6667,162,130,342,275,0,2
12362,412.067,-1,car,0.6097,538,98,571,118,1,2
12364,412.133,-1,car,0.6039,537,98,570,119,1,2
12366,412.2,-1,car,0.6682,536,98,569,119,1,2
12370,412.333,-1,person,0.6217,278,445,919,714,0,2
12372,412.4,-1,person,0.6374,285,443,919,715,0,2
12373,412.433,344,person,0.6376,285,442,922,715,0,2
12376,412.533,-1,car,0.6465,441,99,470,118,1,2
12376,412.533,-1,car,0.6022,520,99,557,120,1,2
12383,412.767,-1,car,0.6236,507,97,544,121,1,2
12383,412.767,-1,car,0.6054,438,102,466,123,1,2
12384,412.8,-1,person,0.6149,283,462,427,714,0,2
12386,412.867,-1,car,0.6709,434,104,465,126,1,2
12386,412.867,-1,car,0.6117,503,98,542,121,1,2
12387,412.9,350,car,0.6453,434,105,465,126,1,2
12387,412.9,351,car,0.61,502,98,541,121,1,2
12391,413.033,344,person,0.6022,279,426,957,714,0,2
12392,413.067,350,car,0.6687,422,104,462,131,1,2
12393,413.1,350,car,0.6223,421,104,462,133,1,2
12394,413.133,350,car,0.6337,419,105,462,134,1,2
12395,413.167,350,car,0.6803,416,105,459,136,1,2
12395,413.167,344,person,0.6111,266,419,959,715,0,2
12396,413.2,350,car,0.7319,414,105,459,137,1,2
12396,413.2,344,person,0.6227,265,418,960,715,0,2
12397,413.233,350,car,0.7057,411,105,458,138,1,2
12397,413.233,344,person,0.689,267,418,959,715,0,2
12397,413.233,351,car,0.6374,483,95,528,122,1,2
12398,413.267,350,car,0.7039,408,104,457,139,1,2
12398,413.267,344,person,0.7168,266,410,970,714,0,2
12398,413.267,351,car,0.6176,482,94,528,122,1,2
12399,413.3,350,car,0.7421,405,104,458,143,1,2
12399,413.3,344,person,0.7062,264,406,976,714,0,2
12399,413.3,351,car,0.6508,480,94,527,122,1,2
12400,413.333,350,car,0.7468,403,104,457,144,1,2
12400,413.333,344,person,0.6646,262,398,984,714,0,2
12400,413.333,351,car,0.6582,479,93,526,121,1,2
12401,413.367,350,car,0.742,400,103,456,145,1,2
12401,413.367,344,person,0.6487,263,389,1002,714,0,2
12401,413.367,351,car,0.6679,478,91,523,120,1,2
12402,413.4,350,car,0.75,395,103,454,146,1,2
12402,413.4,344,person,0.6534,265,385,1013,713,0,2
12402,413.4,351,car,0.6309,478,91,522,120,1,2
12403,413.433,350,car,0.7501,391,103,454,150,1,2
12403,413.433,344,person,0.6719,269,385,1014,714,0,2
12403,413.433,351,car,0.6515,477,90,521,120,1,2
12404,413.467,350,car,0.8335,386,103,451,154,1,2
12404,413.467,344,person,0.6211,272,385,1019,714,0,2
12404,413.467,351,car,0.6442,477,90,521,120,1,2
12405,413.5,350,car,0.8643,382,104,449,157,1,2
12405,413.5,351,car,0.6152,475,90,519,119,1,2
12406,413.533,350,car,0.8498,375,104,447,161,1,2
12406,413.533,344,person,0.6396,275,385,1021,713,0,2
12407,413.567,350,car,0.7648,368,106,443,166,1,2
12408,413.6,350,car,0.7676,361,107,439,169,1,2
12409,413.633,350,car,0.7888,352,109,435,176,1,2
12410,413.667,350,car,0.7164,341,110,430,182,1,2
12410,413.667,344,person,0.6264,281,393,1009,714,0,2
12411,413.7,350,car,0.6588,330,112,425,189,0,2
12411,413.7,344,person,0.6665,282,394,1006,715,0,2
12412,413.733,350,car,0.7902,315,113,419,198,0,2
12412,413.733,344,person,0.7012,281,394,1001,715,0,2
12413,413.767,350,car,0.7312,295,117,410,209,0,2
12413,413.767,344,person,0.7288,285,395,998,714,0,2
12413,413.767,351,car,0.6144,469,89,514,121,1,2
12414,413.8,344,person,0.681,289,398,997,714,0,2
12414,413.8,351,car,0.6413,469,89,514,121,1,2
12415,413.833,344,person,0.7055,296,398,1003,714,0,2
12415,413.833,351,car,0.6288,469,90,514,121,1,2
12415,413.833,350,car,0.8118,257,121,391,229,0,2
12416,413.867,344,person,0.6996,299,394,1013,714,0,2
12416,413.867,351,car,0.6558,470,90,514,121,1,2
12416,413.867,352,person,0.6782,303,519,435,718,0,2
12416,413.867,350,car,0.8219,237,126,383,241,0,2
12417,413.9,344,person,0.6901,303,393,1018,714,0,2
12417,413.9,351,car,0.646,471,89,515,121,1,2
12417,413.9,352,person,0.6263,304,519,435,718,0,2
12417,413.9,350,car,0.7738,224,127,376,249,0,2
12418,413.933,344,person,0.7128,306,393,1019,714,0,2
12418,413.933,351,car,0.6201,472,89,514,119,1,2
12418,413.933,352,person,0.6324,305,519,438,718,0,2
12419,413.967,344,person,0.7202,304,391,1021,713,0,2
12419,413.967,351,car,0.6187,473,87,517,118,1,2
12419,413.967,352,person,0.6332,305,519,438,718,0,2
12420,414.0,344,person,0.7738,302,390,1019,713,0,2
12420,414.0,351,car,0.668,473,86,518,117,1,2
12420,414.0,352,person,0.6332,304,518,437,718,0,2
12421,414.033,344,person,0.8287,297,385,1021,712,0,2
12421,414.033,351,car,0.6662,473,83,518,115,1,2
12422,414.067,344,person,0.8577,291,382,1022,712,0,2
12422,414.067,351,car,0.687,473,82,518,115,1,2
12423,414.1,344,person,0.8762,287,381,1019,712,0,2
12423,414.1,351,car,0.7008,473,81,519,115,1,2
12424,414.133,344,person,0.8393,283,379,1017,712,0,2
12424,414.133,351,car,0.7033,472,81,518,114,1,2
12425,414.167,344,person,0.8802,280,379,1013,712,0,2
12425,414.167,351,car,0.7207,472,81,517,114,1,2
12426,414.2,344,person,0.8254,278,379,1008,713,0,2
12426,414.2,351,car,0.7223,471,81,515,113,1,2
12427,414.233,344,person,0.668,277,381,1005,713,0,2
12427,414.233,351,car,0.7274,471,81,514,113,1,2
12428,414.267,344,person,0.7012,278,382,1000,714,0,2
12428,414.267,351,car,0.6676,471,80,513,112,1,2
12429,414.3,344,person,0.6524,279,382,999,714,0,2
12429,414.3,351,car,0.6836,470,80,513,112,1,2
12430,414.333,344,person,0.6878,280,383,997,714,0,2
12430,414.333,351,car,0.6924,470,80,512,112,1,2
12430,414.333,353,car,0.6578,1011,126,1074,162,0,2
12431,414.367,344,person,0.6918,280,382,997,714,0,2
12431,414.367,351,car,0.6633,467,79,510,112,1,2
12432,414.4,344,person,0.643,279,381,997,714,0,2
12432,414.4,351,car,0.6391,466,79,509,111,1,2
12433,414.433,344,person,0.7588,280,379,997,714,0,2
12433,414.433,351,car,0.6592,465,79,507,111,1,2
12434,414.467,344,person,0.813,280,377,999,713,0,2
12434,414.467,351,car,0.6812,464,78,506,110,1,2
12435,414.5,344,person,0.843,279,375,1001,713,0,2
12435,414.5,351,car,0.6713,464,78,505,109,1,2
12436,414.533,344,person,0.8112,274,373,1002,713,0,2
12436,414.533,351,car,0.6969,463,77,504,109,1,2
12437,414.567,344,person,0.81,270,370,1002,714,0,2
12437,414.567,351,car,0.6341,462,75,502,107,1,2
12438,414.6,344,person,0.813,267,369,1001,714,0,2
12438,414.6,351,car,0.6391,461,75,501,106,1,2
12439,414.633,344,person,0.8206,263,369,999,715,0,2
12439,414.633,351,car,0.6407,458,73,499,104,1,2
12440,414.667,344,person,0.8464,257,367,991,714,0,2
12441,414.7,344,person,0.8584,253,367,986,713,0,2
12441,414.7,351,car,0.6106,456,72,496,103,1,2
12442,414.733,344,person,0.8607,247,365,982,713,0,2
12442,414.733,351,car,0.6821,455,72,495,102,1,2
12443,414.767,344,person,0.8492,242,361,979,713,0,2
12443,414.767,351,car,0.7069,454,71,494,102,1,2
12444,414.8,344,person,0.8307,240,360,979,713,0,2
12444,414.8,351,car,0.7151,453,71,493,102,1,2
12444,414.8,354,car,0.6616,1224,174,1280,221,0,2
12445,414.833,344,person,0.8406,240,359,979,713,0,2
12445,414.833,351,car,0.7162,451,72,490,102,1,2
12446,414.867,344,person,0.8621,241,359,976,712,0,2
12446,414.867,351,car,0.7019,450,72,489,102,1,2
12447,414.9,344,person,0.8297,243,359,976,712,0,2
12447,414.9,351,car,0.6665,449,72,489,102,1,2
12448,414.933,344,person,0.7883,247,361,974,712,0,2
12448,414.933,351,car,0.6374,449,73,488,103,1,2
12449,414.967,344,person,0.7449,249,365,967,713,0,2
12450,415.0,344,person,0.752,251,367,963,713,0,2
12451,415.033,344,person,0.72,256,368,963,713,0,2
12452,415.067,344,person,0.6972,261,368,966,713,0,2
12453,415.1,344,person,0.7259,264,368,968,713,0,2
12454,415.133,344,person,0.7274,267,366,977,713,0,2
12455,415.167,344,person,0.6757,275,365,989,713,0,2
12456,415.2,344,person,0.6708,279,365,995,713,0,2
12457,415.233,344,person,0.6556,280,363,1002,713,0,2
12458,415.267,344,person,0.6824,267,361,993,713,0,2
12459,415.3,344,person,0.6247,267,358,999,713,0,2
12460,415.333,344,person,0.6423,265,357,1002,713,0,2
12461,415.367,344,person,0.6897,267,355,1009,712,0,2
12462,415.4,344,person,0.6825,263,354,1007,712,0,2
12462,415.4,351,car,0.6072,439,74,478,104,1,2
12463,415.433,344,person,0.6417,255,354,998,712,0,2
12463,415.433,351,car,0.6013,438,74,477,104,1,2
12464,415.467,344,person,0.7378,245,354,985,711,0,2
12465,415.5,344,person,0.7416,240,355,976,711,0,2
12466,415.533,344,person,0.7937,241,360,967,711,0,2
12467,415.567,344,person,0.848,243,363,965,711,0,2
12468,415.6,344,person,0.8443,246,365,965,711,0,2
12469,415.633,344,person,0.7312,248,365,968,711,0,2
12470,415.667,344,person,0.7532,249,363,974,712,0,2
12470,415.667,351,car,0.6121,438,73,478,104,1,2
12471,415.7,344,person,0.8294,246,361,975,712,0,2
12471,415.7,351,car,0.6456,438,72,479,104,1,2
12472,415.733,344,person,0.7078,256,359,992,712,0,2
12472,415.733,351,car,0.6605,438,72,478,104,1,2
12473,415.767,344,person,0.6948,264,360,1002,712,0,2
12473,415.767,351,car,0.694,438,72,478,103,1,2
12474,415.8,344,person,0.7225,263,361,1001,712,0,2
12474,415.8,351,car,0.6975,439,71,478,103,1,2
12475,415.833,344,person,0.6936,265,361,1005,712,0,2
12475,415.833,351,car,0.6997,439,71,479,102,1,2
12476,415.867,344,person,0.7078,265,362,1006,713,0,2
12476,415.867,351,car,0.6953,439,70,480,102,1,2
12477,415.9,344,person,0.7919,264,362,1005,713,0,2
12477,415.9,351,car,0.6942,440,70,480,102,1,2
12478,415.933,344,person,0.7387,261,360,1007,712,0,2
12478,415.933,351,car,0.6757,441,69,481,102,1,2
12479,415.967,344,person,0.795,254,355,1008,712,0,2
12479,415.967,351,car,0.6576,442,67,483,102,1,2
12480,416.0,344,person,0.7787,251,352,1014,713,0,2
12480,416.0,351,car,0.6729,443,66,485,101,1,2
12481,416.033,344,person,0.8125,248,352,1009,713,0,2
12481,416.033,351,car,0.666,443,64,486,99,1,2
12482,416.067,344,person,0.8004,250,355,1006,713,0,2
12482,416.067,351,car,0.6773,446,65,487,99,1,2
12483,416.1,344,person,0.7997,253,358,1003,713,0,2
12483,416.1,351,car,0.7104,448,66,487,98,1,2
12484,416.133,344,person,0.7282,256,359,1003,713,0,2
12484,416.133,351,car,0.7197,449,65,489,98,1,2
12485,416.167,344,person,0.6655,259,359,1008,713,0,2
12485,416.167,351,car,0.755,451,65,493,99,1,2
12486,416.2,344,person,0.6028,269,360,1016,713,0,2
12486,416.2,351,car,0.696,453,65,494,99,1,2
12487,416.233,351,car,0.7053,455,65,495,101,1,2
12488,416.267,351,car,0.6723,458,65,498,99,1,2
12489,416.3,351,car,0.6708,461,65,499,98,1,2
12491,416.367,344,person,0.6689,274,368,1008,713,0,2
12491,416.367,351,car,0.6717,466,65,504,98,1,2
12492,416.4,344,person,0.6775,271,367,1007,713,0,2
12492,416.4,351,car,0.6717,469,65,506,98,1,2
12493,416.433,344,person,0.7469,273,368,1008,713,0,2
12493,416.433,351,car,0.6196,471,65,509,98,1,2
12494,416.467,344,person,0.7433,272,367,1011,713,0,2
12494,416.467,351,car,0.6523,472,65,512,98,1,2
12495,416.5,344,person,0.7574,271,367,1011,713,0,2
12496,416.533,344,person,0.7382,271,368,1010,713,0,2
12497,416.567,344,person,0.7216,275,375,1003,713,0,2
12498,416.6,344,person,0.6994,275,378,1000,714,0,2
12498,416.6,351,car,0.6446,482,69,522,102,1,2
12499,416.633,344,person,0.605,279,385,992,714,0,2
12510,417.0,344,person,0.6394,288,418,939,714,0,2
12511,417.033,344,person,0.62,288,421,937,714,0,2
12513,417.1,344,person,0.6375,293,423,947,714,0,2
12515,417.167,344,person,0.6131,283,421,949,714,0,2
12523,417.433,344,person,0.6329,286,423,955,714,0,2
12527,417.567,344,person,0.6112,280,422,963,713,0,2
12542,418.067,344,person,0.6516,223,350,1057,712,0,2
12543,418.1,344,person,0.6436,224,345,1061,712,0,2
12544,418.133,344,person,0.7489,223,339,1063,712,0,2
12545,418.167,344,person,0.6521,223,336,1063,712,0,2
12546,418.2,344,person,0.6558,225,337,1056,712,0,2
12547,418.233,344,person,0.6122,225,339,1048,712,0,2
12548,418.267,344,person,0.6904,225,335,1048,712,0,2
12549,418.3,344,person,0.719,226,338,1040,712,0,2
12550,418.333,344,person,0.6932,229,336,1043,712,0,2
12551,418.367,344,person,0.6399,232,338,1038,712,0,2
12552,418.4,344,person,0.6295,233,339,1035,712,0,2
12553,418.433,344,person,0.6913,235,341,1033,712,0,2
12554,418.467,344,person,0.6919,239,343,1030,712,0,2
12555,418.5,344,person,0.6819,241,345,1030,712,0,2
12556,418.533,344,person,0.6079,241,344,1030,712,0,2
12557,418.567,344,person,0.6484,239,338,1037,712,0,2
12558,418.6,344,person,0.6402,241,337,1039,712,0,2
12559,418.633,344,person,0.6251,246,339,1037,712,0,2
12560,418.667,344,person,0.792,250,344,1029,712,0,2
12561,418.7,344,person,0.7768,249,341,1035,713,0,2
12562,418.733,344,person,0.7089,255,342,1037,712,0,2
12563,418.767,344,person,0.6755,261,342,1042,711,0,2
12564,418.8,344,person,0.7489,264,343,1045,712,0,2
12565,418.833,344,person,0.789,270,345,1046,711,0,2
12566,418.867,344,person,0.7573,273,347,1049,712,0,2
12567,418.9,344,person,0.6532,279,352,1046,712,0,2
12568,418.933,344,person,0.709,281,355,1043,712,0,2
12569,418.967,344,person,0.7122,280,358,1040,713,0,2
12570,419.0,344,person,0.6606,277,357,1039,713,0,2
12572,419.067,344,person,0.6683,250,329,1067,713,0,2
12573,419.1,344,person,0.6933,261,342,1050,713,0,2
12574,419.133,344,person,0.7089,263,345,1045,712,0,2
12575,419.167,344,person,0.6761,263,346,1043,712,0,2
12576,419.2,344,person,0.7248,263,347,1042,712,0,2
12577,419.233,344,person,0.7225,264,350,1040,712,0,2
12578,419.267,344,person,0.7344,262,350,1040,713,0,2
12579,419.3,344,person,0.7284,258,347,1042,713,0,2
12580,419.333,344,person,0.7816,262,349,1041,712,0,2
12581,419.367,344,person,0.7987,257,345,1046,713,0,2
12582,419.4,344,person,0.7833,254,341,1051,713,0,2
12583,419.433,344,person,0.7979,262,347,1046,712,0,2
12584,419.467,344,person,0.7284,269,353,1040,712,0,2
12585,419.5,344,person,0.622,266,352,1042,712,0,2
12586,419.533,344,person,0.6736,266,351,1043,712,0,2
12587,419.567,344,person,0.6324,265,351,1043,713,0,2
12588,419.6,344,person,0.661,265,353,1040,713,0,2
12589,419.633,344,person,0.672,263,353,1038,713,0,2
12590,419.667,344,person,0.6708,259,351,1039,713,0,2
12591,419.7,344,person,0.6031,257,350,1040,713,0,2
12592,419.733,344,person,0.6179,262,353,1037,713,0,2
12593,419.767,344,person,0.6431,265,358,1032,712,0,2
12595,419.833,344,person,0.6365,262,357,1032,713,0,2
12596,419.867,344,person,0.7148,262,358,1030,713,0,2
12597,419.9,344,person,0.6674,258,355,1031,713,0,2
12599,419.967,344,person,0.6308,248,345,1041,713,0,2
12600,420.0,344,person,0.6259,249,345,1040,713,0,2
12601,420.033,344,person,0.6191,251,349,1035,713,0,2
12604,420.133,-1,person,0.6217,246,421,419,711,0,2
12607,420.233,-1,car,0.6124,546,85,589,126,1,2
12608,420.267,362,car,0.6683,546,85,589,127,1,2
12609,420.3,362,car,0.6629,545,85,589,127,1,2
12612,420.4,344,person,0.6044,258,387,974,713,0,2
12613,420.433,344,person,0.7009,251,390,976,713,0,2
12614,420.467,344,person,0.65,247,391,978,713,0,2
12615,420.5,362,car,0.6082,545,89,585,129,1,2
12616,420.533,344,person,0.6429,241,390,984,714,0,2
12617,420.567,344,person,0.6459,235,389,986,714,0,2
12622,420.733,344,person,0.7059,213,386,982,714,0,2
12623,420.767,344,person,0.6935,198,382,986,714,0,2
12625,420.833,344,person,0.7007,197,384,987,714,0,2
12626,420.867,344,person,0.6565,201,385,994,714,0,2
12627,420.9,344,person,0.7172,198,379,1007,714,0,2
12628,420.933,344,person,0.6762,201,377,1013,714,0,2
12629,420.967,344,person,0.7639,194,367,1027,714,0,2
12630,421.0,344,person,0.7161,193,361,1035,714,0,2
12631,421.033,344,person,0.7323,195,355,1043,714,0,2
12632,421.067,344,person,0.7097,206,359,1041,713,0,2
12633,421.1,344,person,0.7319,207,358,1042,713,0,2
12634,421.133,344,person,0.7698,210,358,1042,713,0,2
12635,421.167,344,person,0.7531,214,358,1041,713,0,2
12636,421.2,344,person,0.7675,216,357,1040,712,0,2
12637,421.233,344,person,0.7012,216,354,1043,713,0,2
12638,421.267,344,person,0.6589,216,353,1045,713,0,2
12639,421.3,344,person,0.6509,224,358,1039,713,0,2
12641,421.367,344,person,0.618,229,362,1033,712,0,2
12642,421.4,344,person,0.6264,231,363,1031,712,0,2
12643,421.433,344,person,0.6858,224,359,1034,713,0,2
12644,421.467,344,person,0.6842,217,352,1041,713,0,2
12645,421.5,344,person,0.6786,216,349,1043,713,0,2
12646,421.533,344,person,0.6393,214,346,1043,713,0,2
12647,421.567,344,person,0.6247,218,350,1038,714,0,2
12648,421.6,344,person,0.6453,219,350,1038,714,0,2
12649,421.633,344,person,0.6429,219,350,1037,714,0,2
12650,421.667,344,person,0.6071,218,347,1039,714,0,2
12651,421.7,344,person,0.6067,219,347,1038,714,0,2
12652,421.733,344,person,0.6918,221,351,1031,713,0,2
12653,421.767,344,person,0.6986,223,354,1025,713,0,2
12654,421.8,344,person,0.6437,225,357,1022,713,0,2
12654,421.8,363,car,0.6349,533,103,576,139,1,2
12655,421.833,344,person,0.6714,226,358,1023,713,0,2
12655,421.833,363,car,0.6349,531,104,575,139,1,2
12656,421.867,344,person,0.6795,226,353,1029,713,0,2
12656,421.867,363,car,0.6405,531,104,575,141,1,2
12657,421.9,344,person,0.6736,226,352,1030,713,0,2
12657,421.9,363,car,0.6281,531,104,575,141,1,2
12658,421.933,344,person,0.6845,226,351,1031,713,0,2
12658,421.933,363,car,0.625,531,104,575,141,1,2
12659,421.967,344,person,0.7204,239,360,1024,712,0,2
12660,422.0,344,person,0.7401,243,362,1023,712,0,2
12661,422.033,344,person,0.745,248,365,1024,712,0,2
12662,422.067,344,person,0.6938,243,359,1033,713,0,2
12663,422.1,344,person,0.6701,242,355,1039,713,0,2
12664,422.133,344,person,0.6224,243,354,1042,714,0,2
12670,422.333,344,car,0.6259,206,286,1179,711,0,2
12671,422.367,344,car,0.605,209,280,1211,711,0,2
12673,422.433,-1,person,0.6278,1215,105,1237,160,0,2
12674,422.467,-1,person,0.6568,1232,106,1261,166,0,2
12675,422.5,-1,person,0.6306,1243,106,1270,167,0,2
12676,422.533,344,person,0.6375,240,349,1081,712,0,2
12677,422.567,344,person,0.7293,242,354,1067,712,0,2
12678,422.6,344,person,0.7128,245,355,1064,712,0,2
12679,422.633,344,person,0.741,246,355,1062,711,0,2
12679,422.633,368,car,0.6082,793,87,865,130,0,2
12680,422.667,344,person,0.6813,247,355,1062,712,0,2
12681,422.7,344,person,0.6376,249,358,1058,712,0,2
12682,422.733,344,person,0.6671,248,357,1058,713,0,2
12682,422.733,368,car,0.6454,810,89,883,134,0,2
12683,422.767,344,person,0.6107,253,361,1053,713,0,2
12684,422.8,344,person,0.601,255,363,1048,713,0,2
12685,422.833,344,person,0.6454,256,365,1045,713,0,2
12685,422.833,370,car,0.6399,552,94,597,134,1,2
12685,422.833,368,car,0.6328,825,90,902,136,0,2
12686,422.867,344,person,0.6561,250,360,1047,713,0,2
12686,422.867,370,car,0.6883,553,94,597,133,1,2
12686,422.867,371,car,0.6464,1082,117,1154,167,0,2
12686,422.867,368,car,0.6328,831,91,907,138,0,2
12687,422.9,344,person,0.6352,249,359,1047,713,0,2
12687,422.9,370,car,0.6705,553,94,597,131,1,2
12687,422.9,368,car,0.6462,837,91,915,139,0,2
12688,422.933,344,person,0.6322,246,354,1051,713,0,2
12688,422.933,370,car,0.7013,553,94,597,131,1,2
12688,422.933,368,car,0.7842,840,91,923,142,0,2
12689,422.967,344,person,0.6835,242,350,1055,712,0,2
12689,422.967,370,car,0.7192,553,94,597,131,1,2
12689,422.967,368,car,0.7817,848,91,933,143,0,2
12690,423.0,344,person,0.6927,243,349,1055,712,0,2
12690,423.0,370,car,0.7124,553,94,597,131,1,2
12690,423.0,368,car,0.7629,851,91,938,144,0,2
12691,423.033,344,person,0.7413,242,347,1055,712,0,2
12691,423.033,370,car,0.6789,553,94,597,130,1,2
12691,423.033,368,car,0.7162,857,91,946,146,0,2
12692,423.067,344,person,0.7653,243,350,1049,712,0,2
12692,423.067,370,car,0.6789,553,94,595,130,1,2
12692,423.067,368,car,0.7829,864,91,954,146,0,2
12693,423.1,344,person,0.7465,243,351,1045,712,0,2
12693,423.1,370,car,0.6809,552,94,597,130,1,2
12693,423.1,368,car,0.6719,869,93,961,149,0,2
12694,423.133,344,person,0.6958,239,352,1038,712,0,2
12694,423.133,370,car,0.7089,551,94,597,133,1,2
12694,423.133,368,car,0.773,877,94,973,152,0,2
12695,423.167,344,person,0.6558,231,353,1031,713,0,2
12695,423.167,370,car,0.6767,550,94,597,133,1,2
12695,423.167,368,car,0.7641,882,94,983,154,0,2
12696,423.2,344,person,0.7085,226,353,1025,713,0,2
12696,423.2,370,car,0.6887,550,94,597,134,1,2
12696,423.2,368,car,0.8205,887,94,989,157,0,2
12697,423.233,344,person,0.7038,224,353,1022,713,0,2
12697,423.233,370,car,0.6872,549,94,595,134,1,2
12698,423.267,344,person,0.7155,225,354,1018,712,0,2
12698,423.267,370,car,0.6988,547,94,595,134,1,2
12698,423.267,368,car,0.7331,903,97,1008,161,0,2
12699,423.3,344,person,0.7343,227,355,1016,712,0,2
12699,423.3,370,car,0.6832,547,94,595,135,1,2
12699,423.3,368,car,0.6463,907,98,1015,162,0,2
12700,423.333,344,person,0.7509,226,352,1021,713,0,2
12700,423.333,370,car,0.653,547,94,594,134,1,2
12700,423.333,368,car,0.7186,915,99,1027,167,0,2
12701,423.367,344,person,0.7839,229,351,1022,713,0,2
12701,423.367,370,car,0.6366,546,94,593,134,1,2
12701,423.367,368,car,0.7011,925,101,1040,169,0,2
12702,423.4,344,person,0.7629,230,350,1024,713,0,2
12702,423.4,370,car,0.654,545,94,592,134,1,2
12702,423.4,368,car,0.7762,930,102,1049,171,0,2
12703,423.433,344,person,0.7765,235,352,1022,712,0,2
12703,423.433,368,car,0.7425,939,102,1062,175,0,2
12704,423.467,344,person,0.6878,234,351,1021,712,0,2
12704,423.467,368,car,0.6693,950,103,1077,177,0,2
12704,423.467,370,car,0.7063,545,94,590,131,1,2
12705,423.5,344,person,0.7489,234,351,1021,712,0,2
12705,423.5,368,car,0.674,959,105,1088,181,0,2
12705,423.5,370,car,0.7168,544,94,590,130,1,2
12706,423.533,344,person,0.6717,232,351,1019,712,0,2
12706,423.533,368,car,0.6578,970,106,1104,183,0,2
12706,423.533,370,car,0.689,544,94,589,130,1,2
12707,423.567,344,person,0.6663,232,352,1019,712,0,2
12707,423.567,368,car,0.6567,981,106,1122,189,0,2
12707,423.567,370,car,0.6752,544,94,590,130,1,2
12708,423.6,344,person,0.6953,232,352,1018,712,0,2
12708,423.6,368,car,0.7348,990,107,1136,191,0,2
12708,423.6,370,car,0.6491,543,94,590,131,1,2
12709,423.633,344,person,0.7672,231,353,1015,712,0,2
12709,423.633,368,car,0.64,1002,110,1153,195,0,2
12709,423.633,370,car,0.6577,543,94,590,131,1,2
12710,423.667,344,person,0.7838,227,358,1002,712,0,2
12710,423.667,368,car,0.7175,1016,111,1174,200,0,2
12710,423.667,370,car,0.6891,542,94,589,131,1,2
12711,423.7,344,person,0.7497,222,360,994,713,0,2
12711,423.7,368,car,0.7835,1026,112,1190,205,0,2
12711,423.7,370,car,0.6925,541,94,589,131,1,2
12712,423.733,344,person,0.7688,223,365,989,713,0,2
12712,423.733,368,car,0.6054,1041,113,1211,209,0,2
12712,423.733,370,car,0.6799,542,94,587,131,1,2
12713,423.767,344,person,0.7258,218,367,984,713,0,2
12713,423.767,368,car,0.7202,1058,114,1238,215,0,2
12713,423.767,370,car,0.6976,542,94,587,130,1,2
12714,423.8,344,person,0.7039,214,366,985,713,0,2
12714,423.8,368,car,0.7359,1071,117,1256,219,0,2
12714,423.8,370,car,0.6993,542,94,587,130,1,2
12715,423.833,344,person,0.6793,208,361,990,713,0,2
12715,423.833,370,car,0.6935,541,93,587,130,1,2
12716,423.867,344,person,0.6593,199,353,999,713,0,2
12716,423.867,370,car,0.7066,542,93,589,130,1,2
12716,423.867,368,car,0.7086,1095,123,1280,234,0,2
12717,423.9,344,person,0.6466,199,352,1002,713,0,2
12717,423.9,370,car,0.701,541,91,589,130,1,2
12717,423.9,368,car,0.7383,1104,128,1280,240,0,2
12718,423.933,344,person,0.6344,198,349,1008,712,0,2
12718,423.933,370,car,0.7043,541,93,589,130,1,2
12718,423.933,368,car,0.7264,1121,131,1280,239,0,2
12719,423.967,344,person,0.6733,202,351,1008,712,0,2
12719,423.967,370,car,0.7061,541,93,587,130,1,2
12719,423.967,368,car,0.6832,1146,137,1280,232,0,2
12720,424.0,344,person,0.7333,207,353,1008,712,0,2
12720,424.0,370,car,0.7212,541,93,587,130,1,2
12720,424.0,368,car,0.7065,1161,142,1280,231,0,2
12721,424.033,344,person,0.6777,214,355,1010,712,0,2
12721,424.033,370,car,0.7388,541,93,587,130,1,2
12721,424.033,368,car,0.7319,1182,155,1280,237,0,2
12722,424.067,344,person,0.6811,218,354,1016,712,0,2
12722,424.067,370,car,0.73,541,93,587,130,1,2
12723,424.1,344,person,0.6404,219,353,1022,712,0,2
12723,424.1,370,car,0.7627,541,93,586,130,1,2
12724,424.133,370,car,0.7295,541,91,586,130,1,2
12725,424.167,370,car,0.6254,541,91,587,129,1,2
12725,424.167,344,person,0.7153,226,350,1031,712,0,2
12726,424.2,370,car,0.6173,541,91,587,129,1,2
12726,424.2,344,person,0.7076,230,349,1035,712,0,2
12727,424.233,344,person,0.7079,231,346,1041,712,0,2
12728,424.267,344,person,0.749,230,341,1047,711,0,2
12729,424.3,344,person,0.7609,239,346,1043,711,0,2
12730,424.333,344,person,0.71,239,346,1045,711,0,2
12731,424.367,344,person,0.7201,233,343,1046,711,0,2
12732,424.4,344,person,0.7467,231,342,1043,711,0,2
12733,424.433,344,person,0.7864,229,342,1040,711,0,2
12734,424.467,344,person,0.7898,231,344,1037,711,0,2
12735,424.5,344,person,0.7543,231,345,1035,711,0,2
12736,424.533,344,person,0.7774,232,345,1034,712,0,2
12737,424.567,344,person,0.8111,232,343,1039,711,0,2
12738,424.6,344,person,0.8174,233,342,1041,712,0,2
12739,424.633,344,person,0.8026,229,334,1050,712,0,2
12740,424.667,344,person,0.8036,225,329,1056,712,0,2
12741,424.7,344,person,0.8049,223,326,1061,712,0,2
12742,424.733,344,person,0.819,221,319,1069,711,0,2
12743,424.767,344,person,0.8176,223,318,1071,711,0,2
12744,424.8,344,person,0.8364,226,318,1072,712,0,2
12745,424.833,344,person,0.8536,229,318,1071,712,0,2
12746,424.867,344,person,0.8775,227,314,1074,712,0,2
12747,424.9,344,person,0.8653,229,313,1073,712,0,2
12748,424.933,344,person,0.8654,227,313,1070,712,0,2
12749,424.967,344,person,0.8219,224,311,1069,712,0,2
12750,425.0,344,person,0.8189,223,311,1067,712,0,2
12751,425.033,344,person,0.8382,221,310,1066,712,0,2
12752,425.067,344,person,0.8438,221,310,1066,712,0,2
12753,425.1,344,person,0.8455,222,312,1062,712,0,2
12754,425.133,344,person,0.86,221,314,1055,712,0,2
12755,425.167,344,person,0.8303,221,317,1049,713,0,2
12756,425.2,344,person,0.8115,223,318,1048,713,0,2
12757,425.233,344,person,0.8482,227,317,1049,713,0,2
12758,425.267,344,person,0.8827,235,315,1056,712,0,2
12758,425.267,370,car,0.62,539,81,587,119,1,2
12759,425.3,344,person,0.8508,240,318,1054,713,0,2
12760,425.333,344,person,0.8392,254,322,1054,713,0,2
12761,425.367,344,person,0.801,266,327,1057,713,0,2
12761,425.367,375,car,0.6667,541,83,589,122,1,2
12762,425.4,344,person,0.8219,273,326,1064,712,0,2
12762,425.4,375,car,0.6588,541,83,589,122,1,2
12763,425.433,344,person,0.7271,277,321,1073,712,0,2
12764,425.467,344,person,0.7226,281,321,1078,712,0,2
12765,425.5,344,person,0.7172,282,319,1080,712,0,2
12765,425.5,375,car,0.6536,541,86,587,123,1,2
12766,425.533,344,person,0.8246,280,317,1082,712,0,2
12767,425.567,344,person,0.7939,275,315,1080,712,0,2
12767,425.567,377,car,0.7256,201,264,1280,712,0,2
12768,425.6,344,person,0.811,272,314,1078,712,0,2
12769,425.633,344,person,0.8712,263,311,1075,712,0,2
12770,425.667,344,person,0.8581,264,322,1055,713,0,2
12771,425.7,344,person,0.8473,265,331,1038,713,0,2
12772,425.733,344,person,0.8323,265,341,1021,713,0,2
12773,425.767,344,person,0.83,264,350,1003,713,0,2
12774,425.8,344,person,0.6807,265,358,993,713,0,2
12774,425.8,375,car,0.6479,530,87,577,126,1,2
12775,425.833,375,car,0.6233,528,87,575,126,1,2
12776,425.867,375,car,0.6062,526,87,573,126,1,2
12777,425.9,375,car,0.6388,523,87,570,126,1,2
12778,425.933,375,car,0.6898,522,87,569,125,1,2
12779,425.967,375,car,0.6554,520,86,568,125,1,2
12780,426.0,375,car,0.7124,519,85,567,125,1,2
12781,426.033,375,car,0.7179,517,83,566,125,1,2
12782,426.067,375,car,0.6731,515,83,565,125,1,2
12783,426.1,375,car,0.7171,514,83,563,125,1,2
12784,426.133,375,car,0.7038,512,82,561,123,1,2
12785,426.167,375,car,0.6688,510,82,559,123,1,2
12786,426.2,375,car,0.7019,509,83,557,123,1,2
12787,426.233,375,car,0.7653,506,82,555,123,1,2
12787,426.233,344,person,0.6848,267,355,1005,713,0,2
12788,426.267,375,car,0.7989,504,82,553,123,1,2
12788,426.267,344,person,0.6582,264,354,1008,713,0,2
12789,426.3,375,car,0.81,503,82,552,123,1,2
12789,426.3,344,person,0.6944,263,355,1008,713,0,2
12790,426.333,375,car,0.8004,502,82,551,123,1,2
12790,426.333,344,person,0.6457,256,349,1014,713,0,2
12791,426.367,375,car,0.7687,499,82,549,123,1,2
12791,426.367,344,person,0.6168,254,346,1018,713,0,2
12792,426.4,375,car,0.7539,497,82,547,123,1,2
12793,426.433,375,car,0.7484,496,81,546,123,1,2
12793,426.433,381,car,0.6658,985,86,1042,144,0,2
12793,426.433,344,person,0.621,249,341,1024,713,0,2
12794,426.467,375,car,0.7348,495,80,545,122,1,2
12794,426.467,381,car,0.7517,1005,88,1065,149,0,2
12794,426.467,344,person,0.6875,249,338,1026,712,0,2
12795,426.5,375,car,0.7174,494,80,544,122,1,2
12795,426.5,381,car,0.734,1018,89,1083,153,0,2
12795,426.5,344,person,0.7755,251,339,1024,712,0,2
12796,426.533,375,car,0.6377,493,79,544,121,1,2
12796,426.533,381,car,0.7913,1034,89,1103,155,0,2
12796,426.533,344,person,0.8083,249,337,1024,712,0,2
12797,426.567,375,car,0.6933,493,79,543,120,1,2
12797,426.567,381,car,0.7943,1051,90,1125,158,0,2
12797,426.567,344,person,0.8201,253,338,1024,711,0,2
12798,426.6,375,car,0.6878,493,78,543,120,1,2
12798,426.6,381,car,0.7675,1061,89,1141,161,0,2
12798,426.6,344,person,0.8142,255,338,1024,711,0,2
12799,426.633,375,car,0.7171,493,77,542,118,1,2
12799,426.633,381,car,0.7849,1077,89,1163,166,0,2
12799,426.633,344,person,0.8133,253,335,1026,711,0,2
12800,426.667,375,car,0.7185,491,74,542,117,1,2
12800,426.667,381,car,0.7822,1094,90,1186,169,0,2
12800,426.667,344,person,0.7483,253,331,1032,711,0,2
12801,426.7,375,car,0.7428,490,73,542,115,1,2
12801,426.7,381,car,0.8125,1106,91,1202,170,0,2
12801,426.7,344,person,0.6998,253,328,1039,711,0,2
12801,426.7,383,car,0.6618,1189,99,1280,186,0,2
12802,426.733,375,car,0.7292,490,73,541,114,1,2
12802,426.733,381,car,0.7904,1121,94,1229,178,0,2
12802,426.733,344,person,0.7519,249,322,1046,711,0,2
12802,426.733,383,car,0.6886,1202,110,1280,193,0,2
12803,426.767,375,car,0.7028,489,72,541,114,1,2
12803,426.767,381,car,0.8189,1139,96,1256,186,0,2
12803,426.767,344,person,0.8384,249,319,1049,711,0,2
12804,426.8,375,car,0.6916,489,71,541,113,1,2
12804,426.8,381,car,0.85,1150,98,1270,189,0,2
12804,426.8,344,person,0.8005,251,319,1050,711,0,2
12805,426.833,375,car,0.7134,490,71,538,111,1,2
12805,426.833,381,car,0.8305,1160,99,1280,192,0,2
12805,426.833,344,person,0.845,254,318,1054,711,0,2
12806,426.867,375,car,0.6656,489,71,538,111,1,2
12806,426.867,381,car,0.7382,1174,104,1280,192,0,2
12806,426.867,344,person,0.8577,258,317,1055,711,0,2
12807,426.9,375,car,0.7354,489,70,538,111,1,2
12807,426.9,344,person,0.854,259,317,1057,711,0,2
12807,426.9,384,car,0.6716,1063,56,1248,150,0,2
12808,426.933,375,car,0.7155,488,69,538,110,1,2
12808,426.933,344,person,0.8623,261,313,1063,711,0,2
12808,426.933,384,car,0.7672,1077,56,1273,155,0,2
12809,426.967,375,car,0.6923,487,66,538,110,1,2
12809,426.967,344,person,0.8965,261,309,1069,711,0,2
12809,426.967,384,car,0.66,1075,57,1280,169,0,2
12810,427.0,375,car,0.6515,487,66,538,109,1,2
12810,427.0,344,person,0.8973,259,304,1074,712,0,2
12811,427.033,375,car,0.6767,487,65,538,109,1,2
12811,427.033,344,person,0.8963,255,296,1081,712,0,2
12812,427.067,375,car,0.6861,486,65,537,109,1,2
12812,427.067,344,person,0.8955,255,294,1082,712,0,2
12813,427.1,375,car,0.6385,486,64,537,109,1,2
12813,427.1,344,person,0.8997,257,294,1080,712,0,2
12814,427.133,375,car,0.6282,486,65,537,109,1,2
12814,427.133,344,person,0.8919,263,297,1077,712,0,2
12815,427.167,344,person,0.9021,273,302,1071,712,0,2
12816,427.2,344,person,0.8968,280,306,1067,711,0,2
12817,427.233,344,person,0.897,286,307,1067,712,0,2
12818,427.267,344,person,0.9023,290,307,1069,712,0,2
12819,427.3,344,person,0.9009,291,306,1072,712,0,2
12820,427.333,344,person,0.883,290,302,1077,712,0,2
12820,427.333,375,car,0.6041,493,67,539,106,1,2
12821,427.367,344,person,0.8873,289,297,1082,712,0,2
12822,427.4,344,person,0.8918,288,291,1088,712,0,2
12823,427.433,344,person,0.8859,286,287,1093,712,0,2
12824,427.467,344,person,0.8834,286,288,1089,712,0,2
12825,427.5,344,person,0.8811,290,294,1081,712,0,2
12826,427.533,344,person,0.8592,290,301,1070,712,0,2
12827,427.567,344,person,0.8863,285,305,1056,712,0,2
12828,427.6,344,person,0.8978,279,306,1047,712,0,2
12829,427.633,344,person,0.8848,274,309,1039,712,0,2
12830,427.667,344,person,0.8545,267,307,1034,712,0,2
12830,427.667,375,car,0.6259,489,64,538,105,1,2
12831,427.7,344,person,0.8341,265,306,1031,712,0,2
12831,427.7,375,car,0.6192,489,64,538,105,1,2
12832,427.733,344,person,0.8057,259,304,1030,712,0,2
12833,427.767,344,person,0.7673,256,302,1031,712,0,2
12834,427.8,344,person,0.7711,256,302,1030,712,0,2
12835,427.833,344,person,0.7708,257,303,1029,712,0,2
12836,427.867,344,person,0.7762,258,303,1027,713,0,2
12837,427.9,344,person,0.7881,258,304,1026,713,0,2
12837,427.9,375,car,0.6027,482,66,531,106,1,2
12838,427.933,344,person,0.8064,258,303,1025,713,0,2
12838,427.933,375,car,0.6132,481,66,530,106,1,2
12839,427.967,344,person,0.813,256,303,1023,713,0,2
12840,428.0,344,person,0.8125,257,305,1021,712,0,2
12840,428.0,375,car,0.6211,479,66,528,107,1,2
12841,428.033,344,person,0.8443,257,305,1018,712,0,2
12841,428.033,375,car,0.6147,478,66,527,107,1,2
12842,428.067,344,person,0.8295,256,304,1018,712,0,2
12842,428.067,375,car,0.6343,477,66,526,109,1,2
12843,428.1,344,person,0.8228,255,302,1018,712,0,2
12843,428.1,375,car,0.6469,475,66,526,109,1,2
12844,428.133,344,person,0.8715,253,301,1018,712,0,2
12844,428.133,375,car,0.6237,474,66,525,109,1,2
12845,428.167,344,person,0.8886,251,302,1014,712,0,2
12846,428.2,344,person,0.895,251,303,1011,712,0,2
12847,428.233,344,person,0.8948,250,303,1011,712,0,2
12848,428.267,344,person,0.8875,251,304,1009,712,0,2
12849,428.3,344,person,0.8876,251,304,1008,712,0,2
12850,428.333,344,person,0.9017,253,303,1009,712,0,2
12851,428.367,344,person,0.8969,254,302,1013,713,0,2
12852,428.4,344,person,0.8968,255,301,1015,713,0,2
12853,428.433,344,person,0.8991,257,302,1016,713,0,2
12854,428.467,344,person,0.8966,258,301,1019,713,0,2
12855,428.5,344,person,0.8902,258,299,1021,713,0,2
12856,428.533,344,person,0.9036,258,299,1021,713,0,2
12857,428.567,344,person,0.9006,258,301,1019,713,0,2
12857,428.567,386,car,0.6222,400,70,433,96,0,2
12858,428.6,344,person,0.8976,257,299,1021,713,0,2
12859,428.633,344,person,0.8975,256,299,1018,713,0,2
12860,428.667,344,person,0.8974,255,301,1014,712,0,2
12861,428.7,344,person,0.8909,254,302,1010,712,0,2
12862,428.733,344,person,0.8914,254,303,1008,712,0,2
12863,428.767,344,person,0.9006,254,304,1007,712,0,2
12864,428.8,344,person,0.8995,255,305,1007,712,0,2
12865,428.833,344,person,0.8803,256,305,1008,712,0,2
12866,428.867,344,person,0.8627,256,305,1010,713,0,2
12866,428.867,386,car,0.6347,400,74,437,103,0,2
12867,428.9,344,person,0.8893,256,305,1011,713,0,2
12867,428.9,386,car,0.6552,400,77,435,104,0,2
12868,428.933,344,person,0.8916,255,305,1011,713,0,2
12868,428.933,386,car,0.6485,400,78,434,104,0,2
12869,428.967,344,person,0.8912,254,305,1011,713,0,2
12869,428.967,386,car,0.6317,400,80,434,106,0,2
12870,429.0,344,person,0.886,253,305,1011,713,0,2
12870,429.0,386,car,0.6665,399,81,434,107,0,2
12871,429.033,344,person,0.9087,250,303,1011,713,0,2
12871,429.033,386,car,0.6754,399,82,434,109,0,2
12872,429.067,344,person,0.8961,249,303,1010,712,0,2
12872,429.067,386,car,0.6398,398,82,434,110,0,2
12873,429.1,344,person,0.8954,249,302,1010,712,0,2
12873,429.1,386,car,0.6537,398,83,434,111,0,2
12873,429.1,387,car,0.6044,114,243,1274,714,0,2
12874,429.133,344,person,0.9009,249,303,1009,712,0,2
12874,429.133,386,car,0.6454,395,83,434,112,0,2
12874,429.133,387,car,0.6093,109,242,1277,717,0,2
12875,429.167,344,person,0.8976,249,304,1008,712,0,2
12875,429.167,386,car,0.654,392,81,437,114,0,2
12876,429.2,344,person,0.895,249,304,1008,712,0,2
12876,429.2,386,car,0.7141,391,80,437,114,0,2
12877,429.233,344,person,0.8902,249,304,1009,712,0,2
12877,429.233,386,car,0.7661,389,80,435,115,0,2
12878,429.267,344,person,0.8958,248,303,1010,712,0,2
12878,429.267,386,car,0.7969,385,79,437,118,0,2
12879,429.3,344,person,0.897,249,304,1010,712,0,2
12879,429.3,386,car,0.7895,383,78,435,119,0,2
12880,429.333,344,person,0.875,248,303,1011,712,0,2
12880,429.333,386,car,0.7581,381,78,435,120,0,2
12881,429.367,344,person,0.8341,250,306,1009,712,0,2
12881,429.367,386,car,0.6963,378,78,435,122,0,2
12882,429.4,344,person,0.8842,249,309,1007,712,0,2
12882,429.4,386,car,0.717,376,79,435,125,0,2
12883,429.433,344,person,0.8887,250,312,1003,712,0,2
12883,429.433,386,car,0.7602,373,78,435,127,0,2
12884,429.467,344,person,0.8382,253,315,999,712,0,2
12884,429.467,386,car,0.7689,369,79,433,129,0,2
12885,429.5,344,person,0.8318,254,319,997,712,0,2
12885,429.5,386,car,0.7908,366,79,433,133,0,2
12885,429.5,387,car,0.6052,97,250,1249,715,0,2
12886,429.533,344,person,0.8471,256,322,994,712,0,2
12886,429.533,386,car,0.828,362,80,433,136,0,2
12887,429.567,344,person,0.7875,263,328,994,712,0,2
12887,429.567,386,car,0.8413,359,81,432,141,0,2
12888,429.6,344,person,0.7499,267,334,992,712,0,2
12888,429.6,386,car,0.8399,355,83,431,144,0,2
12889,429.633,344,person,0.6926,275,339,995,712,0,2
12889,429.633,386,car,0.696,350,83,429,147,0,2
12890,429.667,344,person,0.7227,280,344,999,712,0,2
12890,429.667,386,car,0.8306,344,86,426,152,0,2
12891,429.7,344,person,0.7825,283,345,1007,712,0,2
12891,429.7,386,car,0.8326,339,87,425,155,0,2
12891,429.7,388,car,0.6489,432,77,469,102,0,2
12892,429.733,344,person,0.7416,283,341,1021,712,0,2
12892,429.733,386,car,0.8799,333,88,422,159,0,2
12893,429.767,344,person,0.8041,278,328,1043,712,0,2
12893,429.767,386,car,0.8663,322,89,419,167,0,2
12893,429.767,388,car,0.6414,434,78,471,103,0,2
12894,429.8,344,person,0.7641,272,319,1059,712,0,2
12894,429.8,386,car,0.8464,313,89,417,173,0,2
12894,429.8,388,car,0.6139,434,77,472,103,0,2
12895,429.833,344,person,0.7122,264,309,1074,712,0,2
12895,429.833,386,car,0.8525,301,90,413,178,0,2
12895,429.833,389,car,0.6046,504,77,550,117,1,2
12896,429.867,344,person,0.7714,256,303,1078,713,0,2
12896,429.867,386,car,0.8749,286,91,407,187,0,2
12896,429.867,389,car,0.6277,504,75,551,117,1,2
12896,429.867,388,car,0.6254,432,75,474,105,0,2
12897,429.9,344,person,0.8294,251,302,1077,713,0,2
12897,429.9,386,car,0.8848,274,93,403,194,0,2
12897,429.9,389,car,0.6519,504,74,553,117,1,2
12897,429.9,388,car,0.6532,431,75,475,106,0,2
12898,429.933,344,person,0.83,249,303,1070,713,0,2
12898,429.933,386,car,0.8451,255,95,395,205,0,2
12898,429.933,389,car,0.6499,503,72,555,117,1,2
12898,429.933,388,car,0.659,430,75,475,107,1,2
12899,429.967,344,person,0.7926,249,306,1062,713,0,2
12899,429.967,386,car,0.8627,227,96,384,217,0,2
12899,429.967,388,car,0.6507,430,75,475,109,1,2
12900,430.0,344,person,0.8359,246,303,1064,713,0,2
12900,430.0,386,car,0.8582,211,97,377,225,0,2
12900,430.0,388,car,0.6039,429,75,475,109,1,2
12901,430.033,344,person,0.8161,248,305,1059,713,0,2
12901,430.033,386,car,0.826,197,101,369,233,0,2
12902,430.067,344,person,0.8468,248,305,1059,713,0,2
12902,430.067,386,car,0.8062,177,103,359,241,0,2
12903,430.1,344,person,0.8632,246,302,1064,713,0,2
12903,430.1,386,car,0.7782,170,105,344,239,0,2
12904,430.133,344,person,0.8576,247,302,1064,713,0,2
12905,430.167,344,person,0.8601,249,304,1062,713,0,2
12905,430.167,388,car,0.687,421,73,474,113,0,2
12906,430.2,344,person,0.8711,250,306,1058,713,0,2
12906,430.2,388,car,0.7247,418,73,473,114,0,2
12907,430.233,344,person,0.7668,253,315,1047,713,0,2
12907,430.233,388,car,0.7534,417,73,471,115,0,2
12908,430.267,344,person,0.6168,254,323,1040,713,0,2
12908,430.267,388,car,0.7978,415,75,469,118,0,2
12909,430.3,388,car,0.8027,413,75,466,119,0,2
12910,430.333,388,car,0.7746,409,75,465,121,0,2
12911,430.367,388,car,0.8107,407,77,464,122,0,2
12911,430.367,391,car,0.6302,459,71,497,96,1,2
12911,430.367,344,person,0.6231,257,337,1024,712,0,2
12912,430.4,388,car,0.8139,405,77,463,125,0,2
12912,430.4,392,motorcycle,0.6711,746,102,855,173,0,2
12912,430.4,344,person,0.6867,254,339,1023,712,0,2
12912,430.4,387,car,0.6021,131,250,1280,714,0,2
12913,430.433,388,car,0.8023,399,77,461,127,0,2
12913,430.433,344,person,0.7239,248,341,1023,712,0,2
12914,430.467,388,car,0.7627,394,77,458,129,0,2
12914,430.467,344,person,0.736,243,342,1022,712,0,2
12915,430.5,388,car,0.7495,391,77,456,131,0,2
12915,430.5,344,person,0.752,239,341,1023,712,0,2
12916,430.533,388,car,0.8211,386,78,455,134,0,2
12916,430.533,344,person,0.7233,237,342,1023,712,0,2
12916,430.533,389,car,0.605,517,79,559,114,1,2
12917,430.567,388,car,0.7972,382,79,451,138,0,2
12917,430.567,344,person,0.7414,234,342,1024,712,0,2
12917,430.567,389,car,0.6407,517,77,561,114,1,2
12918,430.6,388,car,0.7907,377,79,450,141,0,2
12918,430.6,344,person,0.7077,234,344,1024,712,0,2
12918,430.6,389,car,0.6525,517,77,562,114,1,2
12918,430.6,391,car,0.6011,457,74,498,102,1,2
12919,430.633,388,car,0.8482,370,79,449,144,0,2
12919,430.633,344,person,0.7195,234,346,1023,712,0,2
12919,430.633,389,car,0.6219,518,78,562,114,1,2
12919,430.633,391,car,0.6186,457,74,498,103,1,2
12920,430.667,388,car,0.8491,363,80,446,149,0,2
12920,430.667,344,person,0.7495,232,346,1024,712,0,2
12920,430.667,389,car,0.6387,519,79,562,113,1,2
12920,430.667,391,car,0.64,456,73,499,103,1,2
12921,430.7,388,car,0.8436,359,80,442,151,0,2
12921,430.7,344,person,0.7518,230,346,1026,712,0,2
12921,430.7,389,car,0.6509,518,77,565,113,1,2
12921,430.7,391,car,0.614,456,73,498,103,1,2
12922,430.733,388,car,0.85,350,80,439,157,0,2
12922,430.733,344,person,0.6173,229,345,1027,712,0,2
12922,430.733,389,car,0.7582,518,74,566,113,1,2
12922,430.733,391,car,0.6208,456,74,497,103,1,2
12923,430.767,388,car,0.7975,341,81,435,160,0,2
12923,430.767,344,person,0.6765,229,346,1030,712,0,2
12923,430.767,389,car,0.7185,519,75,567,113,1,2
12923,430.767,391,car,0.6562,457,75,497,104,1,2
12924,430.8,388,car,0.7957,333,81,433,166,0,2
12924,430.8,344,person,0.6833,230,349,1030,712,0,2
12924,430.8,389,car,0.7147,519,75,567,114,1,2
12925,430.833,388,car,0.8512,322,83,429,173,0,2
12925,430.833,344,person,0.6832,233,352,1030,713,0,2
12925,430.833,389,car,0.7071,519,75,568,114,1,2
12925,430.833,391,car,0.6389,454,72,499,106,1,2
12926,430.867,388,car,0.8782,309,85,424,181,0,2
12926,430.867,389,car,0.6782,520,75,569,115,1,2
12926,430.867,391,car,0.6559,453,72,501,107,1,2
12927,430.9,388,car,0.8855,299,86,419,186,0,2
12927,430.9,389,car,0.6947,520,75,570,115,1,2
12927,430.9,391,car,0.6156,453,71,501,107,1,2
12928,430.933,388,car,0.8027,282,87,413,195,0,2
12928,430.933,389,car,0.6391,522,78,570,115,1,2
12929,430.967,388,car,0.8379,262,89,402,206,0,2
12929,430.967,389,car,0.6266,523,78,570,115,1,2
12929,430.967,344,person,0.6459,238,354,1029,712,0,2
12930,431.0,388,car,0.8611,243,90,394,214,0,2
12930,431.0,389,car,0.6396,522,77,571,115,1,2
12930,431.0,344,person,0.6653,237,354,1031,712,0,2
12930,431.0,391,car,0.6116,448,70,501,111,1,2
12931,431.033,388,car,0.8633,221,91,386,225,0,2
12931,431.033,344,person,0.698,235,355,1032,712,0,2
12932,431.067,388,car,0.8841,199,94,378,238,0,2
12932,431.067,344,person,0.6429,237,355,1034,712,0,2
12933,431.1,388,car,0.8849,185,95,371,246,0,2
12933,431.1,391,car,0.6286,443,69,501,114,1,2
12934,431.133,388,car,0.8178,176,98,355,242,0,2
12934,431.133,391,car,0.6301,441,69,499,114,1,2
12935,431.167,388,car,0.6911,166,102,343,245,0,2
12935,431.167,344,person,0.7788,246,357,1046,713,0,2
12936,431.2,344,person,0.7119,250,357,1051,712,0,2
12937,431.233,344,person,0.7385,254,357,1061,713,0,2
12937,431.233,387,car,0.668,80,238,1273,718,0,2
12938,431.267,344,person,0.659,256,357,1064,712,0,2
12938,431.267,387,car,0.6303,85,240,1274,718,0,2
12938,431.267,391,car,0.6654,434,66,498,119,1,2
12939,431.3,344,person,0.7088,259,355,1072,712,0,2
12939,431.3,391,car,0.7054,433,66,498,120,1,2
12939,431.3,389,car,0.6081,533,72,584,113,1,2
12940,431.333,344,person,0.6425,259,353,1079,712,0,2
12940,431.333,391,car,0.6863,431,66,497,121,1,2
12940,431.333,389,car,0.6276,534,72,584,113,1,2
12940,431.333,387,car,0.6032,99,240,1280,718,0,2
12941,431.367,344,person,0.6353,257,352,1083,712,0,2
12941,431.367,391,car,0.7007,427,65,496,125,1,2
12942,431.4,344,person,0.62,257,350,1087,711,0,2
12943,431.433,344,person,0.6549,255,351,1085,711,0,2
12943,431.433,391,car,0.7365,421,64,495,128,1,2
12944,431.467,344,person,0.6763,255,352,1082,711,0,2
12944,431.467,391,car,0.7239,416,64,494,130,1,2
12945,431.5,344,person,0.6588,256,353,1081,711,0,2
12945,431.5,391,car,0.6436,413,64,491,133,1,2
12946,431.533,344,person,0.6679,253,354,1078,711,0,2
12946,431.533,391,car,0.7461,406,64,488,136,1,2
12947,431.567,344,person,0.6979,249,354,1073,711,0,2
12947,431.567,391,car,0.7044,400,64,485,139,1,2
12948,431.6,344,person,0.6882,246,354,1070,711,0,2
12948,431.6,391,car,0.6569,394,64,482,143,1,2
12948,431.6,396,car,0.6326,501,66,530,87,1,2
12949,431.633,344,person,0.7024,241,355,1063,711,0,2
12949,431.633,391,car,0.7464,386,64,479,147,1,2
12949,431.633,396,car,0.6045,501,66,530,87,1,2
12949,431.633,387,car,0.6098,106,245,1277,718,0,2
12950,431.667,387,car,0.6113,118,246,1280,718,0,2
12951,431.7,387,car,0.6231,127,246,1280,718,0,2
12951,431.7,344,person,0.6281,235,355,1057,711,0,2
12952,431.733,344,person,0.6859,232,355,1054,712,0,2
12953,431.767,344,person,0.6331,231,354,1051,712,0,2
12953,431.767,387,car,0.6127,153,243,1280,718,0,2
12955,431.833,389,car,0.6068,537,75,584,113,1,2
12955,431.833,344,person,0.7013,227,354,1051,713,0,2
12955,431.833,387,car,0.6339,158,243,1280,718,0,2
12956,431.867,389,car,0.6722,537,77,583,113,1,2
12956,431.867,344,person,0.7058,229,355,1049,713,0,2
12956,431.867,387,car,0.6213,157,243,1280,718,0,2
12957,431.9,389,car,0.7046,536,74,584,113,1,2
12957,431.9,344,person,0.6676,232,354,1049,712,0,2
12958,431.933,389,car,0.7323,534,72,585,113,1,2
12958,431.933,344,person,0.6029,234,355,1048,712,0,2
12958,431.933,387,car,0.611,151,242,1280,718,0,2
12959,431.967,389,car,0.6892,534,71,584,113,1,2
12959,431.967,344,person,0.6157,237,357,1046,712,0,2
12959,431.967,397,car,0.6999,222,66,422,222,0,2
12960,432.0,397,car,0.8194,203,65,419,233,0,2
12960,432.0,387,car,0.6022,165,242,1280,718,0,2
12961,432.033,397,car,0.7254,175,64,410,248,0,2
12961,432.033,387,car,0.6151,175,242,1280,717,0,2
12962,432.067,397,car,0.6878,154,65,390,248,0,2
12963,432.1,397,car,0.6733,143,65,378,249,0,2
12963,432.1,400,person,0.6539,929,79,978,182,0,2
12965,432.167,344,person,0.6558,232,352,1050,712,0,2
12966,432.2,401,person,0.7021,1002,89,1073,240,0,2
12966,432.2,344,person,0.6605,232,351,1051,712,0,2
12966,432.2,389,car,0.6122,528,71,581,113,1,2
12967,432.233,389,car,0.6592,528,71,579,114,1,2
12968,432.267,-1,person,0.6373,1090,105,1177,259,0,2
12970,432.333,-1,car,0.6074,465,64,509,103,1,2
12971,432.367,344,person,0.6639,241,349,1063,712,0,2
12972,432.4,344,person,0.6282,243,347,1063,712,0,2
12974,432.467,344,person,0.7021,242,346,1062,712,0,2
12975,432.5,344,person,0.7009,241,346,1059,712,0,2
12976,432.533,344,person,0.6661,240,346,1057,712,0,2
12977,432.567,344,person,0.698,238,346,1054,712,0,2
12978,432.6,344,person,0.6315,235,347,1050,713,0,2
12979,432.633,344,person,0.6306,234,347,1047,712,0,2
12979,432.633,406,car,0.6722,439,61,495,114,1,2
12979,432.633,389,car,0.6313,519,74,570,117,1,2
12980,432.667,344,person,0.6417,234,349,1045,712,0,2
12980,432.667,406,car,0.6792,435,61,495,117,1,2
12981,432.7,344,person,0.6517,234,349,1043,713,0,2
12981,432.7,406,car,0.7018,432,61,493,119,1,2
12982,432.733,344,person,0.6666,231,347,1043,713,0,2
12982,432.733,406,car,0.6534,427,61,491,121,1,2
12983,432.767,344,person,0.7358,229,347,1042,713,0,2
12983,432.767,406,car,0.7023,423,61,489,123,1,2
12984,432.8,344,person,0.7295,227,347,1042,713,0,2
12984,432.8,406,car,0.6806,421,59,488,125,1,2
12985,432.833,344,person,0.7521,227,347,1042,713,0,2
12985,432.833,406,car,0.6683,416,61,485,126,1,2
12986,432.867,344,person,0.76,227,347,1042,713,0,2
12986,432.867,406,car,0.6165,411,61,481,128,1,2
12987,432.9,344,person,0.7487,227,347,1043,713,0,2
12988,432.933,344,person,0.6761,229,346,1046,713,0,2
12989,432.967,344,person,0.6194,232,346,1048,712,0,2
12989,432.967,406,car,0.6182,400,59,478,134,1,2
12990,433.0,344,person,0.7193,234,346,1049,712,0,2
12991,433.033,344,person,0.7673,235,345,1050,712,0,2
12992,433.067,344,person,0.7855,234,344,1055,713,0,2
12992,433.067,389,car,0.6784,520,74,570,117,1,2
12993,433.1,344,person,0.7522,235,344,1055,712,0,2
12993,433.1,389,car,0.6069,520,74,570,117,1,2
12994,433.133,344,person,0.6873,235,344,1057,712,0,2
12994,433.133,389,car,0.6247,520,74,569,115,1,2
12995,433.167,344,person,0.7727,232,339,1064,712,0,2
12995,433.167,389,car,0.6291,521,73,570,114,1,2
12996,433.2,344,person,0.7788,231,338,1066,713,0,2
12996,433.2,389,car,0.6454,521,73,570,114,1,2
12997,433.233,344,person,0.7688,233,339,1066,713,0,2
12997,433.233,408,car,0.6174,126,245,1272,717,0,2
12998,433.267,344,person,0.8453,239,344,1063,713,0,2
12999,433.3,344,person,0.8033,241,346,1061,713,0,2
13000,433.333,344,person,0.8293,241,347,1058,713,0,2
13001,433.367,344,person,0.8718,237,346,1057,713,0,2
13002,433.4,344,person,0.8471,234,344,1059,713,0,2
13003,433.433,344,person,0.8425,233,343,1061,713,0,2
13004,433.467,344,person,0.8556,233,344,1058,712,0,2
13005,433.5,344,person,0.8554,232,344,1058,711,0,2
13006,433.533,344,person,0.8586,231,344,1059,711,0,2
13007,433.567,344,person,0.8715,227,343,1059,711,0,2
13008,433.6,344,person,0.8822,226,343,1061,711,0,2
13008,433.6,410,car,0.6291,151,26,400,240,0,2
13009,433.633,344,person,0.8815,225,342,1062,711,0,2
13010,433.667,344,person,0.8813,221,341,1063,712,0,2
13010,433.667,411,car,0.6623,449,71,494,107,1,2
13011,433.7,344,person,0.8577,221,341,1063,713,0,2
13011,433.7,411,car,0.6629,448,72,493,109,1,2
13012,433.733,344,person,0.853,222,342,1061,713,0,2
13013,433.767,344,person,0.854,222,343,1058,713,0,2
13013,433.767,411,car,0.622,440,73,488,112,1,2
13014,433.8,344,person,0.8393,224,344,1058,713,0,2
13014,433.8,411,car,0.6273,438,74,486,113,1,2
13015,433.833,344,person,0.8486,227,345,1055,712,0,2
13015,433.833,411,car,0.7058,432,73,483,117,1,2
13016,433.867,344,person,0.8676,225,344,1056,712,0,2
13016,433.867,411,car,0.755,425,74,482,120,1,2
13017,433.9,344,person,0.8488,229,345,1054,711,0,2
13017,433.9,411,car,0.7831,423,75,480,121,1,2
13018,433.933,344,person,0.8584,230,346,1051,711,0,2
13018,433.933,411,car,0.7579,417,77,477,125,1,2
13019,433.967,344,person,0.8585,231,346,1051,711,0,2
13019,433.967,411,car,0.7602,411,78,472,127,1,2
13020,434.0,344,person,0.8689,231,346,1051,711,0,2
13020,434.0,411,car,0.8203,407,78,470,129,1,2
13021,434.033,344,person,0.8873,230,346,1050,711,0,2
13021,434.033,411,car,0.8154,401,79,466,133,1,2
13022,434.067,344,person,0.8486,232,346,1050,711,0,2
13022,434.067,411,car,0.7707,394,80,464,137,1,2
13022,434.067,414,car,0.6175,464,69,506,101,1,2
13023,434.1,344,person,0.8472,233,347,1050,711,0,2
13023,434.1,411,car,0.7865,389,81,462,141,1,2
13023,434.1,414,car,0.673,463,69,506,102,1,2
13024,434.133,344,person,0.8653,234,349,1049,711,0,2
13024,434.133,411,car,0.8097,381,83,458,145,1,2
13024,434.133,414,car,0.6554,462,72,503,103,1,2
13025,434.167,344,person,0.8575,234,349,1048,711,0,2
13025,434.167,411,car,0.8455,371,85,453,150,0,2
13025,434.167,414,car,0.6425,461,75,502,106,1,2
13025,434.167,389,car,0.6472,527,66,581,111,1,2
13026,434.2,344,person,0.8439,235,350,1047,711,0,2
13026,434.2,411,car,0.8141,365,86,448,153,0,2
13026,434.2,414,car,0.6212,458,77,501,107,1,2
13026,434.2,389,car,0.649,528,66,582,111,1,2
13027,434.233,344,person,0.84,237,350,1047,712,0,2
13027,434.233,411,car,0.8846,352,87,446,162,0,2
13027,434.233,414,car,0.6493,456,75,502,110,1,2
13027,434.233,389,car,0.6402,528,66,582,111,1,2
13028,434.267,344,person,0.8111,237,350,1047,712,0,2
13028,434.267,411,car,0.8751,337,89,441,171,0,2
13028,434.267,414,car,0.6713,454,75,502,111,1,2
13028,434.267,389,car,0.6597,530,67,583,112,1,2
13029,434.3,344,person,0.8147,238,350,1047,712,0,2
13029,434.3,411,car,0.8826,327,90,438,178,0,2
13029,434.3,414,car,0.6315,450,74,502,113,1,2
13029,434.3,389,car,0.6914,531,69,584,112,1,2
13030,434.333,344,person,0.8433,240,350,1050,712,0,2
13030,434.333,411,car,0.8972,312,94,430,186,0,2
13030,434.333,414,car,0.6995,447,74,501,114,1,2
13030,434.333,389,car,0.661,531,69,585,113,1,2
13031,434.367,344,person,0.7315,243,349,1054,712,0,2
13031,434.367,411,car,0.8538,293,97,422,198,0,2
13031,434.367,414,car,0.7504,446,77,499,117,1,2
13032,434.4,344,person,0.7058,247,350,1054,711,0,2
13032,434.4,411,car,0.8094,279,99,415,205,0,2
13032,434.4,414,car,0.7218,443,78,498,119,1,2
13033,434.433,344,person,0.7755,250,351,1053,711,0,2
13033,434.433,411,car,0.8753,250,102,403,218,0,2
13033,434.433,414,car,0.7121,440,79,497,122,1,2
13034,434.467,344,person,0.79,256,353,1054,711,0,2
13034,434.467,411,car,0.8868,233,106,398,233,0,2
13034,434.467,414,car,0.7214,437,80,497,125,1,2
13035,434.5,344,person,0.8006,258,354,1054,711,0,2
13035,434.5,411,car,0.8616,219,110,392,243,0,2
13035,434.5,414,car,0.6532,434,81,495,127,1,2
13036,434.533,344,person,0.7467,259,354,1055,711,0,2
13036,434.533,411,car,0.8573,208,117,375,246,0,2
13036,434.533,414,car,0.687,430,82,491,130,1,2
13037,434.567,344,person,0.7599,259,354,1056,711,0,2
13037,434.567,411,car,0.8078,198,123,359,248,0,2
13037,434.567,414,car,0.7202,424,83,490,134,1,2
13038,434.6,344,person,0.7501,259,353,1057,711,0,2
13038,434.6,411,car,0.7486,192,130,346,251,0,2
13038,434.6,414,car,0.7715,418,83,488,137,1,2
13039,434.633,344,person,0.7713,258,352,1059,711,0,2
13039,434.633,414,car,0.6796,413,86,485,139,1,2
13040,434.667,344,person,0.7758,257,351,1061,712,0,2
13040,434.667,414,car,0.7694,406,87,481,144,1,2
13041,434.7,344,person,0.7401,256,351,1062,712,0,2
13041,434.7,414,car,0.7493,401,87,478,146,1,2
13042,434.733,344,person,0.8026,255,349,1063,712,0,2
13042,434.733,414,car,0.7717,394,89,474,150,1,2
13043,434.767,344,person,0.7901,255,349,1064,711,0,2
13043,434.767,414,car,0.7929,384,90,470,155,1,2
13043,434.767,416,car,0.614,183,249,1280,718,0,2
13044,434.8,344,person,0.8419,255,349,1064,711,0,2
13044,434.8,414,car,0.757,376,90,469,161,1,2
13045,434.833,344,person,0.8162,254,349,1064,711,0,2
13045,434.833,414,car,0.8344,365,91,464,168,1,2
13046,434.867,344,person,0.8002,253,347,1065,711,0,2
13046,434.867,414,car,0.7372,351,94,458,175,1,2
13047,434.9,344,person,0.7834,253,347,1064,711,0,2
13047,434.9,414,car,0.8019,341,95,454,182,1,2
13047,434.9,389,car,0.6115,535,73,590,120,1,2
13048,434.933,344,person,0.7978,251,349,1063,712,0,2
13048,434.933,414,car,0.8798,326,98,447,189,1,2
13048,434.933,389,car,0.6466,535,73,590,121,1,2
13049,434.967,344,person,0.7909,253,350,1059,712,0,2
13049,434.967,414,car,0.8197,307,101,439,199,1,2
13049,434.967,389,car,0.6566,535,74,590,122,1,2
13050,435.0,344,person,0.7369,254,352,1056,712,0,2
13050,435.0,414,car,0.8897,291,102,433,208,1,2
13050,435.0,389,car,0.6494,535,74,590,122,1,2
13051,435.033,344,person,0.7544,254,352,1056,712,0,2
13051,435.033,414,car,0.8852,269,104,425,219,0,2
13051,435.033,389,car,0.6262,536,75,590,123,1,2
13052,435.067,344,person,0.694,257,353,1056,712,0,2
13052,435.067,414,car,0.8569,249,109,415,231,0,2
13053,435.1,344,person,0.6692,261,354,1058,712,0,2
13053,435.1,414,car,0.8677,234,112,410,241,0,2
13054,435.133,344,person,0.7358,264,354,1064,713,0,2
13054,435.133,414,car,0.8623,216,114,405,256,0,2
13055,435.167,344,person,0.7178,269,352,1072,713,0,2
13055,435.167,414,car,0.7993,208,120,390,256,0,2
13056,435.2,344,person,0.7042,274,355,1071,712,0,2
13056,435.2,414,car,0.7752,203,123,377,256,0,2
13057,435.233,344,person,0.7102,273,357,1069,712,0,2
13057,435.233,414,car,0.6988,195,133,363,263,0,2
13057,435.233,416,car,0.6208,219,257,1280,718,0,2
13057,435.233,389,car,0.6574,538,75,595,127,1,2
13058,435.267,344,person,0.7962,272,355,1070,712,0,2
13058,435.267,416,car,0.6603,221,259,1280,719,0,2
13059,435.3,344,person,0.8029,265,353,1072,713,0,2
13059,435.3,416,car,0.6894,214,259,1280,719,0,2
13060,435.333,344,person,0.79,262,353,1070,713,0,2
13060,435.333,416,car,0.6962,207,262,1273,719,0,2
13061,435.367,344,person,0.6579,261,354,1064,713,0,2
13061,435.367,416,car,0.6319,202,262,1269,719,0,2
13062,435.4,344,person,0.6862,262,357,1061,712,0,2
13062,435.4,416,car,0.6468,202,266,1264,719,0,2
13063,435.433,344,person,0.7284,264,359,1058,713,0,2
13063,435.433,416,car,0.7124,205,266,1266,719,0,2
13064,435.467,344,person,0.647,262,358,1062,714,0,2
13064,435.467,416,car,0.7155,169,274,1229,718,0,2
13064,435.467,419,car,0.7707,455,94,511,134,1,2
13065,435.5,344,person,0.6709,258,352,1066,714,0,2
13065,435.5,416,car,0.6889,174,279,1230,718,0,2
13065,435.5,419,car,0.7756,453,93,512,135,1,2
13066,435.533,344,person,0.6948,259,352,1065,714,0,2
13066,435.533,416,car,0.681,174,281,1233,718,0,2
13066,435.533,419,car,0.8069,449,93,512,137,1,2
13066,435.533,389,car,0.614,549,86,600,131,1,2
13067,435.567,344,person,0.7194,273,362,1056,713,0,2
13067,435.567,416,car,0.6884,165,282,1232,718,0,2
13067,435.567,419,car,0.7815,446,94,510,139,1,2
13068,435.6,344,person,0.7498,279,365,1056,714,0,2
13068,435.6,416,car,0.6905,174,282,1245,718,0,2
13068,435.6,419,car,0.7601,443,95,507,142,1,2
13069,435.633,344,person,0.7183,280,366,1057,714,0,2
13069,435.633,419,car,0.7418,439,95,504,143,1,2
13069,435.633,389,car,0.6009,549,85,603,133,1,2
13070,435.667,344,person,0.7186,280,366,1057,713,0,2
13070,435.667,419,car,0.8093,433,96,501,145,1,2
13070,435.667,389,car,0.6437,550,87,603,135,1,2
13070,435.667,416,car,0.6562,154,278,1248,718,0,2
13071,435.7,344,person,0.7022,279,366,1059,713,0,2
13071,435.7,419,car,0.8102,429,96,499,147,1,2
13071,435.7,389,car,0.6401,551,88,603,135,1,2
13071,435.7,416,car,0.6782,154,275,1257,719,0,2
13072,435.733,344,person,0.7018,278,366,1059,713,0,2
13072,435.733,419,car,0.7353,422,97,495,152,1,2
13072,435.733,389,car,0.631,551,88,605,136,1,2
13072,435.733,416,car,0.6005,161,274,1267,719,0,2
13073,435.767,344,person,0.7029,273,366,1057,713,0,2
13073,435.767,419,car,0.7897,415,98,493,155,1,2
13073,435.767,389,car,0.6359,551,88,605,136,1,2
13073,435.767,416,car,0.6434,186,277,1280,719,0,2
13074,435.8,344,person,0.7607,270,367,1054,713,0,2
13074,435.8,419,car,0.8129,408,98,490,160,1,2
13074,435.8,389,car,0.6203,551,88,605,136,1,2
13074,435.8,416,car,0.6349,199,278,1280,719,0,2
13075,435.833,344,person,0.6695,264,366,1051,713,0,2
13075,435.833,419,car,0.708,399,101,485,165,1,2
13075,435.833,416,car,0.6302,195,281,1280,719,0,2
13075,435.833,420,car,0.6554,482,90,525,119,1,2
13076,435.867,344,person,0.6509,246,353,1059,714,0,2
13076,435.867,419,car,0.7467,389,102,479,170,1,2
13076,435.867,420,car,0.6799,480,90,523,121,1,2
13076,435.867,389,car,0.6267,551,89,605,137,1,2
13077,435.9,344,person,0.6651,240,350,1059,715,0,2
13077,435.9,419,car,0.7759,381,102,473,174,1,2
13077,435.9,420,car,0.7027,479,91,522,121,1,2
13077,435.9,389,car,0.6235,551,89,605,137,1,2
13078,435.933,344,person,0.6321,238,350,1057,714,0,2
13078,435.933,419,car,0.7508,369,104,467,179,1,2
13078,435.933,420,car,0.6586,477,94,519,123,1,2
13079,435.967,419,car,0.781,357,105,461,185,1,2
13079,435.967,420,car,0.6893,473,95,518,125,1,2
13079,435.967,389,car,0.6305,549,89,603,138,1,2
13080,436.0,419,car,0.7307,346,106,457,191,1,2
13080,436.0,389,car,0.6179,549,90,603,138,1,2
13081,436.033,419,car,0.7443,330,107,449,200,1,2
13081,436.033,389,car,0.6075,549,90,603,138,1,2
13082,436.067,419,car,0.8599,311,109,443,210,1,2
13082,436.067,420,car,0.6167,465,95,514,128,1,2
13083,436.1,419,car,0.858,297,110,438,218,1,2
13083,436.1,420,car,0.6229,464,96,512,129,1,2
13084,436.133,419,car,0.7619,275,112,425,225,1,2
13084,436.133,420,car,0.6974,458,93,513,130,1,2
13085,436.167,419,car,0.8162,248,115,414,240,0,2
13085,436.167,420,car,0.7371,454,91,512,131,1,2
13086,436.2,419,car,0.8291,233,118,410,250,1,2
13086,436.2,420,car,0.7447,450,90,511,133,1,2
13087,436.233,419,car,0.8378,217,120,398,256,0,2
13087,436.233,420,car,0.6882,448,91,507,134,1,2
13087,436.233,344,person,0.6801,224,349,1041,714,0,2
13088,436.267,419,car,0.8087,203,123,381,257,0,2
13088,436.267,420,car,0.6713,442,90,505,135,1,2
13088,436.267,344,person,0.6507,225,350,1039,714,0,2
13088,436.267,389,car,0.6404,550,88,606,137,1,2
13089,436.3,419,car,0.7408,198,127,370,257,0,2
13089,436.3,420,car,0.6864,439,90,504,137,1,2
13089,436.3,344,person,0.6495,224,347,1043,713,0,2
13089,436.3,389,car,0.6185,550,88,606,137,1,2
13089,436.3,416,car,0.6122,186,267,1280,714,0,2
13090,436.333,420,car,0.6762,434,89,502,138,1,2
13090,436.333,344,person,0.6684,216,337,1056,714,0,2
13091,436.367,420,car,0.6772,429,90,498,141,1,2
13091,436.367,344,person,0.6572,223,338,1057,714,0,2
13093,436.433,416,car,0.6006,202,273,1280,714,0,2
13093,436.433,420,car,0.6511,421,91,494,145,1,2
13094,436.467,420,car,0.7542,413,89,491,147,1,2
13095,436.5,420,car,0.6874,407,89,488,150,1,2
13096,436.533,420,car,0.6943,401,90,482,153,1,2
13097,436.567,420,car,0.6902,392,91,480,158,1,2
13097,436.567,422,car,0.613,474,94,519,121,1,2
13098,436.6,420,car,0.7503,386,91,478,161,1,2
13098,436.6,422,car,0.6047,472,94,518,122,1,2
13099,436.633,420,car,0.797,376,93,473,166,1,2
13099,436.633,422,car,0.7164,469,94,517,123,1,2
13100,436.667,420,car,0.8551,366,94,467,171,1,2
13100,436.667,422,car,0.7299,463,93,514,126,1,2
13101,436.7,420,car,0.8782,358,94,463,175,1,2
13101,436.7,422,car,0.7372,459,91,514,127,1,2
13102,436.733,420,car,0.7718,344,95,456,181,1,2
13102,436.733,422,car,0.7574,456,93,512,128,1,2
13103,436.767,420,car,0.8449,329,95,449,187,1,2
13103,436.767,422,car,0.7373,454,93,511,129,1,2
13104,436.8,420,car,0.8438,318,96,445,192,1,2
13104,436.8,422,car,0.7288,451,93,510,130,1,2
13105,436.833,420,car,0.8399,301,97,437,200,1,2
13105,436.833,422,car,0.7455,448,93,507,131,1,2
13106,436.867,420,car,0.8148,278,98,427,211,0,2
13106,436.867,422,car,0.8166,443,93,504,133,1,2
13107,436.9,420,car,0.7289,261,99,421,218,0,2
13107,436.9,422,car,0.8006,441,93,503,134,1,2
13108,436.933,420,car,0.8474,241,101,410,226,0,2
13108,436.933,422,car,0.7657,438,93,501,136,1,2
13108,436.933,423,person,0.6348,246,409,427,710,0,2
13109,436.967,420,car,0.859,224,103,403,237,0,2
13109,436.967,422,car,0.7645,433,94,497,138,1,2
13110,437.0,420,car,0.8131,208,105,398,247,0,2
13110,437.0,422,car,0.7849,430,94,496,139,1,2
13111,437.033,420,car,0.7635,195,106,385,250,0,2
13111,437.033,422,car,0.7456,425,94,495,142,1,2
13112,437.067,420,car,0.776,187,109,368,247,0,2
13112,437.067,422,car,0.7729,421,94,493,144,1,2
13113,437.1,420,car,0.6196,189,111,365,248,0,2
13113,437.1,422,car,0.7615,417,94,490,145,1,2
13114,437.133,422,car,0.7542,411,94,487,146,1,2
13115,437.167,422,car,0.744,406,95,483,150,1,2
13116,437.2,422,car,0.7619,401,96,481,152,1,2
13116,437.2,344,person,0.6065,250,357,1045,715,0,2
13117,437.233,422,car,0.7264,394,96,477,155,1,2
13118,437.267,422,car,0.7222,384,97,471,159,1,2
13119,437.3,422,car,0.7825,378,97,466,161,1,2
13120,437.333,422,car,0.6762,368,97,463,167,1,2
13121,437.367,422,car,0.7257,357,98,455,171,1,2
13122,437.4,422,car,0.6982,347,99,451,176,1,2
13123,437.433,422,car,0.78,337,99,449,182,1,2
13124,437.467,422,car,0.6593,319,102,437,190,1,2
13125,437.5,422,car,0.7137,310,101,435,194,1,2
13126,437.533,422,car,0.7773,294,102,430,202,0,2
13126,437.533,344,person,0.6771,217,369,991,714,0,2
13127,437.567,422,car,0.7348,272,102,422,214,0,2
13128,437.6,422,car,0.7507,255,103,414,219,0,2
13129,437.633,422,car,0.8385,231,104,402,230,0,2
13130,437.667,422,car,0.8601,209,106,397,245,0,2
13131,437.7,422,car,0.844,197,109,392,254,0,2
13132,437.733,422,car,0.8018,185,111,378,255,0,2
13133,437.767,422,car,0.7442,176,114,361,255,0,2
13135,437.833,344,person,0.6458,227,376,994,713,0,2
13136,437.867,-1,car,0.7773,471,91,512,125,1,2
13137,437.9,424,car,0.7926,471,91,511,125,1,2
13138,437.933,424,car,0.721,465,89,510,126,1,2
13139,437.967,424,car,0.7009,463,90,506,126,1,2
13140,438.0,424,car,0.7059,461,90,505,127,1,2
13141,438.033,424,car,0.6977,457,90,504,128,1,2
13141,438.033,344,person,0.6479,207,369,994,714,0,2
13142,438.067,424,car,0.6285,453,89,503,129,1,2
13143,438.1,424,car,0.6881,450,89,501,130,1,2
13143,438.1,344,person,0.6037,211,369,1000,715,0,2
13144,438.133,424,car,0.7602,448,90,498,131,1,2
13145,438.167,424,car,0.8018,443,93,494,133,1,2
13145,438.167,344,person,0.6589,214,373,995,715,0,2
13146,438.2,424,car,0.8044,441,94,491,134,1,2
13146,438.2,344,person,0.698,213,374,993,715,0,2
13147,438.233,424,car,0.8038,438,94,490,135,1,2
13147,438.233,344,person,0.7365,203,367,999,715,0,2
13148,438.267,424,car,0.8116,433,94,487,136,1,2
13148,438.267,344,person,0.7051,201,365,1001,715,0,2
13149,438.3,424,car,0.7992,431,94,486,136,1,2
13149,438.3,344,person,0.7113,194,359,1006,715,0,2
13150,438.333,424,car,0.7345,426,94,485,138,1,2
13150,438.333,344,person,0.6723,199,363,1000,715,0,2
13151,438.367,424,car,0.7756,419,94,480,141,1,2
13152,438.4,424,car,0.6969,414,94,479,143,1,2
13153,438.433,424,car,0.78,409,94,477,145,1,2
13154,438.467,424,car,0.7379,403,94,474,149,1,2
13155,438.5,424,car,0.833,399,94,471,150,1,2
13156,438.533,424,car,0.8023,392,95,469,153,1,2
13157,438.567,424,car,0.8575,385,95,465,157,1,2
13158,438.6,424,car,0.811,378,95,463,160,1,2
13159,438.633,424,car,0.8246,371,96,458,163,1,2
13160,438.667,424,car,0.8357,361,97,454,169,1,2
13161,438.7,424,car,0.8735,354,98,450,173,1,2
13162,438.733,424,car,0.8849,344,99,446,178,1,2
13163,438.767,424,car,0.8911,331,99,440,184,1,2
13164,438.8,424,car,0.8654,322,101,434,187,0,2
13164,438.8,344,person,0.6158,219,376,995,715,0,2
13165,438.833,424,car,0.9041,309,102,430,194,0,2
13166,438.867,424,car,0.8754,290,103,422,203,0,2
13167,438.9,424,car,0.881,275,103,418,211,0,2
13168,438.933,424,car,0.9055,254,102,408,219,0,2
13169,438.967,424,car,0.8857,231,105,399,232,0,2
13170,439.0,424,car,0.8634,214,106,393,242,0,2
13171,439.033,424,car,0.9027,194,110,384,254,0,2
13172,439.067,424,car,0.8506,175,112,371,263,0,2
13173,439.1,424,car,0.8587,163,115,358,263,0,2
13175,439.167,424,car,0.6616,144,122,327,266,0,2
13180,439.333,-1,car,0.6639,545,96,606,147,1,2
13182,439.4,-1,car,0.6068,547,96,608,149,1,2
13183,439.433,429,car,0.6492,547,96,608,150,1,2
13184,439.467,429,car,0.6963,549,96,608,149,1,2
13185,439.5,429,car,0.7237,550,97,609,149,1,2
13186,439.533,429,car,0.7284,550,96,610,150,1,2
13187,439.567,429,car,0.679,550,96,613,151,1,2
13188,439.6,429,car,0.6562,549,95,614,152,1,2
13189,439.633,429,car,0.6621,550,95,615,153,1,2
13189,439.633,430,car,0.6979,315,109,383,145,0,2
13190,439.667,429,car,0.6452,551,95,616,152,1,2
13190,439.667,430,car,0.6264,315,110,378,144,0,2
13191,439.7,429,car,0.6428,552,95,616,152,1,2
13191,439.7,430,car,0.6868,314,110,377,144,0,2
13192,439.733,429,car,0.6244,555,96,617,150,1,2
13192,439.733,430,car,0.641,310,110,375,144,0,2
13193,439.767,429,car,0.6306,559,96,618,149,1,2
13193,439.767,430,car,0.6306,304,110,370,145,0,2
13194,439.8,429,car,0.634,561,96,618,147,1,2
13194,439.8,430,car,0.6636,301,111,367,146,0,2
13195,439.833,429,car,0.6127,563,95,621,146,1,2
13196,439.867,429,car,0.731,567,95,622,144,1,2
13196,439.867,431,car,0.6992,523,93,570,121,1,2
13196,439.867,430,car,0.6309,286,111,361,151,0,2
13197,439.9,429,car,0.7068,568,95,623,143,1,2
13197,439.9,431,car,0.6615,522,94,570,122,1,2
13198,439.933,429,car,0.6734,569,95,624,143,1,2
13198,439.933,431,car,0.6326,520,95,567,123,1,2
13199,439.967,429,car,0.6707,573,96,626,142,1,2
13199,439.967,431,car,0.6685,515,96,562,125,1,2
13199,439.967,430,car,0.6878,269,112,351,154,0,2
13200,440.0,429,car,0.7039,574,96,627,143,1,2
13200,440.0,431,car,0.7291,512,96,561,126,1,2
13200,440.0,430,car,0.7067,265,112,350,157,0,2
13201,440.033,429,car,0.7718,576,97,631,144,1,2
13201,440.033,431,car,0.718,509,95,560,127,1,2
13201,440.033,430,car,0.7719,262,113,345,155,0,2
13202,440.067,429,car,0.7714,577,97,633,144,1,2
13202,440.067,431,car,0.7008,504,95,558,127,1,2
13202,440.067,430,car,0.6611,259,114,338,154,0,2
13203,440.1,429,car,0.7082,578,96,635,145,1,2
13203,440.1,431,car,0.6834,503,95,557,127,1,2
13203,440.1,430,car,0.6524,254,115,336,155,0,2
13204,440.133,429,car,0.7657,581,96,640,145,1,2
13204,440.133,431,car,0.6922,498,95,553,128,1,2
13204,440.133,430,car,0.7267,247,115,331,155,0,2
13205,440.167,429,car,0.8064,583,95,642,145,1,2
13205,440.167,431,car,0.6653,494,95,550,129,1,2
13205,440.167,430,car,0.6478,240,118,326,158,0,2
13206,440.2,429,car,0.7714,584,95,643,145,1,2
13206,440.2,431,car,0.698,489,95,547,129,1,2
13206,440.2,430,car,0.6465,232,119,326,162,0,2
13207,440.233,429,car,0.7172,587,96,646,145,1,2
13207,440.233,431,car,0.6512,486,96,544,130,1,2
13207,440.233,430,car,0.6007,226,119,318,160,0,2
13208,440.267,429,car,0.7737,590,96,649,146,1,2
13208,440.267,431,car,0.675,481,96,542,131,1,2
13208,440.267,430,car,0.6048,223,120,314,160,0,2
13209,440.3,429,car,0.7949,591,96,650,146,1,2
13209,440.3,431,car,0.6269,473,96,536,133,1,2
13209,440.3,430,car,0.6191,226,120,317,160,0,2
13210,440.333,429,car,0.7324,593,95,654,146,1,2
13210,440.333,431,car,0.6877,466,95,533,135,1,2
13211,440.367,429,car,0.7607,597,95,657,145,1,2
13211,440.367,431,car,0.7743,461,95,529,137,1,2
13211,440.367,430,car,0.6785,200,121,302,166,0,2
13212,440.4,429,car,0.7477,599,95,658,145,1,2
13212,440.4,431,car,0.7666,456,95,527,138,1,2
13212,440.4,430,car,0.6521,192,121,298,168,0,2
13213,440.433,429,car,0.7365,602,94,661,144,1,2
13213,440.433,431,car,0.7725,450,95,523,139,1,2
13213,440.433,430,car,0.6334,190,123,293,167,0,2
13214,440.467,429,car,0.7729,605,93,664,143,1,2
13214,440.467,431,car,0.7719,443,95,519,142,1,2
13214,440.467,430,car,0.637,179,125,286,169,0,2
13215,440.5,429,car,0.7937,607,91,666,143,1,2
13215,440.5,431,car,0.7514,439,95,517,143,1,2
13215,440.5,430,car,0.7375,174,125,282,170,0,2
13216,440.533,429,car,0.741,610,91,670,142,1,2
13216,440.533,430,car,0.6877,167,126,280,174,0,2
13217,440.567,429,car,0.7581,614,91,673,142,1,2
13217,440.567,430,car,0.7187,161,127,277,176,0,2
13217,440.567,431,car,0.6836,422,95,507,149,1,2
13218,440.6,429,car,0.7796,616,93,674,142,1,2
13218,440.6,430,car,0.7894,160,128,274,177,0,2
13218,440.6,431,car,0.7648,416,95,503,150,1,2
13219,440.633,429,car,0.8022,618,91,677,142,1,2
13219,440.633,430,car,0.7816,155,128,272,179,0,2
13219,440.633,431,car,0.7702,408,95,498,153,1,2
13220,440.667,429,car,0.8411,622,91,681,141,1,2
13220,440.667,430,car,0.6452,154,131,267,183,0,2
13220,440.667,431,car,0.8009,398,96,491,157,1,2
13221,440.7,429,car,0.864,624,91,683,141,1,2
13221,440.7,431,car,0.722,389,98,486,160,1,2
13222,440.733,429,car,0.8169,626,91,685,141,1,2
13222,440.733,431,car,0.8272,378,98,479,163,1,2
13223,440.767,429,car,0.7773,631,91,689,141,1,2
13223,440.767,431,car,0.6621,365,99,471,168,1,2
13224,440.8,429,car,0.7825,632,91,691,141,1,2
13224,440.8,431,car,0.7557,352,101,465,173,1,2
13224,440.8,434,person,0.7416,277,425,912,717,0,2
13225,440.833,429,car,0.7613,634,90,694,141,1,2
13225,440.833,431,car,0.8219,336,102,457,181,1,2
13225,440.833,434,person,0.8012,274,419,921,715,0,2
13226,440.867,429,car,0.7542,637,90,697,141,1,2
13226,440.867,431,car,0.8407,315,103,448,189,1,2
13226,440.867,434,person,0.7741,267,414,925,717,0,2
13227,440.9,429,car,0.7645,640,91,699,141,1,2
13227,440.9,431,car,0.847,299,103,440,194,0,2
13227,440.9,434,person,0.7849,263,409,929,715,0,2
13228,440.933,429,car,0.6534,643,91,702,139,1,2
13228,440.933,431,car,0.6471,275,104,430,205,0,2
13228,440.933,434,person,0.7791,259,406,929,715,0,2
13229,440.967,429,car,0.6687,647,90,706,139,1,2
13229,440.967,431,car,0.7641,250,106,416,216,0,2
13229,440.967,434,person,0.8162,261,403,933,714,0,2
13230,441.0,429,car,0.7305,649,89,709,138,1,2
13230,441.0,431,car,0.87,231,109,405,222,0,2
13230,441.0,434,person,0.7929,262,402,935,714,0,2
13231,441.033,429,car,0.6198,651,87,713,138,1,2
13231,441.033,431,car,0.8438,211,112,394,233,0,2
13231,441.033,434,person,0.7903,262,397,939,713,0,2
13232,441.067,429,car,0.7367,653,82,718,137,1,2
13232,441.067,431,car,0.8607,201,117,373,231,0,2
13232,441.067,434,person,0.7573,262,394,942,713,0,2
13233,441.1,429,car,0.7424,655,80,721,136,1,2
13233,441.1,431,car,0.7951,193,121,357,231,0,2
13233,441.1,434,person,0.7806,264,392,944,713,0,2
13234,441.133,429,car,0.7305,658,80,722,135,1,2
13234,441.133,431,car,0.8016,179,126,344,239,0,2
13234,441.133,434,person,0.7433,264,390,945,713,0,2
13234,441.133,435,car,0.6241,0,170,87,256,0,2
13235,441.167,429,car,0.7528,659,80,722,135,1,2
13235,441.167,434,person,0.6816,271,393,942,713,0,2
13236,441.2,429,car,0.7207,659,80,723,135,1,2
13236,441.2,434,person,0.7579,273,395,937,714,0,2
13237,441.233,429,car,0.6728,661,80,723,134,1,2
13237,441.233,434,person,0.7519,278,395,939,714,0,2
13238,441.267,429,car,0.7028,666,82,726,131,0,2
13238,441.267,434,person,0.7843,277,392,941,714,0,2
13239,441.3,429,car,0.7538,670,82,727,130,0,2
13239,441.3,434,person,0.7555,275,390,942,713,0,2
13240,441.333,429,car,0.7457,672,82,729,129,0,2
13240,441.333,434,person,0.6519,278,384,955,713,0,2
13241,441.367,429,car,0.6957,672,80,730,128,0,2
13241,441.367,434,person,0.632,282,381,967,713,0,2
13242,441.4,429,car,0.6783,673,78,730,126,0,2
13242,441.4,434,person,0.6827,283,378,973,713,0,2
13243,441.433,429,car,0.6788,673,75,733,125,0,2
13243,441.433,434,person,0.7827,282,375,977,713,0,2
13244,441.467,429,car,0.6521,673,72,734,123,0,2
13244,441.467,434,person,0.7475,275,375,971,713,0,2
13245,441.5,429,car,0.64,673,71,735,122,0,2
13245,441.5,434,person,0.7528,273,374,969,713,0,2
13246,441.533,429,car,0.6463,674,69,736,121,0,2
13246,441.533,434,person,0.7295,272,375,966,713,0,2
13247,441.567,429,car,0.6356,674,66,737,119,0,2
13247,441.567,434,person,0.743,271,373,966,713,0,2
13248,441.6,429,car,0.6245,675,65,737,118,0,2
13248,441.6,434,person,0.767,272,373,962,713,0,2
13249,441.633,429,car,0.6918,677,64,737,117,0,2
13249,441.633,434,person,0.7808,273,374,961,713,0,2
13250,441.667,429,car,0.6389,678,63,738,114,0,2
13250,441.667,434,person,0.7416,279,374,966,713,0,2
13251,441.7,429,car,0.6445,679,63,738,114,0,2
13251,441.7,434,person,0.7104,280,374,967,713,0,2
13252,441.733,429,car,0.668,680,63,738,113,0,2
13252,441.733,434,person,0.7262,281,373,968,712,0,2
13253,441.767,429,car,0.6604,681,63,738,112,0,2
13253,441.767,434,person,0.7443,275,368,969,713,0,2
13254,441.8,429,car,0.6636,681,63,738,112,0,2
13254,441.8,434,person,0.7339,271,366,968,713,0,2
13255,441.833,429,car,0.641,680,62,739,112,0,2
13255,441.833,434,person,0.7876,263,361,963,713,0,2
13256,441.867,429,car,0.6572,681,62,739,111,0,2
13256,441.867,434,person,0.6991,266,361,966,713,0,2
13257,441.9,429,car,0.6596,682,62,741,110,0,2
13257,441.9,434,person,0.6689,263,358,967,713,0,2
13258,441.933,429,car,0.6081,683,62,739,109,0,2
13258,441.933,434,person,0.6958,278,355,990,714,0,2
13258,441.933,441,car,0.6934,501,62,597,123,1,2
13259,441.967,429,car,0.6398,685,61,741,107,0,2
13259,441.967,434,person,0.744,271,357,979,714,0,2
13260,442.0,429,car,0.6473,683,61,741,109,0,2
13260,442.0,434,person,0.7345,266,354,978,714,0,2
13260,442.0,441,car,0.6907,483,70,575,128,1,2
13261,442.033,429,car,0.6443,683,61,741,109,0,2
13261,442.033,434,person,0.6956,265,352,981,713,0,2
13261,442.033,441,car,0.8117,470,63,581,134,1,2
13262,442.067,429,car,0.6728,682,61,739,109,0,2
13262,442.067,434,person,0.6376,246,350,959,714,0,2
13262,442.067,441,car,0.671,454,62,576,139,1,2
13263,442.1,429,car,0.6686,681,61,739,109,0,2
13263,442.1,434,person,0.6623,239,350,947,714,0,2
13263,442.1,441,car,0.7626,443,77,549,145,1,2
13263,442.1,442,car,0.6076,563,67,605,90,1,2
13264,442.133,429,car,0.6743,681,61,739,109,0,2
13264,442.133,434,person,0.6048,238,349,942,714,0,2
13264,442.133,441,car,0.8412,423,67,553,151,1,2
13265,442.167,429,car,0.6954,681,59,739,109,0,2
13265,442.167,441,car,0.82,403,66,547,159,1,2
13265,442.167,442,car,0.6415,542,67,589,94,1,2
13266,442.2,429,car,0.7026,681,59,739,109,0,2
13266,442.2,441,car,0.6064,378,67,528,165,1,2
13266,442.2,442,car,0.6136,536,67,584,94,1,2
13267,442.233,429,car,0.6864,680,61,738,109,0,2
13267,442.233,441,car,0.7666,361,67,525,175,1,2
13267,442.233,434,person,0.6349,235,344,942,714,0,2
13268,442.267,429,car,0.6306,680,59,737,109,0,2
13268,442.267,441,car,0.8,336,69,513,185,1,2
13268,442.267,434,person,0.6701,238,342,939,714,0,2
13269,442.3,441,car,0.8728,314,70,504,194,1,2
13269,442.3,434,person,0.7017,240,341,938,714,0,2
13270,442.333,441,car,0.8977,280,70,487,206,1,2
13270,442.333,434,person,0.7712,240,339,936,714,0,2
13271,442.367,441,car,0.8667,245,72,470,219,1,2
13271,442.367,434,person,0.7452,240,338,934,714,0,2
13271,442.367,442,car,0.6086,503,70,557,98,1,2
13272,442.4,441,car,0.8999,224,73,462,231,1,2
13272,442.4,434,person,0.7597,240,336,933,714,0,2
13272,442.4,444,car,0.6187,0,0,1210,717,0,2
13273,442.433,441,car,0.7416,207,77,442,233,0,2
13273,442.433,434,person,0.7029,238,334,931,714,0,2
13274,442.467,441,car,0.7616,190,80,416,231,0,2
13274,442.467,434,person,0.8182,238,331,931,714,0,2
13275,442.5,441,car,0.6901,181,83,400,233,0,2
13275,442.5,434,person,0.7778,240,331,929,713,0,2
13276,442.533,434,person,0.75,235,329,929,714,0,2
13276,442.533,429,car,0.6459,671,55,728,103,0,2
13277,442.567,434,person,0.6007,229,325,926,714,0,2
13277,442.567,429,car,0.6251,667,54,726,102,0,2
13278,442.6,429,car,0.6609,665,53,723,102,0,2
13280,442.667,434,person,0.6547,217,321,915,713,0,2
13281,442.7,434,person,0.7748,216,321,911,713,0,2
13282,442.733,434,person,0.7439,219,323,906,714,0,2
13283,442.767,434,person,0.8313,224,330,898,713,0,2
13284,442.8,434,person,0.8238,231,337,893,714,0,2
13285,442.833,434,person,0.8375,235,342,888,714,0,2
13286,442.867,434,person,0.8289,237,341,888,713,0,2
13286,442.867,429,car,0.6226,640,48,701,101,0,2
13287,442.9,434,person,0.814,239,339,891,713,0,2
13287,442.9,429,car,0.7007,638,48,697,99,0,2
13288,442.933,434,person,0.8563,245,342,895,713,0,2
13288,442.933,429,car,0.6803,637,47,695,98,0,2
13288,442.933,445,car,0.6866,0,181,87,272,0,2
13289,442.967,434,person,0.7989,245,336,903,714,0,2
13289,442.967,429,car,0.737,634,48,691,98,0,2
13289,442.967,445,car,0.6382,0,181,75,271,0,2
13290,443.0,434,person,0.6931,248,337,905,713,0,2
13290,443.0,429,car,0.6869,633,47,690,98,0,2
13290,443.0,445,car,0.7228,0,185,67,274,0,2
13291,443.033,434,person,0.755,253,337,909,713,0,2
13291,443.033,429,car,0.6669,633,48,689,97,0,2
13292,443.067,434,person,0.7291,262,344,907,713,0,2
13292,443.067,429,car,0.6729,632,48,688,97,0,2
13293,443.1,434,person,0.6892,267,349,906,713,0,2
13293,443.1,429,car,0.6414,632,48,687,97,0,2
13293,443.1,446,car,0.6302,211,110,328,173,0,2
13294,443.133,434,person,0.6106,291,360,915,713,0,2
13294,443.133,446,car,0.6474,209,112,322,174,0,2
13295,443.167,434,person,0.6823,314,366,939,713,0,2
13296,443.2,434,person,0.6979,318,370,943,713,0,2
13296,443.2,446,car,0.6712,197,118,305,176,0,2
13297,443.233,434,person,0.7086,315,378,933,713,0,2
13298,443.267,434,person,0.7541,315,383,929,713,0,2
13299,443.3,434,person,0.7958,314,385,929,713,0,2
13300,443.333,434,person,0.751,314,387,931,713,0,2
13301,443.367,434,person,0.6903,323,387,947,713,0,2
13302,443.4,434,person,0.6672,326,387,958,713,0,2
13303,443.433,434,person,0.6514,325,387,963,713,0,2
13304,443.467,434,person,0.6397,323,386,973,713,0,2
13305,443.5,434,person,0.6348,323,387,979,713,0,2
13306,443.533,434,person,0.6314,325,387,987,713,0,2
13308,443.6,434,person,0.7068,322,392,985,714,0,2
13309,443.633,434,person,0.7059,322,394,989,714,0,2
13310,443.667,434,person,0.713,323,394,993,714,0,2
13311,443.7,434,person,0.7022,323,393,1000,714,0,2
13312,443.733,434,person,0.7042,327,394,1002,713,0,2
13313,443.767,434,person,0.7119,322,399,991,713,0,2
13314,443.8,434,person,0.7424,322,402,987,714,0,2
13314,443.8,447,car,0.7044,0,176,105,282,0,2
13314,443.8,448,car,0.6602,571,54,608,83,1,2
13315,443.833,434,person,0.7307,330,411,977,714,0,2
13315,443.833,447,car,0.7119,0,171,98,286,0,2
13315,443.833,448,car,0.7241,567,54,606,86,1,2
13316,443.867,434,person,0.7844,334,415,976,714,0,2
13316,443.867,448,car,0.6807,562,54,603,87,1,2
13317,443.9,434,person,0.7648,337,416,981,713,0,2
13318,443.933,434,person,0.7183,335,410,992,714,0,2
13319,443.967,434,person,0.7425,331,405,1002,714,0,2
13319,443.967,448,car,0.7066,551,56,594,91,1,2
13320,444.0,434,person,0.8161,325,397,1010,713,0,2
13320,444.0,448,car,0.7503,547,56,592,93,1,2
13321,444.033,434,person,0.7729,317,389,1021,714,0,2
13321,444.033,448,car,0.6061,542,55,590,95,1,2
13322,444.067,434,person,0.7746,303,373,1041,714,0,2
13323,444.1,434,person,0.7664,305,359,1077,714,0,2
13323,444.1,448,car,0.6102,535,57,583,97,1,2
13324,444.133,434,person,0.7222,291,333,1121,714,0,2
13324,444.133,448,car,0.6067,530,57,578,98,1,2
13325,444.167,434,person,0.7096,269,317,1138,715,0,2
13325,444.167,448,car,0.6195,523,58,574,101,1,2
13326,444.2,434,person,0.7963,242,309,1127,715,0,2
13326,444.2,448,car,0.632,520,59,571,103,1,2
13327,444.233,434,person,0.779,222,298,1120,715,0,2
13327,444.233,448,car,0.7008,515,59,569,105,1,2
13328,444.267,434,person,0.6574,209,288,1121,715,0,2
13328,444.267,448,car,0.7646,507,59,565,109,1,2
13329,444.3,434,person,0.7034,201,280,1123,715,0,2
13329,444.3,448,car,0.7319,503,61,561,110,1,2
13330,444.333,434,person,0.7692,189,265,1135,715,0,2
13330,444.333,448,car,0.7286,499,59,559,111,1,2
13331,444.367,434,person,0.7369,181,251,1144,715,0,2
13331,444.367,448,car,0.7001,494,59,557,114,1,2
13332,444.4,434,person,0.7144,175,247,1134,713,0,2
13332,444.4,448,car,0.663,490,61,554,117,1,2
13333,444.433,434,person,0.6862,176,248,1123,713,0,2
13333,444.433,448,car,0.6824,485,61,551,119,1,2
13334,444.467,434,person,0.6155,182,255,1107,714,0,2
13334,444.467,448,car,0.6034,475,61,546,123,1,2
13335,444.5,434,person,0.6217,185,259,1094,714,0,2
13335,444.5,448,car,0.6451,471,61,543,126,1,2
13336,444.533,434,person,0.6584,183,259,1086,715,0,2
13336,444.533,448,car,0.6136,464,62,538,129,1,2
13337,444.567,434,person,0.7276,186,264,1074,715,0,2
13337,444.567,448,car,0.7133,455,63,533,133,1,2
13338,444.6,434,person,0.7346,190,269,1064,717,0,2
13338,444.6,448,car,0.8407,448,63,529,136,1,2
13339,444.633,434,person,0.7369,198,277,1054,715,0,2
13341,444.7,448,car,0.7006,422,64,515,150,1,2
13341,444.7,434,person,0.6101,198,277,1053,715,0,2
13342,444.733,448,car,0.7858,409,66,507,154,1,2
13342,444.733,434,person,0.6698,213,281,1057,715,0,2
13343,444.767,434,person,0.6329,214,274,1070,715,0,2
13344,444.8,434,person,0.6103,217,275,1072,715,0,2
13344,444.8,448,car,0.6127,382,65,495,168,1,2
13345,444.833,448,car,0.694,365,65,488,176,1,2
13346,444.867,448,car,0.7181,344,67,475,186,1,2
13346,444.867,434,person,0.6849,230,280,1074,715,0,2
13347,444.9,448,car,0.7895,326,67,467,195,1,2
13347,444.9,451,car,0.6794,1091,93,1179,141,0,2
13347,444.9,434,person,0.6907,235,283,1074,715,0,2
13348,444.933,434,person,0.7167,247,291,1073,714,0,2
13348,444.933,452,car,0.6067,553,66,584,85,1,2
13349,444.967,434,person,0.7418,255,294,1078,714,0,2
13349,444.967,452,car,0.6432,552,66,586,86,1,2
13349,444.967,448,car,0.7933,280,74,439,214,1,2
13350,445.0,434,person,0.7338,258,296,1078,714,0,2
13350,445.0,452,car,0.6366,551,66,585,87,1,2
13350,445.0,453,car,0.7193,751,56,810,94,0,2
13350,445.0,448,car,0.8007,262,78,429,224,0,2
13351,445.033,434,person,0.7826,265,301,1080,714,0,2
13351,445.033,452,car,0.6426,550,67,583,88,1,2
13351,445.033,453,car,0.6328,753,57,813,94,0,2
13351,445.033,448,car,0.6807,243,79,413,225,0,2
13352,445.067,434,person,0.6714,253,305,1067,714,0,2
13352,445.067,452,car,0.6357,547,69,583,90,1,2
13352,445.067,453,car,0.6386,757,59,817,96,0,2
13352,445.067,448,car,0.7898,227,81,394,227,0,2
13353,445.1,434,person,0.7304,249,307,1069,714,0,2
13353,445.1,453,car,0.6605,758,59,817,97,0,2
13353,445.1,448,car,0.695,216,85,384,232,0,2
13354,445.133,434,person,0.6008,259,314,1074,714,0,2
13354,445.133,453,car,0.6717,759,61,819,98,0,2
13357,445.233,434,person,0.6649,241,309,1077,713,0,2
13358,445.267,434,person,0.7655,221,304,1080,715,0,2
13359,445.3,434,person,0.7725,207,297,1088,715,0,2
13360,445.333,434,person,0.8298,201,298,1088,715,0,2
13361,445.367,434,person,0.8291,193,296,1093,715,0,2
13362,445.4,434,person,0.7463,187,294,1094,715,0,2
13362,445.4,456,car,0.6026,583,67,634,113,1,2
13363,445.433,434,person,0.7322,177,290,1093,714,0,2
13363,445.433,456,car,0.6496,583,69,633,113,1,2
13363,445.433,452,car,0.6473,518,73,565,103,1,2
13364,445.467,434,person,0.7173,169,290,1086,714,0,2
13364,445.467,452,car,0.7234,514,74,561,104,1,2
13365,445.5,434,person,0.7645,168,293,1081,714,0,2
13365,445.5,452,car,0.7721,512,75,559,105,1,2
13366,445.533,434,person,0.8007,168,296,1074,714,0,2
13366,445.533,452,car,0.7515,507,75,557,107,1,2
13367,445.567,434,person,0.7348,163,294,1074,714,0,2
13367,445.567,452,car,0.6467,504,78,553,110,1,2
13367,445.567,453,car,0.7069,791,71,869,119,0,2
13368,445.6,434,person,0.7619,165,299,1066,714,0,2
13368,445.6,452,car,0.6698,502,78,552,111,1,2
13368,445.6,453,car,0.7153,793,72,872,119,0,2
13369,445.633,434,person,0.7658,163,298,1069,714,0,2
13369,445.633,452,car,0.7189,496,77,550,113,1,2
13369,445.633,453,car,0.7869,795,73,878,121,0,2
13370,445.667,434,person,0.8064,158,290,1080,714,0,2
13370,445.667,452,car,0.7612,490,78,546,115,1,2
13370,445.667,453,car,0.7584,798,73,883,123,0,2
13371,445.7,434,person,0.8273,160,290,1082,714,0,2
13371,445.7,452,car,0.7563,487,79,545,118,1,2
13371,445.7,453,car,0.7183,800,73,888,125,0,2
13372,445.733,434,person,0.8378,162,291,1083,714,0,2
13372,445.733,452,car,0.7734,482,81,538,119,1,2
13372,445.733,453,car,0.7734,803,75,895,127,0,2
13373,445.767,434,person,0.8353,165,294,1083,714,0,2
13373,445.767,452,car,0.7774,475,82,535,122,1,2
13373,445.767,453,car,0.7157,807,77,903,130,0,2
13374,445.8,434,person,0.842,168,298,1080,715,0,2
13374,445.8,452,car,0.8014,471,82,534,126,1,2
13374,445.8,453,car,0.8469,810,77,910,133,0,2
13374,445.8,457,car,0.6684,535,57,569,93,1,2
13375,445.833,434,person,0.7732,161,297,1078,715,0,2
13375,445.833,452,car,0.8076,464,82,530,128,1,2
13375,445.833,453,car,0.8582,814,78,917,135,0,2
13375,445.833,457,car,0.6121,535,61,567,94,1,2
13376,445.867,434,person,0.7784,171,320,1049,715,0,2
13376,445.867,452,car,0.777,455,82,528,133,1,2
13376,445.867,453,car,0.7803,817,79,922,137,0,2
13377,445.9,434,person,0.778,175,333,1034,714,0,2
13377,445.9,452,car,0.7499,449,82,523,135,1,2
13377,445.9,453,car,0.7711,819,79,930,141,0,2
13377,445.9,459,car,0.666,24,259,1278,719,0,2
13378,445.933,434,person,0.7307,206,352,1030,713,0,2
13378,445.933,452,car,0.7991,441,85,519,139,1,2
13378,445.933,453,car,0.7612,824,81,939,144,0,2
13379,445.967,434,person,0.688,225,361,1033,713,0,2
13379,445.967,452,car,0.8415,432,86,514,143,1,2
13379,445.967,453,car,0.8144,832,82,949,145,0,2
13379,445.967,459,car,0.6051,37,265,1277,719,0,2
13380,446.0,434,person,0.6397,177,351,1022,713,0,2
13380,446.0,452,car,0.8362,425,86,512,146,1,2
13380,446.0,453,car,0.825,835,82,957,149,0,2
13381,446.033,452,car,0.7927,417,87,506,150,1,2
13381,446.033,453,car,0.7634,843,83,963,147,0,2
13381,446.033,459,car,0.6215,30,265,1272,719,0,2
13382,446.067,452,car,0.8085,402,87,502,158,1,2
13382,446.067,453,car,0.6577,853,85,973,147,0,2
13382,446.067,459,car,0.6851,33,265,1275,720,0,2
13383,446.1,452,car,0.843,391,88,497,163,1,2
13383,446.1,453,car,0.7231,858,86,981,149,0,2
13383,446.1,459,car,0.6942,46,267,1280,720,0,2
13383,446.1,456,car,0.6095,574,77,619,115,1,2
13383,446.1,457,car,0.647,519,58,559,99,1,2
13384,446.133,452,car,0.8797,375,89,493,171,1,2
13384,446.133,453,car,0.8079,863,88,993,155,0,2
13384,446.133,459,car,0.7162,45,270,1274,720,0,2
13384,446.133,456,car,0.6991,571,74,621,117,1,2
13384,446.133,457,car,0.6397,517,58,557,101,1,2
13385,446.167,452,car,0.849,355,91,485,183,1,2
13385,446.167,453,car,0.7154,869,89,1010,161,0,2
13385,446.167,459,car,0.6671,49,270,1272,717,0,2
13385,446.167,456,car,0.7072,570,74,621,118,1,2
13385,446.167,457,car,0.6331,513,57,555,101,1,2
13386,446.2,452,car,0.861,342,94,477,189,1,2
13386,446.2,453,car,0.6903,872,91,1019,166,0,2
13386,446.2,459,car,0.7024,50,270,1269,715,0,2
13386,446.2,456,car,0.7304,570,74,621,118,1,2
13386,446.2,457,car,0.6312,512,57,555,102,1,2
13386,446.2,434,person,0.6112,122,357,971,714,0,2
13387,446.233,452,car,0.8739,318,96,466,200,1,2
13387,446.233,453,car,0.823,878,94,1035,173,0,2
13387,446.233,459,car,0.6717,47,271,1263,714,0,2
13387,446.233,456,car,0.7299,569,73,621,118,1,2
13387,446.233,434,person,0.6911,123,353,987,714,0,2
13388,446.267,452,car,0.8576,288,97,455,214,1,2
13388,446.267,453,car,0.7483,886,95,1055,179,0,2
13388,446.267,456,car,0.7728,568,73,621,118,1,2
13388,446.267,434,person,0.7537,137,353,999,713,0,2
13388,446.267,457,car,0.6683,506,59,552,105,1,2
13389,446.3,452,car,0.8729,267,98,447,223,1,2
13389,446.3,453,car,0.6946,893,97,1065,183,0,2
13389,446.3,456,car,0.7542,568,73,619,117,1,2
13389,446.3,434,person,0.7044,129,350,1003,714,0,2
13389,446.3,457,car,0.6879,505,59,550,105,1,2
13390,446.333,452,car,0.8597,248,103,438,235,1,2
13390,446.333,453,car,0.685,907,98,1077,182,0,2
13390,446.333,456,car,0.7368,568,74,618,117,1,2
13390,446.333,434,person,0.6853,135,346,1016,714,0,2
13390,446.333,457,car,0.6847,502,59,547,106,1,2
13391,446.367,452,car,0.7979,227,109,422,246,0,2
13391,446.367,453,car,0.7163,922,102,1094,185,0,2
13391,446.367,456,car,0.6849,567,73,618,115,1,2
13391,446.367,434,person,0.7601,147,338,1038,714,0,2
13391,446.367,457,car,0.6539,498,59,546,109,1,2
13392,446.4,452,car,0.6719,216,112,406,247,0,2
13392,446.4,453,car,0.6993,926,104,1113,193,0,2
13392,446.4,434,person,0.7557,149,336,1039,714,0,2
13392,446.4,457,car,0.6862,495,61,543,109,1,2
13393,446.433,452,car,0.7586,206,119,387,250,0,2
13393,446.433,453,car,0.7734,935,107,1136,202,0,2
13393,446.433,434,person,0.7469,141,331,1035,713,0,2
13393,446.433,457,car,0.7047,490,58,542,110,1,2
13394,446.467,453,car,0.668,945,111,1167,216,0,2
13394,446.467,434,person,0.7353,151,337,1030,713,0,2
13395,446.5,434,person,0.7678,158,339,1026,713,0,2
13396,446.533,434,person,0.6898,167,336,1038,713,0,2
13396,446.533,456,car,0.6177,566,73,615,115,1,2
13396,446.533,457,car,0.7111,479,58,537,114,1,2
13396,446.533,453,car,0.671,968,118,1217,235,0,2
13397,446.567,434,person,0.7649,177,341,1034,713,0,2
13397,446.567,457,car,0.6444,474,59,535,117,1,2
13397,446.567,453,car,0.6693,975,123,1256,257,0,2
13398,446.6,434,person,0.7617,184,343,1032,713,0,2
13398,446.6,457,car,0.6994,471,58,533,119,1,2
13398,446.6,453,car,0.6944,987,126,1279,264,0,2
13399,446.633,434,person,0.7828,184,339,1037,713,0,2
13399,446.633,457,car,0.6074,465,58,530,121,1,2
13399,446.633,453,car,0.7846,991,131,1280,280,0,2
13400,446.667,434,person,0.7698,191,342,1033,713,0,2
13400,446.667,453,car,0.6824,1008,138,1280,282,0,2
13401,446.7,434,person,0.7637,197,345,1027,713,0,2
13401,446.7,453,car,0.7631,1023,143,1280,283,0,2
13402,446.733,434,person,0.8164,202,344,1031,713,0,2
13403,446.767,434,person,0.8468,208,344,1031,713,0,2
13404,446.8,434,person,0.8278,213,345,1030,712,0,2
13405,446.833,434,person,0.8224,214,346,1027,712,0,2
13406,446.867,434,person,0.8425,215,345,1030,712,0,2
13407,446.9,434,person,0.828,215,345,1030,712,0,2
13408,446.933,434,person,0.7741,214,345,1027,712,0,2
13409,446.967,434,person,0.7821,213,346,1026,712,0,2
13410,447.0,434,person,0.8313,214,345,1029,712,0,2
13411,447.033,434,person,0.8393,216,345,1029,712,0,2
13411,447.033,456,car,0.6004,557,73,608,118,1,2
13412,447.067,434,person,0.8227,217,345,1030,712,0,2
13413,447.1,434,person,0.8181,218,345,1030,713,0,2
13414,447.133,434,person,0.8006,209,341,1030,713,0,2
13414,447.133,460,car,0.6165,297,54,438,198,0,2
13414,447.133,456,car,0.6595,553,74,606,119,1,2
13415,447.167,434,person,0.8512,213,342,1029,713,0,2
13415,447.167,460,car,0.6168,274,51,429,210,0,2
13415,447.167,456,car,0.709,552,74,605,119,1,2
13416,447.2,434,person,0.8046,215,342,1026,712,0,2
13416,447.2,456,car,0.6817,552,74,605,119,1,2
13417,447.233,434,person,0.8108,208,341,1023,713,0,2
13417,447.233,456,car,0.7122,552,75,603,119,1,2
13418,447.267,434,person,0.8422,210,342,1022,713,0,2
13418,447.267,456,car,0.7042,551,75,603,120,1,2
13419,447.3,434,person,0.7915,214,343,1022,712,0,2
13419,447.3,456,car,0.6758,551,75,603,120,1,2
13420,447.333,434,person,0.786,215,343,1022,712,0,2
13421,447.367,434,person,0.8149,216,343,1023,713,0,2
13422,447.4,434,person,0.8206,219,344,1024,713,0,2
13423,447.433,434,person,0.8282,231,347,1025,713,0,2
13424,447.467,434,person,0.8179,235,347,1027,712,0,2
13425,447.5,434,person,0.8096,239,347,1030,712,0,2
13426,447.533,434,person,0.7924,241,345,1034,712,0,2
13426,447.533,461,car,0.6088,174,266,1273,715,0,2
13427,447.567,434,person,0.784,243,345,1037,712,0,2
13427,447.567,461,car,0.6237,147,266,1250,717,0,2
13428,447.6,434,person,0.7831,245,344,1040,713,0,2
13429,447.633,434,person,0.7026,245,341,1043,713,0,2
13429,447.633,461,car,0.606,152,265,1258,717,0,2
13430,447.667,434,person,0.7218,248,342,1043,713,0,2
13430,447.667,461,car,0.6041,155,266,1259,717,0,2
13431,447.7,434,person,0.7373,248,342,1045,713,0,2
13431,447.7,461,car,0.6538,157,267,1262,717,0,2
13432,447.733,434,person,0.7136,249,341,1045,713,0,2
13432,447.733,461,car,0.6365,159,269,1262,717,0,2
13433,447.767,434,person,0.7024,249,342,1042,713,0,2
13433,447.767,461,car,0.6132,153,269,1261,717,0,2
13434,447.8,434,person,0.7224,250,344,1038,712,0,2
13434,447.8,461,car,0.6096,163,265,1278,717,0,2
13435,447.833,434,person,0.7751,248,345,1033,712,0,2
13436,447.867,434,person,0.7769,240,346,1023,712,0,2
13436,447.867,456,car,0.6277,543,79,595,123,1,2
13437,447.9,434,person,0.8075,234,346,1017,712,0,2
13437,447.9,456,car,0.6178,543,79,595,123,1,2
13438,447.933,434,person,0.6718,230,347,1013,712,0,2
13439,447.967,434,person,0.6931,226,349,1009,713,0,2
13440,448.0,434,person,0.7727,225,349,1008,712,0,2
13441,448.033,434,person,0.7187,226,350,1008,712,0,2
13442,448.067,434,person,0.7527,225,350,1007,712,0,2
13443,448.1,434,person,0.7728,224,352,1002,712,0,2
13444,448.133,434,person,0.7836,221,353,1000,712,0,2
13445,448.167,434,person,0.7415,218,355,994,712,0,2
13446,448.2,434,person,0.7125,216,358,992,712,0,2
13447,448.233,434,person,0.6891,211,358,991,713,0,2
13448,448.267,434,person,0.7265,211,360,986,713,0,2
13448,448.267,456,car,0.6005,541,82,591,125,1,2
13449,448.3,434,person,0.7015,209,361,985,713,0,2
13449,448.3,456,car,0.6105,541,82,591,125,1,2
13450,448.333,434,person,0.7196,208,362,984,713,0,2
13451,448.367,434,person,0.714,205,361,985,713,0,2
13451,448.367,456,car,0.6048,539,82,590,125,1,2
13452,448.4,434,person,0.6856,203,361,985,713,0,2
13452,448.4,456,car,0.6139,539,82,590,125,1,2
13453,448.433,434,person,0.6726,191,350,999,713,0,2
13453,448.433,456,car,0.6358,539,82,590,125,1,2
13454,448.467,434,person,0.7107,186,346,1001,714,0,2
13455,448.5,434,person,0.7375,182,342,1005,714,0,2
13455,448.5,462,car,0.6667,605,82,631,101,1,2
13456,448.533,434,person,0.6815,175,335,1009,714,0,2
13456,448.533,462,car,0.6996,605,81,632,101,1,2
13457,448.567,434,person,0.7217,178,337,1005,714,0,2
13457,448.567,462,car,0.6544,606,82,632,101,1,2
13458,448.6,434,person,0.7189,182,339,1000,714,0,2
13458,448.6,462,car,0.6716,607,83,632,101,1,2
13458,448.6,456,car,0.6582,539,85,589,127,1,2
13459,448.633,462,car,0.6769,607,83,632,102,1,2
13459,448.633,456,car,0.6257,538,86,589,128,1,2
13460,448.667,462,car,0.6499,607,85,633,103,1,2
13460,448.667,456,car,0.6645,539,87,589,128,1,2
13461,448.7,462,car,0.6685,607,86,634,104,1,2
13461,448.7,456,car,0.683,539,88,589,129,1,2
13462,448.733,456,car,0.7177,539,89,587,130,1,2
13463,448.767,456,car,0.6985,539,90,587,130,1,2
13463,448.767,464,car,0.7058,464,98,512,125,1,2
13464,448.8,456,car,0.7258,539,91,587,130,1,2
13464,448.8,464,car,0.7395,461,96,513,126,1,2
13464,448.8,462,car,0.6054,609,88,638,107,1,2
13465,448.833,456,car,0.7343,539,91,587,131,1,2
13465,448.833,464,car,0.7236,456,96,512,128,1,2
13466,448.867,456,car,0.7579,538,93,589,133,1,2
13466,448.867,464,car,0.6811,451,97,510,130,1,2
13467,448.9,456,car,0.7362,538,93,589,134,1,2
13467,448.9,464,car,0.6092,453,102,506,131,1,2
13467,448.9,434,person,0.7083,227,362,994,713,0,2
13468,448.933,456,car,0.7389,538,94,589,134,1,2
13468,448.933,464,car,0.7447,446,101,504,134,1,2
13468,448.933,434,person,0.7479,226,360,999,712,0,2
13468,448.933,462,car,0.6191,610,93,639,111,1,2
13469,448.967,456,car,0.732,538,94,589,135,1,2
13469,448.967,464,car,0.711,441,101,502,136,1,2
13469,448.967,434,person,0.7722,222,354,1007,712,0,2
13469,448.967,462,car,0.6169,611,94,639,111,1,2
13470,449.0,456,car,0.7182,538,95,589,135,1,2
13470,449.0,464,car,0.6301,438,101,501,138,1,2
13470,449.0,434,person,0.784,229,358,1005,712,0,2
13470,449.0,462,car,0.6399,611,94,639,112,1,2
13471,449.033,456,car,0.744,538,95,589,135,1,2
13471,449.033,464,car,0.7513,432,101,499,141,1,2
13471,449.033,434,person,0.7561,230,360,1003,713,0,2
13471,449.033,462,car,0.651,611,95,639,112,1,2
13472,449.067,456,car,0.7451,538,95,587,135,1,2
13472,449.067,434,person,0.6909,230,359,1005,713,0,2
13472,449.067,466,car,0.6623,695,95,773,123,0,2
13473,449.1,456,car,0.7378,538,95,587,135,1,2
13473,449.1,434,person,0.6771,225,354,1008,713,0,2
13473,449.1,466,car,0.6088,698,95,776,125,0,2
13474,449.133,456,car,0.747,537,95,587,135,1,2
13474,449.133,466,car,0.6184,701,94,781,125,0,2
13474,449.133,464,car,0.7193,417,104,490,149,1,2
13475,449.167,456,car,0.7556,537,95,587,135,1,2
13475,449.167,464,car,0.7593,409,104,486,152,1,2
13475,449.167,434,person,0.6649,208,338,1021,714,0,2
13476,449.2,456,car,0.7525,537,95,587,135,1,2
13476,449.2,464,car,0.6983,403,104,483,154,1,2
13476,449.2,434,person,0.7513,203,333,1024,714,0,2
13477,449.233,456,car,0.7463,537,95,587,135,1,2
13477,449.233,464,car,0.711,398,105,479,158,1,2
13477,449.233,434,person,0.8053,192,320,1032,713,0,2
13477,449.233,466,car,0.6625,705,94,791,127,0,2
13478,449.267,456,car,0.7391,536,95,587,135,1,2
13478,449.267,464,car,0.7561,389,106,474,162,1,2
13478,449.267,434,person,0.7948,177,304,1041,713,0,2
13478,449.267,466,car,0.6344,710,94,798,128,0,2
13479,449.3,456,car,0.7207,536,95,589,135,1,2
13479,449.3,464,car,0.7034,382,106,471,165,1,2
13479,449.3,434,person,0.7765,175,297,1045,713,0,2
13480,449.333,456,car,0.7298,536,95,589,136,1,2
13480,449.333,464,car,0.6894,371,107,464,169,1,2
13480,449.333,434,person,0.7819,174,294,1041,713,0,2
13481,449.367,456,car,0.7315,536,95,590,137,1,2
13481,449.367,464,car,0.7506,358,109,458,176,1,2
13481,449.367,434,person,0.7771,174,294,1037,713,0,2
13481,449.367,466,car,0.646,719,94,811,130,0,2
13482,449.4,456,car,0.7324,535,95,590,137,1,2
13482,449.4,464,car,0.8276,347,110,454,182,1,2
13482,449.4,434,person,0.7868,176,293,1033,713,0,2
13482,449.4,466,car,0.711,721,94,815,131,0,2
13483,449.433,456,car,0.7227,535,95,590,138,1,2
13483,449.433,464,car,0.8534,333,111,447,189,1,2
13483,449.433,434,person,0.8084,182,294,1030,713,0,2
13483,449.433,468,car,0.6154,106,273,1280,710,0,2
13484,449.467,456,car,0.692,534,95,590,138,1,2
13484,449.467,464,car,0.8867,312,113,438,200,1,2
13484,449.467,434,person,0.7539,189,298,1023,713,0,2
13484,449.467,468,car,0.6085,134,264,1280,704,0,2
13485,449.5,456,car,0.7145,534,95,589,139,1,2
13485,449.5,464,car,0.9139,296,115,431,208,1,2
13485,449.5,434,person,0.7436,195,302,1021,713,0,2
13485,449.5,468,car,0.6019,155,267,1280,703,0,2
13486,449.533,456,car,0.7112,534,95,589,138,1,2
13486,449.533,464,car,0.8894,272,118,422,221,0,2
13486,449.533,434,person,0.7455,205,312,1010,713,0,2
13487,449.567,456,car,0.6828,534,95,586,137,1,2
13487,449.567,464,car,0.8557,240,122,406,234,0,2
13487,449.567,434,person,0.6669,214,321,1003,714,0,2
13487,449.567,466,car,0.631,737,97,842,138,0,2
13488,449.6,456,car,0.6581,535,95,585,136,1,2
13488,449.6,464,car,0.8846,219,125,399,247,0,2
13488,449.6,434,person,0.6248,222,331,994,714,0,2
13488,449.6,468,car,0.6259,137,274,1280,712,0,2
13489,449.633,456,car,0.6181,536,95,584,134,1,2
13489,449.633,464,car,0.8723,195,129,391,265,0,2
13489,449.633,434,person,0.6248,215,328,994,715,0,2
13489,449.633,468,car,0.6373,137,277,1280,712,0,2
13490,449.667,456,car,0.6406,536,94,583,133,1,2
13490,449.667,464,car,0.7471,178,135,370,270,0,2
13490,449.667,434,person,0.7126,203,320,999,715,0,2
13490,449.667,468,car,0.6101,144,278,1280,712,0,2
13491,449.7,456,car,0.6652,536,94,583,131,1,2
13491,449.7,464,car,0.7307,169,142,354,273,0,2
13491,449.7,434,person,0.6641,200,319,998,715,0,2
13491,449.7,468,car,0.6043,144,278,1280,712,0,2
13491,449.7,469,car,0.6432,617,94,654,118,1,2
13492,449.733,456,car,0.6386,535,94,583,133,1,2
13492,449.733,464,car,0.6697,163,153,333,277,0,2
13492,449.733,434,person,0.6744,202,323,991,715,0,2
13492,449.733,468,car,0.6199,153,281,1280,711,0,2
13492,449.733,469,car,0.6465,617,95,655,118,1,2
13493,449.767,456,car,0.636,535,94,583,134,1,2
13493,449.767,468,car,0.6014,152,280,1280,710,0,2
13493,449.767,469,car,0.6609,618,95,655,119,1,2
13493,449.767,471,car,0.6632,1157,161,1259,245,0,2
13494,449.8,456,car,0.661,534,94,583,134,1,2
13494,449.8,469,car,0.6425,618,95,656,119,1,2
13494,449.8,471,car,0.76,1166,163,1267,246,0,2
13495,449.833,469,car,0.706,619,95,657,119,1,2
13495,449.833,471,car,0.614,1178,168,1277,248,0,2
13496,449.867,469,car,0.7223,621,96,658,120,1,2
13497,449.9,469,car,0.707,621,96,658,120,1,2
13498,449.933,469,car,0.7355,621,96,658,120,1,2
13498,449.933,466,car,0.6162,781,103,889,147,0,2
13499,449.967,469,car,0.7259,621,96,661,121,1,2
13499,449.967,466,car,0.6442,786,103,903,151,0,2
13500,450.0,469,car,0.7269,621,96,663,121,1,2
13500,450.0,466,car,0.6159,792,104,911,153,0,2
13500,450.0,456,car,0.6389,530,95,579,135,1,2
13501,450.033,469,car,0.7366,621,95,664,122,1,2
13501,450.033,456,car,0.6066,529,95,578,135,1,2
13502,450.067,469,car,0.7422,621,95,666,123,1,2
13502,450.067,456,car,0.649,529,95,577,135,1,2
13502,450.067,466,car,0.6267,810,106,930,158,0,2
13503,450.1,469,car,0.7441,622,95,667,123,1,2
13503,450.1,456,car,0.6312,528,95,577,135,1,2
13503,450.1,466,car,0.7086,816,107,936,159,0,2
13504,450.133,469,car,0.7302,623,96,669,123,1,2
13504,450.133,456,car,0.6209,528,95,576,135,1,2
13505,450.167,469,car,0.7113,623,95,670,125,1,2
13505,450.167,466,car,0.6582,838,110,962,165,0,2
13506,450.2,469,car,0.6925,624,96,671,126,1,2
13506,450.2,466,car,0.6972,853,111,971,165,0,2
13506,450.2,456,car,0.6186,528,95,576,135,1,2
13507,450.233,469,car,0.7085,626,97,672,126,1,2
13507,450.233,466,car,0.7339,862,113,983,168,0,2
13507,450.233,456,car,0.6241,528,95,576,135,1,2
13508,450.267,469,car,0.718,626,97,673,126,1,2
13508,450.267,466,car,0.8061,873,114,998,171,0,2
13508,450.267,456,car,0.6369,528,95,576,135,1,2
13509,450.3,469,car,0.7113,627,97,673,126,1,2
13509,450.3,466,car,0.7992,874,115,1006,176,0,2
13509,450.3,456,car,0.6416,527,95,576,135,1,2
13510,450.333,469,car,0.7263,629,98,675,127,1,2
13510,450.333,466,car,0.7721,885,117,1021,181,0,2
13510,450.333,456,car,0.6266,527,95,576,135,1,2
13511,450.367,469,car,0.7548,629,97,678,128,1,2
13511,450.367,466,car,0.7288,905,118,1039,182,0,2
13511,450.367,456,car,0.6063,527,95,576,136,1,2
13512,450.4,469,car,0.7739,630,97,680,128,1,2
13512,450.4,466,car,0.7651,905,120,1042,185,0,2
13512,450.4,456,car,0.6201,526,95,576,136,1,2
13513,450.433,469,car,0.8069,630,97,682,129,1,2
13513,450.433,466,car,0.6686,917,122,1061,191,0,2
13513,450.433,473,car,0.6923,769,101,901,150,0,2
13513,450.433,434,person,0.6337,193,313,1001,713,0,2
13514,450.467,469,car,0.8012,631,96,686,129,1,2
13514,450.467,466,car,0.6794,933,125,1082,198,0,2
13514,450.467,473,car,0.6401,776,102,907,152,0,2
13514,450.467,474,car,0.6356,867,115,981,185,0,2
13515,450.5,469,car,0.7921,632,96,689,130,1,2
13515,450.5,466,car,0.7039,946,127,1097,202,0,2
13515,450.5,473,car,0.7484,779,102,914,153,0,2
13515,450.5,474,car,0.6494,878,114,997,187,0,2
13515,450.5,468,car,0.6591,174,285,1280,707,0,2
13515,450.5,434,person,0.6189,192,311,1003,713,0,2
13516,450.533,469,car,0.7665,632,96,691,133,1,2
13516,450.533,473,car,0.8044,778,103,920,157,0,2
13516,450.533,468,car,0.6113,169,283,1280,709,0,2
13516,450.533,434,person,0.6135,202,326,991,714,0,2
13517,450.567,469,car,0.7236,633,96,694,133,1,2
13517,450.567,473,car,0.7068,783,105,930,161,0,2
13517,450.567,468,car,0.6028,176,285,1280,707,0,2
13517,450.567,466,car,0.7637,950,126,1127,214,0,2
13518,450.6,469,car,0.7282,635,97,695,134,1,2
13518,450.6,473,car,0.7361,799,106,946,162,0,2
13518,450.6,468,car,0.6042,176,285,1280,709,0,2
13518,450.6,466,car,0.7436,954,128,1141,219,0,2
13519,450.633,469,car,0.7423,638,98,697,135,1,2
13519,450.633,473,car,0.7866,800,107,951,163,0,2
13519,450.633,466,car,0.7918,969,133,1160,226,0,2
13520,450.667,469,car,0.7782,639,98,702,136,1,2
13520,450.667,473,car,0.7935,813,107,970,167,0,2
13520,450.667,466,car,0.8513,990,138,1183,232,0,2
13520,450.667,456,car,0.606,522,95,574,138,1,2
13520,450.667,474,car,0.6967,934,128,1053,200,0,2
13521,450.7,469,car,0.8062,640,97,705,137,1,2
13521,450.7,473,car,0.7487,825,110,981,169,0,2
13521,450.7,466,car,0.841,1006,146,1199,238,0,2
13521,450.7,456,car,0.6322,522,95,573,138,1,2
13521,450.7,474,car,0.7654,944,129,1072,205,0,2
13522,450.733,469,car,0.8164,641,97,709,139,1,2
13522,450.733,473,car,0.7251,823,111,984,170,0,2
13522,450.733,466,car,0.7194,1022,149,1232,249,0,2
13522,450.733,456,car,0.616,522,95,573,138,1,2
13522,450.733,474,car,0.8327,961,131,1097,210,0,2
13522,450.733,468,car,0.646,184,285,1280,706,0,2
13523,450.767,469,car,0.7989,642,98,712,139,1,2
13523,450.767,473,car,0.7486,826,112,998,175,0,2
13523,450.767,466,car,0.7115,1043,157,1263,259,0,2
13523,450.767,456,car,0.6131,522,95,573,138,1,2
13523,450.767,474,car,0.8229,977,134,1120,216,0,2
13523,450.767,468,car,0.6852,189,286,1280,707,0,2
13523,450.767,434,person,0.6012,223,345,978,715,0,2
13524,450.8,469,car,0.8056,645,98,714,141,1,2
13524,450.8,473,car,0.6846,830,113,1007,177,0,2
13524,450.8,466,car,0.8032,1053,158,1280,266,0,2
13524,450.8,456,car,0.6103,522,95,571,138,1,2
13524,450.8,474,car,0.8269,992,135,1143,219,0,2
13524,450.8,468,car,0.6555,190,287,1280,709,0,2
13525,450.833,469,car,0.7928,647,98,718,142,1,2
13525,450.833,473,car,0.7997,853,114,1033,181,0,2
13525,450.833,456,car,0.6039,522,95,571,137,1,2
13525,450.833,474,car,0.8038,1014,138,1170,224,0,2
13525,450.833,468,car,0.6052,192,288,1280,709,0,2
13526,450.867,469,car,0.8069,649,98,722,143,1,2
13526,450.867,473,car,0.7827,869,117,1056,185,0,2
13526,450.867,456,car,0.6009,523,95,573,137,1,2
13526,450.867,474,car,0.7574,1034,143,1202,232,0,2
13527,450.9,469,car,0.7696,651,101,723,143,1,2
13527,450.9,473,car,0.7628,877,119,1070,190,0,2
13527,450.9,474,car,0.781,1048,146,1230,241,0,2
13528,450.933,469,car,0.788,655,99,729,144,1,2
13528,450.933,473,car,0.8183,887,121,1087,194,0,2
13528,450.933,474,car,0.7413,1067,153,1258,251,0,2
13529,450.967,469,car,0.7795,657,99,734,145,1,2
13529,450.967,473,car,0.7963,899,125,1106,200,0,2
13529,450.967,474,car,0.6297,1063,154,1280,278,0,2
13529,450.967,456,car,0.6069,522,95,571,137,1,2
13530,451.0,469,car,0.7887,659,99,738,146,1,2
13530,451.0,473,car,0.7519,901,121,1126,206,0,2
13530,451.0,456,car,0.6199,522,95,571,137,1,2
13531,451.033,469,car,0.7492,659,99,743,149,1,2
13531,451.033,473,car,0.8356,914,126,1145,213,0,2
13531,451.033,456,car,0.6271,522,95,571,137,1,2
13531,451.033,474,car,0.6629,1065,161,1280,319,0,2
13532,451.067,469,car,0.8126,662,98,749,150,1,2
13532,451.067,473,car,0.8105,930,127,1167,216,0,2
13532,451.067,456,car,0.6196,521,95,571,137,1,2
13533,451.1,469,car,0.8543,664,98,753,151,1,2
13533,451.1,473,car,0.8507,941,129,1181,222,0,2
13533,451.1,456,car,0.6552,521,95,570,137,1,2
13534,451.133,469,car,0.8609,666,98,759,153,1,2
13534,451.133,473,car,0.8601,958,135,1201,229,0,2
13534,451.133,456,car,0.6706,521,95,571,137,1,2
13534,451.133,477,car,0.7632,906,122,1061,191,0,2
13534,451.133,434,person,0.6025,214,347,975,715,0,2
13535,451.167,469,car,0.8405,671,99,765,155,1,2
13535,451.167,473,car,0.8756,982,142,1222,234,0,2
13535,451.167,456,car,0.6909,521,95,571,137,1,2
13535,451.167,477,car,0.802,914,125,1079,198,0,2
13535,451.167,434,person,0.7084,214,357,967,715,0,2
13535,451.167,468,car,0.6096,178,286,1280,713,0,2
13536,451.2,469,car,0.8764,673,99,768,155,1,2
13536,451.2,473,car,0.8492,998,145,1245,241,0,2
13536,451.2,456,car,0.6386,520,95,570,137,1,2
13536,451.2,477,car,0.7507,925,127,1094,201,0,2
13537,451.233,469,car,0.8589,677,99,773,157,1,2
13537,451.233,473,car,0.8504,1019,151,1270,249,0,2
13537,451.233,456,car,0.6823,521,95,570,137,1,2
13537,451.233,477,car,0.7882,942,129,1118,208,0,2
13538,451.267,469,car,0.8904,678,98,783,160,0,2
13538,451.267,473,car,0.7823,1038,155,1280,257,0,2
13538,451.267,456,car,0.6837,521,95,570,136,1,2
13538,451.267,477,car,0.8464,955,133,1141,215,0,2
13538,451.267,434,person,0.6367,207,355,968,715,0,2
13539,451.3,469,car,0.8949,681,98,789,162,0,2
13539,451.3,473,car,0.7857,1049,159,1280,261,0,2
13539,451.3,456,car,0.6768,521,95,570,136,1,2
13539,451.3,477,car,0.8601,967,136,1158,221,0,2
13539,451.3,434,person,0.7129,207,357,968,715,0,2
13540,451.333,469,car,0.8552,685,101,794,165,0,2
13540,451.333,473,car,0.7774,1008,162,1280,318,0,2
13540,451.333,456,car,0.6723,520,95,569,136,1,2
13540,451.333,477,car,0.8344,983,139,1181,227,0,2
13540,451.333,434,person,0.7521,201,353,973,715,0,2
13540,451.333,478,car,0.6329,761,97,855,152,0,2
13541,451.367,469,car,0.8481,689,99,805,167,0,2
13541,451.367,456,car,0.6883,521,95,569,135,1,2
13541,451.367,477,car,0.7534,1003,143,1214,237,0,2
13541,451.367,434,person,0.6728,197,349,979,717,0,2
13542,451.4,469,car,0.8996,694,101,811,169,0,2
13542,451.4,456,car,0.7126,520,95,569,135,1,2
13542,451.4,477,car,0.7703,1019,144,1237,242,0,2
13543,451.433,469,car,0.9122,697,101,822,173,0,2
13543,451.433,456,car,0.6996,520,95,569,135,1,2
13543,451.433,477,car,0.8471,1038,149,1264,251,0,2
13543,451.433,478,car,0.6017,787,101,887,158,0,2
13544,451.467,469,car,0.8568,702,101,833,176,0,2
13544,451.467,456,car,0.7183,520,95,569,135,1,2
13544,451.467,477,car,0.6282,1059,154,1280,258,0,2
13545,451.5,469,car,0.8621,707,101,841,178,0,2
13545,451.5,456,car,0.6814,520,94,569,135,1,2
13545,451.5,477,car,0.661,1071,157,1280,264,0,2
13546,451.533,469,car,0.8471,712,102,851,182,0,2
13546,451.533,456,car,0.7205,521,94,570,134,1,2
13547,451.567,469,car,0.8547,721,103,866,185,0,2
13547,451.567,456,car,0.7385,522,94,570,134,1,2
13548,451.6,469,car,0.8643,726,103,877,189,0,2
13548,451.6,456,car,0.7432,522,94,570,133,1,2
13549,451.633,469,car,0.8581,731,103,891,193,0,2
13549,451.633,456,car,0.6933,523,93,571,131,1,2
13549,451.633,434,person,0.6815,202,336,1006,715,0,2
13549,451.633,478,car,0.6236,855,103,970,171,0,2
13550,451.667,469,car,0.8879,739,101,909,197,0,2
13550,451.667,456,car,0.6972,523,91,571,129,1,2
13550,451.667,434,person,0.6949,202,333,1008,714,0,2
13551,451.7,469,car,0.8858,746,101,921,199,0,2
13551,451.7,456,car,0.6834,523,89,573,129,1,2
13551,451.7,434,person,0.6878,199,330,1007,714,0,2
13551,451.7,478,car,0.6822,877,103,998,176,0,2
13552,451.733,469,car,0.8868,754,101,937,203,0,2
13552,451.733,456,car,0.7121,523,88,573,128,1,2
13552,451.733,434,person,0.6476,199,329,1007,713,0,2
13553,451.767,469,car,0.8415,766,102,958,209,0,2
13553,451.767,456,car,0.6827,525,88,573,127,1,2
13553,451.767,434,person,0.6914,198,326,1008,713,0,2
13554,451.8,469,car,0.8756,775,105,971,214,0,2
13554,451.8,456,car,0.7189,526,88,574,127,1,2
13554,451.8,434,person,0.7243,195,323,1009,713,0,2
13555,451.833,469,car,0.8729,784,106,992,221,0,2
13555,451.833,456,car,0.743,526,88,575,127,1,2
13555,451.833,434,person,0.7222,193,321,1009,713,0,2
13556,451.867,469,car,0.8862,797,107,1018,229,0,2
13556,451.867,456,car,0.7243,526,87,575,127,1,2
13556,451.867,434,person,0.7021,195,325,1003,713,0,2
13557,451.9,469,car,0.8501,801,107,1040,237,0,2
13557,451.9,456,car,0.7188,526,87,575,126,1,2
13557,451.9,434,person,0.7606,202,334,991,713,0,2
13557,451.9,479,car,0.6528,768,93,859,141,0,2
13558,451.933,469,car,0.8857,810,106,1072,248,0,2
13558,451.933,456,car,0.7286,526,86,575,126,1,2
13558,451.933,434,person,0.7061,205,341,983,713,0,2
13558,451.933,479,car,0.6886,775,94,867,142,0,2
13559,451.967,469,car,0.8768,824,110,1106,261,0,2
13559,451.967,456,car,0.7256,526,85,575,126,1,2
13559,451.967,434,person,0.6587,200,338,983,713,0,2
13559,451.967,479,car,0.724,785,94,882,145,0,2
13560,452.0,469,car,0.9228,838,114,1128,270,0,2
13560,452.0,456,car,0.7324,526,85,576,126,1,2
13560,452.0,434,person,0.6935,198,338,982,713,0,2
13560,452.0,479,car,0.7508,790,95,891,147,0,2
13561,452.033,469,car,0.8567,856,115,1176,285,0,2
13561,452.033,456,car,0.7469,526,83,575,125,1,2
13561,452.033,434,person,0.6817,200,342,978,713,0,2
13561,452.033,479,car,0.7632,794,95,902,151,0,2
13562,452.067,469,car,0.8023,890,121,1224,294,0,2
13562,452.067,456,car,0.7609,527,83,575,123,1,2
13562,452.067,434,person,0.6833,201,344,978,713,0,2
13562,452.067,479,car,0.7719,801,94,914,153,0,2
13563,452.1,469,car,0.885,895,123,1262,313,0,2
13563,452.1,456,car,0.75,527,83,575,123,1,2
13563,452.1,434,person,0.6899,198,339,982,713,0,2
13563,452.1,479,car,0.7259,807,95,921,154,0,2
13564,452.133,469,car,0.8638,903,128,1279,321,0,2
13564,452.133,456,car,0.7396,527,82,575,123,1,2
13564,452.133,434,person,0.6765,187,327,993,713,0,2
13564,452.133,479,car,0.756,814,95,935,157,0,2
13565,452.167,469,car,0.7788,922,134,1280,320,0,2
13565,452.167,456,car,0.7269,527,82,575,122,1,2
13565,452.167,479,car,0.665,823,96,946,159,0,2
13566,452.2,469,car,0.8219,943,146,1280,321,0,2
13566,452.2,456,car,0.732,527,81,575,122,1,2
13566,452.2,479,car,0.661,829,97,953,160,0,2
13567,452.233,469,car,0.77,979,151,1278,302,0,2
13567,452.233,456,car,0.7065,528,81,575,121,1,2
13567,452.233,479,car,0.6899,834,96,967,162,0,2
13567,452.233,478,car,0.8007,954,106,1110,192,0,2
13568,452.267,469,car,0.6676,1021,168,1270,291,0,2
13568,452.267,456,car,0.678,528,81,576,121,1,2
13568,452.267,479,car,0.6571,855,98,987,166,0,2
13568,452.267,478,car,0.7875,958,109,1133,199,0,2
13569,452.3,456,car,0.7087,527,80,576,121,1,2
13569,452.3,478,car,0.8198,966,111,1149,203,0,2
13570,452.333,456,car,0.6868,527,80,576,121,1,2
13570,452.333,478,car,0.846,978,113,1174,210,0,2
13570,452.333,479,car,0.7242,864,102,1010,175,0,2
13571,452.367,456,car,0.6665,527,79,575,120,1,2
13571,452.367,478,car,0.8557,992,114,1202,217,0,2
13571,452.367,479,car,0.6578,889,105,1034,178,0,2
13572,452.4,456,car,0.6596,527,79,575,120,1,2
13572,452.4,478,car,0.8585,1003,118,1222,224,0,2
13572,452.4,479,car,0.7244,906,109,1054,183,0,2
13573,452.433,456,car,0.6634,526,79,575,120,1,2
13573,452.433,478,car,0.8657,1019,119,1251,232,0,2
13573,452.433,479,car,0.8309,919,111,1074,190,0,2
13574,452.467,456,car,0.6745,526,79,575,120,1,2
13574,452.467,478,car,0.8488,1039,121,1275,238,0,2
13574,452.467,479,car,0.7998,936,114,1097,197,0,2
13574,452.467,482,car,0.6545,888,102,1000,166,0,2
13575,452.5,456,car,0.6654,526,79,575,120,1,2
13575,452.5,478,car,0.7937,1051,127,1280,245,0,2
13575,452.5,479,car,0.8087,946,114,1114,201,0,2
13575,452.5,482,car,0.6608,894,103,1008,168,0,2
13575,452.5,434,car,0.6318,232,275,1190,717,0,2
13576,452.533,456,car,0.6508,526,78,574,119,1,2
13576,452.533,478,car,0.6634,1045,131,1280,277,0,2
13576,452.533,479,car,0.7953,966,120,1138,209,0,2
13576,452.533,482,car,0.6531,914,104,1038,174,0,2
13576,452.533,434,car,0.6974,219,271,1211,717,0,2
13577,452.567,456,car,0.6778,526,78,574,119,1,2
13577,452.567,479,car,0.8287,984,123,1165,217,0,2
13577,452.567,482,car,0.806,926,106,1054,179,0,2
13578,452.6,456,car,0.6651,526,78,574,119,1,2
13578,452.6,479,car,0.8285,997,126,1183,223,0,2
13578,452.6,482,car,0.7085,941,107,1071,182,0,2
13579,452.633,456,car,0.6954,525,79,574,120,1,2
13579,452.633,479,car,0.8247,1015,127,1215,232,0,2
13579,452.633,482,car,0.8096,952,111,1090,190,0,2
13579,452.633,434,person,0.6638,195,327,1045,712,0,2
13580,452.667,456,car,0.6869,525,79,573,120,1,2
13580,452.667,479,car,0.7377,1038,130,1250,241,0,2
13580,452.667,482,car,0.7821,966,114,1111,197,0,2
13580,452.667,434,person,0.614,189,336,1013,712,0,2
13581,452.7,456,car,0.6681,525,80,573,120,1,2
13581,452.7,479,car,0.8242,1057,134,1274,247,0,2
13581,452.7,482,car,0.8461,974,115,1127,205,0,2
13581,452.7,434,person,0.6049,189,339,1001,711,0,2
13582,452.733,456,car,0.7273,523,79,573,120,1,2
13582,452.733,479,car,0.7588,1078,141,1280,253,0,2
13582,452.733,482,car,0.8635,992,119,1152,211,0,2
13582,452.733,434,person,0.6023,187,339,995,711,0,2
13583,452.767,456,car,0.7104,522,79,571,120,1,2
13583,452.767,479,car,0.7576,1098,146,1280,256,0,2
13583,452.767,482,car,0.847,1010,122,1181,221,0,2
13584,452.8,456,car,0.7199,522,79,571,121,1,2
13584,452.8,482,car,0.7678,1025,125,1200,226,0,2
13585,452.833,456,car,0.7109,522,80,571,120,1,2
13585,452.833,482,car,0.8044,1048,129,1231,235,0,2
13586,452.867,456,car,0.6594,522,79,571,120,1,2
13586,452.867,482,car,0.7662,1075,134,1263,242,0,2
13587,452.9,456,car,0.6913,522,79,571,120,1,2
13587,452.9,482,car,0.7429,1093,138,1280,249,0,2
13587,452.9,434,car,0.6236,229,280,1197,715,0,2
13588,452.933,456,car,0.6919,522,80,571,121,1,2
13588,452.933,434,person,0.6069,200,315,1078,713,0,2
13589,452.967,456,car,0.7875,522,80,571,121,1,2
13590,453.0,456,car,0.7944,522,81,571,121,1,2
13590,453.0,434,person,0.6177,192,336,1018,712,0,2
13591,453.033,456,car,0.7909,522,81,571,122,1,2
13592,453.067,456,car,0.7917,522,82,571,122,1,2
13593,453.1,456,car,0.7911,523,83,571,122,1,2
13594,453.133,456,car,0.7867,523,83,571,123,1,2
13595,453.167,456,car,0.7683,523,83,571,123,1,2
13596,453.2,456,car,0.766,523,83,571,123,1,2
13597,453.233,456,car,0.735,523,85,571,123,1,2
13598,453.267,456,car,0.7372,522,83,571,123,1,2
13599,453.3,456,car,0.7326,522,83,571,123,1,2
13600,453.333,456,car,0.7083,521,83,570,123,1,2
13601,453.367,456,car,0.6819,521,83,570,123,1,2
13602,453.4,456,car,0.6966,521,83,570,123,1,2
13603,453.433,456,car,0.7324,520,83,569,125,1,2
13603,453.433,434,person,0.6144,191,337,1011,713,0,2
13604,453.467,456,car,0.7169,519,82,569,125,1,2
13604,453.467,434,person,0.7073,189,344,993,713,0,2
13605,453.5,456,car,0.7139,519,82,569,125,1,2
13605,453.5,434,person,0.7238,187,349,983,713,0,2
13605,453.5,483,car,0.6272,168,266,1271,714,0,2
13606,453.533,456,car,0.6607,520,83,568,125,1,2
13606,453.533,434,person,0.6428,182,346,979,713,0,2
13606,453.533,483,car,0.6139,162,265,1265,712,0,2
13607,453.567,456,car,0.6643,519,83,568,125,1,2
13607,453.567,434,person,0.7561,179,344,978,713,0,2
13607,453.567,483,car,0.6076,163,270,1251,710,0,2
13608,453.6,456,car,0.6837,519,83,568,126,1,2
13608,453.6,434,person,0.7211,182,347,973,713,0,2
13608,453.6,483,car,0.6303,159,270,1247,710,0,2
13609,453.633,456,car,0.6859,518,83,568,126,1,2
13609,453.633,434,person,0.7208,174,339,978,713,0,2
13610,453.667,456,car,0.6709,518,83,567,126,1,2
13610,453.667,434,person,0.7851,179,344,974,713,0,2
13611,453.7,456,car,0.6992,518,83,567,126,1,2
13611,453.7,434,person,0.7679,182,345,971,713,0,2
13611,453.7,485,car,0.69,441,88,482,119,1,2
13612,453.733,456,car,0.6455,518,85,567,126,1,2
13612,453.733,434,person,0.7852,181,343,976,713,0,2
13612,453.733,485,car,0.7469,439,88,481,120,1,2
13613,453.767,434,person,0.7545,176,338,981,712,0,2
13613,453.767,485,car,0.6691,435,89,479,122,1,2
13614,453.8,434,person,0.729,178,338,983,712,0,2
13614,453.8,485,car,0.6399,433,90,478,123,1,2
13614,453.8,483,car,0.617,153,263,1271,714,0,2
13614,453.8,456,car,0.6244,518,85,567,126,1,2
13615,453.833,434,person,0.7333,177,331,992,712,0,2
13615,453.833,485,car,0.6272,431,91,477,126,1,2
13616,453.867,434,person,0.6793,179,329,998,712,0,2
13616,453.867,485,car,0.6735,427,93,474,128,1,2
13616,453.867,483,car,0.6099,175,272,1269,712,0,2
13617,453.9,434,person,0.6771,183,329,999,712,0,2
13617,453.9,485,car,0.6192,424,93,473,130,1,2
13618,453.933,434,person,0.6538,189,330,1000,713,0,2
13618,453.933,485,car,0.7237,419,94,471,133,1,2
13618,453.933,483,car,0.6079,184,273,1275,713,0,2
13619,453.967,434,person,0.6382,193,333,999,713,0,2
13619,453.967,485,car,0.8047,415,95,467,134,1,2
13619,453.967,483,car,0.6184,184,275,1273,713,0,2
13620,454.0,434,person,0.6795,198,336,994,713,0,2
13620,454.0,485,car,0.7855,411,95,465,135,1,2
13620,454.0,483,car,0.6126,183,275,1274,713,0,2
13620,454.0,456,car,0.6017,518,86,567,127,1,2
13621,454.033,434,person,0.6014,206,343,991,713,0,2
13621,454.033,485,car,0.7054,406,95,464,139,1,2
13622,454.067,434,person,0.7175,213,347,986,713,0,2
13622,454.067,485,car,0.7311,399,95,459,143,1,2
13623,454.1,434,person,0.7129,210,345,990,713,0,2
13623,454.1,485,car,0.7277,394,95,457,144,1,2
13624,454.133,434,person,0.6068,202,335,1000,712,0,2
13624,454.133,485,car,0.692,387,95,456,147,1,2
13625,454.167,434,person,0.723,195,330,1000,712,0,2
13625,454.167,485,car,0.7729,381,97,450,151,1,2
13626,454.2,434,person,0.7129,193,329,1001,712,0,2
13626,454.2,485,car,0.6626,376,98,447,154,1,2
13627,454.233,434,person,0.7273,198,331,1001,712,0,2
13627,454.233,485,car,0.8375,369,99,443,157,0,2
13627,454.233,456,car,0.6386,515,85,566,127,1,2
13628,454.267,434,person,0.6474,202,334,1002,712,0,2
13628,454.267,485,car,0.8686,359,99,439,162,0,2
13629,454.3,434,person,0.6131,205,334,1003,712,0,2
13629,454.3,485,car,0.8649,351,99,435,166,0,2
13629,454.3,456,car,0.6006,515,85,565,128,1,2
13630,454.333,485,car,0.7592,337,98,431,173,0,2
13630,454.333,456,car,0.6434,515,86,565,128,1,2
13631,454.367,485,car,0.8542,322,98,425,179,0,2
13631,454.367,456,car,0.681,517,86,565,127,1,2
13631,454.367,434,person,0.6064,216,338,1007,712,0,2
13632,454.4,485,car,0.8027,311,99,421,185,0,2
13632,454.4,456,car,0.6831,517,86,565,127,1,2
13632,454.4,483,car,0.6007,0,19,1280,711,0,2
13633,454.433,485,car,0.6983,294,98,415,193,0,2
13633,454.433,456,car,0.6146,517,86,565,127,1,2
13634,454.467,485,car,0.7473,275,103,402,202,0,2
13634,454.467,456,car,0.6694,517,85,565,128,1,2
13634,454.467,434,person,0.6938,231,345,1007,712,0,2
13635,454.5,485,car,0.8137,264,106,392,206,0,2
13635,454.5,456,car,0.6839,517,85,566,128,1,2
13636,454.533,485,car,0.8734,238,110,379,217,0,2
13636,454.533,456,car,0.6529,518,85,567,128,1,2
13637,454.567,485,car,0.8626,213,112,371,232,0,2
13637,454.567,456,car,0.6559,518,85,567,128,1,2
13637,454.567,434,person,0.7346,232,337,1024,712,0,2
13638,454.6,485,car,0.8399,194,114,366,243,0,2
13638,454.6,456,car,0.6912,519,86,568,128,1,2
13638,454.6,434,person,0.7902,237,339,1025,712,0,2
13639,454.633,485,car,0.8148,174,119,354,256,0,2
13639,454.633,456,car,0.7268,520,86,568,128,1,2
13639,454.633,434,person,0.7379,239,341,1024,712,0,2
13640,454.667,485,car,0.6524,162,126,333,255,0,2
13640,454.667,456,car,0.7026,520,85,568,128,1,2
13640,454.667,434,person,0.7746,240,343,1022,712,0,2
13641,454.7,456,car,0.7371,521,86,568,127,1,2
13641,454.7,434,person,0.7442,243,346,1018,712,0,2
13642,454.733,456,car,0.7418,521,86,568,127,1,2
13642,454.733,434,person,0.6252,240,349,1013,712,0,2
13643,454.767,456,car,0.7575,521,85,568,127,1,2
13644,454.8,456,car,0.7454,521,85,568,127,1,2
13645,454.833,456,car,0.7263,520,85,569,127,1,2
13645,454.833,434,person,0.623,229,333,1033,714,0,2
13646,454.867,456,car,0.73,520,85,569,127,1,2
13646,454.867,434,person,0.6351,225,327,1040,714,0,2
13647,454.9,456,car,0.7384,521,85,569,127,1,2
13647,454.9,434,person,0.6457,231,330,1038,714,0,2
13648,454.933,456,car,0.7736,521,85,569,127,1,2
13648,454.933,434,person,0.6131,234,331,1037,714,0,2
13649,454.967,456,car,0.7899,521,85,569,127,1,2
13650,455.0,456,car,0.8026,521,85,569,127,1,2
13650,455.0,434,person,0.6389,227,328,1030,712,0,2
13651,455.033,456,car,0.7766,521,85,569,127,1,2
13652,455.067,456,car,0.7897,521,85,569,127,1,2
13652,455.067,434,person,0.6075,235,338,1017,712,0,2
13653,455.1,456,car,0.7904,521,85,569,127,1,2
13653,455.1,434,person,0.6025,229,338,1013,712,0,2
13654,455.133,456,car,0.7856,521,86,569,127,1,2
13655,455.167,456,car,0.7807,521,86,569,128,1,2
13656,455.2,456,car,0.7836,521,86,569,128,1,2
13657,455.233,456,car,0.7762,521,87,569,128,1,2
13658,455.267,456,car,0.6899,521,86,570,129,1,2
13659,455.3,456,car,0.6706,521,86,570,129,1,2
13659,455.3,434,person,0.6496,231,338,1014,713,0,2
13660,455.333,456,car,0.6658,521,86,570,129,1,2
13661,455.367,456,car,0.6131,521,86,570,129,1,2
13661,455.367,434,person,0.7727,206,306,1042,712,0,2
13662,455.4,456,car,0.6005,522,87,570,129,1,2
13662,455.4,434,person,0.7509,210,307,1039,712,0,2
13663,455.433,456,car,0.623,523,87,570,128,1,2
13663,455.433,434,person,0.7951,223,319,1026,712,0,2
13664,455.467,456,car,0.6545,523,87,571,129,1,2
13664,455.467,434,person,0.7915,216,312,1030,712,0,2
13665,455.5,456,car,0.6524,523,87,571,129,1,2
13665,455.5,434,person,0.8155,211,304,1034,712,0,2
13666,455.533,456,car,0.7159,523,87,571,129,1,2
13667,455.567,456,car,0.7567,523,87,571,130,1,2
13667,455.567,434,person,0.6833,248,343,1000,712,0,2
13668,455.6,456,car,0.7286,523,87,571,130,1,2
13668,455.6,434,person,0.6851,257,354,991,713,0,2
13669,455.633,456,car,0.7347,523,87,571,130,1,2
13669,455.633,434,person,0.6798,250,351,995,713,0,2
13670,455.667,456,car,0.7601,523,88,571,130,1,2
13670,455.667,434,person,0.6967,235,341,1002,713,0,2
13671,455.7,456,car,0.7606,522,88,571,130,1,2
13671,455.7,434,person,0.6075,233,341,1000,712,0,2
13672,455.733,456,car,0.7192,522,87,570,130,1,2
13673,455.767,456,car,0.7467,522,87,570,130,1,2
13674,455.8,456,car,0.7485,521,87,570,130,1,2
13674,455.8,434,person,0.6267,229,337,1003,712,0,2
13675,455.833,456,car,0.779,521,87,570,130,1,2
13675,455.833,434,person,0.6425,232,341,1002,712,0,2
13676,455.867,456,car,0.7647,521,88,569,130,1,2
13676,455.867,434,person,0.7344,230,339,1005,712,0,2
13677,455.9,456,car,0.7622,521,88,569,130,1,2
13677,455.9,434,person,0.7199,227,339,1002,713,0,2
13678,455.933,456,car,0.7463,521,88,569,130,1,2
13678,455.933,434,person,0.6776,221,334,1007,713,0,2
13679,455.967,456,car,0.7366,521,89,569,131,1,2
13679,455.967,434,person,0.6646,226,338,1006,713,0,2
13680,456.0,456,car,0.7158,521,89,569,131,1,2
13680,456.0,434,person,0.6731,232,342,1006,713,0,2
13681,456.033,456,car,0.6936,521,89,569,131,1,2
13681,456.033,434,person,0.6852,245,351,1002,714,0,2
13682,456.067,456,car,0.6691,521,89,569,131,1,2
13682,456.067,434,person,0.7062,248,352,1005,714,0,2
13683,456.1,456,car,0.662,521,89,569,133,1,2
13683,456.1,434,person,0.732,245,346,1010,714,0,2
13684,456.133,456,car,0.6765,520,89,570,134,1,2
13684,456.133,434,person,0.7455,242,344,1011,714,0,2
13684,456.133,487,car,0.6059,154,207,1270,704,0,2
13685,456.167,456,car,0.7116,520,90,569,133,1,2
13685,456.167,434,person,0.7215,239,344,1007,713,0,2
13686,456.2,456,car,0.7193,520,90,568,133,1,2
13686,456.2,434,person,0.6811,238,336,1021,713,0,2
13687,456.233,456,car,0.7482,520,90,568,133,1,2
13687,456.233,434,person,0.7093,240,337,1018,714,0,2
13688,456.267,456,car,0.7488,519,89,568,133,1,2
13688,456.267,434,person,0.7607,232,329,1027,714,0,2
13689,456.3,456,car,0.7485,519,89,568,133,1,2
13689,456.3,434,person,0.7974,231,326,1032,714,0,2
13690,456.333,456,car,0.7934,518,89,567,134,1,2
13690,456.333,434,person,0.7295,222,319,1035,714,0,2
13691,456.367,456,car,0.7759,517,89,567,134,1,2
13691,456.367,434,person,0.7429,217,317,1032,713,0,2
13692,456.4,456,car,0.7714,517,89,566,134,1,2
13692,456.4,434,person,0.7509,215,313,1033,713,0,2
13693,456.433,456,car,0.8019,515,89,566,134,1,2
13693,456.433,434,person,0.7814,221,317,1030,713,0,2
13694,456.467,456,car,0.7847,515,90,565,134,1,2
13694,456.467,434,person,0.701,241,339,1008,713,0,2
13695,456.5,456,car,0.7846,514,90,563,134,1,2
13695,456.5,434,person,0.6588,241,338,1013,713,0,2
13696,456.533,456,car,0.7598,514,91,563,135,1,2
13696,456.533,434,person,0.6198,251,337,1029,713,0,2
13697,456.567,456,car,0.7233,513,91,562,135,1,2
13697,456.567,434,person,0.6991,253,347,1008,713,0,2
13698,456.6,456,car,0.7451,513,91,562,136,1,2
13698,456.6,434,person,0.6663,259,354,1003,713,0,2
13699,456.633,456,car,0.7397,512,93,562,137,1,2
13699,456.633,434,person,0.7826,256,354,1003,714,0,2
13700,456.667,456,car,0.6967,512,93,562,138,1,2
13700,456.667,434,person,0.8041,253,347,1011,713,0,2
13701,456.7,456,car,0.7319,512,94,561,138,1,2
13701,456.7,434,person,0.6699,254,347,1015,715,0,2
13702,456.733,456,car,0.7416,512,94,562,139,1,2
13702,456.733,434,person,0.7482,250,339,1024,714,0,2
13703,456.767,456,car,0.7201,512,95,562,139,1,2
13703,456.767,434,person,0.8329,259,346,1018,714,0,2
13704,456.8,456,car,0.6971,512,95,562,139,1,2
13704,456.8,434,person,0.7498,264,350,1016,714,0,2
13705,456.833,456,car,0.7157,513,96,563,141,1,2
13705,456.833,434,person,0.7419,273,358,1010,713,0,2
13706,456.867,456,car,0.6651,513,96,565,142,1,2
13706,456.867,434,person,0.769,286,368,1007,714,0,2
13707,456.9,456,car,0.6734,513,97,565,143,1,2
13707,456.9,434,person,0.7204,286,371,1005,715,0,2
13708,456.933,456,car,0.7511,514,98,566,144,1,2
13708,456.933,434,person,0.6369,289,373,1006,715,0,2
13709,456.967,456,car,0.7541,515,98,566,144,1,2
13710,457.0,456,car,0.7749,515,99,566,145,1,2
13711,457.033,456,car,0.7874,515,99,566,145,1,2
13712,457.067,456,car,0.7869,515,99,567,146,1,2
13713,457.1,456,car,0.7752,515,101,566,146,1,2
13713,457.1,489,car,0.6362,425,102,450,121,0,2
13714,457.133,456,car,0.7908,514,101,566,146,1,2
13714,457.133,489,car,0.6063,425,102,449,121,0,2
13715,457.167,456,car,0.795,514,101,565,146,1,2
13715,457.167,489,car,0.6522,424,102,449,121,0,2
13716,457.2,456,car,0.7855,513,102,563,146,1,2
13716,457.2,489,car,0.6552,424,102,449,121,0,2
13717,457.233,456,car,0.7449,511,102,561,147,1,2
13717,457.233,489,car,0.6773,423,103,448,122,0,2
13718,457.267,456,car,0.7373,509,102,560,149,1,2
13719,457.3,456,car,0.7672,507,102,560,150,1,2
13720,457.333,456,car,0.8051,505,103,558,150,1,2
13720,457.333,489,car,0.6263,416,104,441,123,0,2
13721,457.367,456,car,0.7816,504,103,555,150,1,2
13721,457.367,489,car,0.6446,413,105,438,125,0,2
13722,457.4,456,car,0.7816,503,103,555,150,1,2
13722,457.4,489,car,0.6496,411,105,435,125,0,2
13723,457.433,456,car,0.7928,502,103,553,150,1,2
13723,457.433,489,car,0.6671,410,106,433,123,0,2
13724,457.467,456,car,0.7735,498,103,550,150,1,2
13724,457.467,489,car,0.6888,408,106,432,123,0,2
13725,457.5,456,car,0.8009,496,103,549,150,1,2
13725,457.5,489,car,0.6578,405,105,430,123,0,2
13726,457.533,456,car,0.7656,494,103,546,151,1,2
13726,457.533,489,car,0.7072,402,105,427,125,0,2
13727,457.567,456,car,0.7519,491,105,543,151,1,2
13727,457.567,489,car,0.6506,399,106,424,125,0,2
13728,457.6,456,car,0.7819,489,105,541,151,1,2
13728,457.6,489,car,0.6876,397,106,422,125,0,2
13729,457.633,456,car,0.7263,488,105,538,151,1,2
13729,457.633,489,car,0.7148,394,106,419,125,0,2
13730,457.667,456,car,0.6182,486,105,535,150,1,2
13730,457.667,489,car,0.7209,392,106,417,125,0,2
13731,457.7,456,car,0.6849,483,106,534,150,1,2
13731,457.7,489,car,0.6956,391,106,415,125,0,2
13732,457.733,456,car,0.7769,481,105,531,150,1,2
13732,457.733,489,car,0.6463,387,106,413,125,0,2
13733,457.767,456,car,0.7369,478,105,528,149,1,2
13733,457.767,489,car,0.6331,386,106,411,125,0,2
13733,457.767,434,person,0.6714,262,389,939,712,0,2
13734,457.8,456,car,0.7532,475,104,527,149,1,2
13734,457.8,489,car,0.637,384,106,409,125,0,2
13734,457.8,434,person,0.6796,257,384,941,712,0,2
13735,457.833,456,car,0.7924,473,103,525,149,1,2
13735,457.833,434,person,0.6821,257,385,937,713,0,2
13736,457.867,456,car,0.7529,471,103,522,149,1,2
13736,457.867,434,person,0.6538,259,387,935,712,0,2
13737,457.9,456,car,0.7183,470,103,521,149,1,2
13737,457.9,434,person,0.6543,258,387,934,712,0,2
13737,457.9,489,car,0.6059,377,105,402,123,0,2
13738,457.933,456,car,0.6934,467,102,520,147,1,2
13738,457.933,434,person,0.7045,256,387,931,712,0,2
13739,457.967,456,car,0.7316,465,101,518,147,1,2
13739,457.967,434,person,0.7358,253,386,930,712,0,2
13740,458.0,456,car,0.7368,464,101,517,147,1,2
13740,458.0,434,person,0.7273,251,385,929,712,0,2
13740,458.0,489,car,0.6102,371,104,399,123,0,2
13741,458.033,456,car,0.7769,462,101,515,146,1,2
13741,458.033,434,person,0.7145,251,384,930,712,0,2
13741,458.033,489,car,0.6169,369,103,397,123,0,2
13742,458.067,456,car,0.7314,459,99,514,146,1,2
13742,458.067,434,person,0.706,251,382,933,712,0,2
13743,458.1,456,car,0.7163,458,98,513,146,1,2
13743,458.1,434,person,0.6639,251,379,935,711,0,2
13744,458.133,456,car,0.6925,456,98,511,146,1,2
13744,458.133,434,person,0.6495,249,371,947,711,0,2
13744,458.133,489,car,0.6627,365,102,392,121,0,2
13745,458.167,456,car,0.711,455,97,511,146,1,2
13745,458.167,434,person,0.6493,250,367,955,711,0,2
13745,458.167,489,car,0.7135,365,102,391,120,0,2
13746,458.2,456,car,0.6901,456,98,509,144,1,2
13746,458.2,434,person,0.6665,250,365,961,711,0,2
13746,458.2,489,car,0.7149,365,101,391,120,0,2
13747,458.233,456,car,0.7265,455,98,509,144,1,2
13747,458.233,434,person,0.6797,249,362,962,711,0,2
13747,458.233,489,car,0.6832,363,99,390,119,0,2
13748,458.267,456,car,0.706,454,97,507,144,1,2
13748,458.267,434,person,0.6994,253,362,962,711,0,2
13748,458.267,489,car,0.7081,362,99,390,118,0,2
13749,458.3,456,car,0.7026,454,97,507,144,1,2
13749,458.3,434,person,0.6856,258,362,968,710,0,2
13749,458.3,489,car,0.6663,362,99,389,118,0,2
13750,458.333,456,car,0.7874,453,96,506,144,1,2
13750,458.333,434,person,0.6627,265,362,978,710,0,2
13750,458.333,489,car,0.6769,362,99,389,118,0,2
13751,458.367,456,car,0.7691,453,97,505,144,1,2
13751,458.367,434,person,0.6223,304,361,1033,710,0,2
13751,458.367,489,car,0.6905,361,98,387,118,0,2
13752,458.4,456,car,0.772,451,97,505,144,1,2
13752,458.4,434,person,0.6207,312,360,1056,710,0,2
13752,458.4,489,car,0.7229,361,98,387,118,0,2
13753,458.433,456,car,0.7389,451,97,504,144,1,2
13753,458.433,434,person,0.6934,333,355,1105,711,0,2
13753,458.433,489,car,0.744,360,98,386,118,0,2
13754,458.467,456,car,0.7413,451,98,503,143,1,2
13754,458.467,434,person,0.6108,277,360,1034,711,0,2
13754,458.467,489,car,0.7595,360,98,386,118,0,2
13755,458.5,456,car,0.7717,450,97,503,143,1,2
13755,458.5,489,car,0.7497,360,97,386,117,0,2
13756,458.533,456,car,0.7718,449,96,502,143,1,2
13756,458.533,489,car,0.7055,359,97,386,115,0,2
13757,458.567,456,car,0.7467,448,95,502,142,1,2
13757,458.567,489,car,0.7036,359,96,384,114,0,2
13757,458.567,434,person,0.683,311,354,1094,711,0,2
13758,458.6,456,car,0.7168,447,95,501,141,1,2
13758,458.6,489,car,0.6648,359,96,384,114,0,2
13758,458.6,434,person,0.658,280,351,1070,711,0,2
13759,458.633,456,car,0.7274,447,94,501,141,1,2
13759,458.633,489,car,0.6545,359,96,384,113,0,2
13759,458.633,434,person,0.704,243,345,1040,711,0,2
13760,458.667,456,car,0.7182,447,94,499,139,1,2
13760,458.667,434,person,0.7327,233,337,1039,711,0,2
13761,458.7,456,car,0.7046,447,94,499,138,1,2
13761,458.7,434,person,0.7648,230,334,1038,711,0,2
13762,458.733,456,car,0.6754,447,93,498,137,1,2
13762,458.733,434,person,0.8087,232,335,1033,711,0,2
13762,458.733,489,car,0.6698,359,93,384,111,0,2
13763,458.767,456,car,0.6873,447,93,499,137,1,2
13763,458.767,434,person,0.7618,234,333,1032,711,0,2
13763,458.767,489,car,0.6917,359,91,385,111,0,2
13764,458.8,456,car,0.7113,447,91,499,136,1,2
13764,458.8,434,person,0.7634,235,331,1032,710,0,2
13764,458.8,489,car,0.7008,359,91,385,110,0,2
13765,458.833,456,car,0.6908,448,90,499,135,1,2
13765,458.833,434,person,0.7425,238,330,1032,710,0,2
13765,458.833,489,car,0.7019,359,89,386,109,0,2
13766,458.867,456,car,0.7246,449,90,501,134,1,2
13766,458.867,434,person,0.7482,242,333,1029,711,0,2
13766,458.867,489,car,0.6485,359,88,387,109,0,2
13767,458.9,456,car,0.7464,449,90,501,134,1,2
13767,458.9,434,person,0.686,243,335,1023,711,0,2
13768,458.933,456,car,0.7168,449,89,501,133,1,2
13768,458.933,434,person,0.7649,247,336,1022,711,0,2
13768,458.933,489,car,0.6373,360,86,391,107,0,2
13769,458.967,456,car,0.7593,448,87,502,133,1,2
13769,458.967,434,person,0.7849,251,337,1022,712,0,2
13770,459.0,456,car,0.7349,448,86,502,131,1,2
13770,459.0,434,person,0.7641,253,335,1025,712,0,2
13771,459.033,456,car,0.7362,450,86,503,130,1,2
13771,459.033,434,person,0.7266,251,333,1025,712,0,2
13772,459.067,456,car,0.7487,451,85,504,129,1,2
13772,459.067,434,person,0.7701,253,331,1026,712,0,2
13773,459.1,456,car,0.7254,451,85,505,129,1,2
13773,459.1,434,person,0.8023,253,331,1024,712,0,2
13774,459.133,456,car,0.7583,453,83,505,128,1,2
13774,459.133,434,person,0.7968,255,334,1021,712,0,2
13775,459.167,456,car,0.7684,453,83,505,128,1,2
13775,459.167,434,person,0.8235,254,335,1014,712,0,2
13775,459.167,489,car,0.6468,370,80,398,101,0,2
13776,459.2,456,car,0.7645,453,83,505,128,1,2
13776,459.2,434,person,0.8289,256,336,1013,712,0,2
13776,459.2,489,car,0.6191,371,81,398,101,0,2
13777,459.233,456,car,0.7627,453,82,506,127,1,2
13777,459.233,434,person,0.8341,255,336,1010,713,0,2
13777,459.233,489,car,0.6248,373,80,400,99,0,2
13778,459.267,456,car,0.7853,454,81,506,127,1,2
13778,459.267,434,person,0.8416,251,334,1009,712,0,2
13778,459.267,489,car,0.6281,374,80,400,98,0,2
13779,459.3,456,car,0.7901,454,81,506,127,1,2
13779,459.3,434,person,0.8239,250,330,1010,712,0,2
13780,459.333,456,car,0.8231,454,81,507,127,1,2
13780,459.333,434,person,0.7874,249,330,1008,712,0,2
13781,459.367,456,car,0.8488,454,80,507,127,1,2
13781,459.367,434,person,0.7312,249,330,1006,712,0,2
13782,459.4,456,car,0.8512,453,80,507,127,1,2
13782,459.4,434,person,0.7109,247,329,1003,712,0,2
13783,459.433,456,car,0.8265,453,80,507,127,1,2
13783,459.433,434,person,0.681,248,330,999,712,0,2
13784,459.467,456,car,0.8372,453,80,507,127,1,2
13784,459.467,434,person,0.6258,249,330,999,712,0,2
13784,459.467,489,car,0.6046,375,78,403,97,0,2
13785,459.5,456,car,0.8371,453,80,507,127,1,2
13785,459.5,434,person,0.6434,249,330,997,712,0,2
13785,459.5,489,car,0.6338,376,78,403,97,0,2
13786,459.533,456,car,0.8213,453,80,507,127,1,2
13787,459.567,456,car,0.8018,451,80,507,127,1,2
13788,459.6,456,car,0.804,451,80,507,127,1,2
13789,459.633,456,car,0.7792,453,80,506,127,1,2
13790,459.667,456,car,0.7891,453,81,506,127,1,2
13791,459.7,456,car,0.7809,453,81,506,127,1,2
13792,459.733,456,car,0.7661,453,82,506,128,1,2
13792,459.733,434,person,0.6765,251,333,991,712,0,2
13793,459.767,456,car,0.7763,454,82,507,128,1,2
13793,459.767,434,person,0.7353,256,337,986,712,0,2
13794,459.8,456,car,0.7773,454,83,507,128,1,2
13794,459.8,434,person,0.7642,256,337,984,712,0,2
13795,459.833,456,car,0.7819,455,83,507,128,1,2
13795,459.833,434,person,0.7854,257,338,979,712,0,2
13796,459.867,456,car,0.7902,456,85,509,128,1,2
13796,459.867,434,person,0.756,263,343,977,712,0,2
13796,459.867,489,car,0.6098,383,80,410,98,0,2
13797,459.9,456,car,0.8008,456,85,509,128,1,2
13797,459.9,434,person,0.7366,266,345,975,712,0,2
13798,459.933,456,car,0.8028,457,85,510,128,1,2
13798,459.933,434,person,0.7903,267,347,973,712,0,2
13798,459.933,494,car,0.6364,5,264,1278,713,0,2
13798,459.933,489,car,0.6093,385,80,413,99,0,2
13799,459.967,456,car,0.7977,457,83,511,129,1,2
13799,459.967,434,person,0.7634,270,350,970,712,0,2
13799,459.967,494,car,0.6095,3,264,1278,713,0,2
13800,460.0,456,car,0.7871,457,85,511,129,1,2
13800,460.0,434,person,0.7637,271,351,971,712,0,2
13800,460.0,494,car,0.7056,0,261,1280,714,0,2
13801,460.033,456,car,0.7827,457,85,512,130,1,2
13801,460.033,434,person,0.7856,272,351,970,711,0,2
13801,460.033,494,car,0.6917,1,263,1279,714,0,2
13802,460.067,456,car,0.7893,457,85,512,130,1,2
13802,460.067,434,person,0.7418,267,350,970,712,0,2
13802,460.067,494,car,0.6989,0,262,1280,714,0,2
13803,460.1,456,car,0.7652,457,85,512,130,1,2
13803,460.1,434,person,0.757,267,350,969,712,0,2
13803,460.1,494,car,0.6764,0,261,1280,714,0,2
13804,460.133,456,car,0.7227,458,86,512,130,1,2
13804,460.133,434,person,0.7772,267,351,967,712,0,2
13804,460.133,494,car,0.6008,0,263,1279,714,0,2
13805,460.167,456,car,0.7137,459,87,511,131,1,2
13805,460.167,434,person,0.7762,266,351,968,712,0,2
13805,460.167,494,car,0.6114,1,263,1280,714,0,2
13805,460.167,489,car,0.6257,387,83,416,102,0,2
13806,460.2,456,car,0.7167,458,88,511,131,1,2
13806,460.2,434,person,0.786,265,350,968,712,0,2
13806,460.2,494,car,0.601,3,263,1279,714,0,2
13806,460.2,489,car,0.6369,389,83,416,102,0,2
13807,460.233,456,car,0.7267,459,89,511,131,1,2
13807,460.233,434,person,0.77,263,347,970,712,0,2
13807,460.233,494,car,0.6525,2,264,1279,714,0,2
13807,460.233,489,car,0.6576,387,83,416,102,0,2
13808,460.267,456,car,0.7151,459,89,511,133,1,2
13808,460.267,434,person,0.7767,262,347,971,712,0,2
13808,460.267,494,car,0.6797,0,263,1280,714,0,2
13808,460.267,489,car,0.6535,389,83,416,103,0,2
13809,460.3,456,car,0.7186,459,90,512,133,1,2
13809,460.3,434,person,0.7811,263,349,970,712,0,2
13809,460.3,494,car,0.6442,0,262,1280,714,0,2
13809,460.3,489,car,0.638,389,83,416,103,0,2
13810,460.333,456,car,0.75,459,90,512,134,1,2
13810,460.333,434,person,0.7669,264,349,971,712,0,2
13810,460.333,494,car,0.6264,0,261,1280,714,0,2
13810,460.333,489,car,0.6329,389,85,416,103,0,2
13811,460.367,456,car,0.7475,459,91,512,134,1,2
13811,460.367,434,person,0.7778,264,349,970,711,0,2
13811,460.367,494,car,0.6191,16,272,1269,714,0,2
13811,460.367,489,car,0.6167,389,85,416,103,0,2
13812,460.4,456,car,0.741,459,91,512,135,1,2
13812,460.4,434,person,0.7627,263,349,971,711,0,2
13812,460.4,494,car,0.6034,23,278,1262,714,0,2
13812,460.4,489,car,0.601,389,85,416,103,0,2
13813,460.433,456,car,0.7641,459,91,513,135,1,2
13813,460.433,434,person,0.7492,264,349,971,711,0,2
13813,460.433,494,car,0.6119,13,271,1271,714,0,2
13814,460.467,456,car,0.7673,459,91,513,136,1,2
13814,460.467,434,person,0.7385,265,351,970,711,0,2
13814,460.467,494,car,0.6217,7,267,1275,714,0,2
13814,460.467,489,car,0.6124,390,85,416,103,0,2
13815,460.5,456,car,0.7657,459,91,513,136,1,2
13815,460.5,434,person,0.7534,264,350,971,711,0,2
13815,460.5,494,car,0.6347,1,265,1279,714,0,2
13815,460.5,489,car,0.6241,390,85,417,103,0,2
13816,460.533,456,car,0.7804,459,91,514,136,1,2
13816,460.533,434,person,0.729,265,351,973,712,0,2
13816,460.533,494,car,0.6643,1,266,1278,715,0,2
13816,460.533,489,car,0.6227,390,85,417,103,0,2
13817,460.567,456,car,0.7604,459,91,514,135,1,2
13817,460.567,434,person,0.7565,263,347,976,712,0,2
13817,460.567,494,car,0.6954,8,272,1271,715,0,2
13817,460.567,489,car,0.6474,390,83,417,103,0,2
13818,460.6,456,car,0.7538,459,91,514,135,1,2
13818,460.6,434,person,0.7885,263,347,977,711,0,2
13818,460.6,494,car,0.6461,8,271,1271,714,0,2
13818,460.6,489,car,0.6302,390,83,417,103,0,2
13819,460.633,456,car,0.7472,459,91,514,135,1,2
13819,460.633,434,person,0.7496,266,349,979,711,0,2
13819,460.633,494,car,0.6811,6,271,1272,714,0,2
13819,460.633,489,car,0.6283,390,83,417,103,0,2
13820,460.667,456,car,0.7597,461,90,514,134,1,2
13820,460.667,434,person,0.7879,269,349,984,711,0,2
13820,460.667,494,car,0.672,7,272,1271,714,0,2
13820,460.667,489,car,0.6637,390,83,417,103,0,2
13821,460.7,456,car,0.7522,462,91,514,134,1,2
13821,460.7,434,person,0.806,272,351,984,712,0,2
13821,460.7,494,car,0.692,6,271,1272,714,0,2
13821,460.7,489,car,0.6703,390,83,417,103,0,2
13822,460.733,456,car,0.7455,462,90,514,135,1,2
13822,460.733,434,person,0.7801,270,350,986,712,0,2
13822,460.733,494,car,0.6693,2,269,1277,714,0,2
13822,460.733,489,car,0.6448,390,83,417,103,0,2
13823,460.767,456,car,0.7529,462,91,515,135,1,2
13823,460.767,434,person,0.7726,264,349,983,712,0,2
13823,460.767,489,car,0.6467,390,83,417,103,0,2
13824,460.8,456,car,0.7436,463,91,515,135,1,2
13824,460.8,434,person,0.769,265,351,981,712,0,2
13824,460.8,489,car,0.6085,390,83,417,103,0,2
13825,460.833,456,car,0.7342,462,91,515,135,1,2
13825,460.833,434,person,0.6749,265,353,977,712,0,2
13826,460.867,456,car,0.7093,463,91,515,135,1,2
13826,460.867,434,person,0.6351,267,359,970,712,0,2
13826,460.867,489,car,0.6115,390,83,418,104,0,2
13827,460.9,456,car,0.7111,462,91,515,135,1,2
13827,460.9,434,person,0.6412,266,361,969,712,0,2
13827,460.9,489,car,0.6015,390,83,418,104,0,2
13828,460.933,456,car,0.7361,462,91,515,135,1,2
13828,460.933,434,person,0.6768,264,360,969,713,0,2
13828,460.933,489,car,0.6433,390,83,418,104,0,2
13829,460.967,456,car,0.728,462,91,515,135,1,2
13829,460.967,434,person,0.6959,259,358,969,712,0,2
13829,460.967,489,car,0.6378,389,83,418,104,0,2
13830,461.0,456,car,0.7514,462,90,515,136,1,2
13830,461.0,434,person,0.7148,259,359,966,712,0,2
13830,461.0,489,car,0.61,389,82,417,104,0,2
13831,461.033,456,car,0.7361,462,91,515,135,1,2
13831,461.033,434,person,0.6773,257,358,966,711,0,2
13831,461.033,494,car,0.7091,2,263,1280,713,0,2
13832,461.067,456,car,0.7337,462,91,514,135,1,2
13832,461.067,434,person,0.6428,257,359,965,712,0,2
13832,461.067,494,car,0.6443,1,263,1280,713,0,2
13832,461.067,489,car,0.6049,386,83,416,104,0,2
13833,461.1,456,car,0.7262,462,91,514,136,1,2
13833,461.1,434,person,0.6394,257,359,965,712,0,2
13833,461.1,494,car,0.6072,0,261,1280,713,0,2
13834,461.133,456,car,0.7463,462,93,514,136,1,2
13834,461.133,434,person,0.6745,258,361,960,712,0,2
13834,461.133,494,car,0.6148,1,262,1280,713,0,2
13834,461.133,489,car,0.6375,386,82,416,104,0,2
13835,461.167,456,car,0.7232,461,91,514,136,1,2
13835,461.167,434,person,0.6821,259,363,958,712,0,2
13835,461.167,494,car,0.6347,5,262,1280,713,0,2
13835,461.167,489,car,0.6731,386,82,416,104,0,2
13836,461.2,456,car,0.7273,462,93,514,136,1,2
13836,461.2,434,person,0.7156,261,365,957,711,0,2
13836,461.2,489,car,0.673,386,83,416,104,0,2
13837,461.233,456,car,0.7392,462,93,515,136,1,2
13837,461.233,434,person,0.7013,263,367,957,712,0,2
13837,461.233,489,car,0.6638,385,83,416,104,0,2
13837,461.233,494,car,0.6005,8,265,1278,713,0,2
13838,461.267,456,car,0.7602,463,93,515,136,1,2
13838,461.267,434,person,0.6823,264,368,958,712,0,2
13838,461.267,489,car,0.6639,385,83,417,105,0,2
13838,461.267,494,car,0.6365,8,267,1275,713,0,2
13839,461.3,456,car,0.7589,463,93,515,136,1,2
13839,461.3,434,person,0.6869,264,368,958,713,0,2
13839,461.3,489,car,0.6575,385,83,417,106,0,2
13839,461.3,495,car,0.6296,344,90,374,111,0,2
13840,461.333,456,car,0.7413,464,93,517,136,1,2
13840,461.333,434,person,0.6909,264,369,958,713,0,2
13840,461.333,489,car,0.6692,385,83,417,106,0,2
13840,461.333,495,car,0.6754,346,90,375,111,0,2
13840,461.333,494,car,0.603,11,271,1272,713,0,2
13841,461.367,456,car,0.7535,464,91,517,136,1,2
13841,461.367,434,person,0.6688,263,369,957,712,0,2
13841,461.367,489,car,0.6316,385,83,417,106,0,2
13841,461.367,495,car,0.6318,350,91,378,112,0,2
13842,461.4,456,car,0.7463,464,91,518,136,1,2
13842,461.4,434,person,0.6683,263,369,955,712,0,2
13842,461.4,489,car,0.6486,385,83,416,106,0,2
13842,461.4,495,car,0.6127,351,90,381,112,0,2
13843,461.433,456,car,0.7502,464,90,518,135,1,2
13843,461.433,434,person,0.6976,263,369,955,713,0,2
13843,461.433,489,car,0.6888,385,83,417,106,0,2
13843,461.433,495,car,0.6248,352,89,384,112,0,2
13844,461.467,456,car,0.7555,465,89,519,135,1,2
13844,461.467,434,person,0.6384,264,368,961,712,0,2
13844,461.467,489,car,0.6603,386,83,417,105,0,2
13844,461.467,495,car,0.6182,354,89,386,112,0,2
13845,461.5,456,car,0.7267,465,89,519,135,1,2
13845,461.5,434,person,0.6303,266,365,970,712,0,2
13845,461.5,489,car,0.6316,386,82,417,105,0,2
13846,461.533,456,car,0.7433,465,89,519,134,1,2
13846,461.533,489,car,0.6122,387,81,417,104,0,2
13847,461.567,456,car,0.7409,466,89,519,134,1,2
13847,461.567,489,car,0.6244,386,80,417,104,0,2
13847,461.567,495,car,0.6112,360,90,391,112,0,2
13847,461.567,434,person,0.6408,272,360,989,712,0,2
13848,461.6,456,car,0.7783,466,88,520,134,1,2
13848,461.6,489,car,0.6145,386,80,417,104,0,2
13848,461.6,495,car,0.614,361,90,392,112,0,2
13848,461.6,434,person,0.639,267,360,985,712,0,2
13849,461.633,456,car,0.7834,466,88,520,134,1,2
13849,461.633,489,car,0.6052,386,80,418,105,0,2
13849,461.633,495,car,0.6532,361,89,393,112,0,2
13849,461.633,434,person,0.691,266,362,978,711,0,2
13850,461.667,456,car,0.7745,466,88,520,134,1,2
13850,461.667,495,car,0.6139,362,90,394,113,0,2
13850,461.667,434,person,0.7122,261,366,967,712,0,2
13851,461.7,456,car,0.7879,465,88,520,134,1,2
13851,461.7,495,car,0.6576,362,89,395,114,0,2
13851,461.7,434,person,0.6629,259,368,960,711,0,2
13852,461.733,456,car,0.7761,466,88,520,134,1,2
13852,461.733,495,car,0.6107,362,90,398,115,0,2
13852,461.733,434,person,0.75,257,369,955,711,0,2
13853,461.767,456,car,0.7615,466,88,519,134,1,2
13853,461.767,434,person,0.7065,256,370,952,711,0,2
13854,461.8,456,car,0.7482,466,88,519,134,1,2
13854,461.8,434,person,0.7263,255,370,950,711,0,2
13855,461.833,456,car,0.7697,466,88,519,133,1,2
13855,461.833,434,person,0.7336,254,370,949,711,0,2
13856,461.867,456,car,0.7722,466,88,519,133,1,2
13856,461.867,434,person,0.7681,254,371,950,711,0,2
13856,461.867,495,car,0.6467,367,89,406,118,0,2
13857,461.9,456,car,0.7642,465,87,519,131,1,2
13857,461.9,434,person,0.7007,256,370,953,711,0,2
13857,461.9,495,car,0.6651,366,85,410,118,0,2
13858,461.933,456,car,0.7584,465,86,519,131,1,2
13858,461.933,434,person,0.706,256,369,957,712,0,2
13858,461.933,495,car,0.6611,365,83,413,119,0,2
13859,461.967,456,car,0.7444,465,86,519,131,1,2
13859,461.967,434,person,0.6881,256,367,960,712,0,2
13859,461.967,495,car,0.723,365,82,415,121,0,2
13860,462.0,456,car,0.7496,465,86,519,131,1,2
13860,462.0,434,person,0.7306,257,367,961,712,0,2
13860,462.0,495,car,0.7342,365,82,415,122,0,2
13861,462.033,456,car,0.761,465,87,518,131,1,2
13861,462.033,434,person,0.7332,258,368,961,712,0,2
13861,462.033,495,car,0.7261,365,83,415,123,0,2
13862,462.067,456,car,0.7703,464,87,517,131,1,2
13862,462.067,434,person,0.7422,259,369,961,712,0,2
13862,462.067,495,car,0.7386,365,83,416,125,0,2
13863,462.1,456,car,0.7935,465,87,518,131,1,2
13863,462.1,434,person,0.7411,261,369,960,712,0,2
13863,462.1,495,car,0.7204,365,85,415,126,0,2
13864,462.133,456,car,0.7901,465,86,518,130,1,2
13864,462.133,434,person,0.6092,265,367,970,712,0,2
13864,462.133,495,car,0.6819,365,85,414,127,0,2
13865,462.167,456,car,0.7872,464,86,518,130,1,2
13865,462.167,495,car,0.6635,363,87,413,128,0,2
13866,462.2,456,car,0.8051,464,86,517,130,1,2
13866,462.2,495,car,0.6484,363,89,411,130,0,2
13867,462.233,456,car,0.807,463,86,517,130,1,2
13867,462.233,495,car,0.7053,363,93,410,133,0,2
13868,462.267,456,car,0.8088,463,86,517,131,1,2
13868,462.267,495,car,0.7323,362,94,410,135,0,2
13868,462.267,434,person,0.6037,265,363,979,712,0,2
13869,462.3,456,car,0.8085,462,86,517,131,1,2
13869,462.3,495,car,0.7491,360,95,410,136,0,2
13869,462.3,434,person,0.6048,261,366,970,712,0,2
13870,462.333,456,car,0.7837,461,86,515,131,1,2
13870,462.333,495,car,0.7464,357,95,409,139,0,2
13870,462.333,434,person,0.622,258,367,965,712,0,2
13871,462.367,456,car,0.7584,459,86,515,131,1,2
13871,462.367,495,car,0.7387,352,96,408,143,0,2
13871,462.367,434,person,0.6337,256,368,961,712,0,2
13872,462.4,456,car,0.7717,458,85,514,131,1,2
13872,462.4,495,car,0.7218,349,96,407,145,0,2
13872,462.4,434,person,0.6171,255,368,959,712,0,2
13873,462.433,456,car,0.7742,458,86,514,131,1,2
13873,462.433,495,car,0.78,344,95,407,149,0,2
13874,462.467,456,car,0.7643,457,86,513,131,1,2
13874,462.467,495,car,0.8179,339,96,407,153,0,2
13874,462.467,434,person,0.6082,255,368,959,712,0,2
13875,462.5,456,car,0.7488,457,85,513,131,1,2
13875,462.5,495,car,0.864,336,96,405,155,0,2
13875,462.5,434,person,0.608,256,367,961,712,0,2
13876,462.533,456,car,0.7594,456,85,512,131,1,2
13876,462.533,495,car,0.8346,330,97,401,159,0,2
13877,462.567,456,car,0.7573,456,85,512,130,1,2
13877,462.567,495,car,0.8374,322,98,398,163,0,2
13878,462.6,456,car,0.761,456,85,511,130,1,2
13878,462.6,495,car,0.7715,317,99,395,167,0,2
13879,462.633,456,car,0.7316,456,85,511,130,1,2
13879,462.633,495,car,0.8047,306,101,392,174,0,2
13879,462.633,434,person,0.615,254,355,981,712,0,2
13880,462.667,456,car,0.738,456,85,511,130,1,2
13880,462.667,495,car,0.8043,294,103,386,182,0,2
13880,462.667,434,person,0.6132,253,353,983,712,0,2
13881,462.7,456,car,0.7626,455,85,511,130,1,2
13881,462.7,495,car,0.7686,283,103,383,189,0,2
13881,462.7,434,person,0.6641,253,352,983,712,0,2
13882,462.733,456,car,0.7609,454,85,510,130,1,2
13882,462.733,495,car,0.7392,266,106,374,198,0,2
13882,462.733,434,person,0.6374,266,351,1002,712,0,2
13883,462.767,456,car,0.7324,454,83,510,130,1,2
13883,462.767,495,car,0.6142,245,111,361,211,0,2
13883,462.767,434,person,0.696,256,350,992,712,0,2
13884,462.8,456,car,0.7532,453,83,509,131,1,2
13884,462.8,495,car,0.7725,227,112,354,221,0,2
13884,462.8,434,person,0.7004,253,349,987,712,0,2
13885,462.833,456,car,0.7584,451,83,507,130,1,2
13885,462.833,495,car,0.7128,201,117,339,234,0,2
13885,462.833,434,person,0.702,257,350,990,712,0,2
13885,462.833,496,car,0.6644,360,80,394,103,0,2
13886,462.867,456,car,0.7648,450,83,507,130,1,2
13886,462.867,495,car,0.6596,186,117,341,249,0,2
13886,462.867,434,person,0.7272,253,349,985,712,0,2
13886,462.867,496,car,0.6022,359,80,393,103,0,2
13887,462.9,456,car,0.7629,450,83,507,130,1,2
13887,462.9,495,car,0.8025,173,120,337,261,0,2
13887,462.9,434,person,0.7304,251,347,983,712,0,2
13888,462.933,456,car,0.7814,449,83,506,130,1,2
13888,462.933,495,car,0.7129,165,126,325,263,0,2
13888,462.933,434,person,0.7452,251,347,982,712,0,2
13889,462.967,456,car,0.7698,449,83,505,130,1,2
13889,462.967,434,person,0.7403,251,347,979,712,0,2
13889,462.967,496,car,0.6543,357,81,390,103,0,2
13890,463.0,456,car,0.7499,448,83,504,130,1,2
13890,463.0,434,person,0.7226,251,347,977,711,0,2
13890,463.0,496,car,0.642,357,81,390,103,0,2
13891,463.033,456,car,0.7385,447,83,503,130,1,2
13891,463.033,434,person,0.7161,251,347,976,711,0,2
13891,463.033,496,car,0.6312,355,81,389,103,0,2
13892,463.067,456,car,0.7613,446,83,502,130,1,2
13892,463.067,434,person,0.7481,253,346,978,711,0,2
13893,463.1,456,car,0.7567,446,83,502,130,1,2
13893,463.1,434,person,0.7163,253,345,978,711,0,2
13894,463.133,456,car,0.7821,445,83,502,130,1,2
13894,463.133,434,person,0.7207,251,344,979,711,0,2
13895,463.167,456,car,0.7644,443,83,501,130,1,2
13895,463.167,434,person,0.7513,248,342,979,711,0,2
13896,463.2,456,car,0.7668,443,83,501,130,1,2
13896,463.2,434,person,0.7807,246,338,979,711,0,2
13897,463.233,456,car,0.7922,442,85,499,130,1,2
13897,463.233,434,person,0.6927,243,335,983,711,0,2
13898,463.267,456,car,0.7615,441,86,498,133,1,2
13898,463.267,434,person,0.8008,246,338,976,711,0,2
13899,463.3,456,car,0.7529,441,87,498,134,1,2
13899,463.3,434,person,0.7507,250,342,974,711,0,2
13900,463.333,456,car,0.7811,441,88,498,135,1,2
13900,463.333,434,person,0.6898,253,344,971,711,0,2
13901,463.367,456,car,0.768,441,89,498,136,1,2
13901,463.367,434,person,0.6594,254,344,970,712,0,2
13902,463.4,456,car,0.7805,442,90,499,136,1,2
13902,463.4,434,person,0.6606,255,344,970,712,0,2
13902,463.4,497,car,0.6209,150,93,201,120,0,2
13903,463.433,456,car,0.77,443,90,502,137,1,2
13903,463.433,434,person,0.7073,256,345,968,712,0,2
13904,463.467,456,car,0.7937,446,89,504,137,1,2
13904,463.467,434,person,0.7201,267,350,974,712,0,2
13904,463.467,497,car,0.6473,147,94,201,122,0,2
13905,463.5,456,car,0.8204,448,89,506,137,1,2
13905,463.5,434,person,0.6718,286,350,995,712,0,2
13905,463.5,497,car,0.6158,149,94,201,122,0,2
13906,463.533,456,car,0.8005,450,89,509,136,1,2
13906,463.533,434,person,0.7144,297,349,1016,712,0,2
13907,463.567,456,car,0.7991,453,89,511,136,1,2
13907,463.567,434,person,0.7778,290,347,1013,712,0,2
13908,463.6,456,car,0.7852,455,89,513,136,1,2
13908,463.6,434,person,0.7915,286,345,1011,712,0,2
13909,463.633,456,car,0.7897,456,88,515,136,1,2
13909,463.633,434,person,0.7694,290,343,1023,713,0,2
13910,463.667,456,car,0.7872,459,88,519,137,1,2
13910,463.667,434,person,0.7474,297,345,1030,713,0,2
13911,463.7,456,car,0.8148,462,88,521,136,1,2
13911,463.7,434,person,0.7612,297,346,1029,713,0,2
13912,463.733,456,car,0.8464,465,88,523,136,1,2
13912,463.733,434,person,0.7869,296,349,1022,713,0,2
13913,463.767,456,car,0.8354,466,88,526,136,1,2
13913,463.767,434,person,0.815,296,350,1017,713,0,2
13914,463.8,456,car,0.826,469,89,526,136,1,2
13914,463.8,434,person,0.8322,296,352,1014,713,0,2
13915,463.833,456,car,0.8126,470,89,527,136,1,2
13915,463.833,434,person,0.8336,297,353,1014,714,0,2
13916,463.867,456,car,0.7945,471,89,528,137,1,2
13916,463.867,434,person,0.8302,301,355,1013,714,0,2
13917,463.9,456,car,0.7723,472,90,528,136,1,2
13917,463.9,434,person,0.8094,301,357,1011,714,0,2
13918,463.933,456,car,0.761,472,90,529,137,1,2
13918,463.933,434,person,0.8043,301,355,1011,714,0,2
13919,463.967,456,car,0.7538,473,90,530,137,1,2
13919,463.967,434,person,0.8305,302,355,1011,714,0,2
13920,464.0,456,car,0.7523,473,90,531,137,1,2
13920,464.0,434,person,0.8752,303,357,1011,714,0,2
13921,464.033,456,car,0.747,474,90,533,137,1,2
13921,464.033,434,person,0.8624,302,354,1010,713,0,2
13922,464.067,456,car,0.7621,474,90,533,137,1,2
13922,464.067,434,person,0.8967,301,354,1010,713,0,2
13923,464.1,456,car,0.7761,474,90,533,137,1,2
13923,464.1,434,person,0.9007,299,354,1009,713,0,2
13924,464.133,456,car,0.7324,474,90,533,137,1,2
13924,464.133,434,person,0.8788,296,351,1010,713,0,2
13925,464.167,456,car,0.679,474,90,533,137,1,2
13925,464.167,434,person,0.8448,295,352,1008,713,0,2
13926,464.2,456,car,0.6772,474,90,533,137,1,2
13926,464.2,434,person,0.8516,295,352,1007,713,0,2
13927,464.233,456,car,0.6816,474,89,533,137,1,2
13927,464.233,434,person,0.8539,294,351,1006,713,0,2
13928,464.267,456,car,0.7366,473,89,533,137,1,2
13928,464.267,434,person,0.8339,287,346,1008,713,0,2
13929,464.3,456,car,0.7204,473,89,533,136,1,2
13929,464.3,434,person,0.8357,286,344,1008,713,0,2
13929,464.3,499,car,0.6308,829,141,989,226,0,2
13930,464.333,456,car,0.7511,473,89,533,136,1,2
13930,464.333,434,person,0.8581,283,344,1005,713,0,2
13930,464.333,499,car,0.7632,840,147,1014,241,0,2
13931,464.367,456,car,0.7826,472,89,531,136,1,2
13931,464.367,434,person,0.879,281,347,998,713,0,2
13931,464.367,499,car,0.8089,858,147,1042,247,0,2
13932,464.4,456,car,0.7747,472,88,531,136,1,2
13932,464.4,434,person,0.8581,280,347,994,713,0,2
13932,464.4,499,car,0.7893,885,159,1049,247,0,2
13933,464.433,456,car,0.7809,471,88,530,137,1,2
13933,464.433,434,person,0.8519,280,349,993,713,0,2
13933,464.433,499,car,0.7067,907,166,1079,257,0,2
13934,464.467,456,car,0.7766,471,89,530,137,1,2
13934,464.467,434,person,0.8539,279,349,992,713,0,2
13934,464.467,499,car,0.7453,926,170,1118,273,0,2
13935,464.5,456,car,0.7241,471,89,530,137,1,2
13935,464.5,434,person,0.852,279,347,992,713,0,2
13936,464.533,456,car,0.7456,471,88,530,136,1,2
13936,464.533,434,person,0.8526,275,346,990,712,0,2
13936,464.533,499,car,0.69,959,184,1181,302,0,2
13937,464.567,456,car,0.7746,470,88,529,137,1,2
13937,464.567,434,person,0.828,273,346,987,712,0,2
13938,464.6,456,car,0.7665,470,88,529,137,1,2
13938,464.6,434,person,0.8163,272,346,986,712,0,2
13939,464.633,456,car,0.7605,469,88,529,137,1,2
13939,464.633,434,person,0.8128,270,346,985,713,0,2
13940,464.667,456,car,0.6928,469,88,528,137,1,2
13940,464.667,434,person,0.7741,270,346,985,713,0,2
13941,464.7,456,car,0.706,470,88,528,137,1,2
13941,464.7,434,person,0.7768,270,346,985,713,0,2
13942,464.733,456,car,0.659,470,89,528,137,1,2
13942,464.733,434,person,0.7835,271,347,984,713,0,2
13943,464.767,456,car,0.6127,470,88,529,137,1,2
13943,464.767,434,person,0.8149,272,347,984,713,0,2
13944,464.8,434,person,0.8463,272,347,986,713,0,2
13945,464.833,434,person,0.8333,271,345,987,713,0,2
13945,464.833,456,car,0.6287,470,88,530,138,1,2
13946,464.867,434,person,0.8211,271,344,990,713,0,2
13946,464.867,456,car,0.6801,470,88,530,138,1,2
13947,464.9,434,person,0.8163,270,344,990,713,0,2
13947,464.9,456,car,0.6857,470,88,530,138,1,2
13948,464.933,434,person,0.8422,270,344,989,713,0,2
13948,464.933,456,car,0.7262,471,88,530,138,1,2
13949,464.967,434,person,0.8015,270,345,989,713,0,2
13949,464.967,456,car,0.7167,472,89,531,139,1,2
13950,465.0,434,person,0.8344,270,344,990,713,0,2
13950,465.0,456,car,0.7626,472,89,531,139,1,2
13951,465.033,434,person,0.8496,271,345,989,713,0,2
13951,465.033,456,car,0.7357,473,89,531,139,1,2
13952,465.067,434,person,0.8627,273,346,989,713,0,2
13952,465.067,456,car,0.7073,473,90,533,141,1,2
13953,465.1,434,person,0.8461,273,347,986,713,0,2
13953,465.1,456,car,0.7346,474,91,533,141,1,2
13954,465.133,434,person,0.7997,275,350,985,713,0,2
13954,465.133,456,car,0.7222,475,93,533,142,1,2
13955,465.167,434,person,0.8011,277,351,984,713,0,2
13955,465.167,456,car,0.6869,477,94,534,142,1,2
13956,465.2,434,person,0.7882,278,352,982,713,0,2
13956,465.2,456,car,0.6912,478,94,535,142,1,2
13957,465.233,434,person,0.8187,280,355,978,712,0,2
13957,465.233,456,car,0.757,480,95,537,143,1,2
13958,465.267,434,person,0.7893,280,355,979,712,0,2
13958,465.267,456,car,0.7567,480,95,539,145,1,2
13959,465.3,434,person,0.8144,281,357,979,712,0,2
13959,465.3,456,car,0.749,480,95,541,145,1,2
13960,465.333,434,person,0.8553,283,358,981,712,0,2
13960,465.333,456,car,0.772,480,95,542,146,1,2
13961,465.367,434,person,0.8104,285,357,983,712,0,2
13961,465.367,456,car,0.7782,481,95,543,146,1,2
13962,465.4,434,person,0.8373,285,358,984,713,0,2
13962,465.4,456,car,0.7883,481,95,544,147,1,2
13963,465.433,434,person,0.8472,285,359,983,713,0,2
13963,465.433,456,car,0.76,482,96,544,149,1,2
13964,465.467,434,person,0.8461,286,361,982,713,0,2
13964,465.467,456,car,0.7099,483,97,544,149,1,2
13965,465.5,434,person,0.8569,285,361,979,712,0,2
13965,465.5,456,car,0.6859,483,98,544,150,1,2
13966,465.533,434,person,0.8031,283,362,976,712,0,2
13966,465.533,456,car,0.6825,483,99,545,151,1,2
13967,465.567,434,person,0.7837,280,362,975,712,0,2
13967,465.567,456,car,0.7416,485,99,546,152,1,2
13968,465.6,434,person,0.7884,277,362,973,712,0,2
13968,465.6,456,car,0.7322,486,101,546,152,1,2
13969,465.633,434,person,0.8308,278,367,965,712,0,2
13969,465.633,456,car,0.7221,487,101,547,153,1,2
13970,465.667,434,person,0.8244,273,369,959,712,0,2
13970,465.667,456,car,0.6897,487,102,547,154,1,2
13971,465.7,434,person,0.8324,273,371,955,712,0,2
13971,465.7,456,car,0.6889,487,102,549,154,1,2
13972,465.733,434,person,0.8307,273,373,953,712,0,2
13972,465.733,456,car,0.6997,488,103,550,155,1,2
13973,465.767,434,person,0.8299,273,374,952,713,0,2
13973,465.767,456,car,0.6879,488,103,550,155,1,2
13974,465.8,434,person,0.8253,272,374,952,713,0,2
13974,465.8,456,car,0.6699,489,103,550,155,1,2
13975,465.833,434,person,0.8092,271,373,955,713,0,2
13975,465.833,456,car,0.6488,489,104,550,155,1,2
13976,465.867,434,person,0.7548,267,369,960,713,0,2
13976,465.867,456,car,0.6549,490,104,551,155,1,2
13977,465.9,434,person,0.7521,266,367,962,713,0,2
13977,465.9,456,car,0.6678,491,104,551,155,1,2
13978,465.933,434,person,0.777,269,368,961,713,0,2
13978,465.933,456,car,0.6077,491,103,552,155,1,2
13979,465.967,434,person,0.7613,269,368,961,713,0,2
13980,466.0,434,person,0.7787,270,368,961,713,0,2
13981,466.033,434,person,0.7838,269,369,960,712,0,2
13982,466.067,434,person,0.7504,266,368,960,713,0,2
13983,466.1,434,person,0.7323,263,366,962,713,0,2
13984,466.133,434,person,0.8117,264,368,959,713,0,2
13985,466.167,434,person,0.8036,264,368,959,713,0,2
13986,466.2,434,person,0.8319,264,370,957,712,0,2
13987,466.233,434,person,0.8016,265,371,954,712,0,2
13988,466.267,434,person,0.7665,267,376,950,712,0,2
13988,466.267,456,car,0.6583,499,103,558,154,1,2
13989,466.3,434,person,0.7198,270,378,949,712,0,2
13989,466.3,456,car,0.6565,499,104,558,154,1,2
13990,466.333,434,person,0.6731,272,382,946,713,0,2
13990,466.333,456,car,0.6615,499,104,558,154,1,2
13991,466.367,434,person,0.6431,272,383,947,713,0,2
13991,466.367,456,car,0.6581,499,103,559,154,1,2
13992,466.4,434,person,0.7037,270,382,947,712,0,2
13992,466.4,456,car,0.6865,501,103,559,154,1,2
13993,466.433,434,person,0.6797,265,378,951,712,0,2
13993,466.433,456,car,0.6482,501,102,560,153,1,2
13994,466.467,434,person,0.6462,263,375,957,712,0,2
13994,466.467,456,car,0.6927,502,102,560,153,1,2
13995,466.5,434,person,0.6604,262,374,959,713,0,2
13995,466.5,456,car,0.6852,503,102,560,153,1,2
13996,466.533,434,person,0.6064,266,378,955,712,0,2
13996,466.533,456,car,0.6117,503,101,562,153,1,2
13997,466.567,434,person,0.6487,272,383,952,712,0,2
13998,466.6,434,person,0.667,277,389,949,712,0,2
13998,466.6,456,car,0.6218,504,102,565,154,1,2
13999,466.633,434,person,0.6019,280,395,942,712,0,2
13999,466.633,456,car,0.6741,506,102,566,155,1,2
14000,466.667,456,car,0.6884,507,103,568,155,1,2
14001,466.7,456,car,0.6936,509,103,568,155,1,2
14002,466.733,456,car,0.6776,511,103,570,155,1,2
14003,466.767,456,car,0.686,512,103,570,154,1,2
14004,466.8,456,car,0.6772,512,103,571,154,1,2
14005,466.833,456,car,0.6369,512,102,571,154,1,2
14006,466.867,456,car,0.6287,513,102,571,154,1,2
14007,466.9,456,car,0.6307,513,102,571,154,1,2
14008,466.933,456,car,0.6514,513,102,573,154,1,2
14009,466.967,456,car,0.6348,514,102,573,153,1,2
14010,467.0,456,car,0.655,514,102,573,153,1,2
14012,467.067,434,person,0.6014,250,417,879,715,0,2
14014,467.133,456,car,0.6015,515,102,573,152,1,2
14015,467.167,456,car,0.6401,517,102,573,152,1,2
14016,467.2,456,car,0.6856,517,102,573,152,1,2
14017,467.233,456,car,0.709,517,102,573,152,1,2
14018,467.267,456,car,0.7207,517,102,574,152,1,2
14019,467.3,456,car,0.7197,517,102,574,152,1,2
14020,467.333,456,car,0.6598,517,102,574,152,1,2
14023,467.433,456,car,0.6329,518,102,575,152,1,2
14024,467.467,456,car,0.6747,518,102,576,153,1,2
14025,467.5,456,car,0.671,518,102,576,153,1,2
14026,467.533,456,car,0.6914,518,102,577,154,1,2
14027,467.567,456,car,0.676,519,102,578,154,1,2
14028,467.6,456,car,0.6935,519,102,578,154,1,2
14029,467.633,456,car,0.6812,519,103,578,154,1,2
14030,467.667,456,car,0.7022,519,103,579,155,1,2
14031,467.7,456,car,0.6968,519,103,579,155,1,2
14032,467.733,456,car,0.6866,519,103,581,155,1,2
14033,467.767,456,car,0.6243,519,103,581,157,1,2
14033,467.767,434,person,0.6963,267,367,1011,714,0,2
14034,467.8,434,person,0.7783,251,344,1037,714,0,2
14035,467.833,434,person,0.7535,246,333,1051,714,0,2
14035,467.833,456,car,0.6174,519,103,582,158,1,2
14036,467.867,434,person,0.8099,243,323,1061,714,0,2
14036,467.867,456,car,0.6328,519,104,582,158,1,2
14037,467.9,434,person,0.8446,245,322,1061,714,0,2
14037,467.9,456,car,0.6407,520,104,582,158,1,2
14038,467.933,434,person,0.8711,248,326,1056,714,0,2
14038,467.933,456,car,0.6441,519,105,582,159,1,2
14039,467.967,434,person,0.8398,254,335,1040,713,0,2
14039,467.967,456,car,0.6962,520,105,582,160,1,2
14040,468.0,434,person,0.8429,256,341,1031,713,0,2
14040,468.0,456,car,0.6449,520,106,582,161,1,2
14041,468.033,434,person,0.7728,258,346,1022,713,0,2
14041,468.033,456,car,0.6435,521,107,583,161,1,2
14042,468.067,434,person,0.6907,262,351,1016,713,0,2
14042,468.067,456,car,0.6197,521,109,583,162,1,2
14043,468.1,434,person,0.8013,254,336,1032,713,0,2
14044,468.133,434,person,0.7309,255,331,1040,714,0,2
14044,468.133,456,car,0.626,522,111,584,165,1,2
14045,468.167,434,person,0.6133,270,346,1026,715,0,2
14047,468.233,456,car,0.6428,525,112,586,166,1,2
14048,468.267,456,car,0.6759,525,112,586,167,1,2
14049,468.3,456,car,0.6694,525,113,587,167,1,2
14050,468.333,456,car,0.6177,525,113,586,167,1,2
14051,468.367,456,car,0.7214,526,114,587,167,1,2
14051,468.367,434,person,0.6945,257,330,1039,715,0,2
14052,468.4,456,car,0.7458,526,114,587,168,1,2
14052,468.4,502,car,0.6839,671,109,821,165,0,2
14052,468.4,434,person,0.6591,259,331,1035,714,0,2
14053,468.433,456,car,0.6998,527,114,587,168,1,2
14053,468.433,434,person,0.7076,263,335,1032,714,0,2
14054,468.467,456,car,0.7004,527,115,587,168,1,2
14054,468.467,434,person,0.6681,262,334,1031,714,0,2
14055,468.5,456,car,0.7364,527,115,587,169,1,2
14055,468.5,434,person,0.6442,261,333,1033,714,0,2
14055,468.5,502,car,0.7535,683,109,841,168,0,2
14056,468.533,456,car,0.7365,527,115,589,169,1,2
14056,468.533,434,person,0.6387,259,330,1033,714,0,2
14056,468.533,502,car,0.7729,688,109,854,170,0,2
14057,468.567,456,car,0.7097,527,115,589,169,1,2
14057,468.567,434,person,0.6583,259,331,1031,714,0,2
14057,468.567,502,car,0.6799,698,107,870,171,0,2
14058,468.6,456,car,0.7015,527,115,590,169,1,2
14058,468.6,502,car,0.635,707,107,881,173,0,2
14059,468.633,456,car,0.7298,528,114,591,168,1,2
14059,468.633,502,car,0.7561,718,107,897,176,0,2
14059,468.633,434,person,0.6611,263,329,1038,714,0,2
14060,468.667,456,car,0.727,529,113,592,168,1,2
14060,468.667,502,car,0.7989,726,106,911,177,0,2
14060,468.667,434,person,0.6006,287,360,1007,714,0,2
14061,468.7,456,car,0.7016,529,113,592,168,1,2
14061,468.7,502,car,0.7822,728,105,921,179,0,2
14061,468.7,434,person,0.6621,273,347,1021,714,0,2
14062,468.733,456,car,0.7336,530,112,593,167,1,2
14062,468.733,502,car,0.7005,735,105,931,181,0,2
14062,468.733,434,person,0.7239,270,344,1024,715,0,2
14063,468.767,456,car,0.6688,531,111,594,166,1,2
14063,468.767,502,car,0.7794,743,103,949,183,0,2
14063,468.767,434,person,0.7668,262,336,1032,715,0,2
14064,468.8,456,car,0.7294,533,111,594,166,1,2
14064,468.8,502,car,0.7397,750,103,958,184,0,2
14064,468.8,434,person,0.8011,259,333,1033,715,0,2
14065,468.833,456,car,0.641,533,111,594,166,1,2
14065,468.833,502,car,0.7954,762,103,971,185,0,2
14065,468.833,434,person,0.792,259,333,1033,715,0,2
14065,468.833,503,car,0.7729,717,106,795,160,0,2
14066,468.867,456,car,0.636,533,111,594,165,1,2
14066,468.867,502,car,0.664,769,103,990,189,0,2
14066,468.867,434,person,0.7764,257,331,1033,715,0,2
14066,468.867,503,car,0.7022,726,104,808,162,0,2
14067,468.9,456,car,0.6896,534,111,594,165,1,2
14067,468.9,502,car,0.6088,776,103,995,190,0,2
14067,468.9,434,person,0.8174,261,336,1029,715,0,2
14067,468.9,503,car,0.7747,729,104,815,165,0,2
14068,468.933,456,car,0.6907,534,111,594,165,1,2
14068,468.933,502,car,0.7315,783,102,1019,197,0,2
14068,468.933,434,person,0.8257,263,337,1027,715,0,2
14068,468.933,503,car,0.7272,736,105,824,166,0,2
14069,468.967,456,car,0.7109,534,111,594,165,1,2
14069,468.967,502,car,0.6768,797,102,1042,201,0,2
14069,468.967,434,person,0.8226,265,339,1025,717,0,2
14069,468.967,503,car,0.6888,744,104,834,167,0,2
14070,469.0,456,car,0.7126,534,111,594,165,1,2
14070,469.0,502,car,0.7078,805,102,1057,203,0,2
14070,469.0,434,person,0.8181,265,339,1026,717,0,2
14070,469.0,503,car,0.7226,750,104,843,170,0,2
14071,469.033,456,car,0.7463,534,111,594,166,1,2
14071,469.033,502,car,0.7596,814,103,1080,211,0,2
14071,469.033,434,person,0.7906,279,354,1015,715,0,2
14071,469.033,503,car,0.6869,758,104,858,174,0,2
14072,469.067,456,car,0.7486,534,111,594,166,1,2
14072,469.067,502,car,0.761,829,105,1103,216,0,2
14072,469.067,434,person,0.7507,281,357,1015,715,0,2
14072,469.067,503,car,0.7438,769,104,872,176,0,2
14073,469.1,456,car,0.7451,534,111,594,166,1,2
14073,469.1,502,car,0.8095,840,105,1120,219,0,2
14073,469.1,434,person,0.7765,280,355,1018,715,0,2
14073,469.1,503,car,0.7978,777,103,886,179,0,2
14074,469.133,456,car,0.7563,535,110,595,165,1,2
14074,469.133,502,car,0.7025,847,106,1145,231,0,2
14074,469.133,434,person,0.7939,282,357,1019,714,0,2
14074,469.133,503,car,0.8636,789,103,899,182,0,2
14075,469.167,456,car,0.7934,535,110,595,165,1,2
14075,469.167,502,car,0.8458,867,107,1179,239,0,2
14075,469.167,434,person,0.7419,283,355,1024,713,0,2
14075,469.167,503,car,0.7736,800,103,918,185,0,2
14076,469.2,456,car,0.7974,535,110,595,165,1,2
14076,469.2,502,car,0.8845,881,109,1202,245,0,2
14076,469.2,434,person,0.7239,283,354,1027,712,0,2
14076,469.2,503,car,0.7492,810,103,931,186,0,2
14077,469.233,456,car,0.8116,535,110,595,165,1,2
14077,469.233,502,car,0.8854,898,110,1240,257,0,2
14077,469.233,434,person,0.6952,282,352,1035,713,0,2
14077,469.233,503,car,0.8613,825,103,952,191,0,2
14078,469.267,456,car,0.811,535,110,595,165,1,2
14078,469.267,502,car,0.8708,927,112,1280,265,0,2
14078,469.267,434,person,0.7602,269,331,1062,714,0,2
14078,469.267,503,car,0.8644,838,104,975,197,0,2
14079,469.3,456,car,0.8111,535,110,597,165,1,2
14079,469.3,502,car,0.9005,942,112,1280,271,0,2
14079,469.3,434,person,0.8036,266,325,1071,715,0,2
14079,469.3,503,car,0.8546,848,104,993,201,0,2
14080,469.333,456,car,0.8082,535,110,595,163,1,2
14080,469.333,502,car,0.9086,961,114,1280,273,0,2
14080,469.333,434,person,0.7269,285,339,1059,714,0,2
14080,469.333,503,car,0.8798,863,104,1018,207,0,2
14081,469.367,456,car,0.7965,535,110,597,163,1,2
14081,469.367,502,car,0.8509,989,118,1280,274,0,2
14081,469.367,434,person,0.6939,290,344,1056,714,0,2
14081,469.367,503,car,0.8942,881,105,1049,215,0,2
14082,469.4,456,car,0.8019,535,110,597,163,1,2
14082,469.4,502,car,0.8032,1017,122,1280,270,0,2
14082,469.4,434,person,0.7161,291,346,1055,714,0,2
14082,469.4,503,car,0.868,894,105,1074,222,0,2
14083,469.433,456,car,0.7887,535,110,597,163,1,2
14083,469.433,502,car,0.7635,1049,127,1280,270,0,2
14083,469.433,434,person,0.753,293,349,1053,714,0,2
14083,469.433,503,car,0.8741,911,105,1105,230,0,2
14084,469.467,456,car,0.747,534,110,597,163,1,2
14084,469.467,434,person,0.7252,293,350,1051,714,0,2
14084,469.467,503,car,0.8539,927,103,1138,239,0,2
14085,469.5,456,car,0.7694,534,110,597,163,1,2
14085,469.5,434,person,0.7402,291,350,1053,714,0,2
14085,469.5,503,car,0.898,943,107,1160,247,0,2
14086,469.533,456,car,0.7805,534,110,597,163,1,2
14086,469.533,434,person,0.7039,291,350,1054,714,0,2
14086,469.533,503,car,0.8878,965,111,1191,256,0,2
14087,469.567,456,car,0.7469,534,109,597,163,1,2
14087,469.567,434,person,0.7501,293,350,1055,714,0,2
14087,469.567,503,car,0.8079,995,115,1224,262,0,2
14088,469.6,456,car,0.7374,533,109,597,163,1,2
14088,469.6,434,person,0.7932,293,349,1056,713,0,2
14088,469.6,503,car,0.8249,1018,118,1248,264,0,2
14089,469.633,456,car,0.6935,533,109,597,163,1,2
14089,469.633,434,person,0.7565,290,345,1062,713,0,2
14089,469.633,503,car,0.8123,1047,121,1279,270,0,2
14090,469.667,456,car,0.6859,533,109,597,163,1,2
14090,469.667,434,person,0.7992,290,343,1065,713,0,2
14090,469.667,503,car,0.7604,1078,128,1280,273,0,2
14091,469.7,434,person,0.8275,290,342,1067,713,0,2
14091,469.7,503,car,0.6083,1102,134,1280,271,0,2
14092,469.733,434,person,0.8198,291,343,1066,713,0,2
14092,469.733,456,car,0.6595,533,109,597,163,1,2
14093,469.767,434,person,0.8091,291,343,1066,713,0,2
14093,469.767,456,car,0.6324,531,109,595,163,1,2
14094,469.8,434,person,0.8296,289,342,1069,714,0,2
14094,469.8,456,car,0.6631,530,109,595,165,1,2
14095,469.833,434,person,0.8279,287,338,1071,714,0,2
14095,469.833,456,car,0.6263,529,109,594,165,1,2
14096,469.867,434,person,0.8386,277,328,1080,715,0,2
14097,469.9,434,person,0.8337,282,333,1074,715,0,2
14098,469.933,434,person,0.8323,286,335,1071,714,0,2
14099,469.967,434,person,0.8156,288,337,1069,714,0,2
14100,470.0,434,person,0.7989,289,339,1066,715,0,2
14101,470.033,434,person,0.8425,281,330,1074,715,0,2
14102,470.067,434,person,0.8368,280,327,1077,715,0,2
14103,470.1,434,person,0.8398,280,326,1077,715,0,2
14104,470.133,434,person,0.8054,281,325,1077,715,0,2
14105,470.167,434,person,0.7986,283,326,1075,715,0,2
14106,470.2,434,person,0.7482,283,325,1077,715,0,2
14107,470.233,434,person,0.691,295,335,1066,714,0,2
14108,470.267,434,person,0.7085,302,341,1062,714,0,2
14109,470.3,434,person,0.6817,304,345,1058,714,0,2
14110,470.333,434,person,0.7162,305,346,1058,714,0,2
14111,470.367,434,person,0.7326,306,349,1056,714,0,2
14112,470.4,434,person,0.7309,307,351,1056,715,0,2
14113,470.433,434,person,0.7016,305,351,1055,715,0,2
14114,470.467,434,person,0.7001,303,351,1055,715,0,2
14115,470.5,434,person,0.6253,302,351,1056,715,0,2
14116,470.533,434,person,0.6926,298,349,1057,715,0,2
14117,470.567,434,person,0.6931,298,349,1057,714,0,2
14118,470.6,434,person,0.6983,297,349,1058,714,0,2
14119,470.633,434,person,0.6666,297,350,1058,715,0,2
14120,470.667,434,person,0.746,296,349,1058,715,0,2
14121,470.7,434,person,0.6903,294,347,1058,714,0,2
14122,470.733,434,person,0.6461,290,347,1055,715,0,2
14123,470.767,434,person,0.7179,286,347,1050,715,0,2
14124,470.8,434,person,0.6796,283,347,1047,715,0,2
14125,470.833,434,person,0.8202,278,345,1046,715,0,2
14126,470.867,434,person,0.7747,281,350,1040,714,0,2
14127,470.9,434,person,0.746,282,351,1039,714,0,2
14128,470.933,434,person,0.6644,283,352,1039,714,0,2
14129,470.967,504,car,0.6835,522,109,590,165,1,2
14130,471.0,504,car,0.6866,522,109,590,165,1,2
14130,471.0,434,person,0.6795,287,352,1043,714,0,2
14131,471.033,504,car,0.6284,522,109,590,165,1,2
14131,471.033,434,person,0.7041,287,352,1046,714,0,2
14132,471.067,434,person,0.6649,287,353,1046,714,0,2
14133,471.1,434,person,0.6749,286,353,1046,714,0,2
14134,471.133,434,person,0.6485,285,353,1045,714,0,2
14135,471.167,434,person,0.6273,283,354,1043,714,0,2
14136,471.2,434,person,0.629,282,353,1043,714,0,2
14137,471.233,434,person,0.655,281,353,1045,714,0,2
14138,471.267,434,person,0.667,280,352,1046,714,0,2
14139,471.3,434,person,0.678,280,352,1046,713,0,2
14140,471.333,434,person,0.7846,282,351,1048,713,0,2
14141,471.367,434,person,0.8431,277,345,1056,714,0,2
14142,471.4,434,person,0.8202,275,341,1062,714,0,2
14143,471.433,434,person,0.7863,282,344,1058,713,0,2
14144,471.467,434,person,0.84,279,341,1064,713,0,2
14145,471.5,434,person,0.8529,280,341,1064,714,0,2
14146,471.533,434,person,0.8271,280,342,1063,714,0,2
14147,471.567,434,person,0.7481,281,345,1057,713,0,2
14147,471.567,504,car,0.6305,522,103,591,162,1,2
14148,471.6,434,person,0.7799,280,343,1058,713,0,2
14148,471.6,504,car,0.6968,522,103,591,162,1,2
14149,471.633,434,person,0.7696,283,345,1056,713,0,2
14149,471.633,504,car,0.687,523,103,591,161,1,2
14150,471.667,434,person,0.797,287,346,1056,713,0,2
14150,471.667,504,car,0.695,523,102,591,161,1,2
14151,471.7,434,person,0.7787,289,346,1057,713,0,2
14151,471.7,504,car,0.6864,525,101,591,160,1,2
14152,471.733,434,person,0.8607,293,346,1062,713,0,2
14152,471.733,504,car,0.6146,525,101,592,159,1,2
14153,471.767,434,person,0.8823,297,345,1067,713,0,2
14154,471.8,434,person,0.8743,299,345,1071,713,0,2
14155,471.833,434,person,0.8245,302,345,1072,713,0,2
14156,471.867,434,person,0.8495,301,343,1074,712,0,2
14157,471.9,434,person,0.8744,299,342,1075,712,0,2
14157,471.9,505,car,0.6761,475,99,512,129,1,2
14157,471.9,504,car,0.6084,527,97,594,157,1,2
14158,471.933,434,person,0.8641,296,341,1075,712,0,2
14158,471.933,505,car,0.7304,475,101,511,129,1,2
14158,471.933,504,car,0.608,528,96,595,157,1,2
14159,471.967,434,person,0.8538,295,339,1075,712,0,2
14159,471.967,505,car,0.7854,473,101,509,129,1,2
14159,471.967,504,car,0.6771,529,96,595,155,1,2
14160,472.0,434,person,0.836,294,339,1074,712,0,2
14160,472.0,505,car,0.7755,472,101,507,129,1,2
14160,472.0,504,car,0.6986,529,95,595,155,1,2
14161,472.033,434,person,0.8733,293,339,1073,712,0,2
14161,472.033,505,car,0.7433,471,99,507,129,1,2
14161,472.033,504,car,0.638,529,95,595,155,1,2
14162,472.067,434,person,0.9025,293,341,1071,712,0,2
14162,472.067,505,car,0.748,469,99,506,130,1,2
14162,472.067,504,car,0.655,530,96,595,154,1,2
14163,472.1,434,person,0.8948,293,339,1070,712,0,2
14163,472.1,505,car,0.7547,466,99,505,131,1,2
14163,472.1,504,car,0.689,529,95,595,155,1,2
14164,472.133,434,person,0.9025,291,341,1067,712,0,2
14164,472.133,505,car,0.7304,464,102,503,133,1,2
14164,472.133,504,car,0.713,529,96,594,155,1,2
14165,472.167,434,person,0.9074,291,342,1065,712,0,2
14165,472.167,505,car,0.7346,462,102,501,134,1,2
14165,472.167,504,car,0.6901,529,95,594,155,1,2
14166,472.2,434,person,0.9074,290,342,1064,712,0,2
14166,472.2,505,car,0.7241,459,102,501,135,1,2
14166,472.2,504,car,0.6594,528,95,594,154,1,2
14167,472.233,434,person,0.9046,288,339,1064,712,0,2
14167,472.233,505,car,0.788,456,102,499,136,1,2
14167,472.233,504,car,0.6715,528,95,594,154,1,2
14168,472.267,434,person,0.8848,288,339,1064,712,0,2
14168,472.267,505,car,0.8168,451,102,497,138,1,2
14168,472.267,504,car,0.74,528,95,594,154,1,2
14169,472.3,434,person,0.8754,288,339,1063,712,0,2
14169,472.3,505,car,0.7878,448,102,496,139,1,2
14169,472.3,504,car,0.7273,528,94,593,154,1,2
14170,472.333,434,person,0.8901,288,339,1063,712,0,2
14170,472.333,505,car,0.7329,445,102,494,141,1,2
14170,472.333,504,car,0.7149,528,95,593,154,1,2
14171,472.367,434,person,0.8694,291,339,1065,712,0,2
14171,472.367,505,car,0.706,439,101,493,144,1,2
14171,472.367,504,car,0.7058,527,95,593,154,1,2
14172,472.4,434,person,0.8777,291,339,1066,712,0,2
14172,472.4,505,car,0.7296,435,102,490,145,1,2
14172,472.4,504,car,0.6948,527,95,593,154,1,2
14173,472.433,434,person,0.8653,294,339,1067,712,0,2
14173,472.433,505,car,0.7337,431,102,488,147,1,2
14173,472.433,504,car,0.6771,528,95,593,154,1,2
14174,472.467,434,person,0.8674,293,339,1067,712,0,2
14174,472.467,505,car,0.7814,424,101,487,151,1,2
14174,472.467,504,car,0.6638,527,94,593,154,1,2
14175,472.5,434,person,0.8632,293,339,1066,712,0,2
14175,472.5,505,car,0.7914,421,102,485,153,1,2
14175,472.5,504,car,0.6553,526,94,593,154,1,2
14176,472.533,434,person,0.862,290,339,1063,712,0,2
14176,472.533,505,car,0.8297,415,103,481,157,1,2
14176,472.533,504,car,0.687,526,94,593,154,1,2
14177,472.567,434,person,0.8461,286,339,1059,712,0,2
14177,472.567,505,car,0.8164,408,104,478,160,1,2
14177,472.567,504,car,0.7293,525,93,593,154,1,2
14178,472.6,434,person,0.8107,283,338,1058,712,0,2
14178,472.6,505,car,0.7955,401,104,475,162,1,2
14178,472.6,504,car,0.7431,525,94,592,154,1,2
14179,472.633,434,person,0.8071,283,339,1055,712,0,2
14179,472.633,505,car,0.8416,393,105,471,169,1,2
14179,472.633,504,car,0.7365,525,94,591,153,1,2
14180,472.667,434,person,0.8308,283,339,1055,712,0,2
14180,472.667,505,car,0.8253,383,106,465,174,1,2
14180,472.667,504,car,0.7502,525,93,592,153,1,2
14181,472.7,434,person,0.8201,283,339,1055,712,0,2
14181,472.7,505,car,0.8471,376,107,462,177,1,2
14181,472.7,504,car,0.7651,525,94,591,153,1,2
14182,472.733,434,person,0.8125,283,338,1056,712,0,2
14182,472.733,505,car,0.843,365,109,458,183,1,2
14182,472.733,504,car,0.7871,525,94,591,153,1,2
14183,472.767,434,person,0.7775,283,338,1057,712,0,2
14183,472.767,505,car,0.8195,350,109,453,190,1,2
14183,472.767,504,car,0.7844,523,93,592,153,1,2
14184,472.8,434,person,0.7011,282,337,1058,712,0,2
14184,472.8,505,car,0.8306,338,110,448,197,1,2
14184,472.8,504,car,0.7698,523,93,591,153,1,2
14185,472.833,434,person,0.7568,282,338,1057,712,0,2
14185,472.833,505,car,0.879,322,114,439,206,1,2
14185,472.833,504,car,0.7786,523,93,592,153,1,2
14186,472.867,434,person,0.7584,285,339,1056,712,0,2
14186,472.867,505,car,0.8668,299,113,432,219,1,2
14186,472.867,504,car,0.7804,523,91,592,153,1,2
14187,472.9,434,person,0.7762,285,341,1054,712,0,2
14187,472.9,505,car,0.8697,282,115,427,230,1,2
14187,472.9,504,car,0.7814,523,91,592,153,1,2
14188,472.933,434,person,0.8107,286,342,1053,712,0,2
14188,472.933,505,car,0.8237,253,118,415,243,1,2
14188,472.933,504,car,0.7829,525,93,592,153,1,2
14189,472.967,434,person,0.7943,286,342,1053,712,0,2
14189,472.967,505,car,0.8232,229,125,402,258,0,2
14189,472.967,504,car,0.7485,525,93,592,152,1,2
14190,473.0,434,person,0.8178,287,342,1054,712,0,2
14190,473.0,505,car,0.8161,214,127,394,266,0,2
14190,473.0,504,car,0.743,525,91,592,152,1,2
14191,473.033,434,person,0.8043,288,342,1055,712,0,2
14191,473.033,505,car,0.7346,197,133,382,277,0,2
14191,473.033,504,car,0.7269,525,91,592,152,1,2
14192,473.067,434,person,0.8086,289,343,1054,712,0,2
14192,473.067,504,car,0.7233,525,91,593,152,1,2
14193,473.1,434,person,0.6992,289,343,1054,712,0,2
14193,473.1,504,car,0.7242,526,93,592,151,1,2
14194,473.133,504,car,0.7405,526,91,592,151,1,2
14195,473.167,504,car,0.7306,526,91,592,151,1,2
14195,473.167,434,person,0.7142,282,343,1049,713,0,2
14196,473.2,504,car,0.7226,525,91,592,151,1,2
14196,473.2,434,person,0.7293,278,342,1048,713,0,2
14197,473.233,504,car,0.7577,525,91,592,151,1,2
14197,473.233,434,person,0.8129,273,341,1045,712,0,2
14198,473.267,504,car,0.7534,525,91,592,151,1,2
14198,473.267,434,person,0.8012,271,341,1040,712,0,2
14199,473.3,504,car,0.7345,523,91,592,151,1,2
14199,473.3,434,person,0.7972,270,342,1037,712,0,2
14200,473.333,504,car,0.7299,523,91,592,151,1,2
14200,473.333,434,person,0.7814,269,346,1031,713,0,2
14201,473.367,504,car,0.7499,523,91,591,151,1,2
14201,473.367,434,person,0.7738,270,346,1031,713,0,2
14202,473.4,504,car,0.7423,522,91,591,151,1,2
14202,473.4,434,person,0.789,270,346,1031,712,0,2
14203,473.433,504,car,0.7444,522,91,590,151,1,2
14203,473.433,434,person,0.8267,269,344,1035,713,0,2
14204,473.467,504,car,0.7337,521,91,590,151,1,2
14204,473.467,434,person,0.7914,267,342,1040,714,0,2
14205,473.5,504,car,0.7724,520,91,589,151,1,2
14205,473.5,434,person,0.8027,270,343,1040,714,0,2
14206,473.533,504,car,0.7578,519,91,589,152,1,2
14206,473.533,434,person,0.8437,273,344,1040,714,0,2
14207,473.567,504,car,0.7586,519,91,589,152,1,2
14207,473.567,434,person,0.8016,274,344,1041,714,0,2
14208,473.6,504,car,0.7463,519,91,587,151,1,2
14208,473.6,434,person,0.8065,273,344,1041,714,0,2
14209,473.633,504,car,0.7233,518,91,587,151,1,2
14209,473.633,434,person,0.801,272,342,1043,713,0,2
14210,473.667,504,car,0.7387,518,91,587,151,1,2
14210,473.667,434,person,0.797,269,338,1045,713,0,2
14211,473.7,504,car,0.7489,517,91,587,151,1,2
14211,473.7,434,person,0.7967,267,338,1043,712,0,2
14212,473.733,504,car,0.7715,517,91,586,152,1,2
14212,473.733,434,person,0.8004,266,339,1041,712,0,2
14213,473.767,504,car,0.7655,517,91,586,152,1,2
14213,473.767,434,person,0.7902,272,345,1037,713,0,2
14214,473.8,504,car,0.7486,517,93,586,152,1,2
14214,473.8,434,person,0.7666,279,349,1039,713,0,2
14215,473.833,504,car,0.7089,515,93,586,152,1,2
14215,473.833,434,person,0.7211,281,352,1038,712,0,2
14216,473.867,504,car,0.7235,515,93,586,152,1,2
14216,473.867,434,person,0.7161,279,352,1038,712,0,2
14217,473.9,504,car,0.7453,515,91,585,152,1,2
14217,473.9,434,person,0.6859,273,351,1038,712,0,2
14218,473.933,504,car,0.7616,514,91,585,152,1,2
14218,473.933,434,person,0.6757,269,350,1035,711,0,2
14219,473.967,504,car,0.7181,514,91,585,152,1,2
14219,473.967,434,person,0.7284,266,350,1034,711,0,2
14220,474.0,504,car,0.7216,513,91,585,152,1,2
14220,474.0,434,person,0.695,265,350,1035,711,0,2
14221,474.033,504,car,0.7425,513,90,585,152,1,2
14221,474.033,434,person,0.6192,265,349,1039,711,0,2
14222,474.067,504,car,0.7348,513,90,585,152,1,2
14222,474.067,434,person,0.6933,264,347,1043,711,0,2
14223,474.1,504,car,0.7546,513,90,585,152,1,2
14223,474.1,434,person,0.6159,264,345,1048,711,0,2
14224,474.133,504,car,0.7776,514,90,585,152,1,2
14224,474.133,434,person,0.6681,263,344,1051,712,0,2
14225,474.167,504,car,0.7646,514,91,585,153,1,2
14225,474.167,434,person,0.6601,265,345,1051,712,0,2
14226,474.2,504,car,0.7818,514,91,585,153,1,2
14226,474.2,434,person,0.6693,261,343,1055,713,0,2
14227,474.233,504,car,0.7882,515,93,586,153,1,2
14227,474.233,434,person,0.7123,264,346,1051,713,0,2
14228,474.267,504,car,0.7908,515,93,586,153,1,2
14228,474.267,434,person,0.7467,265,349,1050,714,0,2
14229,474.3,504,car,0.7887,515,93,586,153,1,2
14229,474.3,434,person,0.726,264,349,1051,714,0,2
14230,474.333,504,car,0.7914,515,93,586,153,1,2
14230,474.333,434,person,0.7656,263,347,1051,714,0,2
14231,474.367,504,car,0.8022,515,93,586,153,1,2
14231,474.367,434,person,0.733,264,349,1050,713,0,2
14232,474.4,504,car,0.8245,515,93,586,153,1,2
14232,474.4,434,person,0.7577,262,346,1049,712,0,2
14233,474.433,504,car,0.8192,515,91,587,154,1,2
14233,474.433,434,person,0.7119,257,344,1050,712,0,2
14234,474.467,504,car,0.83,515,93,587,154,1,2
14234,474.467,434,person,0.7604,258,347,1046,712,0,2
14235,474.5,504,car,0.8286,515,93,587,154,1,2
14235,474.5,434,person,0.792,259,350,1042,712,0,2
14236,474.533,504,car,0.8152,515,93,587,155,1,2
14236,474.533,434,person,0.7501,259,352,1039,712,0,2
14237,474.567,504,car,0.7902,515,94,587,157,1,2
14237,474.567,434,person,0.7698,258,352,1040,713,0,2
14238,474.6,504,car,0.7542,515,95,589,158,1,2
14238,474.6,434,person,0.7666,258,352,1041,713,0,2
14239,474.633,504,car,0.7407,517,94,590,158,1,2
14239,474.633,434,person,0.788,261,351,1043,713,0,2
14240,474.667,504,car,0.7628,518,95,591,159,1,2
14240,474.667,434,person,0.7103,264,351,1047,713,0,2
14241,474.7,504,car,0.809,518,96,592,160,1,2
14241,474.7,434,person,0.6541,266,353,1047,713,0,2
14242,474.733,504,car,0.7882,520,98,594,162,1,2
14242,474.733,434,person,0.6333,264,351,1050,714,0,2
14243,474.767,504,car,0.8205,523,101,595,163,1,2
14244,474.8,504,car,0.7705,526,103,597,165,1,2
14245,474.833,504,car,0.8059,527,105,599,168,1,2
14246,474.867,504,car,0.8125,528,107,601,171,1,2
14247,474.9,504,car,0.7501,529,107,603,173,1,2
14248,474.933,504,car,0.7395,530,110,603,174,1,2
14249,474.967,504,car,0.7821,533,110,606,175,1,2
14250,475.0,504,car,0.7589,534,111,607,175,1,2
14251,475.033,504,car,0.7613,534,111,607,176,1,2
14252,475.067,504,car,0.8098,535,112,607,177,1,2
14253,475.1,504,car,0.8253,535,113,608,177,1,2
14254,475.133,504,car,0.8281,535,114,608,178,1,2
14255,475.167,504,car,0.8328,535,115,608,179,1,2
14256,475.2,504,car,0.8249,535,115,608,181,1,2
14257,475.233,504,car,0.8305,535,117,608,182,1,2
14257,475.233,434,person,0.6474,278,387,992,714,0,2
14258,475.267,504,car,0.8277,535,117,608,182,1,2
14259,475.3,504,car,0.8276,535,118,609,183,1,2
14260,475.333,504,car,0.8129,535,118,609,183,1,2
14260,475.333,434,person,0.6501,280,399,979,714,0,2
14261,475.367,504,car,0.7965,535,118,609,183,1,2
14262,475.4,504,car,0.7752,536,118,609,183,1,2
14263,475.433,504,car,0.7518,536,118,610,183,1,2
14263,475.433,434,person,0.6104,263,384,999,714,0,2
14264,475.467,504,car,0.7371,537,118,610,183,1,2
14265,475.5,504,car,0.7291,537,119,610,183,1,2
14266,475.533,504,car,0.7198,538,120,610,184,1,2
14267,475.567,504,car,0.7361,538,121,611,185,1,2
14267,475.567,434,person,0.6007,272,398,985,714,0,2
14268,475.6,504,car,0.7508,538,121,611,185,1,2
14268,475.6,434,person,0.6753,273,401,984,714,0,2
14269,475.633,504,car,0.7565,538,121,613,185,1,2
14269,475.633,434,person,0.7587,273,405,983,713,0,2
14270,475.667,504,car,0.755,538,121,613,185,1,2
14270,475.667,434,person,0.7841,272,406,983,713,0,2
14271,475.7,504,car,0.7189,539,121,613,185,1,2
14271,475.7,434,person,0.7257,270,405,986,713,0,2
14272,475.733,504,car,0.7386,539,121,613,185,1,2
14273,475.767,504,car,0.7337,539,120,613,185,1,2
14274,475.8,504,car,0.7315,539,120,614,185,1,2
14275,475.833,504,car,0.7772,541,120,615,185,1,2
14276,475.867,504,car,0.7698,541,120,615,185,1,2
14277,475.9,504,car,0.7648,541,119,616,185,1,2
14278,475.933,504,car,0.7365,542,119,616,185,1,2
14279,475.967,504,car,0.7408,543,119,617,184,1,2
14280,476.0,504,car,0.7647,544,119,617,184,1,2
14281,476.033,504,car,0.7703,544,118,618,184,1,2
14281,476.033,508,car,0.6311,605,110,642,141,1,2
14282,476.067,504,car,0.7718,544,118,619,184,1,2
14282,476.067,508,car,0.6652,606,111,643,141,1,2
14283,476.1,504,car,0.7726,545,118,619,184,1,2
14283,476.1,508,car,0.6939,607,110,645,141,1,2
14284,476.133,504,car,0.7684,546,119,621,183,1,2
14284,476.133,508,car,0.6919,608,110,646,141,1,2
14285,476.167,504,car,0.7895,549,119,622,183,1,2
14285,476.167,508,car,0.6864,609,110,648,141,1,2
14286,476.2,504,car,0.8023,550,119,623,183,1,2
14286,476.2,508,car,0.6836,611,110,649,141,1,2
14287,476.233,504,car,0.7815,550,119,624,183,1,2
14288,476.267,504,car,0.789,551,119,625,183,1,2
14289,476.3,504,car,0.8049,551,118,626,183,1,2
14290,476.333,504,car,0.806,552,118,627,183,1,2
14290,476.333,508,car,0.7091,623,111,658,138,1,2
14291,476.367,504,car,0.7778,554,117,630,183,1,2
14291,476.367,508,car,0.7415,626,110,661,137,1,2
14292,476.4,504,car,0.802,555,117,631,182,1,2
14292,476.4,508,car,0.752,627,110,663,137,1,2
14292,476.4,509,person,0.6219,263,499,429,717,0,2
14293,476.433,504,car,0.8247,557,117,632,182,1,2
14293,476.433,508,car,0.7473,627,109,664,136,1,2
14293,476.433,509,person,0.6206,267,511,425,718,0,2
14294,476.467,504,car,0.8314,559,115,634,182,1,2
14294,476.467,508,car,0.7336,630,107,667,135,1,2
14294,476.467,509,person,0.6381,274,520,426,718,0,2
14295,476.5,504,car,0.7965,560,115,635,182,1,2
14295,476.5,508,car,0.6688,633,107,670,135,1,2
14295,476.5,509,person,0.6764,279,526,426,718,0,2
14296,476.533,504,car,0.7704,562,115,637,181,1,2
14296,476.533,509,person,0.684,285,533,429,718,0,2
14297,476.567,504,car,0.7967,563,115,639,182,1,2
14297,476.567,509,person,0.6843,287,535,430,718,0,2
14297,476.567,508,car,0.6269,637,105,677,135,1,2
14298,476.6,504,car,0.8047,563,114,641,182,1,2
14298,476.6,509,person,0.6872,289,536,432,718,0,2
14298,476.6,508,car,0.6502,639,105,679,135,1,2
14299,476.633,504,car,0.7612,565,114,642,182,1,2
14299,476.633,509,person,0.6378,289,535,435,719,0,2
14299,476.633,508,car,0.6918,640,104,682,135,1,2
14300,476.667,504,car,0.7218,567,114,643,181,1,2
14300,476.667,509,person,0.6237,289,530,439,718,0,2
14300,476.667,508,car,0.7559,642,103,686,135,1,2
14301,476.7,504,car,0.7048,568,113,645,179,1,2
14301,476.7,509,person,0.6011,289,528,442,718,0,2
14301,476.7,508,car,0.7667,643,102,688,135,1,2
14302,476.733,504,car,0.6701,570,112,646,178,1,2
14302,476.733,509,person,0.6217,287,522,446,718,0,2
14302,476.733,508,car,0.7378,647,102,690,134,1,2
14303,476.767,504,car,0.7201,574,111,648,177,1,2
14303,476.767,509,person,0.6363,283,518,445,718,0,2
14303,476.767,508,car,0.7669,649,99,693,133,1,2
14304,476.8,504,car,0.73,575,111,649,176,1,2
14304,476.8,509,person,0.6462,281,515,445,718,0,2
14304,476.8,508,car,0.732,650,99,694,131,1,2
14305,476.833,504,car,0.771,576,110,650,175,1,2
14305,476.833,509,person,0.6242,280,514,445,718,0,2
14305,476.833,508,car,0.7824,655,99,695,129,1,2
14306,476.867,504,car,0.7271,577,109,653,174,1,2
14306,476.867,508,car,0.7796,656,97,697,128,1,2
14307,476.9,504,car,0.713,578,107,654,174,1,2
14307,476.9,508,car,0.7465,657,96,699,127,1,2
14307,476.9,509,person,0.6229,279,505,449,718,0,2
14308,476.933,504,car,0.6268,579,105,656,171,1,2
14308,476.933,508,car,0.708,659,95,702,126,1,2
14309,476.967,504,car,0.6571,581,104,657,170,1,2
14309,476.967,508,car,0.6986,663,94,704,123,1,2
14310,477.0,508,car,0.7078,666,94,706,122,0,2
14311,477.033,508,car,0.6893,669,93,707,120,0,2
14311,477.033,504,car,0.6608,585,102,661,168,1,2
14312,477.067,508,car,0.682,671,90,711,119,0,2
14312,477.067,504,car,0.7025,587,102,663,166,1,2
14313,477.1,508,car,0.6919,672,89,713,119,0,2
14313,477.1,504,car,0.7596,590,101,664,166,1,2
14313,477.1,510,person,0.622,286,458,961,717,0,2
14314,477.133,508,car,0.723,673,89,715,119,0,2
14314,477.133,504,car,0.7526,592,101,666,166,1,2
14314,477.133,509,person,0.641,280,479,466,717,0,2
14315,477.167,508,car,0.7502,677,88,719,118,0,2
14315,477.167,504,car,0.6346,595,101,670,165,1,2
14315,477.167,509,person,0.6794,282,472,469,717,0,2
14316,477.2,508,car,0.7704,679,88,721,118,0,2
14316,477.2,504,car,0.7587,597,101,672,165,1,2
14316,477.2,509,person,0.6539,286,469,471,717,0,2
14317,477.233,508,car,0.7407,681,87,723,117,0,2
14317,477.233,504,car,0.8013,598,101,673,166,1,2
14317,477.233,509,person,0.601,288,461,474,715,0,2
14318,477.267,508,car,0.7106,685,86,727,115,0,2
14318,477.267,504,car,0.7441,601,99,677,165,1,2
14319,477.3,508,car,0.742,687,86,728,114,0,2
14319,477.3,504,car,0.7881,603,99,678,163,1,2
14319,477.3,510,person,0.6795,279,441,994,717,0,2
14320,477.333,508,car,0.7012,689,85,731,113,0,2
14320,477.333,504,car,0.8043,605,98,680,163,1,2
14321,477.367,508,car,0.7277,691,83,734,112,0,2
14321,477.367,504,car,0.8495,607,98,683,165,1,2
14321,477.367,510,person,0.7394,280,438,998,717,0,2
14322,477.4,508,car,0.7141,693,83,735,112,0,2
14322,477.4,504,car,0.8455,609,98,685,165,1,2
14322,477.4,510,person,0.7429,282,438,997,717,0,2
14323,477.433,508,car,0.697,695,82,737,112,0,2
14323,477.433,504,car,0.8245,610,98,687,165,1,2
14323,477.433,510,person,0.7829,285,437,997,717,0,2
14324,477.467,508,car,0.6821,696,81,739,111,0,2
14324,477.467,504,car,0.8047,613,98,689,165,1,2
14324,477.467,510,person,0.6638,286,433,998,715,0,2
14325,477.5,508,car,0.6533,697,80,741,111,0,2
14325,477.5,504,car,0.7894,614,98,690,165,1,2
14325,477.5,510,person,0.6219,288,432,994,714,0,2
14326,477.533,508,car,0.6869,701,80,743,110,0,2
14326,477.533,504,car,0.7916,615,98,691,165,1,2
14326,477.533,510,person,0.6213,293,433,994,714,0,2
14327,477.567,508,car,0.7371,702,78,746,110,0,2
14327,477.567,504,car,0.804,617,98,694,165,1,2
14327,477.567,510,person,0.6651,297,433,993,714,0,2
14328,477.6,508,car,0.6908,702,77,749,109,0,2
14328,477.6,504,car,0.8142,618,98,695,165,1,2
14328,477.6,510,person,0.6883,299,434,990,714,0,2
14329,477.633,508,car,0.6655,704,78,749,109,0,2
14329,477.633,504,car,0.83,619,98,696,165,1,2
14329,477.633,510,person,0.7212,303,435,986,715,0,2
14330,477.667,508,car,0.6824,705,78,750,109,0,2
14330,477.667,504,car,0.8178,622,98,698,165,1,2
14330,477.667,510,person,0.7249,304,434,985,714,0,2
14331,477.7,508,car,0.6931,706,78,750,109,0,2
14331,477.7,504,car,0.8175,622,98,699,165,1,2
14331,477.7,510,person,0.7922,305,435,983,714,0,2
14332,477.733,508,car,0.6624,706,78,750,109,0,2
14332,477.733,504,car,0.7696,623,97,701,165,1,2
14332,477.733,510,person,0.7611,309,435,985,714,0,2
14333,477.767,508,car,0.7218,707,78,751,107,0,2
14333,477.767,504,car,0.7928,624,96,702,163,1,2
14333,477.767,510,person,0.7955,310,435,982,714,0,2
14334,477.8,508,car,0.7283,709,78,751,107,0,2
14334,477.8,504,car,0.8002,625,96,703,163,1,2
14334,477.8,510,person,0.7635,310,435,979,714,0,2
14335,477.833,508,car,0.7132,710,78,752,106,0,2
14335,477.833,504,car,0.7991,625,96,704,163,1,2
14335,477.833,510,person,0.7708,310,434,981,715,0,2
14336,477.867,508,car,0.7387,712,78,752,105,0,2
14336,477.867,504,car,0.8088,625,95,705,163,1,2
14336,477.867,510,person,0.7558,309,432,982,715,0,2
14337,477.9,508,car,0.73,712,78,753,105,0,2
14337,477.9,504,car,0.8174,626,95,705,163,1,2
14337,477.9,510,person,0.7425,309,431,983,715,0,2
14338,477.933,508,car,0.6973,713,77,754,104,0,2
14338,477.933,504,car,0.8093,627,95,706,163,1,2
14338,477.933,510,person,0.7585,311,430,983,715,0,2
14339,477.967,508,car,0.7194,714,75,754,103,0,2
14339,477.967,504,car,0.8165,629,95,707,163,1,2
14339,477.967,510,person,0.7523,311,430,982,715,0,2
14340,478.0,508,car,0.7302,714,75,754,103,0,2
14340,478.0,504,car,0.8118,629,95,707,163,1,2
14340,478.0,510,person,0.7589,313,430,981,715,0,2
14341,478.033,508,car,0.7107,714,74,755,103,0,2
14341,478.033,504,car,0.7807,630,94,709,162,1,2
14341,478.033,510,person,0.7515,314,431,977,715,0,2
14342,478.067,508,car,0.6701,714,74,755,102,0,2
14342,478.067,504,car,0.7286,631,94,709,161,1,2
14342,478.067,510,person,0.7652,312,427,978,715,0,2
14343,478.1,508,car,0.659,715,74,757,102,0,2
14343,478.1,504,car,0.7297,632,93,709,160,1,2
14343,478.1,510,person,0.7781,310,425,979,715,0,2
14344,478.133,508,car,0.6727,714,72,757,101,0,2
14344,478.133,504,car,0.8026,632,91,710,159,1,2
14344,478.133,510,person,0.7538,309,424,978,715,0,2
14345,478.167,508,car,0.72,714,70,758,99,0,2
14345,478.167,504,car,0.8144,633,90,711,158,1,2
14345,478.167,510,person,0.7595,309,424,976,715,0,2
14346,478.2,508,car,0.7181,714,70,758,99,0,2
14346,478.2,504,car,0.798,634,89,711,157,1,2
14346,478.2,510,person,0.781,312,426,973,715,0,2
14347,478.233,508,car,0.687,714,69,755,98,0,2
14347,478.233,504,car,0.8002,634,89,712,157,1,2
14347,478.233,510,person,0.7786,313,426,970,715,0,2
14348,478.267,508,car,0.7536,713,67,754,97,0,2
14348,478.267,504,car,0.8091,634,87,713,155,1,2
14348,478.267,510,person,0.7962,314,426,969,714,0,2
14349,478.3,508,car,0.7554,713,66,754,96,0,2
14349,478.3,504,car,0.8049,634,87,713,154,1,2
14349,478.3,510,person,0.7574,313,426,967,715,0,2
14350,478.333,508,car,0.7651,712,65,753,95,0,2
14350,478.333,504,car,0.8119,634,85,713,153,1,2
14350,478.333,510,person,0.7748,317,429,965,715,0,2
14351,478.367,508,car,0.7685,711,64,753,94,0,2
14351,478.367,504,car,0.7968,634,83,713,152,1,2
14351,478.367,510,person,0.7897,314,429,962,715,0,2
14352,478.4,508,car,0.75,710,64,752,94,0,2
14352,478.4,504,car,0.7888,633,82,712,151,1,2
14352,478.4,510,person,0.801,313,427,962,715,0,2
14353,478.433,508,car,0.7445,709,63,751,94,0,2
14353,478.433,504,car,0.7742,633,82,711,150,1,2
14353,478.433,510,person,0.7632,309,424,966,715,0,2
14354,478.467,508,car,0.7195,706,62,749,93,0,2
14354,478.467,504,car,0.7613,633,81,710,147,1,2
14354,478.467,510,person,0.7244,309,421,970,715,0,2
14355,478.5,508,car,0.7456,705,62,747,91,0,2
14355,478.5,504,car,0.7641,633,81,709,146,1,2
14355,478.5,510,person,0.7173,305,418,969,715,0,2
14356,478.533,508,car,0.7386,704,61,746,90,0,2
14356,478.533,504,car,0.7778,631,79,707,145,1,2
14356,478.533,510,person,0.6654,304,418,970,715,0,2
14357,478.567,508,car,0.778,703,58,745,89,0,2
14357,478.567,504,car,0.7882,631,78,707,144,1,2
14357,478.567,510,person,0.627,304,418,969,715,0,2
14358,478.6,508,car,0.7603,702,57,745,88,0,2
14358,478.6,504,car,0.7817,631,78,706,144,1,2
14358,478.6,510,person,0.638,303,417,968,715,0,2
14359,478.633,508,car,0.733,701,56,743,87,0,2
14359,478.633,504,car,0.8068,630,75,706,142,1,2
14359,478.633,510,person,0.6464,304,410,984,715,0,2
14360,478.667,508,car,0.7042,699,56,741,86,0,2
14360,478.667,504,car,0.7989,630,74,706,141,1,2
14360,478.667,510,person,0.6638,305,407,993,714,0,2
14361,478.7,508,car,0.7229,698,55,739,86,0,2
14361,478.7,504,car,0.7873,629,73,706,141,1,2
14361,478.7,510,person,0.6956,298,403,991,714,0,2
14362,478.733,508,car,0.7429,697,54,738,83,0,2
14362,478.733,504,car,0.7526,627,71,706,139,1,2
14362,478.733,510,person,0.6584,290,401,987,715,0,2
14363,478.767,508,car,0.6853,695,53,736,83,0,2
14363,478.767,504,car,0.7751,627,70,705,138,1,2
14363,478.767,510,person,0.6676,297,397,1006,715,0,2
14364,478.8,508,car,0.6729,694,53,735,82,0,2
14364,478.8,504,car,0.7866,626,69,705,137,1,2
14364,478.8,510,person,0.7497,297,393,1015,714,0,2
14365,478.833,508,car,0.6994,691,53,730,81,0,2
14365,478.833,504,car,0.6998,626,67,704,137,1,2
14365,478.833,510,person,0.7415,280,387,1006,714,0,2
14366,478.867,508,car,0.7343,688,51,728,81,0,2
14366,478.867,504,car,0.7936,625,66,704,136,1,2
14366,478.867,510,person,0.671,265,386,989,715,0,2
14367,478.9,508,car,0.7007,686,50,726,80,0,2
14367,478.9,504,car,0.7756,625,66,703,136,1,2
14367,478.9,510,person,0.7117,255,387,968,714,0,2
14368,478.933,508,car,0.7311,683,49,723,79,0,2
14368,478.933,504,car,0.8191,624,66,702,135,1,2
14368,478.933,510,person,0.6618,254,386,966,714,0,2
14369,478.967,508,car,0.7153,678,49,720,80,0,2
14369,478.967,504,car,0.8247,622,65,701,135,1,2
14370,479.0,508,car,0.6675,675,48,719,80,0,2
14370,479.0,504,car,0.7982,619,64,699,134,1,2
14371,479.033,508,car,0.6467,672,47,715,79,0,2
14371,479.033,504,car,0.7729,618,63,698,134,1,2
14372,479.067,508,car,0.6383,670,47,713,78,0,2
14372,479.067,504,car,0.7692,617,63,697,134,1,2
14373,479.1,508,car,0.6134,667,46,710,78,0,2
14373,479.1,504,car,0.7711,616,62,697,134,1,2
14374,479.133,504,car,0.7822,616,62,696,134,1,2
14375,479.167,504,car,0.7771,616,62,696,133,1,2
14376,479.2,504,car,0.7929,616,62,696,133,1,2
14377,479.233,504,car,0.777,616,62,696,131,1,2
14378,479.267,504,car,0.7859,616,62,696,133,1,2
14379,479.3,504,car,0.781,616,61,696,133,1,2
14380,479.333,504,car,0.7769,616,61,696,133,1,2
14381,479.367,504,car,0.7909,616,61,696,133,1,2
14382,479.4,504,car,0.7903,616,61,696,131,1,2
14383,479.433,504,car,0.7681,616,62,696,131,1,2
14384,479.467,504,car,0.7868,616,62,696,131,1,2
14385,479.5,504,car,0.7715,615,62,695,133,1,2
14386,479.533,504,car,0.7954,614,62,695,133,1,2
14387,479.567,504,car,0.8371,611,62,693,134,1,2
14388,479.6,504,car,0.8226,610,62,693,134,1,2
14389,479.633,504,car,0.827,608,63,690,135,1,2
14390,479.667,504,car,0.8083,607,64,689,136,1,2
14391,479.7,504,car,0.8195,606,65,688,137,1,2
14392,479.733,504,car,0.7775,603,65,687,138,1,2
14393,479.767,504,car,0.754,601,66,685,139,1,2
14394,479.8,504,car,0.7299,599,66,683,141,1,2
14395,479.833,504,car,0.7416,597,67,681,142,1,2
14396,479.867,504,car,0.7865,594,67,679,143,1,2
14396,479.867,510,person,0.6259,299,417,951,717,0,2
14397,479.9,504,car,0.8099,593,67,678,143,1,2
14398,479.933,504,car,0.8228,592,70,677,144,1,2
14398,479.933,510,person,0.6027,307,422,957,717,0,2
14399,479.967,504,car,0.7464,590,71,673,146,1,2
14400,480.0,504,car,0.7199,587,72,672,146,1,2
14401,480.033,504,car,0.6989,586,73,671,149,1,2
14402,480.067,504,car,0.689,584,73,670,150,1,2
14403,480.1,504,car,0.7245,583,74,669,151,1,2
14404,480.133,504,car,0.8232,581,75,666,151,1,2
14405,480.167,504,car,0.8581,579,75,664,152,1,2
14406,480.2,504,car,0.8432,578,77,663,152,1,2
14407,480.233,504,car,0.8215,577,78,661,153,1,2
14407,480.233,510,person,0.6034,304,419,967,718,0,2
14408,480.267,504,car,0.8249,576,79,659,154,1,2
14408,480.267,510,person,0.6371,289,402,984,715,0,2
14409,480.3,504,car,0.8353,574,80,658,155,1,2
14409,480.3,510,person,0.6551,277,391,990,715,0,2
14410,480.333,504,car,0.7947,573,81,657,157,1,2
14410,480.333,510,person,0.696,265,381,997,715,0,2
14411,480.367,504,car,0.8134,570,81,656,158,1,2
14411,480.367,510,person,0.6839,256,368,1011,715,0,2
14412,480.4,504,car,0.8392,569,82,654,158,1,2
14412,480.4,510,person,0.6963,245,360,1015,715,0,2
14413,480.433,504,car,0.8078,567,83,653,159,1,2
14414,480.467,504,car,0.8006,566,83,651,160,1,2
14414,480.467,510,person,0.6413,214,338,1023,714,0,2
14415,480.5,504,car,0.7647,565,83,651,161,1,2
14416,480.533,504,car,0.8048,565,85,650,161,1,2
14417,480.567,504,car,0.7618,565,86,648,162,1,2
14418,480.6,504,car,0.7768,563,87,648,162,1,2
14419,480.633,504,car,0.7351,563,87,647,163,1,2
14420,480.667,504,car,0.7202,562,88,647,165,1,2
14421,480.7,504,car,0.7189,561,88,646,165,1,2
14422,480.733,504,car,0.7161,560,88,645,166,1,2
14423,480.767,504,car,0.7894,560,90,643,167,1,2
14424,480.8,504,car,0.7872,560,91,643,167,1,2
14424,480.8,510,person,0.6176,253,358,1027,713,0,2
14425,480.833,504,car,0.7927,559,93,642,168,1,2
14426,480.867,504,car,0.8254,558,94,642,168,1,2
14427,480.9,504,car,0.8031,557,94,642,169,1,2
14427,480.9,511,person,0.615,770,381,1051,711,0,2
14428,480.933,504,car,0.7903,557,94,642,169,1,2
14428,480.933,511,person,0.6007,767,381,1048,711,0,2
14429,480.967,504,car,0.8018,557,94,641,170,1,2
14429,480.967,511,person,0.6276,766,382,1046,711,0,2
14430,481.0,504,car,0.7842,557,95,641,170,1,2
14430,481.0,511,person,0.68,770,389,1046,711,0,2
14431,481.033,504,car,0.7973,555,96,641,171,1,2
14431,481.033,511,person,0.6327,773,393,1043,711,0,2
14432,481.067,504,car,0.8036,554,96,641,173,1,2
14433,481.1,504,car,0.8127,553,96,640,174,1,2
14434,481.133,504,car,0.8106,552,96,640,174,1,2
14434,481.133,511,person,0.6513,777,403,1041,711,0,2
14435,481.167,504,car,0.8098,551,97,639,175,1,2
14435,481.167,511,person,0.6508,775,402,1040,712,0,2
14436,481.2,504,car,0.8088,551,97,639,175,1,2
14436,481.2,511,person,0.6914,773,401,1040,712,0,2
14437,481.233,504,car,0.8136,551,98,639,176,1,2
14437,481.233,511,person,0.6251,767,399,1038,712,0,2
14437,481.233,512,person,0.6296,269,406,446,712,0,2
14438,481.267,504,car,0.8091,551,99,639,177,1,2
14438,481.267,512,person,0.659,267,408,443,712,0,2
14439,481.3,504,car,0.8083,551,101,639,177,1,2
14439,481.3,512,person,0.6739,267,410,441,712,0,2
14440,481.333,504,car,0.8031,551,101,639,178,1,2
14440,481.333,512,person,0.7082,267,413,440,711,0,2
14441,481.367,504,car,0.7967,551,102,640,179,1,2
14441,481.367,512,person,0.7396,267,414,439,712,0,2
14442,481.4,504,car,0.8133,551,102,640,181,1,2
14442,481.4,512,person,0.7463,267,415,439,711,0,2
14442,481.4,511,person,0.6039,761,392,1037,711,0,2
14443,481.433,504,car,0.8344,551,103,640,182,1,2
14443,481.433,512,person,0.747,267,415,439,711,0,2
14443,481.433,511,person,0.607,761,392,1035,711,0,2
14444,481.467,504,car,0.8316,551,104,639,183,1,2
14444,481.467,512,person,0.7047,267,416,438,711,0,2
14444,481.467,511,person,0.6165,760,393,1033,711,0,2
14445,481.5,504,car,0.8293,551,105,639,183,1,2
14445,481.5,512,person,0.7241,269,418,438,712,0,2
14446,481.533,504,car,0.8312,551,106,639,184,1,2
14446,481.533,512,person,0.676,269,421,437,712,0,2
14447,481.567,504,car,0.8375,550,106,639,185,1,2
14447,481.567,512,person,0.6979,270,424,437,712,0,2
14448,481.6,504,car,0.8261,550,107,639,185,1,2
14448,481.6,512,person,0.6979,270,425,435,712,0,2
14449,481.633,504,car,0.8296,550,107,638,185,1,2
14449,481.633,512,person,0.6719,271,427,435,712,0,2
14449,481.633,513,car,0.6063,502,101,533,119,1,2
14450,481.667,504,car,0.8292,549,107,638,186,1,2
14450,481.667,512,person,0.6371,271,430,434,712,0,2
14450,481.667,513,car,0.6407,501,101,531,120,1,2
14451,481.7,504,car,0.8329,549,107,638,186,1,2
14451,481.7,512,person,0.6317,271,431,434,711,0,2
14451,481.7,513,car,0.6171,499,102,531,121,1,2
14451,481.7,511,person,0.6302,754,389,1026,710,0,2
14452,481.733,504,car,0.8293,547,107,637,187,1,2
14452,481.733,512,person,0.6215,272,433,434,711,0,2
14452,481.733,511,person,0.618,757,387,1027,710,0,2
14453,481.767,504,car,0.8227,547,109,637,187,1,2
14453,481.767,511,person,0.638,759,389,1029,710,0,2
14454,481.8,504,car,0.8203,547,110,637,189,1,2
14454,481.8,511,person,0.6202,760,390,1029,710,0,2
14455,481.833,504,car,0.821,546,110,637,190,1,2
14455,481.833,511,person,0.6097,761,390,1029,711,0,2
14456,481.867,504,car,0.8309,546,111,635,191,1,2
14456,481.867,511,person,0.6182,762,390,1030,711,0,2
14457,481.9,504,car,0.8308,545,111,635,191,1,2
14457,481.9,511,person,0.6022,762,390,1030,711,0,2
14458,481.933,504,car,0.8304,545,111,635,191,1,2
14458,481.933,511,person,0.6076,762,390,1029,711,0,2
14459,481.967,504,car,0.8298,543,111,634,192,1,2
14460,482.0,504,car,0.8277,543,111,634,192,1,2
14461,482.033,504,car,0.8196,542,111,633,193,1,2
14462,482.067,504,car,0.8103,542,112,632,193,1,2
14463,482.1,504,car,0.8206,541,112,632,193,1,2
14464,482.133,504,car,0.7967,541,112,631,193,1,2
14465,482.167,504,car,0.7902,539,112,631,194,1,2
14466,482.2,504,car,0.7915,539,114,630,194,1,2
14466,482.2,514,car,0.7072,474,112,507,136,1,2
14466,482.2,511,person,0.6248,758,393,1022,711,0,2
14467,482.233,504,car,0.7959,539,115,629,197,1,2
14467,482.233,514,car,0.7181,471,113,507,138,1,2
14467,482.233,511,person,0.6382,757,394,1022,711,0,2
14468,482.267,504,car,0.7818,539,117,629,197,1,2
14468,482.267,514,car,0.6343,469,114,505,139,1,2
14468,482.267,511,person,0.6016,755,394,1022,711,0,2
14469,482.3,504,car,0.7795,538,118,629,198,1,2
14469,482.3,514,car,0.6063,467,114,504,139,1,2
14469,482.3,511,person,0.6312,755,395,1022,710,0,2
14470,482.333,504,car,0.8193,538,118,627,198,1,2
14470,482.333,514,car,0.6014,463,115,502,143,1,2
14470,482.333,511,person,0.6386,755,397,1022,710,0,2
14471,482.367,504,car,0.8242,538,120,626,198,1,2
14471,482.367,514,car,0.6309,458,115,501,145,1,2
14472,482.4,504,car,0.7959,538,120,625,198,1,2
14472,482.4,514,car,0.6201,457,115,499,146,1,2
14473,482.433,504,car,0.823,537,120,626,199,1,2
14473,482.433,514,car,0.6762,456,117,498,147,1,2
14474,482.467,504,car,0.8303,536,119,625,199,1,2
14474,482.467,514,car,0.6864,453,118,496,149,1,2
14474,482.467,511,person,0.6222,755,397,1023,710,0,2
14475,482.5,504,car,0.8325,536,119,625,199,1,2
14475,482.5,514,car,0.6989,450,118,495,150,1,2
14475,482.5,511,person,0.6209,757,395,1024,710,0,2
14476,482.533,504,car,0.8578,535,119,625,199,1,2
14476,482.533,514,car,0.6898,447,118,493,152,1,2
14476,482.533,511,person,0.6129,758,394,1026,710,0,2
14477,482.567,504,car,0.8116,535,119,624,199,1,2
14477,482.567,514,car,0.6176,443,118,491,153,1,2
14477,482.567,511,person,0.6199,759,394,1029,711,0,2
14478,482.6,504,car,0.7993,535,118,625,199,1,2
14478,482.6,514,car,0.6311,442,119,490,154,1,2
14478,482.6,511,person,0.6527,759,394,1030,711,0,2
14479,482.633,504,car,0.806,534,118,625,199,1,2
14479,482.633,514,car,0.6196,439,119,488,155,1,2
14479,482.633,511,person,0.6448,760,393,1031,710,0,2
14480,482.667,504,car,0.7954,534,118,625,199,1,2
14480,482.667,514,car,0.7106,435,119,486,157,1,2
14481,482.7,504,car,0.7904,534,118,624,200,1,2
14481,482.7,514,car,0.7469,433,120,483,158,1,2
14481,482.7,515,car,0.6116,478,119,510,141,1,2
14482,482.733,504,car,0.7677,533,117,625,200,1,2
14482,482.733,514,car,0.7376,429,121,481,160,1,2
14482,482.733,515,car,0.6482,475,120,509,141,1,2
14483,482.767,504,car,0.7871,533,118,624,200,1,2
14483,482.767,514,car,0.6952,424,122,478,163,1,2
14484,482.8,504,car,0.8,533,119,623,200,1,2
14484,482.8,514,car,0.7103,419,123,475,165,1,2
14485,482.833,504,car,0.8208,533,119,623,200,1,2
14485,482.833,514,car,0.7178,414,123,472,167,1,2
14485,482.833,515,car,0.6337,470,120,505,143,1,2
14486,482.867,504,car,0.8232,531,119,622,201,1,2
14486,482.867,514,car,0.7902,408,125,470,169,1,2
14486,482.867,515,car,0.654,467,120,503,143,1,2
14487,482.9,504,car,0.8344,530,118,622,201,1,2
14487,482.9,514,car,0.7821,402,125,467,171,1,2
14487,482.9,515,car,0.6454,466,121,502,144,1,2
14488,482.933,504,car,0.8675,530,118,622,200,1,2
14488,482.933,514,car,0.7839,397,125,464,174,1,2
14488,482.933,515,car,0.7025,464,120,502,144,1,2
14489,482.967,504,car,0.8176,530,118,621,200,1,2
14489,482.967,514,car,0.7054,391,126,459,175,1,2
14489,482.967,515,car,0.6566,462,121,499,145,1,2
14489,482.967,511,person,0.6476,753,397,1022,710,0,2
14490,483.0,504,car,0.8049,530,118,621,199,1,2
14490,483.0,514,car,0.628,385,126,457,177,1,2
14490,483.0,515,car,0.6531,458,120,498,146,1,2
14490,483.0,511,person,0.6644,752,397,1021,710,0,2
14491,483.033,504,car,0.8332,529,118,619,199,1,2
14491,483.033,515,car,0.7038,454,120,497,147,1,2
14491,483.033,511,person,0.6528,750,397,1019,710,0,2
14492,483.067,504,car,0.849,529,119,618,200,1,2
14492,483.067,515,car,0.7071,451,120,496,150,1,2
14492,483.067,511,person,0.6212,747,395,1016,711,0,2
14492,483.067,514,car,0.669,365,127,448,187,1,2
14493,483.1,504,car,0.8507,528,120,618,200,1,2
14493,483.1,515,car,0.7005,448,120,495,151,1,2
14493,483.1,511,person,0.7058,745,395,1014,710,0,2
14493,483.1,514,car,0.7361,354,129,440,191,1,2
14494,483.133,504,car,0.8156,526,120,616,200,1,2
14494,483.133,515,car,0.7029,443,120,493,153,1,2
14494,483.133,511,person,0.6731,742,397,1009,710,0,2
14494,483.133,514,car,0.821,343,129,435,195,1,2
14495,483.167,504,car,0.8187,525,120,615,201,1,2
14495,483.167,515,car,0.6847,439,120,490,155,1,2
14495,483.167,514,car,0.7832,328,130,429,202,1,2
14496,483.2,504,car,0.798,523,120,615,201,1,2
14496,483.2,515,car,0.7271,435,120,490,157,1,2
14496,483.2,514,car,0.8097,318,131,423,206,1,2
14497,483.233,504,car,0.7978,522,121,613,201,1,2
14497,483.233,515,car,0.6625,432,120,487,159,1,2
14497,483.233,514,car,0.8401,301,133,416,215,1,2
14497,483.233,511,person,0.6499,736,402,1000,711,0,2
14498,483.267,504,car,0.7726,521,121,611,201,1,2
14498,483.267,515,car,0.6356,426,120,483,160,1,2
14498,483.267,514,car,0.851,282,135,407,223,0,2
14498,483.267,511,person,0.6424,736,403,999,711,0,2
14499,483.3,504,car,0.7671,520,120,611,201,1,2
14499,483.3,515,car,0.6296,423,120,481,161,1,2
14499,483.3,514,car,0.8129,265,136,401,232,0,2
14499,483.3,511,person,0.6448,736,403,999,711,0,2
14500,483.333,504,car,0.7622,519,120,610,201,1,2
14500,483.333,515,car,0.7905,417,118,480,163,1,2
14500,483.333,514,car,0.8043,240,138,387,241,0,2
14500,483.333,511,person,0.6118,736,401,1001,711,0,2
14501,483.367,504,car,0.7845,519,120,610,201,1,2
14501,483.367,515,car,0.7559,415,121,474,165,1,2
14501,483.367,514,car,0.8709,218,142,377,251,0,2
14501,483.367,511,person,0.6073,737,400,1003,711,0,2
14502,483.4,504,car,0.7691,519,120,610,201,1,2
14502,483.4,515,car,0.7949,411,122,472,166,1,2
14502,483.4,514,car,0.8914,203,144,371,259,0,2
14502,483.4,511,person,0.6119,737,398,1005,710,0,2
14503,483.433,504,car,0.7798,518,120,609,201,1,2
14503,483.433,515,car,0.7368,406,123,467,168,1,2
14503,483.433,514,car,0.8615,185,147,363,271,0,2
14504,483.467,504,car,0.7654,517,120,609,202,1,2
14504,483.467,515,car,0.8018,398,125,463,171,1,2
14504,483.467,514,car,0.8135,176,152,345,271,0,2
14504,483.467,511,person,0.6132,737,399,1006,711,0,2
14505,483.5,504,car,0.7642,517,120,608,202,1,2
14505,483.5,515,car,0.7845,393,125,462,175,1,2
14505,483.5,514,car,0.716,173,157,330,270,0,2
14505,483.5,511,person,0.6183,736,399,1005,711,0,2
14506,483.533,504,car,0.7674,515,120,608,202,1,2
14506,483.533,515,car,0.6941,386,125,457,176,1,2
14506,483.533,514,car,0.7616,162,163,314,277,0,2
14506,483.533,511,person,0.6269,735,400,1002,711,0,2
14507,483.567,504,car,0.7607,515,121,607,202,1,2
14507,483.567,515,car,0.6567,378,126,453,179,1,2
14507,483.567,511,person,0.628,734,401,1000,711,0,2
14508,483.6,504,car,0.7848,515,123,606,203,1,2
14508,483.6,515,car,0.7178,373,126,449,182,1,2
14508,483.6,511,person,0.6508,733,402,998,711,0,2
14509,483.633,504,car,0.8268,514,125,605,205,1,2
14509,483.633,515,car,0.7474,361,127,445,189,1,2
14509,483.633,511,person,0.6751,730,400,995,711,0,2
14510,483.667,504,car,0.8348,514,126,605,205,1,2
14510,483.667,515,car,0.8749,349,128,439,193,1,2
14510,483.667,511,person,0.6284,730,400,995,711,0,2
14511,483.7,504,car,0.8339,514,126,605,205,1,2
14511,483.7,515,car,0.8751,341,128,437,199,1,2
14511,483.7,511,person,0.6456,731,399,997,711,0,2
14512,483.733,504,car,0.8365,513,126,605,205,1,2
14512,483.733,515,car,0.8053,328,130,430,203,1,2
14512,483.733,511,person,0.6687,734,400,999,711,0,2
14513,483.767,504,car,0.836,513,126,605,205,1,2
14513,483.767,515,car,0.7795,313,133,422,211,1,2
14513,483.767,511,person,0.6123,735,399,1001,711,0,2
14514,483.8,504,car,0.8243,513,126,605,203,1,2
14514,483.8,515,car,0.8036,303,134,416,217,1,2
14514,483.8,511,person,0.6665,736,397,1003,711,0,2
14515,483.833,504,car,0.8151,512,126,605,205,1,2
14515,483.833,515,car,0.8137,285,135,408,225,1,2
14515,483.833,511,person,0.673,736,395,1005,711,0,2
14516,483.867,504,car,0.8145,512,123,605,203,1,2
14516,483.867,515,car,0.8223,262,137,398,237,0,2
14516,483.867,511,person,0.661,736,397,1003,711,0,2
14517,483.9,504,car,0.8175,511,123,606,203,1,2
14517,483.9,515,car,0.6844,245,139,390,243,0,2
14517,483.9,511,person,0.67,734,398,1001,711,0,2
14518,483.933,504,car,0.8443,511,123,606,205,1,2
14518,483.933,515,car,0.8582,224,142,379,253,0,2
14519,483.967,504,car,0.8308,511,123,605,205,1,2
14519,483.967,515,car,0.8579,202,144,370,266,0,2
14519,483.967,511,person,0.6671,729,401,993,711,0,2
14520,484.0,504,car,0.8362,511,123,605,206,1,2
14520,484.0,515,car,0.8631,189,147,361,274,0,2
14520,484.0,511,person,0.6884,729,402,990,711,0,2
14521,484.033,504,car,0.8286,511,123,603,205,1,2
14521,484.033,515,car,0.6582,182,151,344,272,0,2
14521,484.033,511,person,0.6549,730,405,989,711,0,2
14522,484.067,504,car,0.8305,510,123,603,205,1,2
14522,484.067,515,car,0.7038,173,158,328,275,0,2
14522,484.067,511,person,0.6349,730,405,987,711,0,2
14523,484.1,504,car,0.815,510,123,603,205,1,2
14523,484.1,511,person,0.6671,730,405,987,711,0,2
14524,484.133,504,car,0.8164,509,123,602,205,1,2
14524,484.133,511,person,0.6289,731,406,987,711,0,2
14525,484.167,504,car,0.8154,509,123,602,206,1,2
14525,484.167,511,person,0.6764,730,406,986,711,0,2
14526,484.2,504,car,0.8259,507,123,601,206,1,2
14526,484.2,511,person,0.6727,729,407,984,711,0,2
14527,484.233,504,car,0.8369,507,125,601,206,1,2
14528,484.267,504,car,0.8301,507,125,601,206,1,2
14529,484.3,504,car,0.8275,506,123,601,206,1,2
14530,484.333,504,car,0.8271,505,123,600,206,1,2
14531,484.367,504,car,0.8332,505,123,600,206,1,2
14532,484.4,504,car,0.8358,505,123,600,206,1,2
14533,484.433,504,car,0.837,505,123,600,206,1,2
14534,484.467,504,car,0.8346,504,123,600,206,1,2
14535,484.5,504,car,0.8307,504,123,599,207,1,2
14536,484.533,504,car,0.8391,503,125,599,207,1,2
14537,484.567,504,car,0.8462,503,125,598,207,1,2
14538,484.6,504,car,0.8458,503,125,598,207,1,2
14539,484.633,504,car,0.8447,502,125,598,207,1,2
14540,484.667,504,car,0.829,502,123,598,207,1,2
14541,484.7,504,car,0.8335,502,123,598,208,1,2
14542,484.733,504,car,0.8083,502,125,598,208,1,2
14543,484.767,504,car,0.7392,502,125,598,208,1,2
14544,484.8,504,car,0.7587,502,125,597,208,1,2
14545,484.833,504,car,0.7769,502,126,597,209,1,2
14546,484.867,504,car,0.7622,501,126,597,209,1,2
14547,484.9,504,car,0.7656,501,126,597,209,1,2
14548,484.933,504,car,0.817,501,126,595,209,1,2
14549,484.967,504,car,0.8017,501,126,595,209,1,2
14550,485.0,504,car,0.8084,499,126,595,209,1,2
14551,485.033,504,car,0.7976,499,126,595,209,1,2
14552,485.067,504,car,0.8489,498,127,594,210,1,2
14553,485.1,504,car,0.8469,498,127,593,210,1,2
14554,485.133,504,car,0.8356,497,127,592,210,1,2
14555,485.167,504,car,0.8419,496,127,592,210,1,2
14556,485.2,504,car,0.834,496,128,592,210,1,2
14557,485.233,504,car,0.8113,497,128,592,210,1,2
14558,485.267,504,car,0.8183,497,128,592,210,1,2
14559,485.3,504,car,0.8261,497,128,592,210,1,2
14560,485.333,504,car,0.7377,496,128,592,210,1,2
14561,485.367,504,car,0.7431,496,128,592,210,1,2
14562,485.4,504,car,0.7377,496,128,592,210,1,2
14563,485.433,504,car,0.7633,496,127,592,210,1,2
14564,485.467,504,car,0.7427,496,127,592,210,1,2
14565,485.5,504,car,0.7459,495,127,591,210,1,2
14566,485.533,504,car,0.7416,495,127,591,210,1,2
14567,485.567,504,car,0.7371,495,127,591,210,1,2
14568,485.6,504,car,0.7271,494,126,591,210,1,2
14569,485.633,504,car,0.7244,494,126,590,210,1,2
14570,485.667,504,car,0.7341,494,126,590,210,1,2
14571,485.7,504,car,0.7357,494,126,590,210,1,2
14572,485.733,504,car,0.7364,494,126,591,210,1,2
14573,485.767,504,car,0.7513,494,125,591,210,1,2
14574,485.8,504,car,0.7473,493,123,591,209,1,2
14575,485.833,504,car,0.7409,493,122,591,209,1,2
14576,485.867,504,car,0.7306,494,121,591,208,1,2
14577,485.9,504,car,0.7331,493,120,592,208,1,2
14578,485.933,504,car,0.7328,494,120,591,208,1,2
14579,485.967,504,car,0.7175,494,120,591,208,1,2
14580,486.0,504,car,0.7284,494,121,591,208,1,2
14581,486.033,504,car,0.7372,493,121,590,208,1,2
14582,486.067,504,car,0.7738,493,121,589,208,1,2
14583,486.1,504,car,0.7725,491,121,589,208,1,2
14584,486.133,504,car,0.7835,491,121,589,208,1,2
14585,486.167,504,car,0.7888,491,121,587,208,1,2
14585,486.167,518,person,0.6317,109,354,1111,714,0,2
14586,486.2,504,car,0.7921,491,121,587,208,1,2
14587,486.233,504,car,0.8077,490,121,587,208,1,2
14587,486.233,518,person,0.6393,118,363,1095,718,0,2
14588,486.267,504,car,0.7985,490,121,587,208,1,2
14588,486.267,518,person,0.7579,138,368,1088,715,0,2
14589,486.3,504,car,0.7865,490,121,586,208,1,2
14589,486.3,518,person,0.6429,166,379,1072,715,0,2
14590,486.333,504,car,0.8004,490,121,586,208,1,2
14590,486.333,518,person,0.7156,211,398,1055,714,0,2
14591,486.367,504,car,0.7759,490,121,586,208,1,2
14591,486.367,518,person,0.7465,254,406,1061,712,0,2
14592,486.4,504,car,0.7551,490,121,586,207,1,2
14592,486.4,518,person,0.768,279,409,1064,712,0,2
14593,486.433,504,car,0.7776,490,121,586,207,1,2
14593,486.433,518,person,0.785,309,408,1079,712,0,2
14594,486.467,504,car,0.7795,491,120,586,207,1,2
14594,486.467,518,person,0.7533,327,406,1085,712,0,2
14595,486.5,504,car,0.7601,491,120,586,206,1,2
14595,486.5,518,person,0.6794,343,406,1085,712,0,2
14596,486.533,504,car,0.7735,490,120,587,207,1,2
14596,486.533,518,person,0.7308,358,403,1083,712,0,2
14597,486.567,504,car,0.7894,490,120,587,207,1,2
14597,486.567,518,person,0.7029,374,403,1082,712,0,2
14598,486.6,504,car,0.7986,490,120,587,207,1,2
14598,486.6,518,person,0.7148,385,403,1077,712,0,2
14599,486.633,504,car,0.8151,490,120,587,207,1,2
14599,486.633,518,person,0.7427,397,405,1067,712,0,2
14600,486.667,504,car,0.7874,491,120,587,207,1,2
14600,486.667,518,person,0.6307,405,402,1064,712,0,2
14601,486.7,504,car,0.7831,491,120,587,207,1,2
14601,486.7,518,person,0.641,411,401,1057,712,0,2
14602,486.733,504,car,0.7726,491,120,587,207,1,2
14603,486.767,504,car,0.7816,491,120,587,208,1,2
14603,486.767,518,person,0.6599,427,402,1054,713,0,2
14604,486.8,504,car,0.7591,491,120,587,207,1,2
14604,486.8,518,person,0.6801,440,402,1049,713,0,2
14605,486.833,504,car,0.7593,491,120,586,207,1,2
14605,486.833,518,person,0.7317,446,402,1041,714,0,2
14606,486.867,504,car,0.759,491,120,586,207,1,2
14606,486.867,518,person,0.7025,455,403,1037,714,0,2
14607,486.9,504,car,0.7604,491,120,586,206,1,2
14607,486.9,518,person,0.7008,462,403,1030,714,0,2
14608,486.933,504,car,0.7657,491,121,586,207,1,2
14608,486.933,518,person,0.7476,464,402,1023,714,0,2
14609,486.967,504,car,0.7706,491,121,586,207,1,2
14609,486.967,518,person,0.6774,470,402,1018,713,0,2
14610,487.0,504,car,0.7639,491,121,586,207,1,2
14610,487.0,518,person,0.7162,472,402,1013,714,0,2
14611,487.033,504,car,0.7124,491,120,586,206,1,2
14611,487.033,518,person,0.6959,474,402,1007,713,0,2
14612,487.067,504,car,0.676,491,119,586,205,1,2
14612,487.067,518,person,0.7558,475,402,1000,713,0,2
14613,487.1,504,car,0.6922,490,119,586,205,1,2
14613,487.1,518,person,0.7544,479,403,995,713,0,2
14614,487.133,504,car,0.6601,490,118,587,205,1,2
14614,487.133,518,person,0.7349,483,402,998,713,0,2
14615,487.167,504,car,0.7226,490,117,587,205,1,2
14615,487.167,518,person,0.732,487,402,995,713,0,2
14616,487.2,504,car,0.7165,489,117,587,203,1,2
14616,487.2,518,person,0.7579,489,402,993,713,0,2
14617,487.233,504,car,0.7051,489,115,587,203,1,2
14617,487.233,518,person,0.6909,490,402,991,714,0,2
14618,487.267,504,car,0.7162,489,115,586,203,1,2
14618,487.267,518,person,0.6871,489,403,984,714,0,2
14619,487.3,504,car,0.738,488,117,586,205,1,2
14619,487.3,518,person,0.6934,486,403,978,713,0,2
14620,487.333,504,car,0.7573,487,118,585,206,1,2
14620,487.333,518,person,0.6564,478,403,967,713,0,2
14621,487.367,504,car,0.7523,488,119,584,203,1,2
14621,487.367,518,person,0.7043,459,405,949,712,0,2
14622,487.4,504,car,0.721,488,119,583,203,1,2
14623,487.433,504,car,0.7303,488,120,582,203,1,2
14623,487.433,518,person,0.77,425,405,921,711,0,2
14624,487.467,504,car,0.6959,488,120,581,202,1,2
14624,487.467,518,person,0.7137,401,405,907,711,0,2
14625,487.5,504,car,0.7035,487,120,581,202,1,2
14625,487.5,518,person,0.6976,377,407,895,713,0,2
14626,487.533,504,car,0.6812,487,120,579,201,1,2
14626,487.533,518,person,0.7442,350,406,885,713,0,2
14627,487.567,504,car,0.6335,487,119,579,201,1,2
14627,487.567,518,person,0.6038,298,378,896,717,0,2
14628,487.6,504,car,0.668,486,119,578,201,1,2
14628,487.6,518,person,0.6601,270,366,899,718,0,2
14629,487.633,504,car,0.6866,485,119,578,201,1,2
14630,487.667,504,car,0.727,483,119,577,202,1,2
14631,487.7,504,car,0.7306,483,120,577,202,1,2
14632,487.733,504,car,0.7213,483,120,576,202,1,2
14633,487.767,504,car,0.7355,482,120,576,202,1,2
14634,487.8,504,car,0.7698,482,120,576,202,1,2
14634,487.8,518,car,0.6425,319,313,1081,707,0,2
14635,487.833,504,car,0.7812,482,120,575,202,1,2
14635,487.833,518,person,0.6074,263,351,976,714,0,2
14636,487.867,504,car,0.7547,481,120,575,202,1,2
14637,487.9,504,car,0.765,481,120,575,202,1,2
14638,487.933,504,car,0.7791,481,120,575,202,1,2
14639,487.967,504,car,0.7704,481,121,574,202,1,2
14640,488.0,504,car,0.7668,480,121,574,202,1,2
14641,488.033,504,car,0.7875,480,121,573,202,1,2
14642,488.067,504,car,0.7805,479,119,573,201,1,2
14643,488.1,504,car,0.7901,478,119,573,201,1,2
14644,488.133,504,car,0.7807,478,118,571,201,1,2
14645,488.167,504,car,0.813,478,117,573,201,1,2
14646,488.2,504,car,0.8005,477,115,573,200,1,2
14647,488.233,504,car,0.8014,477,114,573,200,1,2
14648,488.267,504,car,0.7889,478,114,573,199,1,2
14649,488.3,504,car,0.7822,478,114,573,199,1,2
14650,488.333,504,car,0.7323,478,113,573,198,1,2
14650,488.333,518,car,0.624,272,302,1141,706,0,2
14651,488.367,504,car,0.7317,479,112,573,195,1,2
14652,488.4,504,car,0.7163,479,111,573,194,1,2
14653,488.433,504,car,0.7327,480,111,573,194,1,2
14654,488.467,504,car,0.7733,480,110,574,193,1,2
14655,488.5,504,car,0.7642,480,110,574,193,1,2
14656,488.533,504,car,0.7504,480,109,574,193,1,2
14657,488.567,504,car,0.7689,480,109,574,192,1,2
14658,488.6,504,car,0.7847,480,107,575,192,1,2
14659,488.633,504,car,0.7722,480,106,575,192,1,2
14660,488.667,504,car,0.8022,481,106,575,191,1,2
14661,488.7,504,car,0.8124,481,105,575,191,1,2
14662,488.733,504,car,0.8199,482,107,574,190,1,2
14663,488.767,504,car,0.8019,483,106,574,190,1,2
14664,488.8,504,car,0.7972,483,106,574,189,1,2
14665,488.833,504,car,0.8049,483,105,573,187,1,2
14666,488.867,504,car,0.8152,485,106,573,186,1,2
14667,488.9,504,car,0.8058,485,106,573,186,1,2
14668,488.933,504,car,0.8046,485,106,573,185,1,2
14669,488.967,504,car,0.7981,485,106,573,185,1,2
14670,489.0,504,car,0.8112,485,106,573,185,1,2
14671,489.033,504,car,0.8141,485,106,571,185,1,2
14672,489.067,504,car,0.8206,485,106,571,185,1,2
14673,489.1,504,car,0.8239,485,106,571,185,1,2
14674,489.133,504,car,0.8225,485,106,571,185,1,2
14675,489.167,504,car,0.8232,483,105,571,185,1,2
14676,489.2,504,car,0.8201,485,106,571,184,1,2
14677,489.233,504,car,0.8286,485,106,571,184,1,2
14678,489.267,504,car,0.8238,485,107,570,184,1,2
14679,489.3,504,car,0.8289,485,107,570,184,1,2
14679,489.3,520,person,0.6985,682,106,703,162,1,2
14680,489.333,504,car,0.8379,486,109,570,183,1,2
14680,489.333,520,person,0.7247,685,105,707,165,1,2
14681,489.367,504,car,0.834,486,109,570,183,1,2
14681,489.367,520,person,0.6973,690,103,714,167,1,2
14682,489.4,504,car,0.8288,486,109,570,183,1,2
14682,489.4,520,person,0.7534,694,104,718,168,1,2
14682,489.4,521,person,0.6284,666,106,687,157,1,2
14683,489.433,504,car,0.8334,486,109,570,183,1,2
14683,489.433,520,person,0.7706,698,102,723,173,1,2
14683,489.433,521,person,0.6987,667,104,689,158,1,2
14684,489.467,504,car,0.7617,486,109,570,183,1,2
14684,489.467,520,person,0.6519,704,103,730,174,1,2
14685,489.5,504,car,0.721,486,109,570,183,1,2
14685,489.5,520,person,0.732,707,103,734,176,1,2
14686,489.533,504,car,0.7919,485,109,570,183,1,2
14686,489.533,520,person,0.8175,713,104,739,177,1,2
14686,489.533,521,person,0.6252,677,109,698,163,1,2
14687,489.567,504,car,0.7754,485,107,570,182,1,2
14687,489.567,520,person,0.774,719,104,747,181,1,2
14687,489.567,521,person,0.7004,681,110,704,165,1,2
14688,489.6,504,car,0.7655,485,107,570,182,1,2
14688,489.6,520,person,0.7796,723,104,752,183,1,2
14688,489.6,521,person,0.729,685,109,707,166,1,2
14689,489.633,504,car,0.8203,485,107,570,182,1,2
14689,489.633,520,person,0.728,729,105,759,184,1,2
14690,489.667,504,car,0.8124,485,106,570,181,1,2
14690,489.667,520,person,0.8101,737,104,769,189,1,2
14690,489.667,521,person,0.6817,693,105,720,171,1,2
14691,489.7,504,car,0.814,485,106,570,181,1,2
14691,489.7,520,person,0.7926,743,103,775,191,1,2
14691,489.7,521,person,0.7262,696,104,725,174,1,2
14692,489.733,504,car,0.7903,485,106,569,181,1,2
14692,489.733,520,person,0.828,751,103,784,193,1,2
14692,489.733,521,person,0.6942,701,105,729,175,1,2
14693,489.767,504,car,0.7552,485,105,569,179,1,2
14693,489.767,520,person,0.7356,760,105,794,197,0,2
14693,489.767,521,person,0.6666,707,107,736,176,1,2
14694,489.8,504,car,0.7534,483,105,569,179,1,2
14694,489.8,520,person,0.7545,768,109,802,200,0,2
14694,489.8,521,person,0.7389,710,107,739,178,1,2
14695,489.833,504,car,0.7163,483,105,569,179,1,2
14695,489.833,520,person,0.734,777,111,813,206,0,2
14695,489.833,521,person,0.7376,717,110,746,181,1,2
14695,489.833,523,car,0.6383,145,288,1275,717,0,2
14696,489.867,504,car,0.7442,485,105,568,178,1,2
14696,489.867,520,person,0.8028,789,111,825,210,0,2
14696,489.867,521,person,0.7196,723,109,755,184,1,2
14696,489.867,523,car,0.6186,146,289,1273,717,0,2
14697,489.9,504,car,0.7321,485,105,568,178,1,2
14697,489.9,520,person,0.7442,797,112,835,215,0,2
14697,489.9,521,person,0.7161,728,109,761,186,1,2
14698,489.933,504,car,0.7439,486,105,568,178,1,2
14698,489.933,520,person,0.7809,810,115,849,219,0,2
14698,489.933,521,person,0.6744,736,109,769,189,1,2
14699,489.967,504,car,0.7543,486,104,569,178,1,2
14699,489.967,520,person,0.8388,826,114,869,226,0,2
14699,489.967,521,person,0.7637,744,109,778,193,1,2
14700,490.0,504,car,0.7555,486,104,569,177,1,2
14700,490.0,520,person,0.7998,838,117,881,231,0,2
14700,490.0,521,person,0.7023,750,109,785,194,1,2
14701,490.033,504,car,0.7911,486,104,570,177,1,2
14701,490.033,520,person,0.875,854,117,901,239,0,2
14701,490.033,521,person,0.6903,759,109,795,198,1,2
14701,490.033,523,car,0.6164,157,293,1270,715,0,2
14702,490.067,504,car,0.7646,487,103,570,176,1,2
14702,490.067,520,person,0.7524,872,118,922,248,0,2
14702,490.067,521,person,0.713,770,111,808,202,0,2
14703,490.1,504,car,0.7294,487,102,571,176,1,2
14703,490.1,520,person,0.7848,888,117,941,255,0,2
14704,490.133,504,car,0.7318,487,101,571,175,1,2
14704,490.133,520,person,0.8106,911,120,967,265,0,2
14704,490.133,521,person,0.605,790,112,830,209,0,2
14705,490.167,504,car,0.7165,488,101,573,175,1,2
14705,490.167,520,person,0.7795,938,123,995,275,0,2
14705,490.167,521,person,0.7259,803,113,846,216,0,2
14706,490.2,504,car,0.6989,489,99,573,174,1,2
14706,490.2,520,person,0.764,960,127,1019,281,0,2
14706,490.2,521,person,0.6625,815,114,858,219,0,2
14706,490.2,523,car,0.603,142,286,1271,713,0,2
14707,490.233,504,car,0.7286,490,101,573,174,1,2
14707,490.233,520,person,0.8102,993,129,1053,283,0,2
14707,490.233,521,person,0.6981,830,118,875,227,0,2
14708,490.267,504,car,0.7655,491,99,574,174,1,2
14708,490.267,521,person,0.7585,849,120,898,237,0,2
14708,490.267,523,car,0.6628,134,282,1275,714,0,2
14709,490.3,504,car,0.7666,493,99,575,173,1,2
14709,490.3,521,person,0.7314,862,125,912,243,0,2
14709,490.3,524,person,0.7738,1062,142,1130,282,0,2
14709,490.3,523,car,0.6533,136,281,1279,714,0,2
14710,490.333,504,car,0.7248,494,98,577,173,1,2
14710,490.333,521,person,0.7717,883,129,936,253,0,2
14711,490.367,504,car,0.7191,496,97,577,171,1,2
14711,490.367,521,person,0.8073,907,130,965,265,0,2
14712,490.4,504,car,0.7462,496,97,577,170,1,2
14712,490.4,521,person,0.8329,923,131,984,272,0,2
14713,490.433,504,car,0.7406,497,97,578,170,1,2
14713,490.433,521,person,0.7815,951,133,1015,278,0,2
14714,490.467,504,car,0.7125,499,98,578,170,1,2
14714,490.467,521,person,0.6775,984,138,1049,281,0,2
14715,490.5,504,car,0.7105,501,98,579,170,1,2
14715,490.5,521,person,0.7121,1011,141,1078,282,0,2
14716,490.533,504,car,0.7406,501,98,579,170,1,2
14716,490.533,524,person,0.7626,1063,146,1131,281,0,2
14717,490.567,504,car,0.7011,502,97,579,168,1,2
14718,490.6,504,car,0.6609,502,97,579,168,1,2
14719,490.633,504,car,0.6923,503,97,579,166,1,2
14720,490.667,504,car,0.6917,504,97,579,165,1,2
14721,490.7,504,car,0.6891,504,97,579,165,1,2
14722,490.733,504,car,0.7262,505,97,579,165,1,2
14722,490.733,530,car,0.603,874,109,985,143,0,2
14723,490.767,504,car,0.7248,505,96,582,163,1,2
14724,490.8,504,car,0.7396,506,96,582,163,1,2
14725,490.833,504,car,0.7316,507,96,583,163,1,2
14726,490.867,504,car,0.7567,509,96,584,163,1,2
14727,490.9,504,car,0.767,509,96,585,163,1,2
14728,490.933,504,car,0.7459,510,97,585,163,1,2
14729,490.967,504,car,0.7356,511,97,586,163,1,2
14730,491.0,504,car,0.7168,512,97,587,163,1,2
14731,491.033,504,car,0.7192,512,96,589,163,1,2
14732,491.067,504,car,0.7391,513,96,590,162,1,2
14733,491.1,504,car,0.7467,513,96,590,162,1,2
14734,491.133,504,car,0.7333,513,96,591,162,1,2
14735,491.167,504,car,0.801,514,96,591,162,1,2
14736,491.2,504,car,0.8022,514,96,591,162,1,2
14737,491.233,504,car,0.8078,514,95,591,161,1,2
14738,491.267,504,car,0.8099,515,95,592,161,1,2
14739,491.3,504,car,0.7997,515,95,592,160,1,2
14740,491.333,504,car,0.7823,517,94,593,160,1,2
14741,491.367,504,car,0.7679,517,94,594,160,1,2
14742,491.4,504,car,0.7555,518,94,594,160,1,2
14743,491.433,504,car,0.7451,519,94,595,159,1,2
14744,491.467,504,car,0.7577,519,93,597,159,1,2
14745,491.5,504,car,0.7804,520,93,597,159,1,2
14746,491.533,504,car,0.755,520,93,598,158,1,2
14747,491.567,504,car,0.7511,521,93,598,158,1,2
14748,491.6,504,car,0.7419,522,93,599,158,1,2
14749,491.633,504,car,0.7585,522,93,599,158,1,2
14750,491.667,504,car,0.7438,523,91,600,158,1,2
14751,491.7,504,car,0.7624,525,93,601,158,1,2
14752,491.733,504,car,0.746,526,93,602,158,1,2
14753,491.767,504,car,0.7263,526,91,603,158,1,2
14754,491.8,504,car,0.7503,527,93,603,158,1,2
14755,491.833,504,car,0.7517,528,93,603,158,1,2
14756,491.867,504,car,0.8151,528,93,605,158,1,2
14757,491.9,504,car,0.7876,529,93,605,158,1,2
14757,491.9,533,car,0.6973,1145,144,1222,198,0,2
14758,491.933,504,car,0.7576,529,93,605,157,1,2
14759,491.967,504,car,0.7164,530,91,605,157,1,2
14760,492.0,504,car,0.731,530,93,605,157,1,2
14761,492.033,504,car,0.7194,530,91,606,157,1,2
14762,492.067,504,car,0.7337,530,91,606,157,1,2
14763,492.1,504,car,0.7261,530,90,606,157,1,2
14763,492.1,533,car,0.6427,1120,142,1178,179,0,2
14764,492.133,504,car,0.7389,530,90,606,157,1,2
14764,492.133,533,car,0.6151,1122,143,1186,184,0,2
14765,492.167,504,car,0.7167,530,90,606,157,1,2
14765,492.167,533,car,0.7283,1130,144,1198,185,0,2
14765,492.167,535,car,0.6071,1206,158,1280,208,0,2
14766,492.2,504,car,0.7372,530,90,606,157,1,2
14766,492.2,533,car,0.7977,1136,146,1207,187,0,2
14767,492.233,504,car,0.7693,530,90,606,155,1,2
14767,492.233,533,car,0.7792,1143,149,1218,191,0,2
14768,492.267,504,car,0.7361,530,89,606,155,1,2
14768,492.267,533,car,0.793,1154,151,1230,191,0,2
14769,492.3,504,car,0.7389,530,89,606,155,1,2
14769,492.3,533,car,0.7234,1163,152,1243,193,0,2
14770,492.333,504,car,0.7374,531,89,605,154,1,2
14770,492.333,533,car,0.7453,1171,153,1254,193,0,2
14771,492.367,504,car,0.7429,531,89,605,154,1,2
14771,492.367,533,car,0.6898,1181,155,1263,195,0,2
14772,492.4,504,car,0.7288,531,89,606,153,1,2
14772,492.4,533,car,0.7051,1186,158,1269,197,0,2
14773,492.433,504,car,0.7336,531,89,606,154,1,2
14773,492.433,533,car,0.7431,1190,160,1277,200,0,2
14774,492.467,504,car,0.7154,533,90,606,154,1,2
14774,492.467,535,car,0.6118,1205,160,1278,208,0,2
14775,492.5,504,car,0.7333,533,90,606,155,1,2
14775,492.5,535,car,0.7462,1206,162,1280,210,0,2
14776,492.533,504,car,0.7517,533,90,607,155,1,2
14776,492.533,535,car,0.727,1213,165,1280,213,0,2
14777,492.567,504,car,0.7511,534,91,607,157,1,2
14777,492.567,535,car,0.6746,1218,165,1280,216,0,2
14778,492.6,504,car,0.7395,534,91,608,157,1,2
14779,492.633,504,car,0.7259,534,91,608,158,1,2
14780,492.667,504,car,0.7188,534,93,608,158,1,2
14781,492.7,504,car,0.7059,535,93,608,158,1,2
14782,492.733,504,car,0.7039,535,93,609,158,1,2
14783,492.767,504,car,0.68,535,93,609,158,1,2
14784,492.8,504,car,0.6911,535,93,609,158,1,2
14785,492.833,504,car,0.6616,535,93,609,158,1,2
14786,492.867,504,car,0.6804,536,93,609,158,1,2
14787,492.9,504,car,0.6748,536,93,609,158,1,2
14788,492.933,504,car,0.6734,535,93,609,158,1,2
14789,492.967,504,car,0.6862,535,93,609,158,1,2
14790,493.0,504,car,0.698,535,93,609,158,1,2
14791,493.033,504,car,0.7058,535,91,608,158,1,2
14792,493.067,504,car,0.7299,534,91,608,158,1,2
14793,493.1,504,car,0.7384,534,91,608,158,1,2
14794,493.133,504,car,0.7416,534,91,607,158,1,2
14795,493.167,504,car,0.7194,534,91,607,158,1,2
14796,493.2,504,car,0.735,533,91,607,158,1,2
14797,493.233,504,car,0.7221,533,91,606,158,1,2
14798,493.267,504,car,0.7243,533,91,606,158,1,2
14799,493.3,504,car,0.7434,533,91,606,157,1,2
14800,493.333,504,car,0.7363,533,91,605,157,1,2
14801,493.367,504,car,0.7239,533,91,605,157,1,2
14802,493.4,504,car,0.7164,531,93,605,157,1,2
14803,493.433,504,car,0.7174,531,93,605,157,1,2
14804,493.467,504,car,0.7249,531,91,605,157,1,2
14805,493.5,504,car,0.7339,530,91,603,157,1,2
14806,493.533,504,car,0.7371,530,91,603,157,1,2
14807,493.567,504,car,0.7702,530,91,603,157,1,2
14808,493.6,504,car,0.7655,530,91,605,157,1,2
14809,493.633,504,car,0.7668,530,91,605,157,1,2
14810,493.667,504,car,0.7721,530,91,603,157,1,2
14811,493.7,504,car,0.7657,530,91,603,157,1,2
14812,493.733,504,car,0.785,530,91,603,158,1,2
14813,493.767,504,car,0.7793,530,91,603,158,1,2
14814,493.8,504,car,0.7738,530,91,603,158,1,2
14815,493.833,504,car,0.7698,530,91,603,157,1,2
14816,493.867,504,car,0.7579,530,91,603,158,1,2
14817,493.9,504,car,0.7767,530,91,603,158,1,2
14818,493.933,504,car,0.7461,530,91,603,158,1,2
14819,493.967,504,car,0.7614,531,93,605,158,1,2
14820,494.0,504,car,0.7676,531,93,605,158,1,2
14821,494.033,504,car,0.7121,531,93,605,158,1,2
14822,494.067,504,car,0.6857,533,93,606,159,1,2
14823,494.1,504,car,0.6898,534,93,607,159,1,2
14824,494.133,504,car,0.7006,534,93,608,159,1,2
14825,494.167,504,car,0.7067,535,94,609,160,1,2
14826,494.2,504,car,0.7181,536,94,609,160,1,2
14827,494.233,504,car,0.7236,537,95,610,160,1,2
14828,494.267,504,car,0.7325,538,95,611,160,1,2
14828,494.267,541,car,0.6435,490,95,514,113,1,2
14829,494.3,504,car,0.7575,539,95,613,160,1,2
14829,494.3,541,car,0.688,490,95,514,113,1,2
14830,494.333,504,car,0.7669,541,95,613,160,1,2
14830,494.333,541,car,0.7451,490,96,514,114,1,2
14831,494.367,504,car,0.7464,542,95,615,160,1,2
14831,494.367,541,car,0.7519,489,96,514,115,1,2
14832,494.4,504,car,0.761,543,96,615,160,1,2
14832,494.4,541,car,0.7368,489,95,514,115,1,2
14833,494.433,504,car,0.7746,543,96,615,161,1,2
14833,494.433,541,car,0.7733,487,96,513,117,1,2
14834,494.467,504,car,0.7472,543,97,615,161,1,2
14834,494.467,541,car,0.7492,486,96,512,117,1,2
14835,494.5,504,car,0.7762,542,97,615,161,1,2
14835,494.5,541,car,0.7373,485,96,511,118,1,2
14836,494.533,504,car,0.751,542,96,616,161,1,2
14836,494.533,541,car,0.7311,481,96,511,119,1,2
14837,494.567,504,car,0.7329,542,96,616,161,1,2
14837,494.567,541,car,0.664,479,95,511,120,1,2
14838,494.6,504,car,0.7314,542,96,616,161,1,2
14838,494.6,541,car,0.7316,475,95,510,122,1,2
14839,494.633,504,car,0.7368,542,96,615,161,1,2
14839,494.633,541,car,0.7031,473,95,509,123,1,2
14840,494.667,504,car,0.7215,541,97,615,162,1,2
14840,494.667,541,car,0.7259,471,96,507,125,1,2
14841,494.7,504,car,0.7299,539,97,614,162,1,2
14841,494.7,541,car,0.7568,470,96,506,126,1,2
14842,494.733,504,car,0.7522,539,97,614,162,1,2
14842,494.733,541,car,0.7247,466,97,504,127,1,2
14843,494.767,504,car,0.7506,538,97,614,163,1,2
14843,494.767,541,car,0.7499,464,96,503,128,1,2
14844,494.8,504,car,0.7356,538,97,614,163,1,2
14844,494.8,541,car,0.7572,461,96,502,128,1,2
14845,494.833,504,car,0.746,538,97,613,163,1,2
14845,494.833,541,car,0.7677,457,95,498,129,1,2
14846,494.867,504,car,0.7455,539,97,613,163,1,2
14846,494.867,541,car,0.795,454,96,497,131,1,2
14847,494.9,504,car,0.7516,538,97,614,163,1,2
14847,494.9,541,car,0.772,450,96,495,133,1,2
14848,494.933,504,car,0.7292,539,97,614,163,1,2
14848,494.933,541,car,0.7336,448,96,494,134,1,2
14849,494.967,504,car,0.7136,538,97,614,163,1,2
14849,494.967,541,car,0.737,445,97,491,136,1,2
14850,495.0,504,car,0.7104,539,97,614,163,1,2
14850,495.0,541,car,0.7215,442,98,490,137,1,2
14851,495.033,504,car,0.7138,539,97,614,163,1,2
14851,495.033,541,car,0.6923,438,98,488,141,1,2
14852,495.067,504,car,0.7278,539,97,614,163,1,2
14852,495.067,541,car,0.736,433,99,485,141,1,2
14853,495.1,504,car,0.7448,539,98,615,165,1,2
14853,495.1,541,car,0.6651,429,99,482,144,1,2
14854,495.133,504,car,0.7356,541,98,615,165,1,2
14854,495.133,541,car,0.7743,423,101,480,147,1,2
14855,495.167,504,car,0.7151,541,98,616,165,1,2
14855,495.167,541,car,0.6839,416,101,477,150,1,2
14856,495.2,504,car,0.7348,542,98,616,165,1,2
14856,495.2,541,car,0.707,411,101,475,153,1,2
14857,495.233,504,car,0.7718,542,98,616,165,1,2
14857,495.233,541,car,0.7558,405,101,472,157,1,2
14858,495.267,504,car,0.7832,543,98,616,165,1,2
14858,495.267,541,car,0.8328,394,101,467,161,1,2
14859,495.3,504,car,0.804,543,98,617,165,1,2
14859,495.3,541,car,0.8437,389,102,464,165,1,2
14860,495.333,504,car,0.8281,543,98,617,165,1,2
14860,495.333,541,car,0.6769,378,102,461,169,1,2
14861,495.367,504,car,0.8608,544,98,618,166,1,2
14861,495.367,541,car,0.6479,366,103,454,176,1,2
14862,495.4,504,car,0.8746,544,99,618,166,1,2
14862,495.4,541,car,0.713,355,104,450,181,1,2
14863,495.433,504,car,0.8833,544,99,618,166,1,2
14863,495.433,541,car,0.7876,341,105,442,187,1,2
14864,495.467,504,car,0.8629,544,99,619,166,1,2
14864,495.467,541,car,0.7754,321,105,434,197,1,2
14865,495.5,504,car,0.8522,544,99,619,166,1,2
14865,495.5,541,car,0.7829,305,106,427,205,1,2
14866,495.533,504,car,0.8412,544,99,619,167,1,2
14866,495.533,541,car,0.834,280,109,417,217,0,2
14867,495.567,504,car,0.8471,544,99,619,167,1,2
14867,495.567,541,car,0.8419,253,111,405,232,0,2
14868,495.6,504,car,0.8398,544,99,619,167,1,2
14868,495.6,541,car,0.8346,233,113,397,241,0,2
14869,495.633,504,car,0.8311,544,99,618,167,1,2
14869,495.633,541,car,0.836,210,117,385,255,0,2
14870,495.667,504,car,0.8295,544,99,619,166,1,2
14870,495.667,541,car,0.7348,198,121,363,253,0,2
14871,495.7,504,car,0.777,544,99,619,166,1,2
14871,495.7,541,car,0.6564,190,125,352,256,0,2
14872,495.733,504,car,0.7786,544,99,619,166,1,2
14873,495.767,504,car,0.7806,545,99,619,166,1,2
14874,495.8,504,car,0.7731,545,99,619,166,1,2
14875,495.833,504,car,0.8012,546,101,621,167,1,2
14876,495.867,504,car,0.8116,546,101,621,168,1,2
14877,495.9,504,car,0.8174,546,101,622,168,1,2
14878,495.933,504,car,0.8217,546,102,622,169,1,2
14879,495.967,504,car,0.8312,546,102,622,169,1,2
14880,496.0,504,car,0.7896,546,102,622,169,1,2
14881,496.033,504,car,0.7739,546,103,621,169,1,2
14882,496.067,504,car,0.7331,546,103,622,169,1,2
14883,496.1,504,car,0.7283,546,103,622,170,1,2
14884,496.133,504,car,0.6801,546,103,621,170,1,2
14885,496.167,504,car,0.6993,546,104,621,170,1,2
14886,496.2,504,car,0.7068,546,104,621,170,1,2
14887,496.233,504,car,0.7225,546,105,619,170,1,2
14888,496.267,504,car,0.7186,546,105,619,170,1,2
14889,496.3,504,car,0.7364,545,105,619,171,1,2
14890,496.333,504,car,0.7327,545,105,619,171,1,2
14891,496.367,504,car,0.7581,544,105,619,173,1,2
14892,496.4,504,car,0.7566,544,106,618,173,1,2
14893,496.433,504,car,0.7593,544,106,618,173,1,2
14894,496.467,504,car,0.8047,543,107,618,174,1,2
14895,496.5,504,car,0.7952,543,107,617,174,1,2
14896,496.533,504,car,0.7824,542,107,617,174,1,2
14897,496.567,504,car,0.7488,541,107,617,174,1,2
14897,496.567,542,person,0.8048,256,339,1014,713,0,2
14898,496.6,504,car,0.7317,542,107,617,174,1,2
14898,496.6,542,person,0.7742,258,343,1008,714,0,2
14899,496.633,504,car,0.7645,541,107,617,174,1,2
14899,496.633,542,person,0.6497,249,336,1016,715,0,2
14900,496.667,504,car,0.7213,541,107,618,175,1,2
14900,496.667,542,person,0.7457,242,334,1013,715,0,2
14901,496.7,504,car,0.72,541,107,618,175,1,2
14901,496.7,542,person,0.6877,239,335,1009,715,0,2
14902,496.733,504,car,0.6947,541,107,617,175,1,2
14902,496.733,542,person,0.7446,247,353,982,714,0,2
14903,496.767,504,car,0.715,541,107,617,176,1,2
14903,496.767,542,person,0.6768,246,359,970,715,0,2
14904,496.8,504,car,0.6937,539,107,617,176,1,2
14904,496.8,542,person,0.6677,246,361,967,715,0,2
14905,496.833,504,car,0.6769,539,109,616,176,1,2
14906,496.867,504,car,0.6462,539,109,616,176,1,2
14907,496.9,504,car,0.6275,539,110,615,177,1,2
14908,496.933,504,car,0.6396,538,110,615,177,1,2
14912,497.067,-1,person,0.6181,723,414,982,711,0,2
14920,497.333,504,car,0.6409,534,110,611,179,1,2
14921,497.367,504,car,0.7065,533,110,610,179,1,2
14922,497.4,504,car,0.6809,533,110,610,179,1,2
14923,497.433,504,car,0.743,533,111,609,181,1,2
14924,497.467,504,car,0.7497,533,112,608,181,1,2
14925,497.5,504,car,0.7504,533,112,608,181,1,2
14926,497.533,504,car,0.7863,533,113,607,181,1,2
14927,497.567,504,car,0.8251,533,113,607,181,1,2
14928,497.6,504,car,0.8233,533,113,607,181,1,2
14929,497.633,504,car,0.7868,531,113,606,181,1,2
14930,497.667,504,car,0.7874,531,113,606,181,1,2
14931,497.7,504,car,0.7856,531,114,606,181,1,2
14932,497.733,504,car,0.7822,531,113,606,181,1,2
14933,497.767,504,car,0.7475,530,113,605,181,1,2
14934,497.8,504,car,0.7534,530,113,605,181,1,2
14935,497.833,504,car,0.7362,529,113,605,181,1,2
14936,497.867,504,car,0.752,529,112,605,181,1,2
14937,497.9,504,car,0.7183,528,112,605,181,1,2
14938,497.933,504,car,0.7139,528,112,603,181,1,2
14939,497.967,504,car,0.7069,528,112,603,179,1,2
14940,498.0,504,car,0.7248,527,112,602,179,1,2
14941,498.033,504,car,0.6992,527,111,602,178,1,2
14942,498.067,504,car,0.7216,527,112,601,178,1,2
14943,498.1,504,car,0.7026,527,112,601,178,1,2
14944,498.133,504,car,0.7174,526,112,601,178,1,2
14945,498.167,504,car,0.7119,526,112,601,179,1,2
14945,498.167,544,person,0.604,715,407,987,711,0,2
14946,498.2,504,car,0.7043,526,113,600,179,1,2
14947,498.233,504,car,0.7252,526,113,600,179,1,2
14948,498.267,504,car,0.747,525,113,600,181,1,2
14949,498.3,504,car,0.7436,525,113,600,181,1,2
14950,498.333,504,car,0.7373,525,113,600,181,1,2
14951,498.367,504,car,0.7158,525,112,600,179,1,2
14952,498.4,504,car,0.7186,525,112,600,178,1,2
14953,498.433,504,car,0.7342,525,111,600,178,1,2
14954,498.467,504,car,0.726,526,111,600,177,1,2
14955,498.5,504,car,0.7175,526,110,600,176,1,2
14956,498.533,504,car,0.7243,526,110,600,176,1,2
14957,498.567,504,car,0.6913,526,111,600,176,1,2
14958,498.6,504,car,0.6904,526,111,600,176,1,2
14959,498.633,504,car,0.6866,526,111,600,176,1,2
14960,498.667,504,car,0.686,526,111,600,176,1,2
14961,498.7,504,car,0.6678,526,111,600,176,1,2
14962,498.733,504,car,0.6853,526,111,599,176,1,2
14963,498.767,504,car,0.6901,526,111,599,176,1,2
14964,498.8,504,car,0.6914,526,111,599,176,1,2
14965,498.833,504,car,0.6768,526,111,599,176,1,2
14966,498.867,504,car,0.64,525,111,599,176,1,2
14967,498.9,504,car,0.6446,525,111,599,176,1,2
14968,498.933,504,car,0.6718,525,111,599,176,1,2
14969,498.967,504,car,0.6697,525,111,599,176,1,2
14970,499.0,504,car,0.7142,525,111,598,177,1,2
14971,499.033,504,car,0.7165,523,111,598,177,1,2
14972,499.067,504,car,0.744,523,111,599,178,1,2
14973,499.1,504,car,0.7307,523,111,599,178,1,2
14974,499.133,504,car,0.7308,525,112,599,179,1,2
14975,499.167,504,car,0.765,525,113,600,179,1,2
14975,499.167,544,person,0.6216,723,422,983,711,0,2
14976,499.2,504,car,0.7865,526,113,600,181,1,2
14976,499.2,544,person,0.6311,725,422,984,711,0,2
14977,499.233,504,car,0.8258,527,114,601,182,1,2
14977,499.233,544,person,0.6586,728,422,989,711,0,2
14978,499.267,504,car,0.8229,528,114,602,182,1,2
14978,499.267,544,person,0.6905,729,421,992,712,0,2
14979,499.3,504,car,0.8631,529,115,603,182,1,2
14979,499.3,544,person,0.6641,729,418,994,712,0,2
14980,499.333,504,car,0.8191,531,117,603,183,1,2
14980,499.333,544,person,0.6837,730,416,997,712,0,2
14981,499.367,504,car,0.8022,531,117,605,183,1,2
14981,499.367,544,person,0.6769,733,418,999,712,0,2
14982,499.4,504,car,0.8128,533,117,606,183,1,2
14982,499.4,544,person,0.6562,735,422,998,712,0,2
14983,499.433,504,car,0.7927,534,118,606,183,1,2
14984,499.467,504,car,0.749,534,118,607,184,1,2
14984,499.467,544,person,0.6278,738,426,997,711,0,2
14985,499.5,504,car,0.7388,534,118,608,185,1,2
14985,499.5,544,person,0.6322,739,426,997,711,0,2
14986,499.533,504,car,0.6966,534,118,608,185,1,2
14986,499.533,544,person,0.6209,737,426,997,711,0,2
14987,499.567,504,car,0.712,535,119,608,185,1,2
14988,499.6,504,car,0.7063,535,119,608,185,1,2
14989,499.633,504,car,0.7341,535,119,608,185,1,2
14990,499.667,504,car,0.7478,535,120,608,186,1,2
14991,499.7,504,car,0.7289,535,120,608,186,1,2
14992,499.733,504,car,0.6653,535,120,608,186,1,2
14993,499.767,504,car,0.7228,535,120,607,186,1,2
14994,499.8,504,car,0.7339,535,120,607,186,1,2
14995,499.833,504,car,0.7456,535,120,607,185,1,2
14996,499.867,504,car,0.729,535,120,607,185,1,2
14997,499.9,504,car,0.7255,535,120,607,185,1,2
14998,499.933,504,car,0.715,535,120,606,184,1,2
14999,499.967,504,car,0.7153,535,120,606,184,1,2
15000,500.0,504,car,0.6625,535,120,606,184,1,2
15001,500.033,504,car,0.7232,535,120,605,184,1,2
15002,500.067,504,car,0.7306,535,121,605,184,1,2
15002,500.067,544,person,0.6115,739,430,994,711,0,2
15003,500.1,504,car,0.7346,535,121,605,184,1,2
15003,500.1,544,person,0.6511,737,430,993,711,0,2
15004,500.133,504,car,0.7512,535,121,605,184,1,2
15004,500.133,544,person,0.6128,735,431,991,711,0,2
15005,500.167,504,car,0.7613,535,121,603,184,1,2
15005,500.167,544,person,0.6576,733,430,989,711,0,2
15006,500.2,504,car,0.7671,534,121,603,184,1,2
15006,500.2,544,person,0.6551,731,430,987,711,0,2
15007,500.233,504,car,0.7451,534,121,603,184,1,2
15007,500.233,544,person,0.6396,728,429,985,711,0,2
15008,500.267,504,car,0.7195,535,121,603,184,1,2
15008,500.267,544,person,0.603,727,430,983,711,0,2
15009,500.3,504,car,0.7276,535,122,603,184,1,2
15009,500.3,544,person,0.6374,727,430,981,710,0,2
15010,500.333,504,car,0.7368,535,122,603,184,1,2
15011,500.367,504,car,0.692,535,123,602,184,1,2
15011,500.367,544,person,0.603,725,432,976,711,0,2
15012,500.4,504,car,0.7151,534,123,602,185,1,2
15012,500.4,544,person,0.607,725,434,974,711,0,2
15013,500.433,504,car,0.6997,534,123,603,185,1,2
15013,500.433,544,person,0.6422,725,435,973,710,0,2
15014,500.467,504,car,0.7188,534,123,603,185,1,2
15014,500.467,544,person,0.6557,725,437,970,711,0,2
15015,500.5,504,car,0.7291,534,123,603,186,1,2
15015,500.5,544,person,0.6504,723,438,968,711,0,2
15016,500.533,504,car,0.7191,534,123,603,186,1,2
15016,500.533,544,person,0.6096,722,438,967,711,0,2
15017,500.567,504,car,0.6946,533,122,603,186,1,2
15017,500.567,544,person,0.6345,722,438,966,711,0,2
15018,500.6,504,car,0.7058,534,122,603,186,1,2
15018,500.6,544,person,0.6095,722,438,966,711,0,2
15019,500.633,504,car,0.6754,533,122,603,187,1,2
15019,500.633,544,person,0.6839,725,439,967,711,0,2
15020,500.667,504,car,0.6995,534,123,603,187,1,2
15020,500.667,544,person,0.6521,727,439,967,711,0,2
15020,500.667,545,car,0.6776,504,114,534,136,1,2
15021,500.7,504,car,0.6611,534,123,603,187,1,2
15021,500.7,544,person,0.6922,729,439,969,711,0,2
15021,500.7,545,car,0.6321,504,114,533,137,1,2
15022,500.733,504,car,0.6573,534,122,603,186,1,2
15022,500.733,545,car,0.613,502,114,533,138,1,2
15023,500.767,504,car,0.7143,534,122,603,186,1,2
15024,500.8,504,car,0.7221,534,122,603,186,1,2
15024,500.8,545,car,0.6305,498,114,530,138,1,2
15025,500.833,504,car,0.7236,534,122,603,185,1,2
15025,500.833,545,car,0.6585,496,113,528,138,1,2
15026,500.867,504,car,0.653,534,122,602,185,1,2
15026,500.867,545,car,0.6653,493,113,527,141,1,2
15027,500.9,504,car,0.6251,534,122,602,185,1,2
15027,500.9,545,car,0.6428,490,114,525,141,1,2
15028,500.933,504,car,0.6801,534,122,602,185,1,2
15028,500.933,545,car,0.6757,488,114,522,142,1,2
15029,500.967,504,car,0.6866,534,122,602,185,1,2
15029,500.967,545,car,0.6659,487,115,521,143,1,2
15030,501.0,504,car,0.6524,534,123,602,185,1,2
15030,501.0,545,car,0.6424,486,115,520,143,1,2
15031,501.033,504,car,0.6663,534,123,602,185,1,2
15031,501.033,545,car,0.6338,483,115,519,144,1,2
15032,501.067,504,car,0.6382,533,122,602,185,1,2
15032,501.067,545,car,0.6642,481,115,518,144,1,2
15033,501.1,504,car,0.6753,534,123,602,185,1,2
15033,501.1,545,car,0.6561,480,115,515,144,1,2
15034,501.133,504,car,0.6445,533,123,602,186,1,2
15034,501.133,545,car,0.6804,478,115,514,144,1,2
15035,501.167,504,car,0.6788,533,123,603,186,1,2
15035,501.167,545,car,0.7027,474,115,512,145,1,2
15036,501.2,504,car,0.6874,533,123,603,186,1,2
15036,501.2,545,car,0.7322,472,115,511,146,1,2
15036,501.2,547,car,0.6184,221,309,1279,706,0,2
15037,501.233,504,car,0.7106,533,123,603,187,1,2
15037,501.233,545,car,0.8199,471,115,510,146,1,2
15038,501.267,504,car,0.7199,533,123,602,186,1,2
15038,501.267,545,car,0.7175,466,115,507,147,1,2
15039,501.3,504,car,0.7204,534,123,602,186,1,2
15039,501.3,545,car,0.7046,465,115,506,150,1,2
15040,501.333,504,car,0.7169,533,123,601,185,1,2
15040,501.333,545,car,0.6922,462,115,505,150,1,2
15041,501.367,504,car,0.7222,533,123,601,185,1,2
15041,501.367,545,car,0.6792,457,117,503,152,1,2
15042,501.4,504,car,0.7062,533,125,601,185,1,2
15042,501.4,545,car,0.7351,455,117,502,153,1,2
15043,501.433,504,car,0.716,533,123,601,185,1,2
15043,501.433,545,car,0.7937,450,117,499,155,1,2
15044,501.467,504,car,0.6898,533,123,601,185,1,2
15044,501.467,545,car,0.8088,447,117,496,157,1,2
15045,501.5,504,car,0.664,533,123,600,184,1,2
15045,501.5,545,car,0.8128,443,117,495,157,1,2
15046,501.533,504,car,0.6547,533,123,600,184,1,2
15046,501.533,545,car,0.7754,440,117,491,159,1,2
15047,501.567,504,car,0.6951,533,123,600,184,1,2
15047,501.567,545,car,0.7859,437,118,489,159,1,2
15048,501.6,504,car,0.7034,533,123,600,184,1,2
15048,501.6,545,car,0.7777,433,118,487,160,1,2
15049,501.633,504,car,0.7248,533,123,600,184,1,2
15049,501.633,545,car,0.8334,427,118,483,161,1,2
15050,501.667,504,car,0.7297,531,123,600,184,1,2
15050,501.667,545,car,0.8645,422,118,482,165,1,2
15051,501.7,504,car,0.7239,531,123,599,184,1,2
15051,501.7,545,car,0.8554,418,117,480,166,1,2
15052,501.733,504,car,0.7327,531,123,599,184,1,2
15052,501.733,545,car,0.8471,413,118,478,168,1,2
15053,501.767,504,car,0.7641,531,123,599,184,1,2
15053,501.767,545,car,0.7243,406,118,473,170,1,2
15054,501.8,504,car,0.7575,531,123,599,184,1,2
15054,501.8,545,car,0.7788,401,118,471,171,1,2
15055,501.833,504,car,0.7584,531,123,599,184,1,2
15055,501.833,545,car,0.8377,394,118,467,175,1,2
15056,501.867,504,car,0.7381,530,123,599,184,1,2
15056,501.867,545,car,0.8152,387,119,463,177,1,2
15057,501.9,504,car,0.7497,530,123,599,184,1,2
15057,501.9,545,car,0.8263,383,120,459,178,1,2
15058,501.933,504,car,0.7372,530,123,599,184,1,2
15058,501.933,545,car,0.7308,375,120,456,182,1,2
15059,501.967,504,car,0.7503,530,123,599,184,1,2
15059,501.967,545,car,0.6607,365,120,451,186,1,2
15060,502.0,504,car,0.7736,530,125,599,185,1,2
15060,502.0,545,car,0.6943,358,120,448,190,1,2
15061,502.033,504,car,0.7973,530,125,598,185,1,2
15061,502.033,545,car,0.7519,346,121,439,193,1,2
15062,502.067,504,car,0.8199,530,125,598,185,1,2
15062,502.067,545,car,0.8054,335,121,435,198,1,2
15063,502.1,504,car,0.8217,529,125,598,185,1,2
15063,502.1,545,car,0.8346,327,121,432,201,1,2
15064,502.133,504,car,0.8446,529,125,598,185,1,2
15064,502.133,545,car,0.7491,312,122,424,208,1,2
15065,502.167,504,car,0.8239,530,125,599,185,1,2
15065,502.167,545,car,0.8012,297,122,419,215,1,2
15066,502.2,504,car,0.8392,530,123,599,185,1,2
15066,502.2,545,car,0.8149,285,122,414,221,1,2
15067,502.233,504,car,0.8519,529,123,599,185,1,2
15067,502.233,545,car,0.7392,269,125,407,229,0,2
15068,502.267,504,car,0.8471,529,123,599,185,1,2
15068,502.267,545,car,0.8786,246,126,397,239,0,2
15069,502.3,504,car,0.8619,530,123,599,185,1,2
15069,502.3,545,car,0.8757,230,126,392,247,0,2
15070,502.333,504,car,0.8363,530,123,599,185,1,2
15070,502.333,545,car,0.8483,205,127,379,257,0,2
15071,502.367,504,car,0.8157,530,123,598,184,1,2
15071,502.367,545,car,0.8479,183,128,370,267,0,2
15072,502.4,504,car,0.827,530,123,598,184,1,2
15072,502.4,545,car,0.8496,166,128,366,278,0,2
15073,502.433,504,car,0.8223,530,125,598,184,1,2
15073,502.433,545,car,0.8205,153,130,351,278,0,2
15074,502.467,504,car,0.7891,530,125,598,184,1,2
15074,502.467,545,car,0.6262,142,133,331,275,0,2
15075,502.5,504,car,0.8202,530,125,598,184,1,2
15075,502.5,545,car,0.7582,134,134,321,277,0,2
15076,502.533,504,car,0.8281,530,125,598,184,1,2
15077,502.567,504,car,0.8244,530,125,598,184,1,2
15078,502.6,504,car,0.8246,530,125,598,184,1,2
15079,502.633,504,car,0.8388,530,125,598,184,1,2
15080,502.667,504,car,0.8241,530,125,598,184,1,2
15081,502.7,504,car,0.815,530,125,598,184,1,2
15082,502.733,504,car,0.7723,530,125,598,184,1,2
15083,502.767,504,car,0.7665,530,125,598,184,1,2
15084,502.8,504,car,0.7551,530,125,598,184,1,2
15085,502.833,504,car,0.7671,530,125,598,184,1,2
15086,502.867,504,car,0.783,530,125,598,184,1,2
15087,502.9,504,car,0.782,530,125,598,184,1,2
15088,502.933,504,car,0.796,531,125,598,184,1,2
15089,502.967,504,car,0.7738,531,125,598,184,1,2
15090,503.0,504,car,0.773,531,125,598,184,1,2
15091,503.033,504,car,0.7812,531,125,598,184,1,2
15092,503.067,504,car,0.767,531,125,598,184,1,2
15093,503.1,504,car,0.7563,531,126,598,184,1,2
15094,503.133,504,car,0.7592,531,126,598,184,1,2
15095,503.167,504,car,0.7679,533,126,599,183,1,2
15096,503.2,504,car,0.7465,533,126,599,183,1,2
15097,503.233,504,car,0.7587,533,125,599,183,1,2
15098,503.267,504,car,0.7285,533,125,599,182,1,2
15099,503.3,504,car,0.7241,534,123,599,182,1,2
15100,503.333,504,car,0.7001,534,123,599,182,1,2
15101,503.367,504,car,0.6776,534,123,599,182,1,2
15102,503.4,504,car,0.6441,534,123,599,181,1,2
15103,503.433,504,car,0.7075,534,123,599,182,1,2
15104,503.467,504,car,0.6393,534,123,599,181,1,2
15105,503.5,504,car,0.6336,534,122,600,181,1,2
15106,503.533,504,car,0.6431,534,121,601,181,1,2
15107,503.567,504,car,0.6835,534,121,601,182,1,2
15108,503.6,504,car,0.7006,534,121,601,182,1,2
15108,503.6,555,person,0.6417,206,421,401,712,0,2
15109,503.633,504,car,0.6713,534,121,602,182,1,2
15109,503.633,555,person,0.6911,209,421,403,712,0,2
15110,503.667,504,car,0.6645,534,121,602,183,1,2
15110,503.667,555,person,0.6045,213,422,407,712,0,2
15111,503.7,504,car,0.6682,535,122,601,182,1,2
15112,503.733,504,car,0.6507,535,122,602,182,1,2
15112,503.733,555,person,0.7017,219,425,411,712,0,2
15113,503.767,504,car,0.6626,535,122,602,182,1,2
15113,503.767,555,person,0.6376,222,425,413,712,0,2
15114,503.8,504,car,0.6891,535,122,602,182,1,2
15115,503.833,504,car,0.6798,535,122,602,182,1,2
15116,503.867,504,car,0.6698,535,122,603,182,1,2
15116,503.867,555,person,0.6134,222,423,415,713,0,2
15117,503.9,504,car,0.7125,535,122,602,182,1,2
15118,503.933,504,car,0.7074,536,122,602,181,1,2
15118,503.933,555,person,0.6367,222,422,415,713,0,2
15119,503.967,504,car,0.7315,536,122,602,182,1,2
15120,504.0,504,car,0.7046,536,122,602,182,1,2
15121,504.033,504,car,0.6734,536,123,602,182,1,2
15121,504.033,555,person,0.6084,224,422,416,713,0,2
15122,504.067,504,car,0.6852,536,123,602,182,1,2
15122,504.067,555,person,0.6021,225,422,416,713,0,2
15123,504.1,504,car,0.6627,536,123,602,182,1,2
15124,504.133,504,car,0.639,536,123,602,182,1,2
15124,504.133,555,person,0.6303,226,424,416,713,0,2
15125,504.167,504,car,0.6085,536,123,603,182,1,2
15126,504.2,504,car,0.6268,536,123,603,182,1,2
15126,504.2,555,person,0.629,225,424,414,713,0,2
15127,504.233,504,car,0.6336,537,123,602,182,1,2
15128,504.267,504,car,0.6908,537,123,603,182,1,2
15129,504.3,504,car,0.7186,537,123,603,182,1,2
15130,504.333,504,car,0.7131,537,122,603,182,1,2
15131,504.367,504,car,0.6468,537,122,603,181,1,2
15131,504.367,555,person,0.6797,226,418,418,713,0,2
15132,504.4,504,car,0.6521,538,122,603,181,1,2
15132,504.4,555,person,0.6628,226,419,417,713,0,2
15133,504.433,504,car,0.6739,538,122,603,181,1,2
15133,504.433,555,person,0.6211,227,419,417,713,0,2
15134,504.467,504,car,0.6219,538,122,603,181,1,2
15134,504.467,555,person,0.6521,227,419,417,713,0,2
15135,504.5,555,person,0.6546,227,419,417,713,0,2
15136,504.533,555,person,0.6955,226,418,416,713,0,2
15137,504.567,555,person,0.6587,226,418,415,713,0,2
15138,504.6,555,person,0.6512,226,419,414,713,0,2
15138,504.6,504,car,0.6138,539,123,605,181,1,2
15139,504.633,504,car,0.621,539,123,605,181,1,2
15140,504.667,504,car,0.6263,539,123,605,181,1,2
15141,504.7,504,car,0.6448,541,123,605,179,1,2
15142,504.733,504,car,0.6809,541,122,606,179,1,2
15142,504.733,555,person,0.6434,235,421,423,712,0,2
15143,504.767,504,car,0.6474,541,122,606,179,1,2
15144,504.8,504,car,0.6518,542,122,606,179,1,2
15145,504.833,504,car,0.6639,542,121,606,179,1,2
15146,504.867,504,car,0.6016,542,122,606,179,1,2
15147,504.9,504,car,0.6196,542,122,606,179,1,2
15148,504.933,504,car,0.6693,542,122,607,179,1,2
15149,504.967,504,car,0.658,542,122,607,179,1,2
15149,504.967,555,person,0.6149,250,424,434,711,0,2
15150,505.0,504,car,0.6692,543,122,607,179,1,2
15150,505.0,555,person,0.6653,251,424,434,711,0,2
15151,505.033,504,car,0.6323,543,122,607,179,1,2
15151,505.033,555,person,0.7179,250,424,433,712,0,2
15152,505.067,504,car,0.6234,543,121,607,178,1,2
15152,505.067,555,person,0.6943,248,424,432,712,0,2
15153,505.1,555,person,0.6886,247,424,431,712,0,2
15154,505.133,555,person,0.6655,246,423,430,712,0,2
15154,505.133,504,car,0.6069,543,120,608,178,1,2
15155,505.167,555,person,0.6179,245,423,429,712,0,2
15163,505.433,504,car,0.6546,547,117,613,175,1,2
15164,505.467,504,car,0.6492,547,117,613,175,1,2
15165,505.5,504,car,0.6641,549,117,613,175,1,2
15166,505.533,504,car,0.6529,549,117,614,175,1,2
15167,505.567,504,car,0.6521,549,117,614,174,1,2
15168,505.6,504,car,0.6354,549,117,614,174,1,2
15169,505.633,504,car,0.6479,549,115,614,174,1,2
15170,505.667,504,car,0.6295,549,115,614,174,1,2
15171,505.7,504,car,0.6571,549,115,614,174,1,2
15172,505.733,504,car,0.6211,549,114,614,174,1,2
15176,505.867,504,car,0.6078,550,113,613,170,1,2
15177,505.9,504,car,0.6103,550,113,613,170,1,2
15183,506.1,504,car,0.6098,550,113,610,168,1,2
15184,506.133,504,car,0.6418,550,113,610,168,1,2
15185,506.167,504,car,0.6516,550,113,611,168,1,2
15186,506.2,504,car,0.6717,550,113,611,168,1,2
15187,506.233,504,car,0.6597,550,113,611,168,1,2
15188,506.267,504,car,0.6618,550,113,611,168,1,2
15189,506.3,504,car,0.6456,550,112,610,167,1,2
15190,506.333,504,car,0.6538,549,112,610,167,1,2
15191,506.367,504,car,0.6535,550,112,610,166,1,2
15192,506.4,504,car,0.6219,550,112,610,166,1,2
15193,506.433,504,car,0.6833,550,111,610,165,1,2
15194,506.467,504,car,0.7135,549,109,611,165,1,2
15195,506.5,504,car,0.7019,549,109,611,163,1,2
15196,506.533,504,car,0.7319,550,107,611,162,1,2
15197,506.567,504,car,0.6441,550,106,611,161,1,2
15198,506.6,504,car,0.6487,550,105,611,160,1,2
15199,506.633,504,car,0.6179,551,105,611,159,1,2
15200,506.667,504,car,0.6252,551,105,613,159,1,2
15201,506.7,504,car,0.6738,551,105,613,158,1,2
15202,506.733,504,car,0.6618,551,104,613,157,1,2
15207,506.9,504,car,0.6812,551,102,611,154,1,2
15208,506.933,504,car,0.7035,551,102,611,154,1,2
15209,506.967,504,car,0.6981,551,102,610,153,1,2
15210,507.0,504,car,0.6738,551,102,610,153,1,2
15211,507.033,504,car,0.6905,551,102,609,152,1,2
15212,507.067,504,car,0.6642,550,102,608,152,1,2
15213,507.1,504,car,0.656,550,102,608,152,1,2
15214,507.133,504,car,0.624,550,102,607,151,1,2
15215,507.167,504,car,0.6278,549,102,607,151,1,2
15217,507.233,504,car,0.6359,549,101,606,151,1,2
15218,507.267,504,car,0.6639,549,101,606,151,1,2
15219,507.3,504,car,0.6761,547,101,605,151,1,2
15220,507.333,504,car,0.652,547,101,605,151,1,2
15221,507.367,504,car,0.6158,546,102,605,151,1,2
15221,507.367,557,person,0.6092,253,421,426,712,0,2
15223,507.433,504,car,0.7115,545,101,603,151,1,2
15223,507.433,557,person,0.6133,251,422,425,711,0,2
15224,507.467,504,car,0.6744,545,101,603,151,1,2
15224,507.467,557,person,0.6775,254,422,426,711,0,2
15225,507.5,504,car,0.699,545,102,602,151,1,2
15225,507.5,557,person,0.6935,255,423,427,712,0,2
15226,507.533,504,car,0.7446,545,102,602,152,1,2
15226,507.533,557,person,0.6869,258,424,430,712,0,2
15227,507.567,504,car,0.7122,545,102,602,152,1,2
15227,507.567,557,person,0.649,261,426,431,712,0,2
15228,507.6,504,car,0.6851,545,102,602,153,1,2
15228,507.6,557,person,0.6968,262,427,432,712,0,2
15229,507.633,557,person,0.6759,263,429,432,712,0,2
15229,507.633,560,person,0.6017,758,407,1022,711,0,2
15230,507.667,557,person,0.6004,264,431,431,712,0,2
15231,507.7,557,person,0.6093,264,432,431,712,0,2
15231,507.7,560,person,0.6114,758,409,1019,710,0,2
15232,507.733,557,person,0.6108,264,432,431,712,0,2
15232,507.733,560,person,0.6293,757,410,1018,710,0,2
15233,507.767,557,person,0.6671,265,433,431,712,0,2
15233,507.767,560,person,0.648,758,414,1015,710,0,2
15233,507.767,504,car,0.6438,544,106,603,157,1,2
15234,507.8,557,person,0.6797,265,433,431,712,0,2
15234,507.8,560,person,0.6489,757,415,1014,710,0,2
15234,507.8,504,car,0.6365,544,106,603,158,1,2
15235,507.833,557,person,0.6681,265,434,431,711,0,2
15235,507.833,560,person,0.6344,757,416,1013,710,0,2
15236,507.867,557,person,0.623,265,434,430,712,0,2
15236,507.867,560,person,0.6479,757,419,1011,711,0,2
15237,507.9,557,person,0.6299,265,435,430,711,0,2
15237,507.9,560,person,0.6364,757,421,1010,711,0,2
15238,507.933,560,person,0.6388,757,422,1010,710,0,2
15238,507.933,504,car,0.6054,544,107,603,159,1,2
15239,507.967,560,person,0.6343,758,421,1011,710,0,2
15241,508.033,560,person,0.6165,758,416,1017,711,0,2
15242,508.067,504,car,0.6142,543,107,602,160,1,2
15243,508.1,504,car,0.6481,543,107,602,160,1,2
15243,508.1,560,person,0.6147,757,411,1021,711,0,2
15244,508.133,504,car,0.665,543,107,602,159,1,2
15244,508.133,560,person,0.6255,757,411,1021,710,0,2
15245,508.167,504,car,0.679,543,107,601,159,1,2
15245,508.167,560,person,0.6029,755,413,1019,711,0,2
15246,508.2,504,car,0.7184,543,107,601,158,1,2
15246,508.2,560,person,0.627,755,413,1018,711,0,2
15247,508.233,504,car,0.7226,543,109,600,158,1,2
15247,508.233,560,person,0.6229,755,415,1017,710,0,2
15248,508.267,504,car,0.72,543,109,599,158,1,2
15248,508.267,560,person,0.6469,757,415,1018,710,0,2
15249,508.3,504,car,0.7296,542,109,599,158,1,2
15249,508.3,560,person,0.6707,757,415,1019,710,0,2
15250,508.333,504,car,0.7492,542,109,599,158,1,2
15250,508.333,560,person,0.6489,759,414,1022,710,0,2
15251,508.367,560,person,0.62,759,411,1024,710,0,2
15252,508.4,560,person,0.6173,759,410,1025,710,0,2
15253,508.433,560,person,0.6321,759,409,1026,710,0,2
15254,508.467,560,person,0.6429,759,407,1027,710,0,2
15255,508.5,560,person,0.6209,759,407,1027,710,0,2
15255,508.5,504,car,0.6512,536,107,595,158,1,2
15256,508.533,560,person,0.6048,758,407,1027,710,0,2
15256,508.533,504,car,0.6676,536,107,594,158,1,2
15257,508.567,560,person,0.6153,758,406,1029,710,0,2
15257,508.567,504,car,0.6458,536,107,594,158,1,2
15258,508.6,560,person,0.6296,757,405,1027,711,0,2
15258,508.6,504,car,0.6547,536,107,593,158,1,2
15258,508.6,557,person,0.6088,264,433,429,711,0,2
15259,508.633,560,person,0.6303,757,406,1026,710,0,2
15259,508.633,504,car,0.7152,535,107,593,158,1,2
15259,508.633,557,person,0.6566,264,432,429,711,0,2
15260,508.667,504,car,0.7401,534,107,592,158,1,2
15261,508.7,504,car,0.7371,534,107,592,158,1,2
15261,508.7,560,person,0.6181,755,409,1023,710,0,2
15262,508.733,504,car,0.7191,534,106,592,158,1,2
15263,508.767,504,car,0.7028,533,106,591,157,1,2
15263,508.767,560,person,0.6332,751,410,1017,711,0,2
15264,508.8,504,car,0.6497,533,106,591,157,1,2
15264,508.8,560,person,0.6109,749,411,1015,711,0,2
15265,508.833,560,person,0.6202,749,411,1015,711,0,2
15266,508.867,560,person,0.6137,749,411,1015,711,0,2
15267,508.9,560,person,0.6122,750,413,1015,711,0,2
15268,508.933,560,person,0.6683,750,411,1016,710,0,2
15268,508.933,504,car,0.6146,529,105,586,155,1,2
15269,508.967,560,person,0.6195,747,409,1016,710,0,2
15270,509.0,504,car,0.6023,528,105,585,155,1,2
15271,509.033,504,car,0.6389,528,105,585,155,1,2
15271,509.033,560,person,0.6021,741,407,1010,710,0,2
15272,509.067,504,car,0.6692,527,105,584,154,1,2
15273,509.1,504,car,0.6518,527,105,583,154,1,2
15274,509.133,504,car,0.7,525,105,582,154,1,2
15275,509.167,504,car,0.6369,523,104,581,154,1,2
15276,509.2,504,car,0.6238,523,104,581,154,1,2
15277,509.233,560,person,0.6524,722,395,1002,711,0,2
15278,509.267,560,person,0.6779,720,395,1000,711,0,2
15279,509.3,560,person,0.6852,719,395,998,711,0,2
15280,509.333,560,person,0.6758,719,395,997,711,0,2
15281,509.367,560,person,0.6856,718,394,995,711,0,2
15282,509.4,560,person,0.695,718,393,995,711,0,2
15284,509.467,560,person,0.6174,718,391,998,711,0,2
15285,509.5,504,car,0.6209,519,104,575,152,1,2
15286,509.533,504,car,0.646,519,104,575,152,1,2
15286,509.533,560,person,0.622,719,392,997,711,0,2
15287,509.567,504,car,0.644,518,104,574,152,1,2
15288,509.6,504,car,0.6873,518,104,574,153,1,2
15288,509.6,560,person,0.6494,722,398,997,710,0,2
15289,509.633,504,car,0.71,518,104,574,153,1,2
15289,509.633,560,person,0.6669,725,399,998,711,0,2
15290,509.667,504,car,0.6984,518,104,574,153,1,2
15290,509.667,560,person,0.6691,726,398,1000,711,0,2
15291,509.7,504,car,0.6833,518,104,575,152,1,2
15291,509.7,560,person,0.6686,726,398,1001,711,0,2
15292,509.733,504,car,0.7474,518,103,575,153,1,2
15292,509.733,560,person,0.6205,729,400,1003,711,0,2
15293,509.767,504,car,0.7364,519,103,575,153,1,2
15293,509.767,560,person,0.6398,733,402,1005,711,0,2
15294,509.8,504,car,0.7371,519,103,575,153,1,2
15294,509.8,560,person,0.6505,735,403,1006,710,0,2
15295,509.833,504,car,0.7203,519,103,575,153,1,2
15295,509.833,560,person,0.6219,735,403,1007,710,0,2
15296,509.867,504,car,0.7124,519,104,575,153,1,2
15297,509.9,504,car,0.719,519,104,575,153,1,2
15298,509.933,504,car,0.7209,519,104,575,153,1,2
15299,509.967,504,car,0.751,519,104,575,153,1,2
15300,510.0,504,car,0.7501,519,104,576,153,1,2
15301,510.033,504,car,0.7071,519,104,575,153,1,2
15302,510.067,504,car,0.6332,519,104,575,153,1,2
15306,510.2,504,car,0.6296,518,105,575,154,1,2
15307,510.233,504,car,0.6511,519,106,576,155,1,2
15308,510.267,504,car,0.6403,521,106,578,157,1,2
15309,510.3,504,car,0.6771,523,109,579,157,1,2
15310,510.333,504,car,0.6632,525,110,581,158,1,2
15312,510.4,504,car,0.6171,529,113,586,163,1,2
15313,510.433,504,car,0.6815,533,115,590,165,1,2
15313,510.433,560,person,0.6255,798,442,1023,711,0,2
15316,510.533,504,car,0.6404,542,123,599,173,1,2
15317,510.567,504,car,0.6775,546,127,603,177,1,2
15321,510.7,504,car,0.6438,559,139,616,187,1,2
15325,510.833,504,car,0.6115,568,146,623,194,1,2
15327,510.9,504,car,0.6266,569,147,625,195,1,2
15338,511.267,-1,car,0.6051,570,152,626,197,1,2
15341,511.367,-1,car,0.6063,569,151,625,200,1,2
15342,511.4,562,car,0.6404,568,150,624,199,1,2
15344,511.467,562,car,0.6239,567,147,624,197,1,2
15345,511.5,562,car,0.6228,567,147,624,197,1,2
15346,511.533,-1,car,0.6644,520,145,554,167,1,2
15347,511.567,563,car,0.6628,518,142,555,166,1,2
15347,511.567,562,car,0.6147,567,144,624,193,1,2
15350,511.667,563,car,0.6501,511,137,551,162,1,2
15351,511.7,563,car,0.6468,509,135,551,162,1,2
15352,511.733,563,car,0.6058,505,133,550,161,1,2
15353,511.767,563,car,0.7065,503,131,550,161,1,2
15354,511.8,563,car,0.7003,503,134,547,161,1,2
15354,511.8,562,car,0.6028,562,133,622,185,1,2
15355,511.833,563,car,0.6833,502,134,545,161,1,2
15355,511.833,562,car,0.638,562,131,622,184,1,2
15356,511.867,563,car,0.7233,498,133,543,161,1,2
15356,511.867,562,car,0.6064,562,131,621,183,1,2
15357,511.9,563,car,0.7124,497,133,543,162,1,2
15358,511.933,563,car,0.6609,491,130,542,162,1,2
15359,511.967,563,car,0.6355,489,133,537,165,1,2
15360,512.0,563,car,0.6567,485,131,537,166,1,2
15360,512.0,566,car,0.6388,1089,163,1144,185,0,2
15360,512.0,562,car,0.6096,561,130,618,181,1,2
15361,512.033,563,car,0.6709,481,131,534,166,1,2
15361,512.033,567,person,0.6431,272,449,447,711,0,2
15362,512.067,563,car,0.7299,477,131,531,167,1,2
15362,512.067,567,person,0.6461,270,450,443,711,0,2
15363,512.1,563,car,0.7077,474,130,529,168,1,2
15363,512.1,567,person,0.6172,269,451,442,711,0,2
15364,512.133,563,car,0.7771,470,129,528,170,1,2
15364,512.133,562,car,0.6096,559,128,616,178,1,2
15365,512.167,563,car,0.6952,464,128,526,173,1,2
15365,512.167,562,car,0.6281,559,128,616,178,1,2
15366,512.2,563,car,0.6892,461,128,523,174,1,2
15366,512.2,562,car,0.6599,559,127,616,178,1,2
15367,512.233,563,car,0.7275,456,127,522,176,1,2
15367,512.233,562,car,0.6671,559,127,616,178,1,2
15367,512.233,567,person,0.6129,255,442,435,712,0,2
15368,512.267,563,car,0.7793,449,126,520,178,1,2
15368,512.267,562,car,0.6172,559,128,616,178,1,2
15368,512.267,567,person,0.7285,254,441,437,712,0,2
15369,512.3,563,car,0.8243,445,126,518,181,1,2
15369,512.3,562,car,0.6663,558,127,615,178,1,2
15369,512.3,567,person,0.7495,255,441,437,712,0,2
15370,512.333,563,car,0.762,440,127,513,183,1,2
15370,512.333,562,car,0.6742,558,127,615,178,1,2
15370,512.333,567,person,0.7498,256,441,438,711,0,2
15370,512.333,566,car,0.6178,1105,163,1171,191,0,2
15371,512.367,563,car,0.7269,435,129,510,186,1,2
15371,512.367,562,car,0.6784,558,127,615,178,1,2
15371,512.367,567,person,0.7264,257,440,441,712,0,2
15372,512.4,563,car,0.8131,431,129,506,189,1,2
15372,512.4,562,car,0.6923,558,127,615,178,1,2
15372,512.4,567,person,0.7352,257,439,442,712,0,2
15373,512.433,563,car,0.8243,423,130,501,191,1,2
15373,512.433,562,car,0.6672,558,127,615,178,1,2
15373,512.433,567,person,0.7467,257,438,442,712,0,2
15374,512.467,563,car,0.7689,414,129,496,195,1,2
15374,512.467,562,car,0.655,557,127,614,178,1,2
15374,512.467,567,person,0.7822,256,439,442,712,0,2
15375,512.5,563,car,0.795,408,129,491,197,1,2
15375,512.5,562,car,0.6345,555,126,614,178,1,2
15375,512.5,567,person,0.7539,255,439,441,712,0,2
15376,512.533,563,car,0.7798,400,129,488,201,1,2
15376,512.533,562,car,0.6209,555,126,614,177,1,2
15376,512.533,567,person,0.6269,255,439,441,712,0,2
15377,512.567,563,car,0.8275,391,129,483,205,1,2
15377,512.567,562,car,0.6565,555,126,613,176,1,2
15378,512.6,563,car,0.8298,381,129,478,209,1,2
15378,512.6,562,car,0.6215,555,126,611,176,1,2
15378,512.6,566,car,0.6512,1086,166,1186,208,0,2
15379,512.633,563,car,0.7187,368,130,470,215,1,2
15380,512.667,563,car,0.8058,353,131,462,223,1,2
15380,512.667,571,car,0.7025,456,128,511,170,1,2
15381,512.7,563,car,0.8238,344,133,459,229,1,2
15381,512.7,571,car,0.6873,454,128,510,171,1,2
15382,512.733,563,car,0.8504,331,133,455,235,1,2
15382,512.733,571,car,0.7579,449,129,506,174,1,2
15382,512.733,562,car,0.6007,553,125,611,175,1,2
15383,512.767,563,car,0.8383,310,133,447,247,1,2
15383,512.767,571,car,0.705,441,130,502,177,1,2
15384,512.8,563,car,0.7005,294,134,440,254,0,2
15384,512.8,571,car,0.7686,437,130,499,178,1,2
15385,512.833,563,car,0.8645,269,134,430,265,0,2
15385,512.833,571,car,0.7594,430,130,496,181,1,2
15385,512.833,572,car,0.6605,752,118,802,142,0,2
15386,512.867,563,car,0.8186,245,135,421,279,0,2
15386,512.867,571,car,0.7775,421,129,494,186,1,2
15386,512.867,572,car,0.6124,753,118,803,143,0,2
15386,512.867,566,car,0.6014,1110,179,1199,216,0,2
15387,512.9,563,car,0.8384,229,136,413,286,0,2
15387,512.9,571,car,0.8456,416,130,493,189,1,2
15387,512.9,566,car,0.6639,1113,182,1199,217,0,2
15388,512.933,563,car,0.8189,213,139,400,293,0,2
15388,512.933,571,car,0.8213,408,129,489,192,1,2
15389,512.967,563,car,0.6881,203,143,382,288,0,2
15389,512.967,571,car,0.8244,398,129,483,195,1,2
15390,513.0,571,car,0.7109,391,129,480,198,1,2
15390,513.0,566,car,0.6306,1112,170,1233,222,0,2
15391,513.033,571,car,0.7564,378,131,473,205,1,2
15391,513.033,566,car,0.6165,1117,168,1240,223,0,2
15392,513.067,571,car,0.7851,365,133,466,211,1,2
15393,513.1,571,car,0.7333,355,133,463,216,1,2
15394,513.133,571,car,0.7379,342,135,458,224,1,2
15394,513.133,566,car,0.6318,1131,174,1251,229,0,2
15395,513.167,571,car,0.8185,322,136,449,232,1,2
15396,513.2,571,car,0.8501,309,136,446,241,1,2
15397,513.233,571,car,0.8103,287,138,437,250,1,2
15398,513.267,571,car,0.8183,264,142,426,264,0,2
15399,513.3,571,car,0.8244,249,144,422,273,0,2
15400,513.333,571,car,0.7852,229,147,415,288,0,2
15401,513.367,571,car,0.8057,215,152,398,291,0,2
15402,513.4,571,car,0.7414,207,155,385,290,0,2
15408,513.6,562,car,0.6121,551,127,613,181,1,2
15409,513.633,573,car,0.6797,792,121,850,150,0,2
15409,513.633,562,car,0.6735,551,127,613,182,1,2
15410,513.667,562,car,0.6824,550,127,613,182,1,2
15411,513.7,562,car,0.671,551,128,613,183,1,2
15411,513.7,573,car,0.6117,797,122,857,152,0,2
15412,513.733,562,car,0.6682,551,128,613,182,1,2
15412,513.733,574,person,0.8476,231,363,1049,713,0,2
15412,513.733,573,car,0.6789,799,122,859,153,0,2
15413,513.767,562,car,0.6056,551,128,613,182,1,2
15413,513.767,574,person,0.8781,219,360,1047,715,0,2
15414,513.8,562,car,0.6057,551,128,613,182,1,2
15414,513.8,574,person,0.8625,215,359,1045,717,0,2
15414,513.8,573,car,0.6297,803,123,866,154,0,2
15415,513.833,562,car,0.673,552,128,614,182,1,2
15415,513.833,574,person,0.8962,217,357,1049,717,0,2
15415,513.833,573,car,0.6411,807,123,871,155,0,2
15416,513.867,562,car,0.6767,552,128,614,182,1,2
15416,513.867,574,person,0.8806,224,358,1049,714,0,2
15416,513.867,573,car,0.6951,811,123,875,154,0,2
15417,513.9,562,car,0.6856,552,127,615,182,1,2
15417,513.9,574,person,0.8812,227,355,1057,715,0,2
15417,513.9,573,car,0.6972,814,122,878,154,0,2
15418,513.933,562,car,0.672,552,127,616,182,1,2
15418,513.933,574,person,0.88,230,357,1054,714,0,2
15418,513.933,573,car,0.7124,817,122,882,155,0,2
15419,513.967,562,car,0.6746,553,126,617,182,1,2
15419,513.967,574,person,0.8997,231,353,1062,715,0,2
15419,513.967,573,car,0.7461,822,121,887,155,0,2
15420,514.0,562,car,0.6446,554,126,618,181,1,2
15420,514.0,574,person,0.9071,231,351,1063,715,0,2
15420,514.0,573,car,0.6935,824,121,891,155,0,2
15421,514.033,574,person,0.8605,231,349,1064,715,0,2
15421,514.033,573,car,0.759,829,120,895,154,0,2
15422,514.067,574,person,0.8543,231,352,1054,715,0,2
15422,514.067,573,car,0.728,834,119,901,153,0,2
15422,514.067,562,car,0.6156,555,125,621,181,1,2
15423,514.1,574,person,0.845,232,353,1048,714,0,2
15423,514.1,573,car,0.6851,839,118,903,152,0,2
15423,514.1,562,car,0.6143,557,122,622,179,1,2
15424,514.133,574,person,0.8463,233,355,1043,714,0,2
15424,514.133,573,car,0.7042,841,114,910,151,0,2
15424,514.133,562,car,0.6577,557,121,624,179,1,2
15425,514.167,574,person,0.8647,234,357,1042,714,0,2
15425,514.167,573,car,0.7431,843,112,915,151,0,2
15425,514.167,562,car,0.6812,558,120,625,178,1,2
15425,514.167,576,car,0.6891,434,121,474,147,1,2
15426,514.2,574,person,0.8827,232,351,1051,715,0,2
15426,514.2,573,car,0.7332,849,111,919,150,0,2
15426,514.2,562,car,0.6954,558,119,626,179,1,2
15426,514.2,576,car,0.7474,433,119,475,149,1,2
15426,514.2,577,car,0.6544,613,107,649,136,1,2
15427,514.233,574,person,0.8384,232,350,1050,715,0,2
15427,514.233,573,car,0.6778,851,111,923,150,0,2
15427,514.233,562,car,0.6839,558,119,626,178,1,2
15427,514.233,576,car,0.7379,433,118,477,147,1,2
15427,514.233,577,car,0.6856,615,106,651,135,1,2
15428,514.267,574,person,0.822,233,350,1053,715,0,2
15428,514.267,573,car,0.6778,857,110,929,150,0,2
15428,514.267,562,car,0.7003,559,119,626,178,1,2
15428,514.267,576,car,0.6881,432,117,478,149,1,2
15428,514.267,577,car,0.6238,616,106,651,135,1,2
15429,514.3,574,person,0.8296,235,349,1054,715,0,2
15429,514.3,573,car,0.739,861,110,934,150,0,2
15429,514.3,562,car,0.6726,560,119,626,177,1,2
15429,514.3,576,car,0.6961,431,117,478,150,1,2
15430,514.333,574,person,0.8475,239,351,1053,715,0,2
15430,514.333,573,car,0.6822,865,110,937,150,0,2
15430,514.333,562,car,0.6212,560,118,627,178,1,2
15430,514.333,576,car,0.6284,431,118,477,150,1,2
15431,514.367,574,person,0.9075,235,345,1058,715,0,2
15431,514.367,573,car,0.7152,869,110,943,152,0,2
15431,514.367,562,car,0.6285,561,118,629,178,1,2
15431,514.367,576,car,0.6799,429,118,475,151,1,2
15431,514.367,577,car,0.6231,618,105,657,135,1,2
15432,514.4,574,person,0.9038,239,345,1058,715,0,2
15432,514.4,573,car,0.6988,872,110,945,152,0,2
15432,514.4,562,car,0.6759,561,118,629,178,1,2
15432,514.4,576,car,0.6782,427,118,475,152,1,2
15432,514.4,577,car,0.6262,618,105,657,136,1,2
15433,514.433,574,person,0.8821,240,347,1053,717,0,2
15433,514.433,573,car,0.7191,877,111,950,153,0,2
15433,514.433,562,car,0.6868,562,118,627,176,1,2
15433,514.433,576,car,0.6211,427,121,473,153,1,2
15433,514.433,577,car,0.6315,619,105,658,136,1,2
15434,514.467,574,person,0.8493,240,349,1047,717,0,2
15434,514.467,573,car,0.695,882,111,955,153,0,2
15434,514.467,562,car,0.7426,563,119,629,176,1,2
15434,514.467,576,car,0.6587,427,122,472,155,1,2
15434,514.467,577,car,0.6598,621,106,659,136,1,2
15435,514.5,574,person,0.8256,241,349,1045,717,0,2
15435,514.5,573,car,0.7156,886,111,958,153,0,2
15435,514.5,562,car,0.6527,565,118,629,175,1,2
15435,514.5,576,car,0.6681,426,125,470,155,1,2
15435,514.5,577,car,0.6738,622,107,661,136,1,2
15436,514.533,574,person,0.8617,241,350,1042,717,0,2
15436,514.533,573,car,0.6671,889,111,962,153,0,2
15436,514.533,562,car,0.6766,565,118,630,175,1,2
15436,514.533,576,car,0.6702,425,125,470,158,1,2
15436,514.533,577,car,0.7007,624,107,662,136,1,2
15437,514.567,574,person,0.8644,241,350,1039,717,0,2
15437,514.567,573,car,0.7148,895,112,966,155,0,2
15437,514.567,562,car,0.6735,565,117,630,175,1,2
15437,514.567,576,car,0.7389,423,125,469,159,1,2
15437,514.567,577,car,0.7074,625,107,663,136,1,2
15438,514.6,574,person,0.8732,241,350,1038,718,0,2
15438,514.6,573,car,0.7199,899,113,970,155,0,2
15438,514.6,562,car,0.7001,566,117,631,175,1,2
15438,514.6,576,car,0.7832,421,126,467,160,1,2
15438,514.6,577,car,0.7221,625,107,664,136,1,2
15439,514.633,574,person,0.8723,246,352,1035,718,0,2
15439,514.633,562,car,0.697,566,117,632,176,1,2
15439,514.633,576,car,0.7274,418,126,466,162,1,2
15439,514.633,577,car,0.7498,626,107,665,136,1,2
15440,514.667,574,person,0.8572,253,354,1034,718,0,2
15440,514.667,562,car,0.7175,567,119,632,176,1,2
15440,514.667,576,car,0.6465,418,129,464,163,1,2
15440,514.667,577,car,0.7625,627,110,666,137,1,2
15441,514.7,574,person,0.8246,255,355,1034,718,0,2
15441,514.7,562,car,0.7449,566,119,633,178,1,2
15441,514.7,576,car,0.6145,416,130,463,165,1,2
15441,514.7,577,car,0.7761,627,110,666,137,1,2
15441,514.7,573,car,0.6695,913,115,986,160,0,2
15442,514.733,574,person,0.8486,258,358,1032,718,0,2
15442,514.733,562,car,0.7555,566,120,633,178,1,2
15442,514.733,576,car,0.6646,413,130,462,167,1,2
15442,514.733,577,car,0.7582,629,110,667,138,1,2
15442,514.733,573,car,0.7325,920,115,995,162,0,2
15443,514.767,574,person,0.7875,266,365,1026,717,0,2
15443,514.767,562,car,0.7935,566,120,634,178,1,2
15443,514.767,576,car,0.69,409,130,461,169,1,2
15443,514.767,577,car,0.7159,629,109,671,138,1,2
15443,514.767,573,car,0.7611,927,115,1001,162,0,2
15444,514.8,574,person,0.8018,266,366,1024,715,0,2
15444,514.8,562,car,0.7784,566,120,634,178,1,2
15444,514.8,576,car,0.7116,408,131,457,169,1,2
15444,514.8,577,car,0.7113,629,107,672,138,1,2
15444,514.8,573,car,0.7278,933,117,1005,161,0,2
15445,514.833,574,person,0.6695,273,373,1019,715,0,2
15445,514.833,562,car,0.7779,567,119,635,178,1,2
15445,514.833,576,car,0.7155,403,131,456,173,1,2
15445,514.833,577,car,0.6943,630,107,673,138,1,2
15446,514.867,574,car,0.6175,217,327,1095,717,0,2
15446,514.867,562,car,0.7776,567,119,637,178,1,2
15446,514.867,576,car,0.7466,397,130,454,175,1,2
15446,514.867,577,car,0.6632,632,107,675,138,1,2
15446,514.867,573,car,0.6372,942,114,1018,163,0,2
15447,514.9,574,person,0.6184,255,363,1056,715,0,2
15447,514.9,562,car,0.7864,566,119,637,179,1,2
15447,514.9,576,car,0.7338,393,130,453,176,1,2
15447,514.9,577,car,0.6737,632,109,674,138,1,2
15447,514.9,573,car,0.6871,945,114,1024,165,0,2
15448,514.933,574,car,0.6241,186,322,1112,715,0,2
15448,514.933,562,car,0.7783,566,118,638,179,1,2
15448,514.933,576,car,0.738,390,130,450,178,1,2
15448,514.933,577,car,0.603,633,109,675,138,1,2
15448,514.933,579,car,0.6115,743,99,837,138,0,2
15449,514.967,574,car,0.694,152,306,1141,714,0,2
15449,514.967,562,car,0.7492,567,118,639,179,1,2
15449,514.967,576,car,0.7046,384,131,447,181,1,2
15449,514.967,579,car,0.6214,746,103,837,139,0,2
15450,515.0,574,car,0.677,134,301,1159,714,0,2
15450,515.0,562,car,0.7488,567,118,640,181,1,2
15450,515.0,576,car,0.694,379,130,445,183,1,2
15451,515.033,562,car,0.7436,567,118,640,181,1,2
15451,515.033,576,car,0.6444,373,130,442,187,1,2
15451,515.033,577,car,0.6955,638,109,680,139,1,2
15451,515.033,579,car,0.6573,750,102,845,139,0,2
15452,515.067,562,car,0.7448,567,118,640,181,1,2
15452,515.067,576,car,0.7778,366,130,438,190,1,2
15452,515.067,577,car,0.6801,638,109,682,139,1,2
15452,515.067,579,car,0.6097,751,102,848,141,0,2
15453,515.1,562,car,0.7305,568,118,641,181,1,2
15453,515.1,576,car,0.7797,361,130,434,192,1,2
15453,515.1,577,car,0.669,638,107,685,139,1,2
15453,515.1,579,car,0.6346,754,101,851,141,0,2
15454,515.133,562,car,0.7667,569,119,641,181,1,2
15454,515.133,576,car,0.7992,352,129,431,195,1,2
15454,515.133,577,car,0.6929,639,106,687,139,1,2
15454,515.133,579,car,0.692,752,98,857,141,0,2
15455,515.167,562,car,0.794,569,119,642,181,1,2
15455,515.167,576,car,0.7581,344,130,427,201,1,2
15455,515.167,577,car,0.6725,639,106,688,141,1,2
15455,515.167,579,car,0.6596,745,97,853,142,0,2
15456,515.2,562,car,0.8021,569,118,643,182,1,2
15456,515.2,576,car,0.7362,338,130,424,205,1,2
15456,515.2,577,car,0.6622,639,106,688,141,1,2
15456,515.2,579,car,0.7161,744,96,854,142,0,2
15457,515.233,562,car,0.797,570,118,645,182,1,2
15457,515.233,576,car,0.8187,334,141,415,209,1,2
15457,515.233,577,car,0.6734,641,107,689,141,1,2
15457,515.233,579,car,0.7379,746,96,857,143,0,2
15457,515.233,573,car,0.694,1009,118,1102,179,0,2
15458,515.267,562,car,0.7886,571,118,646,182,1,2
15458,515.267,576,car,0.8412,321,138,409,215,1,2
15458,515.267,577,car,0.6764,642,107,689,141,1,2
15458,515.267,579,car,0.7511,751,97,862,143,0,2
15458,515.267,573,car,0.7303,1019,120,1110,182,0,2
15459,515.3,562,car,0.8011,571,117,647,182,1,2
15459,515.3,576,car,0.8319,312,139,405,218,1,2
15459,515.3,577,car,0.6587,643,107,690,141,1,2
15459,515.3,579,car,0.7733,755,96,869,144,0,2
15460,515.333,562,car,0.8093,573,117,647,182,1,2
15460,515.333,576,car,0.8203,298,138,399,225,1,2
15460,515.333,577,car,0.6721,645,107,693,141,1,2
15460,515.333,579,car,0.7977,759,96,873,143,0,2
15460,515.333,573,car,0.6614,1039,125,1127,186,0,2
15461,515.367,562,car,0.8414,574,117,649,183,1,2
15461,515.367,576,car,0.8139,282,136,392,232,0,2
15461,515.367,577,car,0.7282,646,106,696,141,1,2
15461,515.367,579,car,0.822,761,96,877,144,0,2
15461,515.367,573,car,0.6832,1048,125,1139,190,0,2
15462,515.4,562,car,0.8494,574,117,649,183,1,2
15462,515.4,576,car,0.8248,271,136,389,239,0,2
15462,515.4,577,car,0.7318,647,105,698,141,1,2
15462,515.4,579,car,0.8017,762,96,878,144,0,2
15463,515.433,562,car,0.8523,575,117,650,183,1,2
15463,515.433,576,car,0.8675,256,143,377,248,0,2
15463,515.433,577,car,0.7293,648,105,699,141,1,2
15463,515.433,579,car,0.8345,763,96,881,144,0,2
15463,515.433,573,car,0.7818,1064,123,1161,194,0,2
15464,515.467,562,car,0.8828,575,115,651,183,1,2
15464,515.467,576,car,0.7628,239,145,366,254,0,2
15464,515.467,577,car,0.6639,648,104,701,142,1,2
15464,515.467,579,car,0.8557,766,96,886,145,0,2
15464,515.467,573,car,0.7846,1077,123,1175,197,0,2
15465,515.5,562,car,0.8729,575,115,653,184,1,2
15465,515.5,576,car,0.7407,227,150,353,258,0,2
15465,515.5,577,car,0.6637,648,104,702,142,1,2
15465,515.5,579,car,0.8233,768,97,888,146,0,2
15465,515.5,573,car,0.7366,1085,125,1184,200,0,2
15466,515.533,562,car,0.8786,576,115,654,184,1,2
15466,515.533,576,car,0.7931,215,150,351,266,0,2
15466,515.533,577,car,0.6723,649,104,704,143,1,2
15466,515.533,579,car,0.851,773,98,893,146,0,2
15466,515.533,573,car,0.8006,1096,126,1198,202,0,2
15467,515.567,562,car,0.8697,578,115,656,184,1,2
15467,515.567,576,car,0.707,207,153,336,264,0,2
15467,515.567,577,car,0.6882,649,104,705,143,1,2
15467,515.567,579,car,0.8453,775,98,896,147,0,2
15467,515.567,573,car,0.7817,1107,127,1211,206,0,2
15467,515.567,574,person,0.7513,227,365,1085,713,0,2
15468,515.6,562,car,0.8508,578,115,657,185,1,2
15468,515.6,577,car,0.6466,651,104,707,143,1,2
15468,515.6,579,car,0.8297,777,99,899,149,0,2
15468,515.6,573,car,0.7827,1115,127,1223,209,0,2
15468,515.6,574,person,0.6967,233,366,1080,713,0,2
15469,515.633,562,car,0.86,581,115,659,185,1,2
15469,515.633,577,car,0.653,655,105,709,143,1,2
15469,515.633,579,car,0.83,779,99,903,149,0,2
15469,515.633,573,car,0.8281,1129,127,1238,211,0,2
15469,515.633,574,person,0.7906,233,361,1081,711,0,2
15470,515.667,562,car,0.8702,582,115,661,185,1,2
15470,515.667,577,car,0.6886,656,105,710,143,1,2
15470,515.667,579,car,0.8482,781,98,909,149,0,2
15470,515.667,573,car,0.8078,1142,130,1253,216,0,2
15470,515.667,574,person,0.7101,243,368,1074,711,0,2
15471,515.7,562,car,0.8778,582,115,662,185,1,2
15471,515.7,577,car,0.7032,657,105,711,142,1,2
15471,515.7,579,car,0.8722,781,97,911,150,0,2
15471,515.7,573,car,0.8259,1150,128,1266,218,0,2
15471,515.7,574,person,0.7074,243,367,1078,712,0,2
15472,515.733,562,car,0.8469,584,114,663,184,1,2
15472,515.733,577,car,0.6734,658,104,713,142,1,2
15472,515.733,579,car,0.8702,783,97,917,150,0,2
15472,515.733,573,car,0.8358,1158,128,1273,219,0,2
15472,515.733,574,person,0.7129,235,358,1087,712,0,2
15473,515.767,562,car,0.8436,585,114,664,184,1,2
15473,515.767,579,car,0.8793,786,97,923,150,0,2
15473,515.767,573,car,0.6521,1167,122,1280,222,0,2
15473,515.767,574,person,0.7671,230,353,1093,712,0,2
15474,515.8,562,car,0.8197,586,114,665,184,1,2
15474,515.8,579,car,0.8775,790,96,928,151,0,2
15474,515.8,574,person,0.7709,227,347,1099,712,0,2
15475,515.833,562,car,0.8485,587,114,667,184,1,2
15475,515.833,579,car,0.8755,791,96,933,151,0,2
15475,515.833,574,person,0.7283,221,339,1107,712,0,2
15475,515.833,577,car,0.6218,663,103,719,141,1,2
15475,515.833,573,car,0.7011,1190,138,1280,224,0,2
15476,515.867,562,car,0.87,589,113,669,184,1,2
15476,515.867,579,car,0.873,794,95,939,151,0,2
15476,515.867,574,person,0.7702,229,335,1125,714,0,2
15476,515.867,573,car,0.6777,1195,135,1280,229,0,2
15477,515.9,562,car,0.8607,590,113,670,183,1,2
15477,515.9,579,car,0.8718,795,94,944,151,0,2
15477,515.9,574,person,0.7484,235,333,1134,715,0,2
15477,515.9,573,car,0.6512,1203,135,1280,229,0,2
15478,515.933,562,car,0.8619,591,113,672,184,1,2
15478,515.933,579,car,0.847,799,94,950,152,0,2
15478,515.933,574,person,0.7932,234,327,1143,717,0,2
15478,515.933,577,car,0.6125,670,104,727,142,1,2
15479,515.967,562,car,0.8589,593,114,674,184,1,2
15479,515.967,579,car,0.8498,801,95,957,154,0,2
15479,515.967,574,person,0.8216,245,330,1143,717,0,2
15479,515.967,577,car,0.6531,674,104,728,141,1,2
15480,516.0,562,car,0.8596,594,114,677,185,1,2
15480,516.0,579,car,0.8583,802,95,961,155,0,2
15480,516.0,574,person,0.8247,250,334,1137,717,0,2
15480,516.0,577,car,0.6879,677,104,730,141,1,2
15481,516.033,562,car,0.8403,595,114,679,186,1,2
15481,516.033,579,car,0.8824,808,96,967,157,0,2
15481,516.033,574,person,0.7999,255,339,1127,718,0,2
15481,516.033,577,car,0.6706,679,104,734,141,0,2
15482,516.067,562,car,0.8636,599,114,682,187,1,2
15482,516.067,579,car,0.889,815,97,974,158,0,2
15482,516.067,574,person,0.7202,256,341,1123,718,0,2
15482,516.067,577,car,0.663,682,103,739,142,0,2
15483,516.1,562,car,0.8679,601,114,686,187,1,2
15483,516.1,579,car,0.8739,818,97,982,159,0,2
15483,516.1,574,person,0.7285,264,345,1119,718,0,2
15483,516.1,577,car,0.6591,686,103,743,142,0,2
15484,516.133,562,car,0.864,605,114,691,187,1,2
15484,516.133,579,car,0.8669,824,97,992,161,0,2
15484,516.133,574,person,0.6967,272,346,1123,719,0,2
15484,516.133,577,car,0.7338,691,104,749,142,0,2
15485,516.167,562,car,0.8423,613,114,698,187,1,2
15485,516.167,579,car,0.851,832,97,1006,163,0,2
15485,516.167,577,car,0.6767,697,103,757,143,0,2
15486,516.2,562,car,0.8201,618,114,705,189,1,2
15486,516.2,579,car,0.8598,839,97,1015,165,0,2
15486,516.2,577,car,0.7114,704,103,762,143,0,2
15486,516.2,574,person,0.6147,263,334,1138,719,0,2
15487,516.233,562,car,0.8761,627,114,714,189,1,2
15487,516.233,579,car,0.8531,849,98,1029,167,0,2
15487,516.233,577,car,0.6848,712,103,771,143,0,2
15487,516.233,574,person,0.6672,280,339,1136,718,0,2
15488,516.267,562,car,0.8518,638,115,725,190,1,2
15488,516.267,579,car,0.8453,863,99,1046,168,0,2
15488,516.267,577,car,0.6678,725,105,783,143,0,2
15488,516.267,574,person,0.6385,290,335,1151,717,0,2
15489,516.3,562,car,0.8497,647,117,733,190,1,2
15489,516.3,579,car,0.8571,871,99,1059,170,0,2
15489,516.3,577,car,0.6944,734,104,793,144,0,2
15489,516.3,574,person,0.7552,299,331,1162,717,0,2
15490,516.333,562,car,0.872,658,117,745,190,1,2
15490,516.333,579,car,0.8073,889,105,1078,175,0,2
15490,516.333,577,car,0.7341,746,105,806,145,0,2
15490,516.333,574,person,0.7653,319,331,1179,718,0,2
15491,516.367,562,car,0.8439,672,117,759,191,1,2
15491,516.367,579,car,0.8288,902,105,1101,179,0,2
15491,516.367,577,car,0.7288,761,107,819,146,0,2
15491,516.367,574,person,0.6687,357,329,1227,719,0,2
15492,516.4,562,car,0.8575,680,117,768,192,1,2
15492,516.4,579,car,0.7833,914,107,1114,182,0,2
15492,516.4,577,car,0.7659,769,107,830,147,0,2
15492,516.4,574,person,0.7316,365,330,1231,719,0,2
15493,516.433,562,car,0.8813,693,118,782,193,1,2
15493,516.433,579,car,0.7952,927,111,1134,186,0,2
15493,516.433,577,car,0.7919,782,109,842,149,0,2
15493,516.433,574,person,0.7452,360,333,1215,719,0,2
15494,516.467,562,car,0.8895,706,119,795,194,1,2
15494,516.467,579,car,0.7788,942,113,1155,192,0,2
15494,516.467,577,car,0.7638,797,110,856,150,0,2
15494,516.467,574,person,0.7688,366,336,1205,718,0,2
15495,516.5,562,car,0.8762,713,120,803,197,1,2
15495,516.5,579,car,0.7742,950,114,1169,194,0,2
15495,516.5,577,car,0.8024,807,110,866,150,0,2
15495,516.5,574,person,0.7751,375,341,1199,718,0,2
15496,516.533,562,car,0.8776,726,120,816,197,1,2
15496,516.533,579,car,0.8106,968,118,1190,199,0,2
15496,516.533,577,car,0.8248,817,111,878,151,0,2
15496,516.533,574,person,0.8016,383,339,1205,718,0,2
15497,516.567,562,car,0.8769,737,121,827,197,0,2
15497,516.567,579,car,0.7902,987,122,1210,203,0,2
15497,516.567,577,car,0.7326,830,111,889,151,0,2
15497,516.567,574,person,0.835,389,337,1213,719,0,2
15498,516.6,562,car,0.8713,745,121,835,198,0,2
15498,516.6,579,car,0.8016,1001,126,1226,207,0,2
15498,516.6,577,car,0.709,837,111,898,153,0,2
15498,516.6,574,person,0.8203,395,337,1216,719,0,2
15499,516.633,562,car,0.8789,757,122,847,199,0,2
15499,516.633,579,car,0.8166,1015,129,1248,211,0,2
15499,516.633,577,car,0.7701,846,112,910,155,0,2
15499,516.633,574,person,0.8456,405,336,1222,719,0,2
15500,516.667,562,car,0.8992,767,123,858,200,0,2
15500,516.667,579,car,0.8393,1024,133,1267,218,0,2
15500,516.667,577,car,0.7059,855,112,920,157,0,2
15500,516.667,574,person,0.8706,421,336,1231,717,0,2
15501,516.7,562,car,0.9081,774,123,866,201,0,2
15501,516.7,579,car,0.8231,1024,133,1280,222,0,2
15501,516.7,577,car,0.7273,863,113,928,158,0,2
15501,516.7,574,person,0.8933,426,335,1235,717,0,2
15502,516.733,562,car,0.8649,781,125,874,203,0,2
15502,516.733,579,car,0.8273,1029,134,1280,227,0,2
15502,516.733,577,car,0.6941,872,113,937,158,0,2
15502,516.733,574,person,0.9202,434,335,1241,718,0,2
15503,516.767,562,car,0.8841,791,126,885,205,0,2
15503,516.767,579,car,0.805,1040,137,1280,231,0,2
15503,516.767,577,car,0.6882,881,114,946,160,0,2
15503,516.767,574,person,0.9151,443,335,1248,718,0,2
15504,516.8,562,car,0.8922,795,127,890,206,0,2
15504,516.8,579,car,0.7911,1048,141,1280,233,0,2
15504,516.8,577,car,0.7598,886,114,952,161,0,2
15504,516.8,574,person,0.907,451,335,1253,717,0,2
15505,516.833,562,car,0.9018,802,128,899,208,0,2
15505,516.833,579,car,0.749,1045,144,1280,238,0,2
15505,516.833,577,car,0.6938,890,115,958,163,0,2
15505,516.833,574,person,0.908,461,337,1255,717,0,2
15506,516.867,562,car,0.8914,809,130,905,210,0,2
15506,516.867,579,car,0.7885,1051,149,1280,246,0,2
15506,516.867,577,car,0.7175,899,119,965,165,0,2
15506,516.867,574,person,0.9162,467,339,1255,717,0,2
15507,516.9,562,car,0.9012,815,131,910,211,0,2
15507,516.9,579,car,0.8198,1067,153,1280,251,0,2
15507,516.9,577,car,0.7475,906,121,969,166,0,2
15507,516.9,574,person,0.9099,467,341,1248,717,0,2
15507,516.9,584,car,0.6207,1048,131,1277,206,0,2
15508,516.933,562,car,0.9004,821,134,918,214,0,2
15508,516.933,579,car,0.7724,1059,154,1280,258,0,2
15508,516.933,577,car,0.6782,912,123,974,168,0,2
15508,516.933,574,person,0.9329,466,344,1240,717,0,2
15509,516.967,562,car,0.8873,826,135,925,217,0,2
15509,516.967,579,car,0.6164,1061,158,1280,266,0,2
15509,516.967,577,car,0.6935,919,127,979,171,0,2
15509,516.967,574,person,0.926,462,345,1233,717,0,2
15510,517.0,562,car,0.8912,831,136,930,219,0,2
15510,517.0,579,car,0.6364,1078,161,1280,272,0,2
15510,517.0,577,car,0.747,923,128,985,173,0,2
15510,517.0,574,person,0.9194,466,349,1231,715,0,2
15511,517.033,562,car,0.8776,835,137,937,223,0,2
15511,517.033,579,car,0.7343,1081,167,1280,281,0,2
15511,517.033,577,car,0.7437,927,128,990,174,0,2
15511,517.033,574,person,0.9107,474,357,1225,715,0,2
15511,517.033,584,car,0.6779,1072,142,1280,216,0,2
15512,517.067,562,car,0.8594,841,139,944,226,0,2
15512,517.067,579,car,0.638,1101,174,1280,289,0,2
15512,517.067,577,car,0.7085,931,130,994,176,0,2
15512,517.067,574,person,0.8866,490,368,1223,715,0,2
15513,517.1,562,car,0.883,846,142,951,230,0,2
15513,517.1,579,car,0.7013,1107,178,1280,289,0,2
15513,517.1,577,car,0.6918,937,130,1000,177,0,2
15513,517.1,574,person,0.8844,501,379,1215,715,0,2
15513,517.1,584,car,0.6627,1080,146,1280,224,0,2
15514,517.133,562,car,0.8898,850,143,961,237,0,2
15514,517.133,577,car,0.6635,944,134,1006,179,0,2
15514,517.133,574,person,0.8458,514,391,1209,714,0,2
15514,517.133,584,car,0.6755,1086,150,1280,229,0,2
15515,517.167,562,car,0.8734,859,145,970,239,0,2
15515,517.167,577,car,0.712,947,136,1010,183,0,2
15515,517.167,574,person,0.6864,554,424,1190,713,0,2
15515,517.167,584,car,0.6091,1095,155,1280,235,0,2
15516,517.2,562,car,0.8517,866,146,976,241,0,2
15516,517.2,577,car,0.6867,954,138,1017,185,0,2
15516,517.2,574,person,0.6135,513,382,1239,715,0,2
15516,517.2,584,car,0.6928,1101,160,1280,241,0,2
15517,517.233,562,car,0.8321,879,149,985,240,0,2
15517,517.233,577,car,0.681,965,143,1026,190,0,2
15517,517.233,584,car,0.69,1107,167,1280,250,0,2
15518,517.267,562,car,0.8856,893,153,998,245,0,2
15518,517.267,577,car,0.7225,976,146,1039,194,0,2
15518,517.267,584,car,0.7311,1123,176,1280,258,0,2
15519,517.3,562,car,0.8352,903,157,1006,245,0,2
15519,517.3,577,car,0.6734,985,149,1047,198,0,2
15519,517.3,584,car,0.6472,1138,187,1280,266,0,2
15519,517.3,574,person,0.6678,594,430,1226,715,0,2
15520,517.333,562,car,0.8494,915,159,1022,249,0,2
15520,517.333,577,car,0.6448,998,153,1058,202,0,2
15521,517.367,562,car,0.7954,930,163,1037,255,0,2
15521,517.367,577,car,0.6879,1014,159,1073,207,0,2
15521,517.367,587,car,0.7963,1222,221,1280,289,0,2
15522,517.4,562,car,0.8743,939,166,1049,261,0,2
15522,517.4,577,car,0.7762,1023,160,1083,211,0,2
15522,517.4,587,car,0.7406,1230,227,1280,293,0,2
15523,517.433,562,car,0.8237,951,170,1062,265,0,2
15523,517.433,574,person,0.7689,619,423,1269,715,0,2
15524,517.467,562,car,0.8402,962,174,1077,272,0,2
15525,517.5,562,car,0.839,971,176,1086,275,0,2
15526,517.533,562,car,0.8093,983,179,1097,279,0,2
15526,517.533,574,person,0.6713,653,442,1266,717,0,2
15527,517.567,562,car,0.8073,998,182,1113,281,0,2
15527,517.567,574,person,0.7371,647,439,1269,715,0,2
15528,517.6,562,car,0.862,1006,182,1123,282,0,2
15528,517.6,574,person,0.7428,645,440,1269,717,0,2
15529,517.633,562,car,0.8416,1013,184,1135,288,0,2
15529,517.633,574,person,0.7017,643,443,1265,717,0,2
15530,517.667,562,car,0.8731,1019,183,1146,291,0,2
15530,517.667,574,person,0.7089,641,442,1270,717,0,2
15531,517.7,562,car,0.8389,1024,183,1152,293,0,2
15531,517.7,574,person,0.6912,641,443,1269,717,0,2
15532,517.733,562,car,0.7704,1027,185,1157,296,0,2
15532,517.733,574,person,0.7345,632,437,1273,715,0,2
15533,517.767,562,car,0.6883,1031,186,1160,299,0,2
15534,517.8,562,car,0.6197,1032,187,1163,303,0,2
15535,517.833,562,car,0.8073,1037,191,1167,306,0,2
15536,517.867,562,car,0.7987,1040,191,1169,306,0,2
15537,517.9,562,car,0.8064,1041,191,1170,309,0,2
15538,517.933,562,car,0.8337,1040,192,1170,311,0,2
15539,517.967,562,car,0.8628,1039,194,1167,312,0,2
15540,518.0,562,car,0.8017,1035,193,1163,312,0,2
15541,518.033,562,car,0.7887,1032,192,1157,307,0,2
15541,518.033,574,person,0.6026,586,416,1270,713,0,2
15542,518.067,562,car,0.7798,1026,189,1143,296,0,2
15543,518.1,562,car,0.8206,1018,187,1133,291,0,2
15543,518.1,574,person,0.6283,562,411,1259,712,0,2
15544,518.133,562,car,0.7694,1007,184,1117,285,0,2
15544,518.133,574,person,0.7187,538,398,1264,712,0,2
15545,518.167,562,car,0.8311,991,181,1099,279,0,2
15546,518.2,562,car,0.8232,978,178,1089,278,0,2
15547,518.233,562,car,0.8183,962,175,1071,271,0,2
15547,518.233,574,person,0.797,486,400,1213,714,0,2
15548,518.267,562,car,0.8094,943,170,1054,267,0,2
15549,518.3,562,car,0.8413,929,167,1041,265,0,2
15549,518.3,594,car,0.6978,895,145,965,193,0,2
15549,518.3,574,person,0.7457,451,398,1184,714,0,2
15550,518.333,562,car,0.8491,910,162,1023,261,0,2
15550,518.333,594,car,0.6304,874,142,944,189,0,2
15550,518.333,574,person,0.7594,430,397,1167,715,0,2
15551,518.367,562,car,0.8553,890,157,1007,259,0,2
15551,518.367,594,car,0.7365,848,136,919,185,0,2
15551,518.367,574,person,0.7068,409,397,1144,715,0,2
15552,518.4,562,car,0.8505,878,153,993,255,0,2
15552,518.4,594,car,0.6737,831,134,902,183,0,2
15553,518.433,562,car,0.8695,863,150,977,250,0,2
15553,518.433,574,person,0.7626,379,398,1115,717,0,2
15554,518.467,562,car,0.8669,846,145,961,247,0,2
15554,518.467,574,person,0.8123,374,406,1097,718,0,2
15554,518.467,594,car,0.6003,783,127,850,173,0,2
15555,518.5,562,car,0.8616,835,142,951,245,0,2
15555,518.5,574,person,0.8134,366,408,1088,719,0,2
15556,518.533,562,car,0.8755,823,139,937,241,0,2
15556,518.533,574,person,0.6987,354,411,1073,719,0,2
15556,518.533,594,car,0.6958,746,120,816,168,0,2
15557,518.567,562,car,0.8535,810,136,923,238,0,2
15557,518.567,574,person,0.8086,339,414,1057,719,0,2
15557,518.567,594,car,0.7197,733,118,802,166,0,2
15558,518.6,562,car,0.8222,802,134,915,235,0,2
15558,518.6,574,person,0.8116,331,415,1049,719,0,2
15558,518.6,594,car,0.6337,725,117,793,165,0,2
15559,518.633,562,car,0.8579,793,131,906,233,0,2
15559,518.633,574,person,0.6611,321,417,1037,719,0,2
15559,518.633,594,car,0.7039,711,117,776,163,0,2
15560,518.667,562,car,0.8376,784,130,896,231,0,2
15561,518.7,562,car,0.8403,778,129,890,231,0,2
15561,518.7,594,car,0.6183,688,117,752,163,1,2
15562,518.733,562,car,0.8266,773,129,885,230,0,2
15562,518.733,574,person,0.6274,312,423,1016,720,0,2
15563,518.767,562,car,0.8215,768,129,879,229,0,2
15563,518.767,574,person,0.7353,319,432,1001,720,0,2
15564,518.8,562,car,0.8446,765,128,875,229,0,2
15564,518.8,574,person,0.732,322,437,994,720,0,2
15565,518.833,562,car,0.8751,760,127,872,229,0,2
15566,518.867,562,car,0.8772,757,127,870,229,1,2
15567,518.9,562,car,0.8737,755,126,869,229,1,2
15568,518.933,562,car,0.8687,753,127,866,229,1,2
15568,518.933,596,person,0.7039,331,467,543,711,0,2
15568,518.933,597,car,0.6773,641,120,688,166,1,2
15569,518.967,562,car,0.8636,750,127,863,229,1,2
15569,518.967,596,person,0.6724,331,472,539,711,0,2
15570,519.0,562,car,0.8668,749,127,861,229,1,2
15570,519.0,596,person,0.6789,333,478,536,711,0,2
15571,519.033,562,car,0.8602,746,127,859,229,1,2
15572,519.067,562,car,0.8539,744,128,858,229,1,2
15573,519.1,562,car,0.8466,743,128,857,229,1,2
15574,519.133,562,car,0.8517,741,128,855,229,1,2
15575,519.167,562,car,0.8653,736,128,853,229,1,2
15576,519.2,562,car,0.871,734,127,853,229,1,2
15576,519.2,600,car,0.6276,549,122,639,173,1,2
15577,519.233,562,car,0.8871,731,127,850,230,1,2
15578,519.267,562,car,0.896,728,128,849,230,1,2
15578,519.267,600,car,0.6766,536,126,623,174,1,2
15579,519.3,562,car,0.8966,727,128,848,230,1,2
15579,519.3,600,car,0.6909,531,126,618,174,1,2
15580,519.333,562,car,0.8906,725,129,846,231,1,2
15580,519.333,600,car,0.679,523,126,611,175,1,2
15581,519.367,562,car,0.8986,720,130,843,231,1,2
15581,519.367,600,car,0.7013,515,126,606,176,1,2
15582,519.4,562,car,0.9018,717,129,842,231,1,2
15582,519.4,600,car,0.6826,511,126,601,176,1,2
15583,519.433,562,car,0.8664,713,130,840,231,1,2
15583,519.433,600,car,0.7145,504,127,594,176,1,2
15584,519.467,562,car,0.867,710,130,838,231,1,2
15585,519.5,562,car,0.878,706,130,835,231,1,2
15586,519.533,562,car,0.8676,703,131,833,231,1,2
15586,519.533,600,car,0.6758,482,128,574,178,1,2
15587,519.567,562,car,0.8732,697,131,829,232,1,2
15587,519.567,600,car,0.7509,474,129,567,179,1,2
15588,519.6,562,car,0.8772,694,133,826,232,1,2
15588,519.6,600,car,0.816,470,130,562,181,1,2
15589,519.633,562,car,0.8795,690,134,824,233,1,2
15589,519.633,600,car,0.6932,463,131,555,182,1,2
15590,519.667,562,car,0.8891,685,135,819,235,1,2
15590,519.667,600,car,0.8625,454,133,547,183,1,2
15591,519.7,562,car,0.8936,680,136,816,237,1,2
15591,519.7,600,car,0.9236,448,134,542,184,1,2
15592,519.733,562,car,0.8828,674,136,813,237,1,2
15592,519.733,600,car,0.8613,440,135,535,185,1,2
15593,519.767,562,car,0.8873,670,136,809,237,1,2
15593,519.767,600,car,0.8294,431,135,526,185,1,2
15594,519.8,562,car,0.8868,667,136,807,237,1,2
15594,519.8,600,car,0.6366,425,136,521,186,1,2
15595,519.833,562,car,0.8819,661,136,802,237,1,2
15595,519.833,600,car,0.8067,417,136,513,186,1,2
15596,519.867,562,car,0.8753,655,136,798,237,1,2
15596,519.867,600,car,0.7579,409,136,506,186,1,2
15597,519.9,562,car,0.8871,651,135,795,235,1,2
15597,519.9,600,car,0.7437,402,135,502,186,1,2
15598,519.933,562,car,0.8864,646,134,791,234,1,2
15598,519.933,600,car,0.8605,395,135,495,185,1,2
15599,519.967,562,car,0.8965,639,131,787,234,1,2
15599,519.967,600,car,0.6924,389,134,488,185,1,2
15600,520.0,562,car,0.8952,637,131,785,233,1,2
15600,520.0,600,car,0.8191,384,134,485,185,1,2
15600,520.0,602,person,0.6466,851,582,999,715,0,2
15601,520.033,562,car,0.888,633,129,784,232,1,2
15601,520.033,600,car,0.9171,379,133,480,184,1,2
15601,520.033,602,person,0.6139,840,568,1003,717,0,2
15602,520.067,562,car,0.8969,630,127,783,231,1,2
15602,520.067,600,car,0.8163,374,131,474,182,1,2
15603,520.1,562,car,0.9,626,126,782,230,1,2
15603,520.1,600,car,0.8097,370,130,471,181,1,2
15604,520.133,562,car,0.902,625,123,779,227,1,2
15604,520.133,600,car,0.7757,367,129,467,178,1,2
15605,520.167,562,car,0.9038,624,121,778,224,1,2
15605,520.167,600,car,0.7432,361,127,464,177,1,2
15606,520.2,562,car,0.9138,623,120,778,222,1,2
15606,520.2,600,car,0.8417,358,123,462,176,1,2
15607,520.233,562,car,0.9087,621,117,777,221,1,2
15607,520.233,600,car,0.8468,354,122,458,173,1,2
15608,520.267,562,car,0.8899,617,114,776,218,1,2
15608,520.267,600,car,0.6647,351,120,454,170,1,2
15609,520.3,562,car,0.8744,616,112,777,216,1,2
15609,520.3,600,car,0.7939,350,118,453,169,1,2
15610,520.333,562,car,0.8626,614,110,775,215,1,2
15610,520.333,600,car,0.6708,350,114,454,166,1,2
15611,520.367,562,car,0.8831,609,107,774,213,1,2
15611,520.367,600,car,0.7349,346,112,449,163,0,2
15612,520.4,562,car,0.8759,606,106,771,213,1,2
15612,520.4,600,car,0.7904,346,112,446,162,0,2
15613,520.433,562,car,0.8833,602,105,768,211,1,2
15613,520.433,600,car,0.7445,343,111,442,161,0,2
15614,520.467,562,car,0.8906,599,104,766,210,1,2
15614,520.467,600,car,0.7086,337,110,435,160,0,2
15615,520.5,562,car,0.8952,595,104,762,209,1,2
15615,520.5,600,car,0.6392,331,107,432,160,0,2
15616,520.533,562,car,0.8816,591,103,758,208,1,2
15616,520.533,600,car,0.7261,326,106,426,159,0,2
15616,520.533,603,person,0.7623,229,320,1109,714,0,2
15617,520.567,562,car,0.8837,585,102,752,206,1,2
15617,520.567,600,car,0.7745,320,105,421,159,0,2
15617,520.567,603,person,0.7847,227,328,1088,713,0,2
15618,520.6,562,car,0.8749,581,101,749,205,1,2
15618,520.6,600,car,0.7129,315,106,414,159,0,2
15618,520.6,603,person,0.8061,207,309,1106,713,0,2
15619,520.633,562,car,0.8757,576,101,744,205,1,2
15619,520.633,600,car,0.7277,309,105,408,158,0,2
15619,520.633,603,person,0.8433,192,297,1114,713,0,2
15620,520.667,562,car,0.8642,569,99,738,203,1,2
15620,520.667,600,car,0.825,301,104,401,158,0,2
15620,520.667,603,person,0.8793,189,296,1111,713,0,2
15621,520.7,562,car,0.8697,566,99,735,203,1,2
15621,520.7,600,car,0.7862,297,103,397,158,0,2
15621,520.7,603,person,0.88,189,295,1110,714,0,2
15622,520.733,562,car,0.8823,560,98,731,203,1,2
15622,520.733,600,car,0.815,293,103,393,157,0,2
15622,520.733,603,person,0.8791,199,297,1107,714,0,2
15623,520.767,562,car,0.851,555,97,728,203,1,2
15623,520.767,600,car,0.6825,288,103,387,158,0,2
15623,520.767,603,person,0.8586,203,296,1107,714,0,2
15624,520.8,562,car,0.8641,552,97,725,202,1,2
15624,520.8,600,car,0.7692,283,103,384,158,0,2
15624,520.8,603,person,0.8692,210,296,1106,714,0,2
15625,520.833,562,car,0.8623,549,96,722,202,1,2
15625,520.833,600,car,0.76,281,103,379,157,0,2
15625,520.833,603,person,0.8531,221,296,1110,713,0,2
15626,520.867,562,car,0.8739,545,96,720,201,1,2
15626,520.867,600,car,0.7809,279,103,377,157,0,2
15626,520.867,603,person,0.8286,229,294,1113,713,0,2
15627,520.9,562,car,0.8798,543,95,719,201,1,2
15627,520.9,600,car,0.7793,278,103,375,157,0,2
15627,520.9,603,person,0.8349,240,296,1111,713,0,2
15628,520.933,562,car,0.8715,542,94,717,200,1,2
15628,520.933,600,car,0.7826,277,102,374,155,0,2
15628,520.933,603,person,0.8572,242,291,1118,713,0,2
15629,520.967,562,car,0.8646,539,94,715,200,1,2
15629,520.967,600,car,0.6522,277,102,373,155,0,2
15629,520.967,603,person,0.8562,253,290,1120,713,0,2
15630,521.0,562,car,0.8599,538,94,714,199,1,2
15630,521.0,600,car,0.6393,277,102,373,155,0,2
15630,521.0,603,person,0.8671,257,287,1122,712,0,2
15631,521.033,562,car,0.8739,537,94,713,199,1,2
15631,521.033,600,car,0.6566,275,102,371,155,0,2
15631,521.033,603,person,0.8639,263,286,1125,713,0,2
15632,521.067,562,car,0.8659,535,93,712,199,1,2
15632,521.067,600,car,0.6988,275,101,370,155,0,2
15632,521.067,603,person,0.8569,266,285,1123,713,0,2
15633,521.1,562,car,0.871,534,93,712,199,1,2
15633,521.1,600,car,0.6864,273,99,371,157,0,2
15633,521.1,603,person,0.8736,269,283,1122,713,0,2
15634,521.133,562,car,0.8757,533,93,711,198,1,2
15634,521.133,600,car,0.7291,272,99,369,157,0,2
15634,521.133,603,person,0.8708,267,279,1122,713,0,2
15635,521.167,562,car,0.8788,531,93,710,199,1,2
15635,521.167,600,car,0.7772,271,101,368,157,0,2
15635,521.167,603,person,0.8705,266,277,1121,714,0,2
15636,521.2,562,car,0.8875,529,93,710,199,1,2
15636,521.2,600,car,0.7706,272,101,367,157,0,2
15636,521.2,603,person,0.8598,269,277,1117,713,0,2
15637,521.233,562,car,0.8848,527,91,709,199,1,2
15637,521.233,600,car,0.8159,272,101,367,157,0,2
15637,521.233,603,person,0.865,274,278,1114,713,0,2
15638,521.267,562,car,0.8869,525,91,707,199,1,2
15638,521.267,600,car,0.7368,273,101,368,157,0,2
15638,521.267,603,person,0.8141,277,278,1111,712,0,2
15639,521.3,562,car,0.9072,523,91,707,199,1,2
15639,521.3,600,car,0.7124,274,101,368,155,0,2
15639,521.3,603,person,0.8408,281,278,1110,712,0,2
15640,521.333,562,car,0.9061,523,91,706,199,1,2
15640,521.333,600,car,0.677,277,99,369,154,0,2
15640,521.333,603,person,0.8615,288,278,1112,713,0,2
15641,521.367,562,car,0.9061,522,91,706,199,1,2
15641,521.367,600,car,0.7963,280,98,373,154,0,2
15641,521.367,603,person,0.8084,290,279,1113,713,0,2
15642,521.4,562,car,0.8962,522,91,706,199,1,2
15642,521.4,600,car,0.7662,283,97,374,152,0,2
15642,521.4,603,person,0.8023,290,279,1111,713,0,2
15643,521.433,562,car,0.8959,522,91,705,199,1,2
15643,521.433,600,car,0.7833,286,96,377,151,0,2
15643,521.433,603,person,0.8059,296,280,1114,712,0,2
15644,521.467,562,car,0.902,521,90,705,199,1,2
15644,521.467,600,car,0.7397,288,95,378,150,0,2
15644,521.467,603,person,0.7932,298,280,1117,712,0,2
15645,521.5,562,car,0.9058,521,90,705,199,1,2
15645,521.5,600,car,0.7373,290,94,379,149,0,2
15645,521.5,603,person,0.8189,298,280,1118,712,0,2
15646,521.533,562,car,0.9032,520,90,704,199,1,2
15646,521.533,600,car,0.7287,290,93,379,147,0,2
15646,521.533,603,person,0.8295,299,281,1120,712,0,2
15647,521.567,562,car,0.8941,518,89,701,197,1,2
15647,521.567,600,car,0.777,294,91,382,145,0,2
15647,521.567,603,person,0.8173,297,280,1120,713,0,2
15648,521.6,562,car,0.9002,515,89,699,197,1,2
15648,521.6,600,car,0.7414,295,90,382,144,0,2
15648,521.6,603,person,0.846,296,279,1122,712,0,2
15649,521.633,562,car,0.8827,512,88,697,197,1,2
15649,521.633,600,car,0.6892,296,89,381,142,0,2
15649,521.633,603,person,0.8454,302,278,1127,713,0,2
15650,521.667,562,car,0.894,509,88,694,197,1,2
15650,521.667,600,car,0.7864,297,88,381,141,0,2
15650,521.667,603,person,0.8352,303,280,1122,713,0,2
15651,521.7,562,car,0.8979,507,88,690,195,1,2
15651,521.7,600,car,0.8006,297,87,382,139,0,2
15651,521.7,603,person,0.8609,302,281,1118,713,0,2
15652,521.733,562,car,0.8952,504,87,687,194,1,2
15652,521.733,600,car,0.8513,298,86,382,138,0,2
15652,521.733,603,person,0.8712,296,278,1115,713,0,2
15653,521.767,562,car,0.8918,499,86,682,193,1,2
15653,521.767,600,car,0.8625,299,85,383,137,0,2
15653,521.767,603,person,0.84,289,274,1111,714,0,2
15654,521.8,562,car,0.8869,496,85,679,193,1,2
15654,521.8,600,car,0.8802,299,83,383,137,0,2
15654,521.8,603,person,0.8363,288,273,1106,713,0,2
15655,521.833,562,car,0.9003,491,85,674,192,1,2
15655,521.833,600,car,0.8548,301,82,384,135,0,2
15655,521.833,603,person,0.8713,287,271,1105,713,0,2
15656,521.867,562,car,0.8846,488,85,670,192,1,2
15656,521.867,600,car,0.852,302,80,384,135,0,2
15656,521.867,603,person,0.835,286,267,1106,712,0,2
15657,521.9,562,car,0.885,485,85,666,192,1,2
15657,521.9,600,car,0.8397,303,80,385,134,0,2
15657,521.9,603,person,0.8212,286,265,1107,712,0,2
15658,521.933,562,car,0.8889,482,86,664,193,1,2
15658,521.933,600,car,0.8333,306,81,386,134,0,2
15658,521.933,603,person,0.8351,289,264,1110,712,0,2
15659,521.967,562,car,0.8856,479,87,662,194,1,2
15659,521.967,600,car,0.7775,309,81,389,135,0,2
15659,521.967,603,person,0.8622,291,264,1110,712,0,2
15660,522.0,562,car,0.8922,477,88,659,197,1,2
15660,522.0,600,car,0.833,311,82,390,136,0,2
15660,522.0,603,person,0.8749,294,266,1109,712,0,2
15661,522.033,562,car,0.8901,475,91,657,199,1,2
15661,522.033,600,car,0.8057,317,86,392,138,0,2
15661,522.033,603,person,0.8779,295,271,1102,713,0,2
15662,522.067,562,car,0.9049,475,95,654,201,1,2
15662,522.067,600,car,0.8003,322,89,397,141,0,2
15662,522.067,603,person,0.8645,296,278,1090,713,0,2
15663,522.1,562,car,0.8976,474,97,651,203,1,2
15663,522.1,600,car,0.7918,326,91,399,143,0,2
15663,522.1,603,person,0.8634,296,283,1079,713,0,2
15664,522.133,562,car,0.8937,472,101,650,207,1,2
15664,522.133,600,car,0.7254,330,95,401,145,0,2
15664,522.133,603,person,0.8472,293,290,1065,713,0,2
15665,522.167,562,car,0.8936,470,104,648,211,1,2
15665,522.167,600,car,0.7807,334,98,405,149,0,2
15665,522.167,603,person,0.8348,289,296,1051,714,0,2
15666,522.2,562,car,0.8895,467,106,646,214,1,2
15666,522.2,600,car,0.7796,337,101,407,151,0,2
15666,522.2,603,person,0.8508,289,301,1045,714,0,2
15667,522.233,562,car,0.88,465,107,642,216,1,2
15667,522.233,600,car,0.7321,341,103,408,152,0,2
15667,522.233,603,person,0.8022,295,306,1040,714,0,2
15668,522.267,562,car,0.8795,462,109,639,217,1,2
15668,522.267,600,car,0.6931,343,103,411,153,0,2
15668,522.267,603,person,0.8059,295,309,1038,714,0,2
15669,522.3,562,car,0.8901,459,110,635,218,1,2
15669,522.3,600,car,0.7465,345,103,413,154,0,2
15669,522.3,603,person,0.8182,295,309,1041,714,0,2
15670,522.333,562,car,0.8898,458,111,631,218,1,2
15670,522.333,600,car,0.8206,347,103,416,154,0,2
15670,522.333,603,person,0.8406,296,309,1043,714,0,2
15671,522.367,562,car,0.8673,456,112,626,217,1,2
15671,522.367,600,car,0.8103,351,103,417,154,0,2
15671,522.367,603,person,0.8526,296,312,1035,713,0,2
15672,522.4,562,car,0.873,454,111,624,217,1,2
15672,522.4,600,car,0.7712,352,102,419,154,0,2
15672,522.4,603,person,0.8598,294,314,1031,713,0,2
15673,522.433,562,car,0.8858,451,110,621,216,1,2
15673,522.433,600,car,0.7404,354,101,421,153,0,2
15673,522.433,603,person,0.8358,283,317,1019,714,0,2
15674,522.467,562,car,0.8845,448,109,616,214,1,2
15674,522.467,600,car,0.7399,357,97,423,151,0,2
15674,522.467,603,person,0.8555,269,311,1018,714,0,2
15675,522.5,562,car,0.8916,446,106,614,213,1,2
15675,522.5,600,car,0.7528,358,97,423,149,0,2
15675,522.5,603,person,0.85,256,307,1016,715,0,2
15676,522.533,562,car,0.8977,442,103,610,209,1,2
15676,522.533,600,car,0.7057,361,95,424,146,0,2
15676,522.533,603,person,0.8277,241,301,1015,717,0,2
15677,522.567,562,car,0.8943,440,101,607,206,1,2
15677,522.567,600,car,0.833,363,93,426,144,0,2
15677,522.567,603,person,0.8322,234,294,1018,715,0,2
15678,522.6,562,car,0.8907,440,99,603,205,1,2
15678,522.6,600,car,0.8244,366,91,429,143,0,2
15678,522.6,603,person,0.8334,232,290,1019,715,0,2
15679,522.633,562,car,0.8869,438,97,601,202,1,2
15679,522.633,600,car,0.8358,369,90,431,142,0,2
15679,522.633,603,person,0.8799,235,290,1025,714,0,2
15680,522.667,562,car,0.8757,437,95,599,201,1,2
15680,522.667,600,car,0.7093,374,88,435,139,0,2
15680,522.667,603,person,0.8633,240,286,1035,714,0,2
15681,522.7,562,car,0.8704,437,95,597,200,1,2
15681,522.7,600,car,0.6821,377,88,437,139,0,2
15681,522.7,603,person,0.8487,245,289,1034,713,0,2
15682,522.733,562,car,0.8773,437,95,594,199,1,2
15682,522.733,600,car,0.6348,379,87,440,138,0,2
15682,522.733,603,person,0.8075,250,294,1034,713,0,2
15683,522.767,562,car,0.8677,437,95,593,199,1,2
15683,522.767,600,car,0.6898,384,86,445,137,0,2
15683,522.767,603,person,0.8038,253,297,1032,713,0,2
15684,522.8,562,car,0.8801,435,95,592,199,1,2
15684,522.8,600,car,0.725,386,83,447,136,0,2
15684,522.8,603,person,0.7745,254,302,1026,712,0,2
15685,522.833,562,car,0.8752,435,94,591,199,1,2
15685,522.833,600,car,0.6821,391,82,453,135,0,2
15685,522.833,603,person,0.7292,250,307,1017,713,0,2
15686,522.867,562,car,0.8672,435,94,589,198,1,2
15686,522.867,600,car,0.6555,395,82,456,134,0,2
15686,522.867,603,person,0.7931,246,311,1011,713,0,2
15687,522.9,562,car,0.8743,435,94,587,197,1,2
15687,522.9,600,car,0.6561,401,86,457,134,1,2
15687,522.9,603,person,0.8216,241,313,1007,713,0,2
15688,522.933,562,car,0.8854,435,94,585,197,1,2
15688,522.933,600,car,0.7079,403,81,462,131,1,2
15688,522.933,603,person,0.8512,238,319,998,715,0,2
15689,522.967,562,car,0.8926,435,93,584,195,1,2
15689,522.967,600,car,0.6811,407,79,465,130,1,2
15689,522.967,603,person,0.8238,232,318,997,715,0,2
15690,523.0,562,car,0.8957,437,93,583,194,1,2
15690,523.0,600,car,0.6015,410,78,469,129,1,2
15690,523.0,603,person,0.7817,229,317,999,715,0,2
15691,523.033,562,car,0.8816,438,91,582,192,1,2
15691,523.033,603,person,0.7441,224,317,997,714,0,2
15692,523.067,562,car,0.878,439,89,583,191,1,2
15692,523.067,603,person,0.7516,221,317,994,713,0,2
15692,523.067,600,car,0.7014,418,73,479,128,1,2
15693,523.1,562,car,0.8837,441,89,583,190,1,2
15693,523.1,603,person,0.7289,224,320,993,713,0,2
15693,523.1,600,car,0.6852,421,72,482,127,1,2
15694,523.133,562,car,0.8708,442,89,583,189,1,2
15694,523.133,603,person,0.7464,229,327,989,713,0,2
15695,523.167,562,car,0.8214,443,87,584,189,1,2
15696,523.2,562,car,0.8548,443,85,585,187,1,2
15697,523.233,562,car,0.8664,446,83,586,185,1,2
15698,523.267,562,car,0.8559,450,82,587,183,1,2
15699,523.3,562,car,0.8528,451,80,589,182,1,2
15700,523.333,562,car,0.8541,454,77,592,181,1,2
15701,523.367,562,car,0.8545,456,73,594,178,1,2
15702,523.4,562,car,0.8509,459,73,595,176,1,2
15703,523.433,562,car,0.8432,465,73,597,174,1,2
15704,523.467,562,car,0.8756,467,72,598,174,1,2
15705,523.5,562,car,0.8802,467,70,599,174,1,2
15705,523.5,603,person,0.6103,226,335,986,713,0,2
15706,523.533,562,car,0.8746,470,70,600,173,1,2
15707,523.567,562,car,0.8581,472,69,600,171,1,2
15708,523.6,562,car,0.8612,473,67,601,170,1,2
15708,523.6,603,person,0.6491,213,331,993,712,0,2
15709,523.633,562,car,0.8644,475,67,601,170,1,2
15710,523.667,562,car,0.8644,478,66,602,170,1,2
15710,523.667,603,person,0.6931,213,335,999,712,0,2
15711,523.7,562,car,0.865,479,66,603,170,1,2
15712,523.733,562,car,0.867,481,67,603,170,1,2
15712,523.733,603,person,0.723,207,329,1013,711,0,2
15713,523.767,562,car,0.8715,483,67,605,170,1,2
15714,523.8,562,car,0.8591,485,69,603,170,1,2
15714,523.8,603,person,0.6748,192,322,1025,711,0,2
15715,523.833,562,car,0.8339,487,71,602,170,1,2
15715,523.833,603,person,0.8136,195,315,1047,712,0,2
15716,523.867,562,car,0.854,488,72,603,171,1,2
15716,523.867,603,person,0.7463,198,310,1062,712,0,2
15717,523.9,562,car,0.8499,489,72,603,171,1,2
15717,523.9,603,person,0.7677,200,306,1070,711,0,2
15718,523.933,562,car,0.852,491,72,605,171,1,2
15718,523.933,603,person,0.8306,209,304,1083,712,0,2
15719,523.967,562,car,0.8415,494,74,607,173,1,2
15719,523.967,603,person,0.8247,216,301,1093,713,0,2
15720,524.0,562,car,0.8385,496,74,608,174,1,2
15720,524.0,603,person,0.7539,224,298,1103,712,0,2
15721,524.033,562,car,0.8593,498,75,610,175,1,2
15721,524.033,603,person,0.7745,231,295,1113,713,0,2
15722,524.067,562,car,0.8733,499,75,611,174,1,2
15722,524.067,603,person,0.6804,235,294,1119,713,0,2
15723,524.1,562,car,0.8754,501,75,613,175,1,2
15723,524.1,603,person,0.7099,238,293,1120,713,0,2
15724,524.133,562,car,0.8841,502,77,613,175,1,2
15724,524.133,603,person,0.7664,237,290,1121,714,0,2
15725,524.167,562,car,0.892,503,77,614,175,1,2
15725,524.167,603,person,0.7537,237,287,1123,714,0,2
15726,524.2,562,car,0.8851,504,77,615,175,1,2
15726,524.2,603,person,0.708,234,286,1119,713,0,2
15727,524.233,562,car,0.8808,505,77,616,175,1,2
15727,524.233,603,person,0.8353,226,286,1110,713,0,2
15728,524.267,562,car,0.8933,506,77,617,175,1,2
15728,524.267,603,person,0.7813,213,283,1101,712,0,2
15729,524.3,562,car,0.8893,507,77,618,175,1,2
15729,524.3,603,person,0.8241,208,283,1095,712,0,2
15730,524.333,562,car,0.8812,510,78,621,176,1,2
15730,524.333,603,person,0.7324,200,283,1090,712,0,2
15731,524.367,562,car,0.875,511,78,623,177,1,2
15731,524.367,603,person,0.8214,185,283,1077,712,0,2
15732,524.4,562,car,0.8691,511,78,624,178,1,2
15732,524.4,603,person,0.8482,175,283,1067,711,0,2
15732,524.4,605,car,0.6468,322,85,406,118,0,2
15733,524.433,562,car,0.8707,513,79,625,178,1,2
15733,524.433,603,person,0.8101,171,288,1058,711,0,2
15733,524.433,605,car,0.6428,319,85,406,119,0,2
15734,524.467,562,car,0.8919,515,80,627,178,1,2
15734,524.467,603,person,0.754,166,291,1046,711,0,2
15734,524.467,605,car,0.6354,317,86,402,120,0,2
15735,524.5,562,car,0.895,517,80,629,179,1,2
15735,524.5,603,person,0.8738,158,296,1033,711,0,2
15736,524.533,562,car,0.8991,518,81,630,181,1,2
15736,524.533,603,person,0.8362,159,311,1011,711,0,2
15737,524.567,562,car,0.8771,520,81,632,181,1,2
15737,524.567,603,person,0.8008,139,312,998,711,0,2
15738,524.6,562,car,0.8768,521,81,633,182,1,2
15738,524.6,603,person,0.8276,133,309,1005,711,0,2
15739,524.633,562,car,0.8721,523,83,635,183,1,2
15739,524.633,603,person,0.8271,126,299,1019,712,0,2
15740,524.667,562,car,0.8842,527,85,638,184,1,2
15740,524.667,603,person,0.8215,123,297,1024,712,0,2
15740,524.667,606,car,0.6507,605,74,653,120,1,2
15741,524.7,562,car,0.8855,530,87,640,184,1,2
15741,524.7,603,person,0.8418,122,296,1023,713,0,2
15741,524.7,606,car,0.6002,605,75,653,121,1,2
15742,524.733,562,car,0.8869,534,88,642,185,1,2
15742,524.733,603,person,0.8088,125,303,1010,713,0,2
15742,524.733,606,car,0.7273,607,77,657,125,1,2
15742,524.733,605,car,0.6019,304,101,389,135,0,2
15743,524.767,562,car,0.8856,536,90,645,187,1,2
15743,524.767,603,person,0.6537,127,299,1015,714,0,2
15743,524.767,606,car,0.7348,609,78,659,127,1,2
15744,524.8,562,car,0.873,537,91,647,189,1,2
15744,524.8,603,person,0.7038,136,306,1007,714,0,2
15744,524.8,606,car,0.6593,609,78,661,127,1,2
15745,524.833,562,car,0.8799,538,90,650,190,1,2
15745,524.833,603,person,0.7733,131,307,990,714,0,2
15745,524.833,606,car,0.6191,614,79,663,126,1,2
15746,524.867,562,car,0.8931,542,91,654,190,1,2
15746,524.867,606,car,0.6455,617,80,664,126,1,2
15747,524.9,562,car,0.8938,544,93,656,191,1,2
15747,524.9,606,car,0.6382,618,81,665,127,1,2
15748,524.933,562,car,0.9065,547,94,658,191,1,2
15749,524.967,562,car,0.8976,551,96,661,192,1,2
15750,525.0,562,car,0.8977,552,95,663,192,1,2
15751,525.033,562,car,0.8867,554,95,665,192,1,2
15752,525.067,562,car,0.8718,557,95,667,193,1,2
15753,525.1,562,car,0.8744,558,95,670,193,1,2
15754,525.133,562,car,0.8569,560,96,672,194,1,2
15755,525.167,562,car,0.8668,562,95,675,194,1,2
15756,525.2,562,car,0.8698,563,94,678,193,1,2
15757,525.233,562,car,0.8937,566,93,681,194,1,2
15758,525.267,562,car,0.8874,568,94,683,194,1,2
15759,525.3,562,car,0.8775,569,94,685,195,1,2
15760,525.333,562,car,0.8741,571,94,686,195,1,2
15761,525.367,562,car,0.8786,573,93,689,197,1,2
15762,525.4,562,car,0.8863,574,94,690,197,1,2
15763,525.433,562,car,0.8847,575,94,691,198,1,2
15764,525.467,562,car,0.8862,577,96,691,198,1,2
15765,525.5,562,car,0.8901,578,96,693,198,1,2
15766,525.533,562,car,0.8919,578,95,695,199,1,2
15767,525.567,562,car,0.8818,579,95,696,200,1,2
15768,525.6,562,car,0.8792,579,95,697,200,1,2
15769,525.633,562,car,0.8691,581,94,698,200,1,2
15770,525.667,562,car,0.8447,582,94,699,200,1,2
15771,525.7,562,car,0.8407,583,94,701,200,1,2
15772,525.733,562,car,0.8228,583,93,702,200,1,2
15773,525.767,562,car,0.8144,585,94,702,200,1,2
15773,525.767,603,person,0.6262,270,415,951,715,0,2
15774,525.8,562,car,0.8109,586,94,703,200,1,2
15774,525.8,603,person,0.6088,250,403,975,715,0,2
15775,525.833,562,car,0.8066,587,94,705,201,1,2
15775,525.833,603,person,0.7519,240,387,1005,715,0,2
15776,525.867,562,car,0.7956,589,95,706,201,1,2
15776,525.867,603,person,0.6913,227,368,1027,715,0,2
15777,525.9,562,car,0.784,590,94,709,201,1,2
15777,525.9,603,person,0.7399,216,354,1040,714,0,2
15778,525.933,562,car,0.8176,591,93,711,202,1,2
15778,525.933,603,person,0.7465,201,335,1062,715,0,2
15779,525.967,562,car,0.8313,590,88,714,202,1,2
15779,525.967,603,person,0.7483,187,317,1078,714,0,2
15779,525.967,609,car,0.6149,181,149,312,198,0,2
15780,526.0,562,car,0.8446,590,86,717,202,1,2
15780,526.0,603,person,0.7808,182,312,1077,714,0,2
15780,526.0,609,car,0.6451,178,151,311,200,0,2
15781,526.033,562,car,0.8526,590,83,718,202,1,2
15781,526.033,603,person,0.8377,194,306,1095,714,0,2
15782,526.067,562,car,0.8454,591,82,719,202,1,2
15782,526.067,603,person,0.8495,190,301,1093,714,0,2
15783,526.1,562,car,0.858,591,82,719,202,1,2
15783,526.1,603,person,0.8289,190,297,1093,714,0,2
15784,526.133,562,car,0.86,593,83,719,202,1,2
15784,526.133,603,person,0.8419,198,293,1103,715,0,2
15785,526.167,562,car,0.8561,594,87,718,202,1,2
15785,526.167,603,person,0.7829,201,288,1107,713,0,2
15786,526.2,562,car,0.8701,597,88,717,202,1,2
15786,526.2,603,person,0.8065,207,286,1112,713,0,2
15787,526.233,562,car,0.8599,597,90,717,203,1,2
15787,526.233,603,person,0.8337,215,283,1123,714,0,2
15788,526.267,562,car,0.8742,597,89,717,203,1,2
15788,526.267,603,person,0.8273,225,283,1128,714,0,2
15789,526.3,562,car,0.8726,597,89,717,203,1,2
15789,526.3,603,person,0.8172,242,283,1150,715,0,2
15790,526.333,562,car,0.8846,595,88,717,203,1,2
15790,526.333,603,person,0.8109,250,285,1159,717,0,2
15791,526.367,562,car,0.8834,594,89,715,205,1,2
15791,526.367,603,person,0.8252,255,286,1162,717,0,2
15792,526.4,562,car,0.8859,594,89,715,205,1,2
15792,526.4,603,person,0.8244,257,287,1162,717,0,2
15793,526.433,562,car,0.8797,593,88,717,206,1,2
15793,526.433,603,person,0.8334,246,286,1144,715,0,2
15794,526.467,562,car,0.8669,591,87,715,206,1,2
15794,526.467,603,person,0.8538,259,293,1150,717,0,2
15795,526.5,562,car,0.8587,590,87,714,207,1,2
15795,526.5,603,person,0.8271,253,294,1133,714,0,2
15796,526.533,562,car,0.8329,589,89,712,208,1,2
15796,526.533,603,person,0.8436,256,298,1133,717,0,2
15797,526.567,562,car,0.8471,586,90,711,210,1,2
15797,526.567,603,person,0.8036,262,298,1144,717,0,2
15798,526.6,562,car,0.8514,585,91,710,211,1,2
15798,526.6,603,person,0.777,255,295,1143,718,0,2
15799,526.633,562,car,0.8536,585,94,707,211,1,2
15799,526.633,603,person,0.7152,230,285,1128,715,0,2
15800,526.667,562,car,0.856,583,95,705,211,1,2
15800,526.667,603,person,0.6929,214,278,1119,714,0,2
15801,526.7,562,car,0.8755,581,96,704,214,1,2
15801,526.7,603,person,0.6067,205,273,1113,713,0,2
15802,526.733,562,car,0.8659,579,98,702,216,1,2
15802,526.733,603,person,0.6548,200,271,1107,713,0,2
15803,526.767,562,car,0.8646,576,99,699,217,1,2
15803,526.767,603,person,0.7034,205,272,1106,713,0,2
15804,526.8,562,car,0.8615,573,99,697,219,1,2
15804,526.8,603,person,0.7427,210,271,1110,713,0,2
15805,526.833,562,car,0.8738,569,101,695,222,1,2
15805,526.833,603,person,0.8345,241,279,1130,715,0,2
15806,526.867,562,car,0.8891,567,103,693,223,1,2
15806,526.867,603,person,0.8433,258,295,1122,717,0,2
15807,526.9,562,car,0.8811,566,103,690,223,1,2
15807,526.9,603,person,0.7908,270,303,1122,718,0,2
15808,526.933,562,car,0.8744,563,103,690,224,1,2
15808,526.933,603,person,0.7438,278,306,1125,715,0,2
15809,526.967,562,car,0.8719,562,103,689,225,1,2
15809,526.967,603,person,0.6886,298,310,1155,717,0,2
15810,527.0,562,car,0.8654,561,103,688,225,1,2
15810,527.0,603,person,0.6149,298,310,1165,717,0,2
15811,527.033,562,car,0.8732,560,104,687,226,1,2
15812,527.067,562,car,0.8772,558,104,686,229,1,2
15813,527.1,562,car,0.8766,558,105,685,229,1,2
15814,527.133,562,car,0.863,557,106,683,230,1,2
15815,527.167,562,car,0.8649,555,107,681,231,1,2
15816,527.2,562,car,0.8667,553,107,680,231,1,2
15817,527.233,562,car,0.8598,553,109,678,232,1,2
15818,527.267,562,car,0.8669,552,111,677,233,1,2
15819,527.3,562,car,0.8609,551,112,675,233,1,2
15820,527.333,562,car,0.8557,550,112,675,234,1,2
15821,527.367,562,car,0.8602,547,111,674,235,1,2
15822,527.4,562,car,0.8589,545,112,673,237,1,2
15823,527.433,562,car,0.8526,544,112,672,238,1,2
15823,527.433,603,person,0.6217,299,319,1159,718,0,2
15824,527.467,562,car,0.8519,542,113,671,239,1,2
15824,527.467,603,person,0.6047,297,320,1162,719,0,2
15825,527.5,562,car,0.8507,541,113,670,239,1,2
15826,527.533,562,car,0.8639,539,113,669,240,1,2
15827,527.567,562,car,0.8736,538,114,667,240,1,2
15827,527.567,612,car,0.651,696,111,733,139,0,2
15827,527.567,603,person,0.6166,279,315,1157,718,0,2
15828,527.6,562,car,0.8741,538,114,666,240,1,2
15828,527.6,612,car,0.6685,696,111,734,141,0,2
15828,527.6,603,person,0.629,290,327,1153,718,0,2
15829,527.633,562,car,0.8719,536,114,665,241,1,2
15829,527.633,612,car,0.6524,697,111,736,142,0,2
15829,527.633,603,person,0.6181,275,318,1157,717,0,2
15830,527.667,562,car,0.8742,535,115,664,242,1,2
15830,527.667,612,car,0.6532,699,112,738,143,0,2
15830,527.667,603,person,0.6518,270,315,1157,717,0,2
15831,527.7,562,car,0.8862,534,115,663,242,1,2
15831,527.7,612,car,0.7002,701,112,739,144,0,2
15831,527.7,603,person,0.6827,269,314,1155,715,0,2
15832,527.733,562,car,0.8939,533,115,662,243,1,2
15832,527.733,612,car,0.7214,702,112,742,144,0,2
15832,527.733,603,person,0.6276,280,322,1155,717,0,2
15833,527.767,562,car,0.9023,531,115,661,245,1,2
15833,527.767,612,car,0.7447,703,113,744,144,0,2
15833,527.767,603,person,0.6136,273,319,1154,717,0,2
15834,527.8,562,car,0.8983,529,115,659,245,1,2
15834,527.8,612,car,0.7605,704,112,746,145,0,2
15834,527.8,603,person,0.625,269,318,1154,717,0,2
15835,527.833,562,car,0.8943,528,115,657,243,1,2
15835,527.833,612,car,0.7371,705,112,750,145,0,2
15835,527.833,603,person,0.6806,265,317,1153,717,0,2
15836,527.867,562,car,0.891,526,115,655,243,1,2
15836,527.867,612,car,0.7505,706,112,752,146,0,2
15836,527.867,603,person,0.7448,282,329,1151,717,0,2
15837,527.9,562,car,0.89,526,117,654,243,1,2
15837,527.9,612,car,0.7695,709,112,754,146,0,2
15837,527.9,603,person,0.7904,283,331,1151,717,0,2
15838,527.933,562,car,0.8825,523,118,651,243,1,2
15838,527.933,612,car,0.7293,710,113,755,146,0,2
15838,527.933,603,person,0.8008,280,329,1157,717,0,2
15839,527.967,562,car,0.8778,521,117,649,243,1,2
15839,527.967,612,car,0.795,711,113,760,147,0,2
15839,527.967,603,person,0.7856,278,329,1159,718,0,2
15840,528.0,562,car,0.8817,519,115,648,243,1,2
15840,528.0,612,car,0.7999,712,112,762,147,0,2
15840,528.0,603,person,0.7613,255,319,1157,715,0,2
15841,528.033,562,car,0.8777,517,115,647,243,1,2
15841,528.033,612,car,0.8414,712,112,767,149,0,2
15842,528.067,562,car,0.8773,514,115,645,245,1,2
15842,528.067,612,car,0.8493,715,113,771,150,0,2
15842,528.067,603,person,0.6884,239,314,1147,715,0,2
15843,528.1,562,car,0.8803,512,117,642,245,1,2
15843,528.1,612,car,0.8271,717,113,774,151,0,2
15843,528.1,603,person,0.6979,235,313,1144,715,0,2
15844,528.133,562,car,0.8691,511,115,641,245,1,2
15844,528.133,612,car,0.7612,718,113,778,151,0,2
15845,528.167,562,car,0.8758,509,117,639,245,1,2
15845,528.167,612,car,0.7741,720,113,783,152,0,2
15846,528.2,562,car,0.8939,507,117,637,245,1,2
15846,528.2,612,car,0.7813,720,113,787,152,0,2
15846,528.2,603,person,0.6271,247,325,1139,718,0,2
15847,528.233,562,car,0.8932,505,118,635,245,1,2
15847,528.233,612,car,0.7768,721,113,791,153,0,2
15847,528.233,603,person,0.6504,254,335,1130,718,0,2
15848,528.267,562,car,0.8971,503,118,634,246,1,2
15848,528.267,612,car,0.7907,722,113,795,154,0,2
15848,528.267,603,person,0.6196,242,328,1138,718,0,2
15849,528.3,562,car,0.8971,503,118,633,247,1,2
15849,528.3,612,car,0.791,723,113,798,155,0,2
15849,528.3,603,person,0.7014,245,330,1135,718,0,2
15850,528.333,562,car,0.8935,501,117,633,247,1,2
15850,528.333,612,car,0.8446,723,114,801,158,0,2
15850,528.333,603,person,0.6421,255,341,1127,718,0,2
15851,528.367,562,car,0.9069,499,118,631,247,1,2
15851,528.367,612,car,0.8525,726,115,805,158,0,2
15851,528.367,603,person,0.6156,254,338,1133,718,0,2
15852,528.4,562,car,0.9083,499,118,630,247,1,2
15852,528.4,612,car,0.8299,728,117,807,159,0,2
15852,528.4,603,person,0.6344,250,338,1133,718,0,2
15853,528.433,562,car,0.9032,497,118,629,247,1,2
15853,528.433,612,car,0.8226,729,117,811,160,0,2
15854,528.467,562,car,0.9051,496,119,626,247,1,2
15854,528.467,612,car,0.8541,733,117,816,161,0,2
15854,528.467,603,person,0.6272,248,334,1139,718,0,2
15855,528.5,562,car,0.8995,496,119,625,247,1,2
15855,528.5,612,car,0.8715,735,117,819,161,0,2
15855,528.5,603,person,0.6463,247,335,1137,718,0,2
15856,528.533,562,car,0.8956,496,119,625,246,1,2
15856,528.533,612,car,0.89,737,117,825,162,0,2
15856,528.533,603,person,0.6154,247,337,1134,718,0,2
15857,528.567,562,car,0.8831,496,119,625,245,1,2
15857,528.567,612,car,0.8759,742,117,833,162,0,2
15857,528.567,603,person,0.6161,242,335,1135,718,0,2
15858,528.6,562,car,0.8758,495,117,625,245,1,2
15858,528.6,612,car,0.8608,744,115,838,163,0,2
15858,528.6,603,person,0.6394,241,335,1134,718,0,2
15859,528.633,562,car,0.8819,494,114,625,243,1,2
15859,528.633,612,car,0.8878,747,115,843,163,0,2
15859,528.633,603,person,0.6088,243,338,1128,718,0,2
15860,528.667,562,car,0.8778,494,112,626,241,1,2
15860,528.667,612,car,0.8719,751,113,850,163,0,2
15861,528.7,562,car,0.8663,495,112,625,239,1,2
15861,528.7,612,car,0.8493,754,113,857,165,0,2
15861,528.7,603,person,0.6014,250,342,1134,718,0,2
15862,528.733,562,car,0.8735,495,111,625,238,1,2
15862,528.733,612,car,0.8347,760,114,863,165,0,2
15862,528.733,603,person,0.6652,247,338,1142,718,0,2
15863,528.767,562,car,0.8762,496,111,624,235,1,2
15863,528.767,612,car,0.8375,763,111,873,166,0,2
15863,528.767,603,person,0.6431,246,339,1141,718,0,2
15864,528.8,562,car,0.8744,496,110,624,234,1,2
15864,528.8,612,car,0.8645,768,112,878,166,0,2
15864,528.8,603,person,0.6384,250,342,1143,717,0,2
15865,528.833,562,car,0.8819,495,110,624,234,1,2
15865,528.833,612,car,0.8641,774,113,885,168,0,2
15865,528.833,603,person,0.6219,251,344,1145,718,0,2
15866,528.867,562,car,0.8932,495,109,624,233,1,2
15866,528.867,612,car,0.8959,778,113,893,169,0,2
15866,528.867,603,person,0.632,243,337,1158,718,0,2
15867,528.9,562,car,0.8916,494,109,624,233,1,2
15867,528.9,612,car,0.9032,782,113,898,170,0,2
15868,528.933,562,car,0.8916,494,107,624,232,1,2
15868,528.933,612,car,0.9203,787,114,906,173,0,2
15868,528.933,603,person,0.6127,230,327,1169,718,0,2
15869,528.967,562,car,0.8864,493,107,623,232,1,2
15869,528.967,612,car,0.9051,792,114,915,174,0,2
15869,528.967,603,person,0.6201,227,329,1160,718,0,2
15870,529.0,562,car,0.8864,493,107,622,232,1,2
15870,529.0,612,car,0.8852,795,114,921,175,0,2
15870,529.0,603,person,0.6296,225,330,1155,719,0,2
15871,529.033,562,car,0.8797,491,107,622,232,1,2
15871,529.033,612,car,0.8529,802,115,928,177,0,2
15871,529.033,603,person,0.6467,226,336,1143,719,0,2
15872,529.067,562,car,0.8766,491,109,621,232,1,2
15872,529.067,612,car,0.8328,808,119,935,179,0,2
15872,529.067,603,person,0.6687,224,337,1137,719,0,2
15873,529.1,562,car,0.8815,491,110,619,231,1,2
15873,529.1,612,car,0.8458,810,119,941,183,0,2
15873,529.1,603,person,0.6643,225,339,1131,719,0,2
15874,529.133,562,car,0.8849,490,110,618,231,1,2
15874,529.133,612,car,0.8792,817,120,952,185,0,2
15874,529.133,603,person,0.6526,226,338,1134,719,0,2
15875,529.167,562,car,0.8877,489,110,617,231,1,2
15875,529.167,612,car,0.8463,822,121,961,189,0,2
15875,529.167,603,person,0.647,224,336,1136,719,0,2
15876,529.2,562,car,0.8834,488,111,616,231,1,2
15876,529.2,612,car,0.8747,826,122,970,192,0,2
15876,529.2,603,person,0.6462,223,335,1136,719,0,2
15877,529.233,562,car,0.8851,488,111,615,231,1,2
15877,529.233,612,car,0.8827,830,123,978,195,0,2
15877,529.233,603,person,0.7049,223,337,1129,719,0,2
15878,529.267,562,car,0.8909,488,112,614,231,1,2
15878,529.267,612,car,0.8564,837,125,990,199,0,2
15878,529.267,603,person,0.7287,222,338,1122,719,0,2
15879,529.3,562,car,0.8904,487,112,613,231,1,2
15879,529.3,612,car,0.8421,842,126,998,201,0,2
15879,529.3,603,person,0.7183,224,342,1117,719,0,2
15880,529.333,562,car,0.8852,486,112,613,231,1,2
15880,529.333,612,car,0.8771,848,126,1009,205,0,2
15880,529.333,603,person,0.7591,219,338,1119,719,0,2
15881,529.367,562,car,0.8868,486,112,613,231,1,2
15881,529.367,612,car,0.8357,856,127,1023,209,0,2
15881,529.367,603,person,0.7641,218,336,1118,719,0,2
15882,529.4,562,car,0.8924,485,112,611,231,1,2
15882,529.4,612,car,0.8291,862,129,1032,214,0,2
15882,529.4,603,person,0.7027,223,339,1114,719,0,2
15883,529.433,562,car,0.8919,485,112,611,231,1,2
15883,529.433,612,car,0.7763,869,131,1045,217,0,2
15883,529.433,603,person,0.7668,225,339,1111,718,0,2
15884,529.467,562,car,0.8929,485,112,610,230,1,2
15884,529.467,612,car,0.8012,877,133,1061,223,0,2
15884,529.467,603,person,0.7403,223,338,1111,718,0,2
15885,529.5,562,car,0.8932,485,112,610,231,1,2
15885,529.5,612,car,0.6243,882,134,1071,227,0,2
15885,529.5,603,person,0.677,223,338,1109,718,0,2
15886,529.533,562,car,0.8946,485,113,610,230,1,2
15886,529.533,612,car,0.7997,889,134,1086,232,0,2
15886,529.533,603,person,0.6804,218,334,1110,718,0,2
15887,529.567,562,car,0.8927,485,113,610,230,1,2
15887,529.567,612,car,0.8088,901,136,1101,237,0,2
15887,529.567,603,person,0.633,218,335,1106,718,0,2
15888,529.6,562,car,0.8909,485,113,610,230,1,2
15888,529.6,612,car,0.7697,909,138,1112,241,0,2
15888,529.6,603,person,0.6201,218,334,1106,718,0,2
15889,529.633,562,car,0.8876,485,112,610,229,1,2
15889,529.633,612,car,0.7113,919,139,1130,247,0,2
15889,529.633,603,person,0.6358,222,337,1099,718,0,2
15890,529.667,562,car,0.8838,485,111,610,227,1,2
15890,529.667,612,car,0.7607,928,141,1149,254,0,2
15891,529.7,562,car,0.8859,485,110,610,226,1,2
15891,529.7,612,car,0.6148,937,143,1162,258,0,2
15892,529.733,562,car,0.886,485,109,610,225,1,2
15892,529.733,603,person,0.6181,223,338,1102,718,0,2
15893,529.767,562,car,0.8821,483,109,610,225,1,2
15893,529.767,603,person,0.6159,223,337,1103,718,0,2
15894,529.8,562,car,0.879,483,107,610,225,1,2
15894,529.8,603,person,0.6274,222,335,1105,718,0,2
15895,529.833,562,car,0.8874,483,107,610,224,1,2
15895,529.833,603,person,0.6124,219,334,1106,718,0,2
15896,529.867,562,car,0.8933,482,107,610,225,1,2
15897,529.9,562,car,0.8893,483,107,609,224,1,2
15897,529.9,603,person,0.6076,214,329,1109,718,0,2
15898,529.933,562,car,0.892,483,109,609,223,1,2
15899,529.967,562,car,0.892,483,109,608,223,1,2
